# 3ds Max Wavefront OBJ Exporter v0.99 - (c)2007 guruware
# File Created: 22.04.2025 11:39:22

mtllib AlaI.mtl

#
# object AlaI
#

v  0.9768 0.3976 0.6487
v  1.1669 0.5577 0.6798
v  1.1005 0.6205 0.7325
v  0.9065 0.4706 0.6890
v  1.2882 0.7645 0.7647
v  1.3543 0.7000 0.7036
v  1.2316 0.8143 0.8182
v  1.0431 0.6681 0.7791
v  0.8554 0.5128 0.7392
v  1.5540 1.0460 0.8611
v  1.4075 0.9435 0.8441
v  1.4619 0.8795 0.7809
v  1.6068 0.9651 0.7883
v  1.5219 0.7993 0.7138
v  1.6605 0.8681 0.7154
v  1.4202 0.6575 0.3741
v  1.5781 0.7505 0.3730
v  1.5810 0.7293 0.5987
v  1.4298 0.6280 0.5960
v  1.7197 0.7606 0.3828
v  1.7064 0.7930 0.5954
v  1.2316 0.5266 0.3616
v  1.2367 0.5066 0.5683
v  1.0328 0.3672 0.5320
v  1.0142 0.4125 0.3358
v  1.3273 0.3544 -0.6027
v  1.3355 0.4277 -0.4610
v  1.1525 0.3186 -0.4339
v  1.1599 0.2428 -0.5595
v  1.1602 0.4042 -0.2366
v  1.3571 0.5143 -0.2474
v  0.9547 0.2870 -0.2276
v  0.9549 0.1965 -0.4079
v  0.9672 0.1204 -0.5215
v  0.9704 0.3918 0.0503
v  1.1778 0.5171 0.0578
v  1.3758 0.6454 0.0576
v  0.3246 -0.2302 0.6180
v  0.3827 -0.3128 0.6267
v  0.3447 -0.3735 0.5310
v  0.2718 -0.2735 0.4979
v  0.3877 -0.2531 0.7197
v  0.3465 -0.1680 0.7039
v  0.4162 -0.3243 0.7517
v  0.4170 -0.3878 0.6602
v  0.3873 -0.4468 0.5578
v  0.1003 -0.1470 -0.0246
v  0.1537 -0.1602 0.1613
v  0.1332 -0.2320 0.1466
v  0.1096 -0.2262 -0.0167
v  0.0882 -0.2562 -0.1788
v  0.1740 -0.1787 -0.2198
v  0.1881 -0.1078 -0.0240
v  0.1013 -0.2041 -0.2094
v  0.1668 -0.0512 0.1929
v  0.0340 -0.6682 -0.9314
v  0.0726 -0.6178 -0.9496
v  0.0675 -0.5902 -0.8739
v  0.0118 -0.6428 -0.8533
v  0.1492 -0.5520 -0.8942
v  0.1436 -0.5828 -0.9667
v  0.1545 -0.5193 -0.8234
v  0.0646 -0.5587 -0.8001
v  -0.0189 -0.6085 -0.7799
v  0.0802 -0.3713 -0.3790
v  0.0850 -0.3107 -0.4272
v  0.0897 -0.2568 -0.3392
v  0.0846 -0.3064 -0.2932
v  0.1626 -0.2360 -0.3574
v  0.1608 -0.2905 -0.4485
v  0.2552 -0.3772 0.3077
v  0.2151 -0.2971 0.2396
v  0.2217 -0.2387 0.2902
v  0.2561 -0.3386 0.3862
v  0.2240 -0.1547 0.3554
v  0.2922 -0.4211 0.4376
v  0.3239 -0.4854 0.4613
v  0.2930 -0.5050 0.3693
v  0.2803 -0.4463 0.3469
v  0.5425 0.7956 0.1131
v  0.4895 0.9002 0.2197
v  0.6971 1.0078 0.2112
v  0.7477 0.9081 0.0969
v  0.6307 1.0934 0.3290
v  0.4449 0.9621 0.3523
v  0.8208 1.2152 0.3078
v  0.9040 1.1113 0.2065
v  0.9496 1.0185 0.0769
v  1.2935 1.0478 -0.3053
v  1.1635 0.9533 -0.2712
v  1.1538 1.0287 -0.1134
v  1.2805 1.1254 -0.1479
v  0.9754 0.9279 -0.0825
v  0.9822 0.8539 -0.2386
v  1.1301 1.1152 0.0539
v  1.2679 1.2017 0.0306
v  1.0996 1.4322 0.2619
v  1.2082 1.3105 0.1649
v  1.0877 1.2072 0.1988
v  0.9908 1.3227 0.2894
v  0.8032 1.1352 0.6504
v  0.7837 1.2143 0.4823
v  0.6052 1.0779 0.5057
v  0.6430 0.9792 0.6598
v  0.4364 0.9376 0.5281
v  0.4989 0.8244 0.6656
v  2.3971 2.0423 1.2399
v  2.4517 2.0114 1.1551
v  2.5725 2.2384 1.2358
v  2.5229 2.2516 1.3053
v  2.6108 2.2338 1.1543
v  2.4941 1.9949 1.0595
v  2.7591 2.4436 1.2621
v  2.7166 2.4450 1.3372
v  2.6602 2.4524 1.3893
v  1.8100 0.7837 0.3827
v  1.7970 0.8379 0.5886
v  1.8669 0.8830 0.5745
v  1.8706 0.8210 0.3737
v  1.8403 0.9617 0.7049
v  1.7593 0.9196 0.7111
v  1.9498 0.9391 0.3453
v  1.9793 0.9973 0.5387
v  1.9326 0.9330 0.5567
v  1.9202 0.8706 0.3596
v  1.9811 1.0609 0.6833
v  1.9195 1.0081 0.6946
v  1.7888 1.0620 0.8003
v  1.7079 1.0219 0.7933
v  1.6545 1.1111 0.8738
v  1.7310 1.1587 0.8833
v  1.8716 1.1012 0.8084
v  1.8072 1.2045 0.8954
v  1.9417 1.1456 0.8164
v  1.8756 1.2556 0.9125
v  1.5634 0.7105 0.0531
v  1.5406 0.6075 -0.2682
v  1.7180 0.5770 -0.2555
v  1.7321 0.6719 0.0709
v  1.8366 0.6765 0.0817
v  1.8380 0.5692 -0.2359
v  1.9109 0.6176 -0.2295
v  1.8961 0.7231 0.0794
v  1.9216 0.7878 0.0698
v  1.9395 0.6929 -0.2345
v  1.9398 0.7703 -0.2430
v  1.9283 0.8596 0.0606
v  1.4990 0.5129 -0.4944
v  1.4668 0.4322 -0.6495
v  1.6143 0.4321 -0.6646
v  1.6632 0.5077 -0.4998
v  1.4671 0.1158 -2.3453
v  1.5230 0.1634 -2.4054
v  1.6155 0.0529 -2.3521
v  1.5602 0.0219 -2.2914
v  1.6648 0.0897 -2.3751
v  1.5729 0.1989 -2.4294
v  1.7297 0.0554 -2.2414
v  1.6841 0.0248 -2.2206
v  1.6235 0.0098 -2.2111
v  1.7466 0.1830 -2.3479
v  1.7793 0.1402 -2.2820
v  1.7613 0.0949 -2.2632
v  1.7078 0.1307 -2.3838
v  1.6267 0.2332 -2.4277
v  1.6897 0.2671 -2.3862
v  1.3981 0.1779 -2.1824
v  1.4404 0.0973 -2.2034
v  1.4023 0.0843 -2.0478
v  1.3826 0.2487 -2.1283
v  1.3439 0.1284 -2.0540
v  1.3237 0.1940 -2.0182
v  1.4058 0.2978 -2.2264
v  1.4123 0.2167 -2.3124
v  1.1565 1.5015 0.2434
v  1.2744 1.3852 0.1418
v  1.2019 1.5539 0.2391
v  1.3047 1.4459 0.1233
v  1.3625 1.3462 -0.0137
v  1.3511 1.2703 0.0195
v  1.3438 -0.0368 -1.3983
v  1.4990 0.0870 -1.4713
v  1.5068 0.1385 -1.3420
v  1.3484 0.0116 -1.2863
v  1.6852 0.1740 -1.3695
v  1.6638 0.1354 -1.5274
v  1.5109 0.1906 -1.2201
v  1.6896 0.2308 -1.2336
v  1.3498 0.0628 -1.1758
v  1.7788 0.1491 -1.5606
v  1.8065 0.1901 -1.3926
v  1.8765 0.2372 -1.4217
v  1.8483 0.1850 -1.5913
v  1.8938 0.2826 -1.2740
v  1.8212 0.2324 -1.2488
v  1.4649 0.9280 -1.2016
v  1.4193 0.8531 -1.1507
v  1.3944 0.9600 -0.9884
v  1.4381 1.0546 -1.0361
v  1.3963 0.8651 -0.9351
v  1.4181 0.7666 -1.0877
v  1.3801 0.9543 -0.8165
v  1.3869 1.0527 -0.8527
v  1.4424 1.1460 -0.8823
v  1.6276 0.9294 -1.1994
v  1.5483 0.9467 -1.2121
v  1.5456 1.0922 -1.0516
v  1.6466 1.0607 -1.0296
v  1.5518 1.1925 -0.8970
v  1.6632 1.1681 -0.8823
v  1.7409 1.1157 -0.8555
v  1.8069 1.0563 -0.8232
v  1.7831 0.9484 -0.9638
v  1.7198 1.0115 -1.0018
v  1.7602 0.8289 -1.1393
v  1.6933 0.8859 -1.1728
v  1.2653 1.6109 0.2503
v  1.3510 1.4987 0.1230
v  1.4091 1.5400 0.1354
v  1.3392 1.6585 0.2707
v  1.4508 1.4441 -0.0279
v  1.3977 1.4054 -0.0289
v  1.5739 1.4638 -0.0021
v  1.5102 1.4637 -0.0167
v  1.4710 1.5690 0.1526
v  1.5425 1.5838 0.1645
v  1.4203 1.6977 0.2924
v  1.5073 1.7281 0.3029
v  2.1569 1.6507 1.0994
v  2.2156 1.5832 0.9961
v  2.3434 1.7769 1.0859
v  2.2768 1.8294 1.1794
v  2.3850 1.7498 0.9708
v  2.2446 1.5444 0.8676
v  2.2489 1.5261 0.7439
v  2.4033 1.7412 0.8613
v  2.4378 1.7034 0.6744
v  2.2688 1.4811 0.5558
v  2.6000 1.9434 0.7874
v  2.5291 1.9910 0.9651
v  2.3241 1.3785 0.2303
v  2.5227 1.5952 0.3247
v  2.6706 1.4073 -0.0414
v  2.4346 1.2068 -0.1076
v  2.9093 1.6231 0.0356
v  2.7239 1.8222 0.4242
v  2.5165 1.0926 -0.4137
v  2.7880 1.2655 -0.3690
v  2.8719 1.1697 -0.6279
v  2.5844 1.0009 -0.6477
v  3.1651 1.3527 -0.5855
v  3.0605 1.4611 -0.3099
v  3.2264 0.7262 -2.5680
v  3.6392 0.9003 -2.7303
v  3.6445 0.8292 -2.7441
v  2.7880 0.5584 -2.5028
v  2.7835 0.6126 -2.4574
v  3.2343 0.7519 -2.5177
v  2.7771 0.6416 -2.4029
v  3.6410 0.9550 -2.6965
v  2.5530 1.0643 -1.3285
v  2.5275 1.1871 -1.0844
v  2.8180 1.3196 -1.1576
v  2.8904 1.1689 -1.4221
v  2.7800 1.4202 -0.9057
v  2.5160 1.2801 -0.8648
v  3.0599 1.5719 -0.9295
v  3.1200 1.4712 -1.2072
v  3.2198 1.3296 -1.5040
v  2.0762 1.9739 0.4206
v  2.2337 2.1140 0.4657
v  2.3425 1.9917 0.2670
v  2.1651 1.8413 0.2421
v  2.5136 2.1692 0.3102
v  2.3884 2.2863 0.5285
v  2.6161 2.0649 0.0790
v  2.4229 1.8945 0.0514
v  2.2314 1.7362 0.0485
v  3.4025 1.0984 -1.3767
v  3.0591 0.9034 -1.3633
v  3.1108 0.8242 -1.5896
v  3.4672 1.0245 -1.6320
v  2.7084 0.7275 -1.5730
v  2.6898 0.7664 -1.3574
v  2.7451 0.6412 -1.8083
v  3.1712 0.7279 -1.8480
v  3.5579 0.9139 -1.9145
v  1.8299 2.2759 0.8245
v  1.9156 2.4119 0.8711
v  2.0339 2.3290 0.6165
v  1.9084 2.2006 0.5608
v  2.1703 2.4882 0.6906
v  2.0232 2.5795 0.9303
v  1.6331 0.4102 -2.2953
v  1.7214 0.4215 -2.2446
v  1.7421 0.3595 -2.2854
v  1.6528 0.3418 -2.3593
v  1.8397 0.3894 -2.2335
v  1.8118 0.4416 -2.2023
v  1.7671 0.3037 -2.2964
v  1.8656 0.3423 -2.2451
v  1.8973 0.2405 -1.6248
v  1.9185 0.3003 -1.4510
v  1.9345 0.3652 -1.4752
v  1.9114 0.3107 -1.6561
v  1.9264 0.3534 -1.2996
v  1.9341 0.4241 -1.3211
v  1.6963 1.7071 0.3053
v  1.7095 1.5523 0.1705
v  1.6277 1.5637 0.1728
v  1.6102 1.7358 0.2958
v  1.6386 1.4332 0.0162
v  1.7087 1.4348 0.0131
v  1.8027 1.7510 0.3387
v  1.9244 1.8443 0.3777
v  1.9896 1.6987 0.2195
v  1.8406 1.6043 0.1893
v  2.0367 1.5828 0.0484
v  1.8663 1.4801 0.0353
v  2.0502 1.1915 0.7124
v  2.0281 1.2803 0.8583
v  1.9857 1.1967 0.8306
v  2.0139 1.1095 0.6848
v  1.9282 1.3181 0.9372
v  1.9828 1.4005 0.9739
v  2.1055 1.4157 0.9147
v  2.1235 1.3523 0.7750
v  2.0577 1.5114 1.0269
v  2.0073 1.1404 0.3636
v  2.0418 1.1628 0.5624
v  2.0066 1.0634 0.5348
v  1.9672 1.0215 0.3403
v  2.1186 1.3301 0.6371
v  2.1189 1.2936 0.4432
v  1.9339 0.9372 0.0550
v  1.9563 0.8295 -0.2462
v  2.0393 0.8993 -0.2259
v  1.9973 1.0444 0.0723
v  2.1442 1.1882 0.1406
v  2.2132 1.0267 -0.1724
v  2.1234 0.7576 -0.6985
v  2.0774 0.8226 -0.4933
v  2.0008 0.7532 -0.5021
v  2.0623 0.6814 -0.6955
v  1.9765 0.6953 -0.4950
v  2.0454 0.6208 -0.6818
v  2.2691 0.9323 -0.4558
v  2.3254 0.8494 -0.6707
v  2.0450 0.4906 -2.2327
v  2.0655 0.4456 -2.2727
v  1.9187 0.4125 -2.2339
v  1.8918 0.4579 -2.1974
v  1.9376 0.3631 -2.2508
v  2.0757 0.3941 -2.2914
v  2.3721 0.5213 -2.3611
v  2.3566 0.5639 -2.3129
v  2.3861 0.4634 -2.3727
v  1.9026 1.0321 -0.8056
v  1.8797 0.9439 -0.9583
v  2.0225 0.9814 -0.9747
v  2.0405 1.0830 -0.8197
v  1.9980 0.8736 -1.1666
v  1.8546 0.8354 -1.1401
v  2.2435 0.9569 -1.2355
v  2.2528 1.0623 -1.0169
v  2.2620 1.1532 -0.8307
v  1.7630 1.5678 0.1688
v  1.7431 1.7075 0.3183
v  1.7687 1.4448 0.0184
v  1.7883 2.0825 0.5111
v  1.6886 1.9889 0.4712
v  1.6446 2.0720 0.7317
v  1.7321 2.1646 0.7760
v  2.8973 3.8168 2.6016
v  2.8662 3.7919 2.6239
v  2.8523 3.8204 2.5888
v  2.8954 3.8443 2.5740
v  2.8111 3.8175 2.6210
v  2.8296 3.7940 2.6435
v  2.7995 3.8694 2.5833
v  2.8470 3.8716 2.5548
v  2.8946 3.8957 2.5360
v  2.8696 3.9250 2.7208
v  2.8502 3.9670 2.7048
v  2.8066 3.9313 2.7236
v  2.8515 3.8815 2.7400
v  2.7786 4.0018 2.6740
v  2.8265 4.0424 2.6617
v  2.7484 3.9466 2.6602
v  2.7713 3.8797 2.7125
v  2.8279 3.8302 2.7320
v  2.9385 3.9397 2.6790
v  2.9340 3.9890 2.6512
v  2.8934 3.9888 2.6817
v  2.9084 3.9272 2.7090
v  2.8767 4.0642 2.6374
v  2.9264 4.0629 2.6054
v  2.9406 3.9315 2.5238
v  2.9394 3.8711 2.5688
v  2.9708 3.9113 2.5856
v  2.9794 3.9785 2.5325
v  2.9522 3.8564 2.6401
v  2.9261 3.8238 2.6155
v  2.8512 3.9385 2.5080
v  2.8981 3.9647 2.4915
v  2.8021 3.9418 2.5342
v  2.8075 4.0006 2.4696
v  2.8618 3.9974 2.4496
v  2.9132 4.0098 2.4260
v  2.7539 3.9701 2.5612
v  2.7510 3.8928 2.6206
v  2.7591 4.0336 2.4898
v  2.7215 4.0228 2.5908
v  2.7170 4.0853 2.5032
v  2.7995 4.1406 2.6002
v  2.7458 4.0900 2.6072
v  2.7222 4.1619 2.5123
v  2.7789 4.2183 2.5038
v  2.9183 4.1475 2.5394
v  2.8609 4.1567 2.5722
v  2.8487 4.2334 2.4811
v  2.9124 4.2169 2.4543
v  2.9671 4.0313 2.5680
v  2.9636 4.1101 2.5048
v  2.9787 4.0527 2.4749
v  2.9842 4.1129 2.4127
v  2.9581 4.1718 2.4286
v  2.9704 4.0453 2.4097
v  2.9408 4.0021 2.4735
v  2.8796 4.0073 2.3826
v  2.9428 4.0175 2.3666
v  2.8197 4.0173 2.3985
v  2.8377 4.0141 2.3315
v  2.9019 4.0053 2.3229
v  2.9617 4.0260 2.3104
v  2.7665 4.0520 2.4084
v  2.7308 4.1081 2.4104
v  2.7537 4.1097 2.3276
v  2.7797 4.0483 2.3323
v  2.7817 4.2382 2.3916
v  2.7336 4.1804 2.4037
v  2.7625 4.1746 2.3146
v  2.8037 4.2264 2.2989
v  2.9139 4.2372 2.3584
v  2.8509 4.2545 2.3751
v  2.8639 4.2583 2.2844
v  2.9299 4.2440 2.2749
v  2.9889 4.1372 2.3456
v  2.9628 4.1956 2.3479
v  3.0033 4.1408 2.2806
v  2.9786 4.2009 2.2739
v  3.0030 4.0759 2.2966
v  2.9875 4.0699 2.3548
v  2.4059 4.0136 2.2180
v  2.3573 4.0229 2.2968
v  2.3034 4.0382 2.2584
v  2.3542 4.0300 2.1761
v  2.3159 4.0371 2.3689
v  2.2543 4.0540 2.3278
v  2.2448 4.0959 2.2826
v  2.2687 4.0876 2.2269
v  2.3156 4.0770 2.1412
v  2.5264 3.9755 2.1927
v  2.5788 3.9646 2.1272
v  2.6294 4.0224 2.1580
v  2.4674 3.9884 2.2700
v  2.5667 4.0479 2.2134
v  2.5070 4.0591 2.2908
v  2.4679 4.0065 2.1355
v  2.5304 3.9905 2.0632
v  2.6286 4.1681 2.1319
v  2.5747 4.1823 2.2032
v  2.5902 4.1124 2.2248
v  2.6484 4.0963 2.1618
v  2.5235 4.1936 2.2882
v  2.5302 4.1231 2.3017
v  2.6028 4.2243 2.0982
v  2.5381 4.2280 2.1677
v  2.4928 4.2507 2.1276
v  2.5620 4.2558 2.0529
v  2.4368 4.2662 2.2089
v  2.4909 4.2494 2.2545
v  2.5079 4.2510 1.9998
v  2.4413 4.2437 2.0855
v  2.3948 4.2059 2.0513
v  2.4616 4.2028 1.9604
v  2.3309 4.2163 2.1356
v  2.3777 4.2655 2.1649
v  2.3679 4.1396 2.0364
v  2.4361 4.1300 1.9450
v  2.4687 4.0679 1.9856
v  2.3085 4.1477 2.1274
v  2.3829 4.0699 2.0565
v  2.4237 4.0312 2.0952
v  2.5017 4.0306 2.0236
v  2.7919 4.0417 2.2739
v  2.8565 4.0112 2.2750
v  2.7657 4.1064 2.2672
v  2.8017 4.0417 2.2233
v  2.7728 4.1071 2.2161
v  2.8684 4.0103 2.2225
v  2.7764 4.1732 2.2527
v  2.7803 4.1777 2.1996
v  2.8147 4.2304 2.2351
v  2.8259 4.2337 2.1805
v  2.9495 4.2482 2.2129
v  2.8790 4.2656 2.2208
v  2.8931 4.2712 2.1655
v  2.9676 4.2475 2.1575
v  3.0223 4.1382 2.2237
v  2.9968 4.1996 2.2138
v  3.0173 4.1931 2.1578
v  3.0454 4.1267 2.1677
v  3.0214 4.0721 2.2412
v  2.9808 4.0235 2.2546
v  2.9974 4.0003 2.2025
v  3.0424 4.0534 2.1867
v  2.9336 3.9923 2.2139
v  2.9228 4.0028 2.2677
v  2.7755 4.1201 2.1645
v  2.7998 4.0491 2.1767
v  2.7911 4.0583 2.1318
v  2.7764 4.1335 2.1153
v  2.8356 3.9889 2.1260
v  2.8667 4.0076 2.1678
v  2.6649 3.9928 2.1276
v  2.6899 4.0763 2.1309
v  2.7166 4.0610 2.1179
v  2.7000 3.9498 2.1126
v  2.7185 4.1420 2.0680
v  2.6784 4.1552 2.0892
v  2.8325 4.2359 2.0553
v  2.8015 4.2354 2.0033
v  2.7620 4.2018 2.0466
v  2.7845 4.1990 2.0888
v  2.7203 4.2047 2.0293
v  2.7332 4.2381 1.9578
v  2.7601 4.1333 2.0713
v  2.8348 4.2387 2.1182
v  2.7873 4.1885 2.1424
v  2.6670 4.2177 2.0517
v  2.6373 4.2498 1.9965
v  2.9831 4.2492 2.0962
v  2.9033 4.2748 2.1028
v  2.9019 4.2683 2.0367
v  2.9903 4.2480 2.0295
v  3.0769 4.1057 2.1089
v  3.0396 4.1821 2.0967
v  3.0625 4.1739 2.0327
v  3.1169 4.0879 2.0537
v  2.7688 3.9641 2.1328
v  2.7548 4.0562 2.1076
v  2.6430 4.1869 1.8158
v  2.5415 4.1965 1.8828
v  2.5897 4.2399 1.9332
v  2.6883 4.2211 1.8780
v  2.7246 4.1221 1.7006
v  2.8485 4.1176 1.6131
v  2.8149 4.0403 1.5908
v  2.7101 4.0470 1.6966
v  2.6159 4.0271 1.8290
v  2.5969 4.1187 1.7788
v  2.7688 4.1753 1.7496
v  2.8952 4.1700 1.6805
v  2.5014 4.1203 1.8575
v  2.5468 4.0547 1.9212
v  2.6108 3.9642 1.9100
v  2.5664 4.0036 1.9642
v  2.5833 3.9614 2.0150
v  2.6197 3.9022 1.9731
v  2.6168 3.9482 2.0835
v  2.6408 3.9040 2.0606
v  2.6338 3.8329 1.9639
v  2.6610 3.8442 2.0356
v  2.6751 3.7731 2.0072
v  2.6403 3.7691 1.9406
v  2.7436 3.7806 2.0676
v  2.7255 3.8616 2.0894
v  2.6832 3.6967 1.9729
v  2.6860 3.6229 1.9317
v  2.6349 3.6957 1.9186
v  2.6408 3.6282 1.8809
v  2.7471 3.6131 1.9837
v  2.7487 3.6951 2.0325
v  2.6015 3.6247 1.7771
v  2.6040 3.6839 1.8108
v  2.5612 3.6798 1.8086
v  2.5440 3.6342 1.7910
v  2.5951 3.7325 1.8437
v  2.5427 3.7148 1.8395
v  2.4740 3.6786 1.8196
v  2.6284 3.6916 1.8539
v  2.6241 3.7524 1.8834
v  2.6355 3.6283 1.8150
v  2.4531 3.4708 1.7121
v  2.3953 3.4971 1.6796
v  2.3848 3.3859 1.6191
v  2.4331 3.3517 1.6536
v  2.3691 3.4417 1.5685
v  2.3688 3.5346 1.6265
v  2.3792 3.3354 1.4829
v  2.3729 3.2589 1.5328
v  2.4030 3.2112 1.5896
v  2.3469 3.6172 1.6749
v  2.3892 3.5926 1.7357
v  2.3656 3.6768 1.7839
v  2.3147 3.6973 1.7063
v  2.4618 3.5754 1.7669
v  2.3075 3.7259 1.6380
v  2.3490 3.6584 1.6113
v  2.3842 3.7158 1.5603
v  2.3346 3.7693 1.5827
v  2.4192 3.6596 1.5244
v  2.3747 3.5881 1.5697
v  2.6407 3.9284 1.7298
v  2.6582 3.9606 1.7806
v  2.7010 3.9851 1.6746
v  2.6791 3.9428 1.6418
v  2.7878 3.9710 1.5774
v  2.7489 3.9161 1.5603
v  2.6380 3.9236 1.8540
v  2.6388 3.8910 1.7984
v  2.6123 3.8475 1.8431
v  2.6320 3.8676 1.8992
v  2.5893 3.8910 1.7662
v  2.6156 3.9254 1.6951
v  2.6135 3.8989 1.7558
v  2.5843 3.9239 1.6825
v  2.6265 3.8102 1.9040
v  2.5942 3.7895 1.8679
v  2.5353 3.7745 1.8823
v  2.5420 3.8508 1.8546
v  2.4372 3.8731 1.8741
v  2.4502 3.7689 1.8572
v  2.5425 3.9013 1.7737
v  2.4741 3.9390 1.7759
v  2.5420 3.9350 1.6779
v  2.4824 3.9731 1.6742
v  2.2963 3.8525 1.8025
v  2.3356 3.7652 1.8045
v  2.1946 3.8490 1.7228
v  2.2589 3.7767 1.7167
v  2.2685 4.0197 1.8011
v  2.1895 4.0062 1.7835
v  2.2413 3.9318 1.7982
v  2.3356 3.9638 1.8350
v  2.1491 3.9237 1.7357
v  2.1352 3.9790 1.7451
v  2.2036 3.8808 1.5877
v  2.2364 3.9390 1.5456
v  2.3042 3.8802 1.5410
v  2.2690 3.8218 1.5867
v  2.2825 3.9801 1.5391
v  2.3464 3.9513 1.5352
v  2.3833 3.8315 1.5499
v  2.4345 3.8989 1.5426
v  2.2489 3.7944 1.6467
v  2.1731 3.8528 1.6461
v  2.2729 4.0388 1.5770
v  2.3778 4.0121 1.5775
v  2.2742 4.0719 1.6473
v  2.3874 4.0305 1.6623
v  2.4725 3.9620 1.5828
v  2.1317 4.0220 1.6240
v  2.1484 3.9578 1.5990
v  2.1039 3.9243 1.6595
v  2.0868 4.0215 1.6883
v  2.3793 4.0017 1.7603
v  2.2731 4.0616 1.7384
v  2.1659 4.0822 1.7186
v  2.1808 4.0615 1.6320
v  2.1965 4.0091 1.5767
v  1.0436 1.4013 0.6288
v  1.0394 1.4573 0.4455
v  0.9391 1.3392 0.4623
v  0.9427 1.2795 0.6390
v  1.0906 1.5323 0.4339
v  1.0992 1.4785 0.6218
v  1.1430 1.5387 0.6205
v  1.1306 1.5907 0.4316
v  1.0546 1.3534 0.7650
v  1.1164 1.4381 0.7474
v  1.1216 1.4185 0.8518
v  1.0546 1.3259 0.8743
v  1.1758 1.4979 0.8378
v  1.1656 1.5046 0.7366
v  1.2026 1.6118 0.6273
v  1.1885 1.6628 0.4399
v  1.2722 1.6883 0.6380
v  1.2613 1.7305 0.4533
v  1.2293 1.5832 0.8397
v  1.2275 1.5800 0.7377
v  1.2961 1.6553 0.7450
v  1.3014 1.6485 0.8437
v  1.3419 1.7644 0.6480
v  1.3480 1.7942 0.4652
v  1.4073 1.8367 0.6551
v  1.4344 1.8512 0.4664
v  1.3630 1.7239 0.7540
v  1.3724 1.7017 0.8491
v  1.4266 1.7862 0.7659
v  1.4329 1.7549 0.8612
v  1.5308 1.9621 0.6680
v  1.5818 2.0097 0.6940
v  1.6332 1.9383 0.4474
v  1.6048 1.9202 0.4420
v  1.5292 1.8961 0.4520
v  1.4701 1.9024 0.6586
v  1.4851 1.8425 0.7823
v  1.4887 1.8056 0.8796
v  1.5462 1.8972 0.8151
v  1.5480 1.8589 0.9203
v  0.8180 1.0792 0.8012
v  0.9520 1.2273 0.7861
v  0.9564 1.2075 0.8998
v  0.8296 1.0644 0.9497
v  0.6691 0.9031 0.9191
v  0.6630 0.9291 0.8025
v  0.5142 0.7981 0.8045
v  0.5303 0.7779 0.9104
v  0.8552 0.9758 1.0196
v  0.7077 0.8406 0.9817
v  0.7720 0.7841 0.9383
v  0.9357 0.9219 0.9853
v  0.5700 0.7185 0.9542
v  0.6172 0.6611 0.9117
v  0.9753 1.2212 0.9657
v  1.0536 1.3096 0.9630
v  0.9451 1.1667 1.0169
v  1.0483 1.2719 1.0426
v  1.0739 1.0470 1.0291
v  0.9858 1.0951 1.0537
v  1.0951 1.2055 1.1023
v  1.1849 1.1502 1.0928
v  1.1845 1.5047 0.9696
v  1.1146 1.4149 0.9677
v  1.1451 1.3775 1.0661
v  1.2344 1.4683 1.0825
v  1.1072 0.8899 0.9118
v  1.2697 1.0361 0.9521
v  1.1727 1.0412 0.9949
v  1.0201 0.9091 0.9417
v  1.2849 1.1349 1.0672
v  1.4202 1.1546 1.0377
v  1.3465 0.9977 0.9040
v  1.4917 1.1053 0.9416
v  1.1743 0.8576 0.8682
v  1.2918 1.4000 1.1479
v  1.1976 1.3119 1.1349
v  1.2718 1.2444 1.1333
v  1.3552 1.3188 1.1504
v  1.3335 1.2075 1.1103
v  1.4085 1.2460 1.1182
v  1.5981 1.1745 0.9664
v  1.6759 1.2365 0.9710
v  1.6247 1.2926 1.0677
v  1.5419 1.2284 1.0575
v  1.3029 1.5358 1.0966
v  1.2496 1.5793 0.9763
v  1.3094 1.6447 0.9867
v  1.3598 1.5923 1.1106
v  1.5577 1.3546 1.1410
v  1.4841 1.2960 1.1280
v  1.4239 1.3756 1.1619
v  1.4844 1.4278 1.1736
v  1.4215 1.5111 1.1623
v  1.3638 1.4603 1.1528
v  1.4173 1.6477 1.1233
v  1.3682 1.7030 0.9979
v  1.4272 1.7536 1.0084
v  1.4747 1.7028 1.1317
v  1.4775 1.5675 1.1752
v  1.5429 1.4881 1.1842
v  1.5955 1.5515 1.1892
v  1.5327 1.6271 1.1833
v  1.6955 1.3647 1.0676
v  1.6253 1.4204 1.1516
v  1.7581 1.4573 1.0811
v  1.6721 1.4889 1.1562
v  1.8163 1.3584 0.9912
v  1.7493 1.2966 0.9767
v  1.6923 1.6669 1.1819
v  1.6420 1.7491 1.1786
v  1.5864 1.6869 1.1838
v  1.6404 1.6139 1.1880
v  1.5302 1.7568 1.1325
v  1.5895 1.8126 1.1321
v  1.4879 1.7982 1.0164
v  1.5498 1.8409 1.0325
v  1.6891 1.5523 1.1652
v  1.7358 1.5747 1.1482
v  1.6180 1.9197 0.9996
v  1.6173 1.9562 0.8760
v  1.6892 2.0344 0.9426
v  1.7075 1.9741 1.1221
v  1.9267 1.5103 1.0524
v  1.8713 1.4279 1.0169
v  1.8210 1.5287 1.0878
v  1.8732 1.6126 1.1117
v  1.6105 1.8855 1.0670
v  1.6568 1.8755 1.1381
v  1.8343 1.7157 1.1579
v  1.7809 1.6333 1.1447
v  1.7438 1.7325 1.1804
v  1.8016 1.8127 1.1905
v  1.7652 1.9019 1.1881
v  1.7018 1.8189 1.1777
v  1.7964 2.0812 1.1430
v  1.7654 2.1357 0.9903
v  1.8484 2.2504 1.0285
v  1.8773 2.1948 1.1680
v  2.0859 1.7371 1.1567
v  1.9965 1.6104 1.0970
v  1.9394 1.7102 1.1439
v  2.0237 1.8322 1.1872
v  1.9850 1.9294 1.2162
v  1.9019 1.8118 1.1832
v  1.8715 1.9094 1.2119
v  1.9544 2.0245 1.2371
v  1.9186 2.1149 1.2267
v  1.8369 2.0011 1.2052
v  1.9633 2.3175 1.1952
v  1.9372 2.3727 1.0686
v  2.0693 2.4656 1.2347
v  2.0456 2.5255 1.1197
v  2.3210 2.0991 1.2833
v  2.1966 1.9067 1.2221
v  2.1288 1.9932 1.2327
v  2.2512 2.1717 1.2858
v  2.2060 2.2431 1.2850
v  2.0863 2.0773 1.2459
v  2.0504 2.1589 1.2635
v  2.1653 2.3142 1.2929
v  2.1172 2.3901 1.2843
v  2.0082 2.2414 1.2508
v  2.5923 2.4727 1.4186
v  2.4528 2.2893 1.3434
v  2.3865 2.3479 1.3477
v  2.5285 2.5172 1.4234
v  2.8919 3.9312 2.1178
v  3.0011 3.9572 2.1540
v  2.9275 3.9684 2.1590
v  2.9906 3.8737 2.0863
v  2.9327 3.6473 1.9844
v  2.9529 3.7432 2.0242
v  2.8500 3.7197 2.0591
v  2.8366 3.6265 2.0106
v  2.8481 3.8106 2.0958
v  3.0737 4.0134 2.1391
v  3.1025 3.9851 2.0961
v  2.8120 3.8865 2.1219
v  3.1491 3.7664 1.9950
v  3.0937 3.7579 1.9902
v  3.1645 3.6564 2.0528
v  3.2125 3.6882 2.0758
v  3.2720 3.7226 2.0988
v  3.2274 3.7713 2.0100
v  3.1908 3.8656 1.9968
v  3.1054 3.8698 2.0192
v  3.3393 3.7324 2.0904
v  3.3027 3.7899 2.0149
v  3.4247 3.7446 2.0714
v  3.3667 3.8169 2.0076
v  3.3211 3.8729 1.9877
v  3.2654 3.8678 1.9906
v  3.3780 3.2615 2.1754
v  3.4824 3.2906 2.0576
v  3.4993 3.3409 2.0875
v  3.3954 3.3210 2.2068
v  3.5656 3.3447 1.9238
v  3.5766 3.3919 1.9463
v  3.5793 3.4453 1.9701
v  3.5036 3.4011 2.1133
v  3.4046 3.3895 2.2324
v  3.2101 2.9704 1.9256
v  3.1660 2.9296 1.8705
v  3.2926 2.9934 1.8201
v  3.3307 3.0467 1.8543
v  3.2429 2.9396 1.7811
v  3.1200 2.8880 1.8154
v  3.3304 3.0097 1.7244
v  3.3846 3.0725 1.7476
v  3.4253 3.1302 1.7662
v  3.0608 2.8444 1.7493
v  3.1771 2.8844 1.7277
v  3.1376 2.8462 1.6666
v  2.9891 2.7806 1.6546
v  3.2128 2.9018 1.6544
v  3.2638 2.9431 1.6874
v  2.9974 2.9505 1.9662
v  2.9480 2.9079 1.8879
v  3.0486 2.9030 1.8906
v  3.0948 2.9511 1.9576
v  3.0005 2.8652 1.8232
v  2.9003 2.8736 1.8141
v  2.8397 3.0119 1.9095
v  2.8078 2.9686 1.8432
v  2.8692 2.9297 1.8757
v  2.9094 2.9692 1.9493
v  2.8304 2.9026 1.8077
v  2.7937 2.9408 1.7975
v  2.8486 2.8383 1.7415
v  2.9451 2.8270 1.7506
v  2.8650 2.7683 1.6518
v  2.7812 2.7870 1.6453
v  2.6694 2.6726 1.5268
v  2.7395 2.6470 1.5226
v  2.8141 2.6392 1.5058
v  2.9644 3.2248 1.9284
v  2.9234 3.1756 1.8418
v  2.8766 3.1278 1.9249
v  2.9221 3.1845 2.0156
v  2.8368 3.0753 1.8315
v  2.8922 3.1195 1.7408
v  2.8900 3.0696 1.9949
v  2.9480 3.1365 2.0753
v  2.4874 2.5872 1.4137
v  2.3411 2.4166 1.3442
v  2.3040 2.4921 1.3337
v  2.4531 2.6682 1.3989
v  2.2686 2.9504 1.2942
v  2.1507 2.7486 1.2002
v  2.2202 2.6500 1.2864
v  2.3743 2.8642 1.3820
v  2.1608 2.7984 1.0053
v  2.3387 3.0377 1.1475
v  2.4128 2.7462 1.3865
v  2.2641 2.5697 1.3209
v  2.3477 3.1122 1.4121
v  2.3645 3.2132 1.3483
v  2.3952 3.0592 1.4879
v  2.7375 2.8483 1.6364
v  2.6288 2.7392 1.5196
v  2.5986 2.8177 1.4970
v  2.7452 2.9691 1.6151
v  2.7848 2.8839 1.7371
v  2.7733 2.9546 1.7370
v  2.8312 3.0619 1.6792
v  2.8006 3.0157 1.7679
v  2.7390 3.1269 1.5766
v  2.8196 3.1440 1.6220
v  2.7906 3.2371 1.6322
v  2.7088 3.2427 1.6110
v  2.8818 3.1855 1.6815
v  2.8618 3.2465 1.6514
v  2.6312 3.2504 1.6046
v  2.6485 3.1298 1.5687
v  2.5591 3.1204 1.5652
v  2.5528 3.2418 1.6181
v  2.5664 3.0242 1.5256
v  2.6352 2.9969 1.5426
v  2.4702 3.0776 1.5416
v  2.4934 2.9566 1.4774
v  2.4724 3.2139 1.6228
v  2.5429 2.8788 1.4769
v  2.4183 4.0025 2.3461
v  2.3792 4.0306 2.4167
v  2.4561 4.0703 2.3618
v  2.4228 4.0753 2.4069
v  2.2564 4.2217 2.3042
v  2.2861 4.2226 2.2200
v  2.2636 4.1556 2.2134
v  2.2328 4.1525 2.2938
v  2.3601 4.2776 2.3411
v  2.3860 4.2548 2.3999
v  2.4454 4.2599 2.3387
v  2.3910 4.2775 2.2872
v  2.4743 4.1958 2.3726
v  2.4161 4.1900 2.4433
v  2.4726 4.1283 2.3732
v  2.4178 4.1237 2.4268
v  2.3099 4.2611 2.3264
v  2.3332 4.2687 2.2466
v  2.2791 4.1557 2.4406
v  2.3329 4.1760 2.4723
v  2.3127 4.2341 2.4087
v  2.2562 4.1928 2.3906
v  2.3541 4.0959 2.4669
v  2.2752 4.0881 2.4367
v  2.2395 4.1222 2.3686
v  2.9103 3.8165 2.7070
v  2.8888 3.7844 2.6681
v  2.8180 3.7849 2.6924
v  2.7736 3.8344 2.6661
v  2.9134 3.8708 2.7156
v  2.9583 3.9010 2.6677
v  2.9690 3.9593 2.6192
v  2.9442 3.2421 1.7539
v  2.9901 3.2986 1.8190
v  2.9023 3.3674 1.7596
v  2.8827 3.2984 1.6946
v  2.7416 3.5399 1.9318
v  2.8257 3.5429 1.9644
v  2.8192 3.4811 1.8953
v  2.7351 3.4750 1.8745
v  2.9179 3.4979 1.8841
v  2.9212 3.5658 1.9399
v  2.7239 3.3651 1.7440
v  2.7133 3.3166 1.6691
v  2.7896 3.3028 1.6910
v  2.8031 3.3632 1.7576
v  2.7299 3.4166 1.8115
v  2.8115 3.4190 1.8292
v  2.9113 3.4324 1.8257
v  2.5241 3.4507 1.7086
v  2.5350 3.5520 1.7566
v  2.5963 3.5421 1.7422
v  2.6057 3.4419 1.6945
v  2.6630 3.3933 1.7144
v  2.5725 3.3416 1.6577
v  2.6443 3.3348 1.6508
v  2.6470 3.5204 1.8073
v  2.6351 3.4926 1.7570
v  2.6731 3.4487 1.7725
v  2.6772 3.5018 1.8309
v  2.4968 3.3372 1.6750
v  2.6368 3.5612 1.7704
v  2.6405 3.5683 1.8365
v  2.6826 3.5587 1.8843
v  3.5526 3.3062 1.9021
v  3.6422 3.3284 1.8279
v  3.6580 3.3667 1.8513
v  3.6263 3.2968 1.8037
v  3.5348 3.2758 1.8787
v  3.7093 3.3178 1.7327
v  3.7229 3.3568 1.7574
v  3.7369 3.4019 1.7784
v  3.0347 3.6043 1.9627
v  3.0554 3.6923 1.9807
v  3.1321 3.5973 2.0303
v  3.1039 3.5208 2.0162
v  3.0253 3.5181 1.9335
v  3.0243 3.4382 1.8983
v  3.0569 3.3519 1.9821
v  3.0916 3.4339 1.9923
v  3.0151 3.3643 1.8637
v  3.0072 3.2838 1.9698
v  3.0087 3.3141 2.0952
v  3.0464 3.3825 2.1189
v  3.0707 3.3214 2.2056
v  3.0321 3.2611 2.1693
v  3.1059 3.3890 2.2498
v  3.0809 3.4569 2.1464
v  2.9656 3.2490 2.0679
v  2.9940 3.2004 2.1295
v  3.3384 3.1742 2.1117
v  3.3170 3.1370 2.0779
v  3.4220 3.1834 1.9702
v  3.4428 3.2159 1.9994
v  3.3978 3.1467 1.9371
v  3.2889 3.0943 2.0361
v  3.5151 3.2479 1.8544
v  3.5030 3.2215 1.8121
v  3.1063 3.0805 2.1321
v  3.1429 3.1342 2.1835
v  3.0581 3.1610 2.1733
v  3.0168 3.1009 2.1192
v  3.0920 3.2150 2.2123
v  3.1709 3.1820 2.2184
v  3.3582 3.2141 2.1435
v  3.4634 3.2496 2.0283
v  3.1268 3.2694 2.2464
v  3.1641 3.3329 2.2857
v  3.1979 3.2318 2.2481
v  3.2268 3.2918 2.2819
v  3.0539 3.0128 2.0548
v  3.1474 3.0125 2.0342
v  3.1950 3.0751 2.1025
v  3.2516 3.0338 1.9831
v  3.2493 3.1684 2.1819
v  3.2269 3.1241 2.1492
v  2.9614 3.0304 2.0394
v  3.2717 3.2120 2.2139
v  3.2957 3.2638 2.2492
v  2.6706 2.7294 0.7501
v  2.5354 2.5059 0.6305
v  2.3135 2.7099 0.7816
v  2.4519 2.9388 0.8792
v  2.6768 2.3833 0.3961
v  2.8243 2.6001 0.4982
v  2.9765 2.4742 0.2140
v  2.8056 2.2668 0.1415
v  2.7836 2.9213 0.8570
v  2.9521 2.7824 0.5943
v  3.0499 2.9168 0.6664
v  2.8728 3.0545 0.9380
v  3.2093 2.8066 0.3076
v  3.1121 2.6624 0.2700
v  3.3360 1.7749 -0.9360
v  3.4039 1.6942 -1.2280
v  3.5672 2.0078 -0.9504
v  3.6437 1.9457 -1.2455
v  3.5051 1.5860 -1.5527
v  3.7480 1.8628 -1.5846
v  4.0086 1.1392 -2.8700
v  3.9927 1.2001 -2.8513
v  4.2890 1.4546 -2.9756
v  4.3117 1.3959 -3.0245
v  4.3526 1.3265 -3.0056
v  4.0253 1.0769 -2.8554
v  3.9481 1.5948 -1.3872
v  3.6981 1.3359 -1.3816
v  3.7728 1.2697 -1.6678
v  4.0402 1.5316 -1.6998
v  3.8933 1.1546 -1.9763
v  4.1764 1.4253 -2.0381
v  3.6123 1.8418 -0.4544
v  3.5033 1.9465 -0.1595
v  3.3000 1.7004 -0.2340
v  3.4127 1.5888 -0.5204
v  3.1288 1.8627 0.1223
v  3.3263 2.0957 0.2047
v  2.8598 2.4018 0.9673
v  2.7837 2.4410 1.1651
v  2.6433 2.2327 1.0627
v  2.7261 2.1866 0.8794
v  3.0733 2.2710 0.6096
v  2.9070 2.0511 0.5236
v  3.6180 2.4498 0.3082
v  3.3490 2.6167 0.7210
v  3.2303 2.4661 0.6737
v  3.4958 2.2953 0.2664
v  3.0147 2.5874 1.0453
v  3.1371 2.7296 1.1022
v  2.9314 2.6269 1.3693
v  2.8822 2.6303 1.4559
v  3.0997 2.7941 1.4513
v  3.0469 2.7612 1.5584
v  3.0545 2.7848 1.3083
v  2.9408 2.6313 1.2547
v  4.0283 2.9928 0.4884
v  3.7592 3.1044 0.9069
v  3.7136 3.0665 0.8816
v  3.9809 2.9566 0.4583
v  3.5645 3.1659 1.2839
v  3.5342 3.1196 1.2762
v  3.5410 3.0515 1.2842
v  3.6981 3.0072 0.8766
v  3.9348 2.9171 0.4342
v  4.4655 2.8216 -0.1486
v  4.2715 2.8943 0.1284
v  4.2220 2.8426 0.0977
v  4.4055 2.7627 -0.1881
v  4.1908 2.8042 0.0859
v  4.3681 2.7232 -0.2003
v  5.2081 2.2094 -1.9380
v  4.9937 2.3494 -1.5074
v  4.9371 2.3041 -1.5277
v  5.1477 2.1781 -1.9555
v  5.3280 2.2857 -1.8758
v  5.1200 2.4067 -1.4358
v  4.8665 2.4454 -1.1402
v  4.9809 2.4932 -1.0635
v  4.8062 2.4126 -1.1723
v  4.2411 2.4317 -1.6462
v  4.1013 2.5058 -1.3027
v  4.1392 2.6074 -1.3353
v  4.2736 2.5252 -1.6689
v  3.9623 2.7104 -1.1081
v  3.9382 2.5796 -1.0492
v  4.0746 2.8054 -1.1131
v  4.2092 2.6861 -1.3405
v  4.3364 2.5998 -1.6627
v  2.9356 3.1210 0.9666
v  3.1084 2.9949 0.6970
v  3.1336 3.0750 0.6884
v  2.9501 3.2005 0.9687
v  3.3120 2.9496 0.3296
v  3.2631 2.8857 0.3223
v  3.6027 3.2791 0.4420
v  3.5496 3.2399 0.4097
v  3.3050 3.3755 0.7212
v  3.1501 3.4896 0.9886
v  3.3564 3.3847 0.7567
v  3.0942 3.4839 0.9649
v  3.2242 3.4795 1.0175
v  3.4225 3.4220 0.7787
v  3.6817 3.3126 0.4824
v  3.1157 3.2011 0.6352
v  2.9870 3.3874 0.9253
v  3.1637 3.3133 0.6310
v  2.9614 3.2949 0.9455
v  3.3867 3.2047 0.2963
v  3.3015 3.0934 0.2792
v  3.2455 3.3553 0.6797
v  3.0387 3.4476 0.9417
v  3.4902 3.2060 0.3696
v  2.5837 3.1252 0.9871
v  2.6806 3.2558 1.0417
v  2.4667 3.2486 1.1790
v  2.5748 3.4120 1.2008
v  2.7289 3.3411 1.0767
v  2.7646 3.2638 1.0588
v  2.7759 3.4091 1.1113
v  2.6322 3.5110 1.2142
v  2.6974 3.5711 1.2095
v  2.8421 3.4642 1.1311
v  2.8857 3.5237 1.1239
v  2.7705 3.6054 1.2316
v  2.8515 3.6439 1.2366
v  2.9488 3.5793 1.1219
v  2.3922 3.5134 1.5196
v  2.4442 3.5958 1.4816
v  2.4676 3.5324 1.4211
v  2.4118 3.4317 1.4481
v  2.4313 3.3432 1.3381
v  2.5121 3.4699 1.3470
v  2.6873 3.8837 1.5362
v  2.6435 3.9179 1.6144
v  2.5924 3.9107 1.5949
v  2.5982 3.8557 1.4983
v  2.5754 3.5645 1.3283
v  2.5421 3.6171 1.4040
v  2.6368 3.6287 1.3116
v  2.6046 3.6879 1.3834
v  2.5862 3.7607 1.4358
v  2.6685 3.8124 1.4443
v  2.7168 3.7514 1.3962
v  2.6569 3.7240 1.3809
v  2.6326 3.7765 1.4229
v  2.4886 3.7532 1.4921
v  2.5126 3.6901 1.4522
v  2.5084 3.8748 1.5246
v  2.4499 3.7916 1.5363
v  2.5372 3.9265 1.5874
v  2.6968 3.6735 1.3127
v  2.7791 3.6839 1.3416
v  5.0848 2.2161 -3.3943
v  5.1616 2.1423 -3.4765
v  5.0892 2.0530 -3.4413
v  4.9856 2.0990 -3.3499
v  5.1738 2.0010 -3.5270
v  5.2273 2.0646 -3.5539
v  5.1329 1.9542 -3.4695
v  5.0528 1.9648 -3.4044
v  4.9135 1.9713 -3.2795
v  5.1630 1.9041 -3.4745
v  5.0746 1.8985 -3.3832
v  5.1129 1.8391 -3.3725
v  5.1893 1.8419 -3.4573
v  5.0195 1.8199 -3.3043
v  4.9598 1.8841 -3.3119
v  5.2175 1.9362 -3.5530
v  5.2751 1.9911 -3.5904
v  5.3187 1.9157 -3.5810
v  5.2513 1.8687 -3.5350
v  5.4035 2.1055 -3.5377
v  5.3452 2.0434 -3.5876
v  5.2929 2.1212 -3.5567
v  5.3517 2.1570 -3.5262
v  5.4687 2.0246 -3.5189
v  5.3985 1.9658 -3.5730
v  5.3011 1.8071 -3.4944
v  5.2369 1.7884 -3.4269
v  5.3633 1.8410 -3.5248
v  5.3803 1.7894 -3.4156
v  5.3250 1.7739 -3.4043
v  5.2635 1.7691 -3.3742
v  5.4966 1.9200 -3.4562
v  5.4322 1.8816 -3.5125
v  5.4397 1.8121 -3.4077
v  5.4798 1.8496 -3.3807
v  5.4713 1.8400 -3.2718
v  5.4138 1.7832 -3.2589
v  5.4741 1.8306 -3.1277
v  5.4050 1.7462 -3.1102
v  5.3595 1.7509 -3.2704
v  5.3289 1.7088 -3.1229
v  3.9285 2.7113 0.4624
v  4.1603 2.6166 0.1127
v  4.1690 2.7244 0.0905
v  3.9255 2.8188 0.4414
v  4.3114 2.5611 -0.1763
v  4.3330 2.6558 -0.1963
v  3.7091 2.5927 0.3590
v  3.4402 2.7606 0.7899
v  3.4051 2.7071 0.7576
v  3.6799 2.5386 0.3379
v  3.1858 2.8162 1.1340
v  3.2214 2.8565 1.1782
v  3.1082 2.8461 1.3174
v  3.1414 2.8649 1.3773
v  3.5421 2.9486 1.3073
v  3.7033 2.9037 0.8964
v  3.4805 2.8756 1.2996
v  3.6715 2.8159 0.9002
v  3.4252 2.9756 1.4963
v  3.4744 3.0460 1.5007
v  3.4302 3.0359 1.5990
v  3.3599 2.9357 1.4686
v  3.3640 2.9825 1.5787
v  3.2857 2.9407 1.5363
v  3.6130 2.7825 0.8859
v  3.5517 2.7735 0.8636
v  3.4129 2.8562 1.2715
v  3.3529 2.8509 1.2556
v  3.7957 2.6581 0.4133
v  3.8681 2.6580 0.4485
v  3.2781 2.9151 1.4400
v  3.2041 2.8980 1.4187
v  3.1871 2.8873 1.5125
v  3.2852 2.8546 1.2235
v  3.1581 2.8518 1.5953
v  3.2381 2.9215 1.6093
v  3.3280 2.9153 1.4331
v  3.3173 2.9755 1.6400
v  3.3846 3.0351 1.6681
v  3.4936 2.7765 0.8291
v  3.7455 2.6429 0.3813
v  3.4571 3.1764 1.7928
v  3.3655 3.1010 1.8958
v  3.6073 3.2694 1.7775
v  3.5939 3.2473 1.7478
v  3.6920 3.2815 1.7047
v  3.6687 3.2551 1.6733
v  3.4430 3.0980 1.6794
v  3.4825 3.1609 1.6837
v  3.4658 3.1118 1.5966
v  3.5177 3.1807 1.5824
v  3.4830 3.1231 1.4929
v  3.5146 3.1705 1.4853
v  3.5579 3.2159 1.7165
v  3.5226 3.1945 1.7023
v  3.5677 3.2011 1.6088
v  3.6075 3.2165 1.6261
v  3.5941 3.2320 1.7116
v  3.6442 3.2348 1.6429
v  3.5558 3.1935 1.4624
v  3.5826 3.2043 1.4902
v  3.6228 3.2026 1.2924
v  3.6741 3.2383 1.3091
v  3.7443 3.2645 1.5735
v  3.7793 3.2985 1.6088
v  3.8767 3.2950 1.4026
v  3.9219 3.3301 1.4434
v  3.8036 3.3474 1.6405
v  3.9571 3.3849 1.4814
v  3.6619 3.2296 1.5207
v  3.7034 3.2458 1.5434
v  3.7771 3.2860 1.3468
v  3.8284 3.2856 1.3715
v  3.7235 3.2706 1.3254
v  3.6200 3.2167 1.5064
v  4.1306 3.3536 1.1174
v  4.4686 3.3878 0.8052
v  4.5282 3.4002 0.8695
v  4.1904 3.3584 1.1722
v  4.2362 3.4099 1.2246
v  4.5737 3.4608 0.9300
v  4.1099 3.0640 0.5419
v  3.8294 3.1543 0.9400
v  4.2068 3.1604 0.6062
v  3.9071 3.2094 0.9782
v  4.3018 3.2643 0.6731
v  3.9800 3.2659 1.0203
v  4.0391 3.3181 1.0563
v  4.3803 3.3482 0.7306
v  4.4252 3.3877 0.7659
v  4.0830 3.3502 1.0831
v  5.1139 3.5183 0.3283
v  5.1813 3.5559 0.4158
v  4.8749 3.4912 0.6069
v  4.8186 3.4528 0.5359
v  4.9157 3.5682 0.6678
v  5.2241 3.6501 0.4825
v  4.3708 2.9940 0.2006
v  4.5862 2.9365 -0.0556
v  4.4934 3.1305 0.2870
v  4.7363 3.0999 0.0511
v  4.8824 3.3012 0.1308
v  4.6164 3.2865 0.3643
v  4.7209 3.4072 0.4341
v  5.0093 3.4532 0.2061
v  5.0701 3.5115 0.2648
v  4.7755 3.4526 0.4840
v  5.9502 3.6154 -0.4437
v  6.2197 3.6157 -0.7774
v  6.3108 3.6107 -0.6806
v  6.0322 3.6220 -0.3419
v  6.6401 3.5994 -1.0907
v  6.5372 3.6147 -1.1853
v  6.7293 3.6453 -0.9806
v  6.3938 3.6588 -0.5733
v  6.1018 3.6883 -0.2411
v  6.1561 3.5718 -0.8032
v  6.0739 3.4413 -0.8246
v  5.8845 3.5949 -0.4867
v  5.8136 3.4697 -0.5102
v  6.3470 3.4399 -1.2411
v  6.4677 3.5571 -1.2020
v  4.8858 3.8924 0.0162
v  4.8569 3.7754 -0.0186
v  4.4993 3.8009 0.3075
v  4.5380 3.8972 0.3381
v  4.1036 3.8142 0.6690
v  4.1251 3.9035 0.6663
v  4.1649 3.9967 0.6865
v  4.5703 4.0003 0.3665
v  4.9016 4.0244 0.0480
v  3.7581 3.8191 0.8987
v  3.7827 3.8868 0.9116
v  3.5123 3.8712 1.0788
v  3.4943 3.8168 1.0615
v  3.5317 3.9251 1.1095
v  3.8152 3.9562 0.9374
v  3.5314 3.4886 0.8005
v  3.8090 3.3885 0.5188
v  3.3230 3.5285 1.0239
v  3.4044 3.5957 1.0438
v  3.6414 3.5599 0.8303
v  3.9327 3.4961 0.5505
v  4.0561 3.6896 0.6276
v  3.7350 3.7021 0.8910
v  3.7507 3.7600 0.9016
v  4.0790 3.7549 0.6490
v  3.4754 3.7120 1.0770
v  3.4835 3.7657 1.0649
v  3.7021 3.6343 0.8612
v  3.4520 3.6535 1.0661
v  4.0112 3.5993 0.5909
v  3.1990 3.8389 1.2977
v  3.1028 3.8693 1.3716
v  3.1558 3.9070 1.3656
v  3.2286 3.8726 1.2915
v  3.1244 3.9594 1.4273
v  3.0303 3.9097 1.4662
v  3.2305 3.9674 1.4071
v  3.2410 3.9285 1.3420
v  3.2699 3.9017 1.2866
v  3.1082 3.6657 1.2401
v  3.1307 3.5740 1.1479
v  3.0349 3.6039 1.1251
v  2.9641 3.6825 1.2217
v  3.2662 3.5945 1.2033
v  3.2263 3.5482 1.1566
v  3.3154 3.8249 1.1900
v  3.3340 3.8675 1.1959
v  3.3524 3.9057 1.2230
v  2.8863 3.7359 1.3135
v  2.8140 3.7714 1.4137
v  2.9237 3.8217 1.3905
v  2.9916 3.7614 1.2981
v  3.0523 3.7639 1.2982
v  3.0412 3.7978 1.3392
v  3.1557 3.7586 1.2936
v  3.1545 3.7035 1.2867
v  2.9675 3.8715 1.4252
v  2.8770 3.9240 1.4965
v  2.8251 3.8707 1.4862
v  2.9209 3.9811 1.5279
v  3.1709 3.8035 1.2954
v  3.0627 3.8307 1.3662
v  2.7460 3.8279 1.4762
v  3.2920 3.7312 1.2082
v  3.3032 3.7802 1.1990
v  3.2870 3.6655 1.2186
v  3.5724 3.9771 1.2542
v  3.5593 3.9688 1.1640
v  3.3647 3.9407 1.2780
v  3.3648 3.9604 1.3506
v  3.9316 4.0161 1.0761
v  3.8642 4.0161 0.9989
v  4.2425 4.0362 0.7696
v  4.3244 4.0345 0.8593
v  3.8230 4.0239 1.2604
v  4.0419 4.0685 1.1585
v  3.9924 4.0286 1.1247
v  3.6998 3.9919 1.2713
v  4.3773 4.0723 0.9108
v  4.4227 4.1160 0.9578
v  4.6386 4.0619 0.4448
v  4.7262 4.0458 0.5452
v  5.0535 4.1148 0.2346
v  4.9626 4.1302 0.1253
v  4.7713 4.0911 0.6073
v  4.8087 4.1454 0.6816
v  5.1232 4.2038 0.4035
v  5.0958 4.1431 0.3077
v  6.0415 4.1467 -0.6301
v  6.1430 4.1741 -0.5524
v  6.3739 4.2352 -0.8497
v  6.2762 4.2059 -0.9428
v  6.4574 4.2855 -0.6744
v  6.2320 4.2242 -0.4036
v  6.7116 4.3449 -0.9708
v  6.6390 4.3104 -1.1769
v  6.5547 4.2835 -1.2877
v  6.7859 3.8650 -0.8510
v  6.4560 3.8560 -0.4656
v  6.4456 3.7489 -0.5044
v  6.7674 3.7627 -0.9107
v  6.1439 3.7715 -0.1833
v  6.1584 3.8639 -0.1461
v  4.6020 3.6269 0.9906
v  4.5905 3.5462 0.9626
v  4.9351 3.6424 0.7063
v  4.9524 3.7125 0.7464
v  5.2410 3.7246 0.5237
v  5.2526 3.7903 0.5627
v  3.9827 3.4480 1.5112
v  3.8221 3.3993 1.6665
v  3.8361 3.4539 1.6845
v  3.9965 3.5130 1.5280
v  4.2652 3.4822 1.2626
v  4.2762 3.5605 1.2828
v  4.0061 3.5661 1.5356
v  3.8511 3.5065 1.6951
v  3.9996 3.6238 1.5300
v  3.8669 3.5590 1.6930
v  3.7980 3.5176 1.8162
v  3.7576 3.4546 1.7972
v  3.6772 3.4153 1.8752
v  3.6955 3.4655 1.9051
v  4.2797 3.6254 1.2937
v  4.2833 3.6836 1.3106
v  4.6065 3.7006 1.0118
v  4.6221 3.7676 1.0519
v  3.8888 3.6122 1.6771
v  3.8809 3.6149 1.7391
v  4.0099 3.6800 1.5495
v  4.0449 3.7392 1.6076
v  3.4663 3.9500 1.3961
v  3.5866 3.9848 1.3770
v  3.5623 4.0094 1.4507
v  3.4247 3.9633 1.4824
v  3.7754 4.0799 1.3765
v  3.7712 4.0383 1.3265
v  3.3880 4.0124 1.5808
v  3.4067 3.9898 1.5406
v  3.3309 4.0018 1.5265
v  3.3008 4.0139 1.5487
v  3.3264 3.9935 1.4851
v  3.2608 4.0172 1.5039
v  3.3438 3.9774 1.4224
v  3.2365 3.9980 1.4589
v  7.4279 3.8792 -2.5347
v  7.5374 3.8822 -2.4609
v  7.4976 3.8198 -2.3857
v  7.3731 3.8097 -2.4783
v  7.4656 3.9361 -2.5602
v  7.5465 3.9610 -2.5168
v  7.5909 3.9860 -2.4441
v  7.5938 3.9518 -2.3741
v  7.5646 3.9050 -2.2807
v  7.3949 4.2546 -2.4490
v  7.5062 4.2341 -2.3709
v  7.5192 4.2041 -2.4550
v  7.3652 4.1476 -2.5297
v  7.2964 4.1616 -2.4895
v  7.4525 4.1844 -2.5181
v  7.3227 4.3052 -2.3611
v  7.2058 4.1903 -2.4258
v  7.4544 4.2687 -2.2526
v  7.5597 4.0919 -2.2044
v  7.5958 4.1047 -2.3293
v  7.5609 4.1697 -2.3353
v  7.5229 4.1848 -2.2079
v  7.5882 4.0971 -2.4456
v  7.5621 4.1500 -2.4539
v  7.5077 4.0754 -2.5609
v  7.4838 4.1254 -2.5519
v  7.3672 4.0352 -2.5626
v  7.3588 4.0912 -2.5496
v  7.5959 4.0412 -2.4420
v  7.6052 4.0292 -2.3375
v  7.5702 4.0009 -2.2271
v  7.5326 4.0288 -2.5485
v  7.4154 3.9840 -2.5742
v  7.2480 3.8671 -2.4976
v  7.3250 3.9273 -2.5457
v  7.2639 3.9965 -2.5159
v  7.1708 3.9586 -2.4699
v  7.2597 4.0713 -2.4959
v  7.1691 4.0624 -2.4368
v  3.7485 4.3230 1.7172
v  4.0576 4.4835 1.6377
v  4.0386 4.4733 1.5676
v  3.7268 4.3126 1.6486
v  4.4086 4.6743 1.4650
v  4.4296 4.7028 1.5400
v  4.3947 4.6239 1.4057
v  4.0205 4.4423 1.5060
v  3.7086 4.2795 1.5887
v  3.7499 4.3063 1.7952
v  4.0565 4.4660 1.7212
v  4.0762 4.4254 1.8125
v  3.7732 4.2660 1.8823
v  4.4609 4.6639 1.7401
v  4.4363 4.6976 1.6363
v  3.3565 4.0678 1.7799
v  3.5164 4.1825 1.7610
v  3.5010 4.1701 1.6964
v  3.3459 4.0565 1.7208
v  3.4945 4.1383 1.6424
v  3.3449 4.0388 1.6668
v  3.3664 4.0651 1.8338
v  3.5235 4.1692 1.8287
v  3.5523 4.1377 1.9112
v  3.3787 4.0347 1.9150
v  3.1943 4.0445 1.5467
v  3.2597 4.0386 1.5901
v  3.2276 4.0615 1.6484
v  3.1224 4.0881 1.6168
v  3.3627 4.0268 1.6221
v  3.3360 3.9394 1.9745
v  3.2603 4.0325 1.9038
v  3.2119 3.9831 2.0107
v  3.2629 3.9735 1.9830
v  3.1794 4.0748 1.9260
v  3.1516 3.9803 2.0457
v  3.1541 4.0847 1.9972
v  2.9660 4.0534 1.5800
v  3.0094 4.1412 1.6356
v  3.0588 4.0287 1.5216
v  3.1429 4.0133 1.4884
v  3.0828 4.1764 1.9650
v  3.0995 4.1782 1.9054
v  2.9864 4.2358 1.8666
v  2.9870 4.2473 1.9566
v  3.2224 4.0592 1.7215
v  3.1369 4.1198 1.7170
v  3.1488 4.1045 1.7988
v  3.2340 4.0544 1.7899
v  2.8473 4.2416 1.9031
v  2.8086 4.2128 1.8220
v  2.9343 4.2114 1.7672
v  2.8809 4.2552 1.9727
v  3.1179 4.1651 1.8655
v  3.0831 4.1923 1.8140
v  3.1639 4.0822 1.8549
v  3.0471 4.1830 1.7287
v  3.2473 4.0462 1.8436
v  3.4238 3.8728 1.9986
v  3.5061 3.9553 1.9919
v  3.5119 3.7991 2.0461
v  3.6161 3.8684 2.0484
v  3.7174 3.5598 1.9918
v  3.7066 3.5132 1.9477
v  3.8098 3.5611 1.8781
v  3.8283 3.6044 1.9379
v  3.5583 3.5698 2.0144
v  3.5663 3.4999 1.9932
v  3.7360 3.6090 2.0241
v  3.6687 3.6445 2.0525
v  3.8284 3.6606 2.0014
v  3.7866 3.7169 2.0646
v  3.5926 3.7163 2.0502
v  3.4982 3.6537 2.0682
v  3.7118 3.7900 2.0858
v  4.0860 3.7444 1.8069
v  3.9366 3.6485 1.8825
v  3.9080 3.6199 1.8062
v  4.0440 3.7418 1.7193
v  3.7646 3.9656 2.0284
v  3.6493 4.0589 1.9844
v  3.8656 4.1928 1.9639
v  3.9771 4.0943 1.9924
v  3.9190 3.7974 2.0340
v  3.8547 3.8824 2.0484
v  4.0565 4.0032 2.0014
v  4.1004 3.9105 1.9682
v  4.1081 3.8130 1.8996
v  3.9411 3.7150 1.9644
v  4.2724 4.2525 1.9261
v  4.1656 4.3498 1.8939
v  4.5483 4.5830 1.8215
v  4.6488 4.4833 1.8597
v  4.7057 4.1654 1.6146
v  4.7409 4.2146 1.7189
v  4.3733 3.9893 1.8057
v  4.3352 3.9381 1.7066
v  4.3736 4.0838 1.8737
v  4.7436 4.3055 1.7980
v  4.3420 4.1655 1.9152
v  4.7110 4.3939 1.8372
v  5.1044 4.8240 1.7994
v  5.0201 4.9280 1.7586
v  5.5121 5.1405 1.7507
v  5.4383 5.2605 1.7196
v  5.3566 5.3312 1.6184
v  4.9428 4.9941 1.6672
v  5.5907 4.6512 1.4897
v  5.5962 4.7289 1.6067
v  5.1900 4.4888 1.6498
v  5.1654 4.4331 1.5355
v  5.1854 4.5920 1.7408
v  5.5734 4.8592 1.6899
v  5.5486 5.0042 1.7316
v  5.1541 4.7115 1.7792
v  7.0813 6.0649 1.2322
v  7.0231 6.1685 1.1221
v  6.7118 5.9316 1.2034
v  6.7583 5.8442 1.2899
v  6.6721 5.9858 1.0993
v  6.9737 6.2180 0.9840
v  6.3955 5.8211 1.2089
v  6.4327 5.7706 1.3073
v  6.4797 5.6820 1.3805
v  6.8910 5.6122 1.3236
v  6.8275 5.7400 1.3462
v  6.5530 5.5774 1.4148
v  6.6185 5.4530 1.3983
v  7.2128 5.7960 1.2573
v  7.1493 5.9365 1.2849
v  7.2566 5.6039 1.0005
v  7.2652 5.6599 1.1582
v  6.9288 5.4704 1.2363
v  6.8947 5.4114 1.0812
v  6.6363 5.3144 1.3137
v  6.5959 5.2341 1.1799
v  1.4511 0.5897 -1.5457
v  1.4387 0.6753 -1.3025
v  1.4440 0.7573 -1.3625
v  1.4649 0.6638 -1.5982
v  1.4844 0.8261 -1.4123
v  1.4952 0.7308 -1.6441
v  1.6269 0.8270 -1.4148
v  1.5557 0.8500 -1.4287
v  1.6375 0.7636 -1.6602
v  1.5570 0.7713 -1.6686
v  1.6858 0.7783 -1.3831
v  1.7585 0.7268 -1.3510
v  1.7761 0.6777 -1.5904
v  1.6984 0.7032 -1.6183
v  4.4920 2.1710 -2.3687
v  4.3238 2.2845 -2.0192
v  4.3809 2.3420 -2.0162
v  4.5474 2.2298 -2.3806
v  4.3981 2.0847 -2.3495
v  4.2378 2.1899 -2.0091
v  4.1937 2.3593 -1.6452
v  4.1115 2.2585 -1.6402
v  1.8814 0.2707 -2.2338
v  1.8033 0.2331 -2.2785
v  1.8799 0.1926 -2.1733
v  1.8213 0.1593 -2.2289
v  1.6147 0.0258 -2.1233
v  1.5220 0.0321 -2.1718
v  1.5567 0.0363 -2.0119
v  1.4643 0.0506 -2.0379
v  2.0775 0.2829 -2.2005
v  1.9393 0.2361 -2.1760
v  1.9420 0.2935 -2.2274
v  2.0799 0.3279 -2.2600
v  5.2154 1.7424 -3.2893
v  5.1573 1.7805 -3.3331
v  5.1172 1.7263 -3.1386
v  5.0635 1.7419 -3.2494
v  4.8250 1.7186 -3.1643
v  4.9386 1.7849 -3.2473
v  4.9915 1.7007 -3.1834
v  4.8772 1.6504 -3.1075
v  5.0140 1.7039 -3.0617
v  4.8820 1.6595 -2.9936
v  5.2313 1.7020 -3.1337
v  5.2879 1.7326 -3.2748
v  5.5208 1.9635 -3.3406
v  5.4928 2.1045 -3.4154
v  5.5372 2.1972 -3.3097
v  5.4982 1.9998 -3.2134
v  7.3945 4.3054 -2.1493
v  7.2504 4.3382 -2.2772
v  7.1697 4.3563 -2.1901
v  7.3266 4.3503 -2.0344
v  7.1215 4.2192 -2.3633
v  7.0429 4.2382 -2.2930
v  7.4806 4.1940 -2.0752
v  7.4976 4.0582 -2.0664
v  7.4806 4.2172 -1.9490
v  7.4880 4.0204 -1.8799
v  7.2455 3.7081 -2.3388
v  7.1146 3.7667 -2.4060
v  7.1812 3.8206 -2.4430
v  7.3124 3.7679 -2.4104
v  7.0891 3.9213 -2.4292
v  6.9913 3.8770 -2.3830
v  7.0873 4.0545 -2.3835
v  7.0123 4.0565 -2.3231
v  5.2118 2.3110 -3.4108
v  5.2542 2.2166 -3.4874
v  5.3540 2.2375 -3.4693
v  5.3708 2.3667 -3.3797
v  5.4352 2.1954 -3.4488
v  5.4878 2.3009 -3.3818
v  5.3820 2.5671 -1.2671
v  5.2111 2.6380 -0.8978
v  5.5811 2.5135 -1.7243
v  5.8735 2.8367 -1.5407
v  5.6764 2.8335 -1.0755
v  5.4705 2.8843 -0.7177
v  5.9200 3.1544 -0.9145
v  5.6826 3.1928 -0.5807
v  6.1329 3.1788 -1.3713
v  1.0201 0.4046 -0.8491
v  1.0771 0.2531 -1.0371
v  0.8442 0.1377 -0.9663
v  0.8017 0.2883 -0.7830
v  0.8988 -0.0000 -1.1651
v  1.1204 0.1359 -1.2597
v  0.6580 -0.1129 -1.0863
v  0.6124 0.0209 -0.8949
v  0.5737 0.1811 -0.7282
v  1.2064 -0.0729 -1.1170
v  1.0380 -0.2000 -1.0504
v  1.0328 -0.2550 -1.1587
v  1.2049 -0.1271 -1.2275
v  1.1972 -0.1746 -1.3372
v  1.0199 -0.3021 -1.2656
v  0.9996 -0.1437 -1.7688
v  1.0323 -0.1711 -1.7482
v  0.8397 -0.2712 -1.6332
v  0.8066 -0.2475 -1.6523
v  1.1706 -0.0390 -1.8714
v  1.2028 -0.0639 -1.8521
v  1.2339 -0.0862 -1.8142
v  1.0647 -0.1948 -1.7121
v  0.8741 -0.2958 -1.6054
v  1.3503 0.0085 -1.9410
v  1.3954 -0.0076 -1.9093
v  1.3040 0.0316 -1.9541
v  1.2582 0.0711 -1.9578
v  1.2558 0.1181 -1.9071
v  1.1484 -0.0039 -1.8517
v  1.1426 0.0230 -1.8005
v  0.9741 -0.1036 -1.7486
v  0.7668 -0.2067 -1.6639
v  0.7352 -0.1596 -1.6277
v  0.9601 -0.0801 -1.7023
v  1.3808 0.4353 -1.4426
v  1.3671 0.5228 -1.2045
v  1.4159 0.6094 -1.2583
v  1.4247 0.5261 -1.5007
v  1.3839 0.7079 -1.0466
v  1.3260 0.6344 -0.9971
v  1.2576 0.3907 -1.1225
v  1.2043 0.5230 -0.9229
v  1.2798 0.2945 -1.3581
v  4.6617 1.5101 -2.9333
v  4.6626 1.5052 -3.0300
v  4.4079 1.2494 -2.8765
v  4.3890 1.2721 -2.9562
v  4.6240 1.5520 -3.0950
v  3.8689 1.7762 -1.9131
v  3.6285 1.4829 -1.8514
v  3.7501 1.3930 -2.1436
v  4.0255 1.6615 -2.2137
v  3.4266 1.1380 -2.0535
v  3.3384 1.2063 -1.7716
v  4.0786 2.0159 -1.9698
v  3.9549 2.0910 -1.6176
v  4.2353 1.9089 -2.2942
v  4.0488 1.0260 -2.8348
v  3.6696 0.7691 -2.7277
v  4.0856 0.9716 -2.7928
v  3.7071 0.7045 -2.6896
v  2.3938 0.3927 -2.3450
v  2.8029 0.4710 -2.4872
v  2.8206 0.3946 -2.4256
v  2.3962 0.3498 -2.2830
v  3.2394 0.5780 -2.6337
v  3.2706 0.5127 -2.5638
v  3.2120 0.6679 -2.6528
v  2.6772 0.7915 -1.7787
v  2.6163 0.9129 -1.5465
v  2.9917 1.0171 -1.6558
v  3.0731 0.9193 -1.9088
v  4.6981 2.2357 -1.2394
v  4.8452 2.1157 -1.5716
v  4.8972 2.2002 -1.5423
v  4.7455 2.3275 -1.2067
v  5.1050 2.0758 -1.9568
v  5.0534 1.9723 -1.9628
v  1.5111 0.3030 -2.3892
v  1.5756 0.3273 -2.3919
v  1.5523 0.4021 -2.3088
v  1.4857 0.3822 -2.2955
v  1.4593 0.2648 -2.3702
v  1.4368 0.3460 -2.2763
v  1.8296 0.1221 -2.1008
v  1.7996 0.1049 -2.1731
v  1.7538 0.0661 -2.1311
v  1.7731 0.0688 -2.0461
v  1.6874 0.0390 -2.0264
v  1.6914 0.0385 -2.1128
v  1.9973 0.6849 -1.6115
v  1.9936 0.7730 -1.3821
v  2.2632 0.8398 -1.4554
v  2.2881 0.7430 -1.6872
v  1.8491 0.7384 -1.3522
v  1.8504 0.6721 -1.5852
v  2.3401 0.6449 -1.3529
v  2.3421 0.6079 -1.5436
v  2.0951 0.5059 -1.3339
v  2.0837 0.4695 -1.5058
v  2.0750 0.4150 -1.7010
v  2.3523 0.5433 -1.7586
v  1.9716 0.4026 -1.4879
v  1.9807 0.4549 -1.3290
v  1.9519 0.3533 -1.6747
v  7.5024 3.8604 -2.1898
v  7.4361 3.7747 -2.3099
v  7.3712 3.7403 -2.2249
v  7.4378 3.8184 -2.0974
v  7.5064 3.9616 -2.1091
v  7.4678 3.9102 -1.9846
v  5.8245 3.9901 -0.7752
v  6.0693 4.0305 -1.0712
v  6.0416 3.9261 -1.0743
v  5.7835 3.8781 -0.7862
v  6.3049 3.9977 -1.4337
v  6.3232 4.1131 -1.4329
v  6.2655 3.9064 -1.4456
v  5.9961 3.8333 -1.0830
v  5.7496 3.7666 -0.7817
v  6.1399 4.1701 -1.0317
v  5.9030 4.1289 -0.7258
v  6.4101 4.2529 -1.3870
v  4.4825 2.6498 -1.5473
v  4.5494 2.6544 -1.4962
v  4.6645 2.5919 -1.8972
v  4.6048 2.5742 -1.9388
v  4.7846 2.6482 -1.8174
v  4.6717 2.6937 -1.4116
v  4.9751 2.5556 -2.2309
v  4.8434 2.4975 -2.3167
v  4.7801 2.4748 -2.3572
v  5.5797 2.9195 -1.8314
v  5.2297 2.7353 -2.0643
v  5.0369 2.7727 -1.6407
v  5.3529 2.9570 -1.4229
v  4.9093 2.8013 -1.2435
v  5.1859 2.9900 -1.0537
v  4.7619 1.7798 -3.1785
v  4.8667 1.8547 -3.2579
v  4.8100 1.9214 -3.2022
v  4.7094 1.8400 -3.1262
v  4.5298 1.6768 -3.0614
v  4.5683 1.6175 -3.1178
v  4.4277 1.6817 -2.0927
v  4.2965 1.7693 -1.7233
v  4.4934 1.9513 -1.7373
v  4.6307 1.8648 -2.1228
v  4.3227 2.0488 -1.4104
v  4.1629 1.8473 -1.3987
v  4.4949 2.1640 -1.3854
v  4.4263 2.1352 -1.4042
v  4.5802 2.0544 -1.7445
v  4.6412 2.0992 -1.7266
v  4.7306 1.9506 -2.1329
v  4.7894 1.9862 -2.1214
v  5.9691 2.5697 -2.9757
v  6.0022 2.5210 -2.9380
v  5.6889 2.3731 -3.1463
v  5.9052 2.6087 -2.9404
v  5.6815 2.4447 -3.2209
v  5.6060 2.5029 -3.1647
v  6.2697 2.8520 -2.7228
v  6.3584 2.8153 -2.7745
v  6.4738 2.7069 -2.7586
v  5.5505 2.3722 -3.3360
v  5.4599 2.4337 -3.2889
v  5.5892 2.2829 -3.2745
v  4.7010 2.4706 -2.4119
v  4.5347 2.5689 -2.0018
v  4.4632 2.5191 -2.0466
v  4.6240 2.4213 -2.4441
v  4.4112 2.6317 -1.6102
v  4.4283 2.4225 -2.0329
v  4.5752 2.3264 -2.4226
v  4.6150 2.1777 -1.3137
v  4.7628 2.0794 -1.6371
v  4.8037 2.0789 -1.6013
v  4.6559 2.1926 -1.2764
v  4.9885 1.9274 -1.9869
v  4.9274 1.9435 -2.0265
v  4.7098 2.1068 -1.6858
v  4.8646 1.9877 -2.0797
v  4.5603 2.1745 -1.3524
v  6.5872 3.2537 -2.5543
v  6.9338 3.5377 -2.4355
v  6.6950 3.1898 -2.5839
v  6.8237 3.6015 -2.3900
v  6.9833 3.4648 -2.3397
v  6.7506 3.1105 -2.4993
v  7.1438 3.6206 -2.3295
v  6.9318 3.7793 -2.3786
v  7.0520 3.6983 -2.4024
v  5.4239 3.2470 -0.8994
v  5.6496 3.2201 -1.2285
v  5.5913 3.5002 -0.8070
v  5.8487 3.5124 -1.1116
v  5.9306 3.1939 -1.6036
v  6.1063 3.5742 -1.5036
v  5.9350 3.7177 -1.0876
v  6.1775 3.8104 -1.4812
v  5.6864 3.6605 -0.7835
v  7.5089 4.2444 -1.8452
v  7.3756 4.3693 -1.8820
v  7.3779 4.3779 -1.6020
v  7.5537 4.3378 -1.6015
v  7.6371 4.1933 -1.5147
v  7.5239 4.0832 -1.7456
v  6.8323 4.0601 -0.6271
v  6.5041 4.0576 -0.2655
v  6.4667 3.9350 -0.4026
v  6.7960 3.9401 -0.7844
v  6.1789 3.9351 -0.0749
v  6.2254 4.0412 0.0551
v  6.3243 5.7197 1.0156
v  6.6094 5.8890 0.9104
v  6.6080 5.7465 0.8931
v  6.3001 5.5776 0.9857
v  6.9221 5.9595 0.7253
v  6.9083 6.1030 0.7563
v  6.9198 5.8386 0.6838
v  6.5906 5.6175 0.8644
v  6.2743 5.4429 0.9670
v  6.6291 5.9794 0.9915
v  6.9248 6.2033 0.8533
v  6.3498 5.8151 1.0995
v  1.4330 0.4352 -1.9895
v  1.4583 0.5049 -1.7837
v  1.4769 0.5646 -1.8319
v  1.4603 0.4815 -2.0361
v  1.5010 0.6205 -1.8713
v  1.4928 0.5244 -2.0684
v  1.7095 0.6632 -1.8628
v  1.7824 0.6448 -1.8280
v  1.7827 0.5870 -2.0229
v  1.7035 0.5816 -2.0572
v  1.6201 0.5704 -2.0900
v  1.6317 0.6915 -1.9045
v  3.6008 0.9945 -2.5388
v  3.5261 1.0545 -2.3225
v  3.8747 1.2964 -2.4298
v  3.9484 1.2438 -2.6721
v  4.1722 1.5486 -2.5136
v  4.2235 1.5133 -2.7890
v  4.8082 2.0520 -3.0381
v  4.6884 2.1329 -2.7498
v  4.7268 2.2402 -2.8081
v  4.8421 2.1776 -3.1207
v  4.7927 2.3530 -2.8448
v  4.9358 2.3035 -3.1650
v  2.0632 0.3130 -2.0485
v  1.9368 0.2410 -2.0063
v  1.9374 0.2200 -2.1067
v  2.0707 0.2809 -2.1390
v  1.8893 0.1841 -2.0852
v  1.8929 0.2014 -1.9844
v  5.2190 1.8186 -2.8398
v  5.1314 1.8206 -2.8589
v  5.1928 1.7332 -3.0257
v  5.2919 1.7319 -3.0113
v  5.0900 1.7358 -3.0187
v  5.0328 1.8002 -2.8579
v  4.3895 1.2618 -2.6418
v  4.0761 0.9883 -2.5461
v  4.0981 0.9635 -2.7008
v  4.4095 1.2479 -2.7935
v  3.7206 0.7020 -2.5861
v  3.6905 0.7533 -2.4411
v  7.2178 4.3768 -1.9754
v  7.0896 4.3591 -2.1118
v  6.9596 4.3374 -1.9762
v  7.0959 4.3439 -1.8468
v  6.9676 4.2458 -2.2165
v  6.8435 4.2275 -2.0681
v  5.1600 2.3636 -3.3305
v  5.0663 2.3938 -3.1656
v  5.1857 2.4715 -3.1370
v  5.3031 2.4090 -3.2851
v  5.0222 2.2630 -3.3192
v  6.1152 2.8362 -2.5105
v  5.8902 2.8284 -2.1924
v  6.1679 3.2491 -2.0204
v  6.4082 3.2491 -2.3245
v  6.3418 3.6563 -1.9199
v  6.6280 3.6271 -2.1828
v  0.7418 -0.1878 -1.4083
v  0.7061 -0.1731 -1.2594
v  0.9354 -0.0537 -1.3510
v  0.9456 -0.0505 -1.5079
v  1.1273 0.1003 -1.4632
v  1.1231 0.0937 -1.6233
v  1.3376 0.2554 -1.9458
v  1.3823 0.3193 -2.0483
v  1.4015 0.3875 -1.9197
v  1.3536 0.3179 -1.8311
v  1.4205 0.3637 -2.1277
v  1.4515 0.4065 -2.1714
v  1.4893 0.4430 -2.1958
v  1.4266 0.4494 -1.7279
v  1.3735 0.3711 -1.6576
v  1.5472 0.4661 -2.2147
v  1.5475 0.5513 -2.0894
v  1.6223 0.4786 -2.2107
v  1.7076 0.4921 -2.1730
v  1.7926 0.5079 -2.1374
v  1.5497 0.6673 -1.9006
v  1.8652 0.5196 -2.1341
v  1.8459 0.5964 -2.0216
v  1.9849 0.6427 -2.0678
v  2.0131 0.5551 -2.1773
v  1.8461 0.6446 -1.8241
v  1.9820 0.6930 -1.8658
v  2.7684 0.6539 -2.3471
v  3.2248 0.7628 -2.4817
v  3.1936 0.7930 -2.3834
v  2.7503 0.6730 -2.2415
v  3.6318 0.9754 -2.6507
v  3.9780 1.2265 -2.7985
v  4.2640 1.4847 -2.9199
v  3.1350 0.8561 -2.1775
v  2.7160 0.7270 -2.0365
v  4.6822 1.8664 -3.0579
v  4.7818 1.9529 -3.1272
v  4.7319 1.9913 -2.9867
v  4.6358 1.9014 -2.9264
v  4.8694 2.0102 -3.1827
v  4.9199 2.1339 -3.2698
v  4.6234 2.0742 -2.7177
v  4.5390 1.9790 -2.6709
v  1.2919 -0.0939 -1.6564
v  1.4573 0.0081 -1.7475
v  1.4804 0.0427 -1.6158
v  1.3190 -0.0692 -1.5314
v  1.6368 0.1018 -1.6896
v  1.6153 0.0571 -1.8268
v  1.7381 0.0413 -1.8684
v  1.7588 0.0922 -1.7270
v  1.8309 0.1237 -1.7622
v  1.8139 0.0765 -1.9048
v  1.5843 0.0400 -1.9227
v  1.7080 0.0299 -1.9579
v  1.7916 0.0673 -1.9864
v  1.4292 -0.0046 -1.8441
v  1.2656 -0.1027 -1.7508
v  1.8617 0.1381 -1.9472
v  1.8787 0.1814 -1.7998
v  1.9007 0.2486 -1.8335
v  1.9425 0.2903 -1.8548
v  2.0658 0.3602 -1.8928
v  1.8438 0.1293 -2.0368
v  4.8356 1.6973 -2.7678
v  4.9493 1.7737 -2.8215
v  4.8679 1.8298 -2.5072
v  4.7580 1.7632 -2.4802
v  4.9294 1.8624 -2.5219
v  5.0153 1.9038 -2.5076
v  5.0920 1.8732 -2.4688
v  5.0000 1.7274 -2.9730
v  4.8619 1.6808 -2.9166
v  2.8152 0.4471 -2.2129
v  3.2689 0.5551 -2.3173
v  3.2294 0.6280 -2.1016
v  2.7862 0.5326 -2.0284
v  3.6316 0.8270 -2.2041
v  3.9912 1.0678 -2.2931
v  4.2909 1.3397 -2.3769
v  3.2849 0.5085 -2.4565
v  2.8260 0.4009 -2.3329
v  5.3526 1.8726 -2.8250
v  5.4450 2.0018 -2.8798
v  5.2774 2.0302 -2.4621
v  5.2174 1.9123 -2.4337
v  5.5269 2.1283 -2.9343
v  5.3931 2.1102 -2.4669
v  5.4458 2.1392 -2.4595
v  5.6702 2.2732 -2.8472
v  5.5454 2.2178 -2.3890
v  5.5695 2.1849 -2.9346
v  5.5373 2.1665 -3.1745
v  5.5860 2.2441 -3.1732
v  5.6901 2.3528 -3.0699
v  5.4773 2.0089 -3.1017
v  5.4509 1.8355 -3.0102
v  6.8735 3.4132 -2.0500
v  7.0322 3.5570 -2.0173
v  6.7427 3.6050 -1.6697
v  6.5962 3.4697 -1.7102
v  7.1168 3.6323 -2.0117
v  6.8461 3.6492 -1.6423
v  6.9629 3.6261 -1.5436
v  7.2090 3.6739 -1.9264
v  7.2928 3.7214 -1.8017
v  7.0592 3.6538 -1.4214
v  7.2177 3.6734 -2.2114
v  7.3180 3.7122 -2.1245
v  7.3914 3.7786 -1.9986
v  7.1378 3.5836 -2.2202
v  6.9661 3.4355 -2.2476
v  7.1148 3.7575 -1.3172
v  7.3452 3.8115 -1.6824
v  7.3793 3.8967 -1.5716
v  7.1521 3.8446 -1.2216
v  7.1545 3.9208 -1.1470
v  7.3937 3.9705 -1.4750
v  7.3975 4.1334 -1.2758
v  7.1576 4.0820 -0.9818
v  7.4704 3.9484 -1.7584
v  7.5054 4.0107 -1.6494
v  7.5225 4.1464 -1.4203
v  7.4337 3.8676 -1.8764
v  7.5969 5.8218 0.8936
v  7.5845 5.8817 1.0277
v  7.8503 6.0528 0.9238
v  7.8753 5.9898 0.8115
v  7.7975 6.1551 0.9935
v  7.5406 5.9926 1.1303
v  7.7379 6.2617 0.9971
v  7.4804 6.1253 1.1565
v  7.4150 6.2540 1.1097
v  7.6828 6.3617 0.9537
v  7.6337 6.4325 0.8463
v  7.3573 6.3398 0.9849
v  7.3110 6.3704 0.8442
v  7.5892 6.4651 0.7270
v  7.2673 6.3445 0.7283
v  7.5416 6.4482 0.6286
v  7.5236 6.3712 0.5563
v  7.2454 6.2619 0.6387
v  7.2577 6.1427 0.5861
v  7.5476 6.2680 0.5165
v  7.5894 6.1674 0.5047
v  7.2871 6.0260 0.5753
v  7.2262 4.3599 -1.4646
v  7.1609 4.3428 -1.7168
v  6.9293 4.3252 -1.4792
v  6.9805 4.3950 -1.2570
v  6.8596 4.3025 -1.6000
v  6.7258 4.2740 -1.7091
v  6.6133 4.1724 -1.7812
v  7.2753 4.3785 -1.8418
v  7.3241 4.3673 -1.5697
v  6.5960 4.0502 -1.7862
v  6.8202 4.0870 -2.0860
v  6.7893 3.9654 -2.1017
v  6.5671 3.9457 -1.7949
v  6.4818 3.8396 -1.8391
v  6.7310 3.8440 -2.1287
v  6.8605 3.8207 -2.2852
v  6.7660 3.6099 -2.3138
v  6.9067 3.9375 -2.2730
v  6.9402 4.0787 -2.2457
v  5.4368 2.5423 -2.9428
v  5.2772 2.5186 -3.0708
v  5.0659 2.5188 -2.7418
v  5.2219 2.5288 -2.6290
v  4.9835 2.4973 -2.7984
v  4.8856 2.4412 -2.8376
v  5.3966 2.4597 -3.2169
v  5.5471 2.5243 -3.0929
v  5.8558 2.6171 -2.8868
v  5.7512 2.6109 -2.7379
v  6.2182 2.8547 -2.6692
v  6.5177 3.2645 -2.4874
v  5.5262 2.6130 -2.4286
v  6.7111 3.1006 -2.3880
v  6.6358 3.0805 -2.1765
v  6.3458 2.6778 -2.3680
v  6.4231 2.6901 -2.6007
v  6.0042 2.4977 -2.8576
v  5.9703 2.4277 -2.6303
v  6.1391 2.7451 -1.9863
v  5.8048 2.4474 -2.2101
v  6.4075 3.1303 -1.8120
v  0.9457 -0.0533 -1.6273
v  0.7396 -0.1675 -1.5335
v  1.1327 0.0585 -1.7317
v  1.1362 -0.2206 -1.5767
v  1.0998 -0.2142 -1.6580
v  0.9139 -0.3233 -1.5611
v  0.9576 -0.3443 -1.4892
v  0.9963 -0.3381 -1.3822
v  1.1743 -0.2104 -1.4614
v  1.2650 0.2548 -1.5691
v  1.2560 0.2206 -1.7324
v  1.2600 0.1651 -1.8386
v  4.5016 1.7059 -2.9997
v  4.4478 1.7469 -2.8743
v  4.3793 1.7997 -2.6052
v  4.6421 1.5165 -2.7135
v  4.5454 1.5947 -2.4438
v  4.6578 1.5091 -2.8619
v  2.3758 0.4047 -2.1323
v  2.3657 0.4640 -1.9642
v  2.3872 0.3664 -2.2238
v  2.3380 0.5973 -2.2480
v  2.3147 0.6507 -2.1387
v  2.3016 0.6891 -1.9335
v  5.3704 1.7578 -2.9962
v  5.2770 1.8306 -2.8243
v  5.1510 1.8724 -2.4433
v  3.4673 3.5278 2.1585
v  3.4843 3.4654 2.1306
v  3.4311 3.5064 2.2509
v  3.4100 3.4553 2.2556
v  3.1368 3.4713 2.3106
v  3.1077 3.5393 2.1869
v  3.1347 3.6235 2.2287
v  3.1758 3.5581 2.3612
v  3.3015 3.4446 2.3853
v  3.2394 3.4938 2.4108
v  3.1997 3.4102 2.3506
v  3.2611 3.3662 2.3354
v  3.2333 3.6359 2.3747
v  3.2022 3.6856 2.2437
v  3.2814 3.6881 2.3455
v  3.2759 3.7314 2.2512
v  3.2942 3.5787 2.4262
v  3.3491 3.5229 2.4003
v  3.3982 3.6058 2.3588
v  3.3397 3.6597 2.3731
v  3.4368 3.6992 2.2426
v  3.3538 3.7414 2.2524
v  3.4174 3.5453 2.3153
v  3.4659 3.6087 2.2036
v  3.3765 3.4784 2.3424
v  3.3490 3.4068 2.3245
v  3.3206 3.3336 2.2880
v  3.5450 4.0374 1.5154
v  3.5286 4.0701 1.5688
v  3.7680 4.1924 1.4959
v  3.7621 4.1230 1.4381
v  3.7146 4.2366 1.5451
v  3.5083 4.1037 1.6061
v  4.4136 4.5604 1.3770
v  4.4482 4.5012 1.3501
v  4.0797 4.3581 1.4204
v  4.0314 4.3918 1.4641
v  4.1056 4.1707 1.2499
v  4.0838 4.1169 1.1994
v  4.4690 4.1825 1.0239
v  4.4991 4.2549 1.1008
v  4.0941 4.2259 1.3106
v  4.1025 4.2872 1.3550
v  4.4822 4.3786 1.2470
v  4.4945 4.3169 1.1784
v  4.1865 4.3574 1.3617
v  4.4909 4.4469 1.3000
v  6.8289 4.6903 -0.2311
v  6.7867 4.4674 -0.6026
v  6.5160 4.4384 -0.3594
v  6.5507 4.6430 -0.0280
v  6.2984 4.3646 -0.1169
v  6.3305 4.5619 0.1832
v  6.9043 5.6595 0.5834
v  6.5719 5.4374 0.7636
v  6.5747 5.5372 0.8318
v  6.9107 5.7681 0.6483
v  6.2601 5.3605 0.9472
v  6.2737 5.2645 0.8960
v  6.3492 4.7409 0.3972
v  6.5798 4.8343 0.2130
v  6.5873 5.0390 0.4035
v  6.3469 4.9156 0.5730
v  6.8814 5.1655 0.2291
v  6.8626 4.9169 0.0306
v  6.8916 5.4386 0.4241
v  6.5810 5.2552 0.6043
v  6.3139 5.1015 0.7570
v  7.0623 4.5312 -0.8392
v  7.1506 4.7226 -0.3915
v  7.4154 4.7700 -0.5183
v  7.3158 4.5319 -1.0014
v  7.6198 5.9660 0.4068
v  7.2885 5.8368 0.4771
v  7.2925 5.9583 0.5456
v  7.6096 6.1021 0.4754
v  7.5385 5.3617 -0.0384
v  7.2352 5.2656 0.0899
v  7.2713 5.5727 0.3118
v  7.5956 5.6843 0.2149
v  7.1979 4.9856 -0.1158
v  7.4794 5.0644 -0.2451
v  7.4500 4.5202 -1.0822
v  7.4265 4.5209 -1.0729
v  7.5449 4.7851 -0.5724
v  7.5866 4.7972 -0.5760
v  7.7217 5.4333 -0.1330
v  7.6432 5.1130 -0.3183
v  7.7496 5.1371 -0.3484
v  7.8563 5.4630 -0.1702
v  7.7159 4.8067 -0.5755
v  7.5694 4.5134 -1.0710
v  7.5935 4.4335 -0.9914
v  7.7293 4.7367 -0.4766
v  7.9858 5.4350 -0.1163
v  7.8614 5.1056 -0.3036
v  7.8686 5.0446 -0.1889
v  7.9899 5.3713 0.0103
v  7.5470 4.4292 -0.9379
v  7.4552 4.4079 -0.8260
v  7.7033 4.6915 -0.4077
v  7.6113 4.6230 -0.2956
v  7.7611 5.2432 0.1846
v  7.7051 4.9143 0.0045
v  7.8295 4.9842 -0.1021
v  7.9096 5.3179 0.0916
v  7.5858 5.6982 0.6884
v  7.6081 5.7823 0.8064
v  7.2585 5.5613 0.9175
v  7.2420 5.4818 0.8220
v  7.8671 5.8650 0.5837
v  7.8843 5.9624 0.7132
v  7.4053 4.5312 -0.0979
v  7.2515 4.3135 -0.5740
v  6.9445 4.2692 -0.2828
v  7.0752 4.5120 0.0955
v  7.4831 4.8161 0.1806
v  7.5139 5.1304 0.3419
v  7.1551 5.0445 0.4715
v  7.1367 4.7729 0.3258
v  7.2002 5.2936 0.6566
v  7.5428 5.4597 0.5107
v  7.7990 5.6113 0.3703
v  6.5813 5.1684 1.1075
v  6.8884 5.3598 1.0077
v  6.8803 5.2761 0.9362
v  6.5715 5.0828 1.0398
v  6.7475 4.4617 0.3255
v  6.6216 4.2446 0.0188
v  6.3522 4.1808 0.3016
v  6.4569 4.3925 0.5369
v  6.8017 4.6838 0.5178
v  6.8295 4.8933 0.6630
v  6.5284 4.7601 0.8128
v  6.5039 4.5856 0.6917
v  6.5524 4.9361 0.9352
v  6.8571 5.1067 0.8105
v  6.0474 4.2856 0.7369
v  5.9571 4.1270 0.5648
v  6.1230 4.1636 0.4596
v  6.2236 4.3374 0.6587
v  5.8642 4.0104 0.3893
v  6.0173 4.0313 0.2591
v  6.2785 4.5056 0.7911
v  6.3088 4.6619 0.8934
v  6.1508 4.5812 0.9487
v  6.1108 4.4377 0.8558
v  4.6966 4.1256 1.5443
v  5.1495 4.3941 1.4602
v  4.7131 4.0986 1.4702
v  5.1543 4.3377 1.3957
v  5.5549 4.5427 1.3289
v  5.5658 4.6103 1.4022
v  4.3622 3.9001 1.5376
v  4.5074 3.9129 1.3966
v  4.7680 4.0716 1.3716
v  4.3557 3.8054 1.3837
v  4.6975 3.8965 1.1874
v  4.7661 3.9770 1.2495
v  4.8903 4.0752 1.2782
v  4.2971 3.7347 1.3502
v  4.6519 3.8298 1.1173
v  4.3175 3.9102 1.6304
v  0.0739 -0.6463 -1.0355
v  0.0562 -0.6966 -1.0195
v  0.0807 -0.7171 -1.0959
v  0.1363 -0.6150 -1.0507
v  0.0708 -0.6700 -1.1151
v  0.1290 -0.6418 -1.1358
v  0.0706 -0.6825 -1.1716
v  0.0907 -0.7256 -1.1411
v  0.0967 -0.7344 -1.1768
v  0.0645 -0.7085 -1.2146
v  0.0931 -0.6550 -1.2854
v  0.1248 -0.6587 -1.2130
v  0.0475 -0.7219 -1.2978
v  0.0575 -0.6149 -1.3357
v  -0.2978 0.4917 0.6342
v  -0.2750 0.4425 0.6536
v  -0.2514 0.4664 0.5809
v  -0.3160 0.4426 0.5564
v  -0.2256 0.4776 0.4714
v  -0.2924 0.4249 0.4488
v  -0.3449 0.4239 0.4534
v  -0.3273 0.5015 0.5389
v  -0.3046 0.5524 0.6202
v  -0.2328 0.4456 0.7421
v  -0.1731 0.4598 0.6893
v  -0.1555 0.4734 0.8446
v  -0.0220 0.4814 0.7697
v  -0.1200 0.4903 0.6335
v  -0.0868 0.4448 0.8064
v  -0.0217 0.4291 0.9019
v  0.0542 0.4832 0.8818
v  -0.0931 0.4736 0.9233
v  -0.0371 0.4764 0.9864
v  0.0241 0.4464 0.9693
v  0.0870 0.4850 0.9565
v  0.8399 0.7557 0.9076
v  0.6666 0.6278 0.8757
v  0.7123 0.5506 0.8683
v  0.9143 0.7301 0.8797
v  0.9784 0.7079 0.8251
v  0.7931 0.5436 0.7943
v  0.2594 0.2479 0.9976
v  0.2202 0.2475 0.9693
v  0.2125 0.3370 1.0320
v  0.2563 0.3240 1.0508
v  0.1477 0.3356 1.0526
v  0.0914 0.2042 0.9399
v  0.2182 0.4323 1.0956
v  0.1616 0.4456 1.1169
v  0.2600 0.4024 1.1061
v  0.2786 0.1249 0.9003
v  0.3180 0.1541 0.8897
v  0.2513 0.1903 0.9017
v  0.2776 0.1818 0.9627
v  0.2972 0.1243 0.9374
v  0.2595 0.1848 0.9336
v  1.8252 0.2533 -1.1382
v  1.9069 0.2936 -1.1616
v  1.9237 0.2780 -1.0644
v  1.6910 0.2677 -1.1243
v  1.8219 0.2532 -1.0418
v  1.6860 0.2888 -1.0289
v  1.9368 0.3753 -1.1902
v  1.9324 0.4609 -1.2154
v  1.9495 0.4840 -1.1278
v  1.9641 0.3785 -1.1001
v  1.4140 1.1530 -0.3446
v  1.3592 1.1137 -0.3308
v  1.3536 1.1900 -0.1667
v  1.4094 1.2343 -0.1741
v  4.3439 2.2108 -0.9557
v  4.4370 2.2139 -1.1285
v  4.5095 2.2246 -1.0878
v  4.4423 2.2135 -0.9049
v  4.3569 2.2058 -1.1602
v  4.2528 2.2072 -0.9872
v  4.2886 2.1663 -1.1653
v  4.2079 2.0676 -1.1582
v  4.2005 2.1512 -0.9750
v  4.1310 2.0625 -0.9644
v  3.5276 2.7984 -0.0431
v  3.6839 2.6856 -0.3855
v  3.6326 2.6165 -0.3855
v  3.4774 2.7289 -0.0457
v  3.4169 2.6510 -0.0528
v  3.5700 2.5405 -0.3863
v  1.7337 1.3231 -0.1724
v  1.6708 1.3203 -0.1777
v  1.7040 1.2375 -0.3638
v  1.7660 1.2477 -0.3568
v  1.6485 1.2643 -0.3836
v  1.6142 1.3492 -0.1971
v  5.7747 3.9043 0.1989
v  5.9310 3.8960 0.0552
v  5.9627 3.9502 0.1351
v  5.8067 3.9511 0.2738
v  6.2437 5.6618 1.3803
v  6.2836 5.5727 1.4452
v  6.2032 5.7208 1.2871
v  6.0504 5.6674 1.3524
v  6.0993 5.6090 1.4604
v  6.1406 5.5069 1.5284
v  6.1470 5.7184 1.1690
v  5.9845 5.6621 1.2193
v  6.1160 5.6094 1.0829
v  5.9390 5.5496 1.1156
v  6.0560 5.3319 1.0204
v  6.0826 5.4663 1.0452
v  5.9020 5.3992 1.0607
v  5.8886 5.2555 1.0514
v  6.0532 5.2519 1.0043
v  5.9007 5.1751 1.0446
v  6.0708 5.1656 0.9566
v  5.9202 5.0956 0.9981
v  5.3730 3.7250 -0.4995
v  5.5360 3.7363 -0.6102
v  5.4866 3.6453 -0.6178
v  5.3388 3.6456 -0.5151
v  5.4081 3.5201 -0.6372
v  5.2829 3.5403 -0.5259
v  4.3226 2.8198 -0.9962
v  4.4095 2.8453 -0.9445
v  4.4727 2.7490 -1.1810
v  4.3944 2.7296 -1.2328
v  4.5930 2.7910 -1.1012
v  4.5245 2.8957 -0.8756
v  4.2043 2.8514 -1.0730
v  4.2998 2.7286 -1.3000
v  5.2076 4.6003 1.0102
v  5.2111 4.5113 0.9006
v  4.8822 4.4227 1.0312
v  4.8712 4.4935 1.1238
v  4.8807 4.3420 0.9276
v  5.2034 4.4110 0.7693
v  5.1713 4.2883 0.5859
v  4.8504 4.2395 0.7995
v  4.9445 3.1645 -0.6647
v  5.1471 3.3541 -0.5722
v  5.2585 3.3087 -0.7061
v  5.0486 3.0835 -0.8218
v  4.7207 3.0053 -0.7729
v  4.8071 2.9019 -0.9653
v  0.7777 0.7471 -0.2052
v  0.7738 0.8174 -0.0541
v  0.5712 0.7017 -0.0252
v  0.5757 0.6309 -0.1666
v  1.5107 0.2815 -1.0020
v  1.5136 0.2391 -1.1049
v  1.3488 0.1246 -1.0529
v  1.3486 0.1801 -0.9356
v  1.0149 -0.0238 -0.7364
v  1.1941 0.1004 -0.7842
v  1.1848 0.1416 -0.7131
v  0.9998 0.0194 -0.6682
v  1.0267 -0.0721 -0.8201
v  1.1997 0.0547 -0.8728
v  1.3456 0.2214 -0.8456
v  1.3399 0.2581 -0.7704
v  1.6388 0.3405 -0.8549
v  1.4800 0.3485 -0.8382
v  1.4976 0.3171 -0.9154
v  1.6663 0.3091 -0.9382
v  1.4655 0.3812 -0.7562
v  1.3323 0.2985 -0.6968
v  1.6134 0.3830 -0.7749
v  1.0344 -0.1340 -0.9316
v  1.2023 -0.0054 -0.9923
v  0.9832 0.0642 -0.6021
v  1.1725 0.1861 -0.6449
v  0.0759 -0.3916 -0.5380
v  0.0805 -0.3541 -0.4889
v  0.0496 -0.4063 -0.4447
v  0.0325 -0.4414 -0.4918
v  0.1614 -0.3327 -0.5121
v  0.1623 -0.3673 -0.5628
v  0.5543 0.3982 -0.5109
v  0.7700 0.5042 -0.5608
v  0.7799 0.4086 -0.6545
v  0.5556 0.3073 -0.6081
v  0.9912 0.5242 -0.7175
v  0.9781 0.6184 -0.6196
v  0.5635 0.5199 -0.3481
v  0.7579 0.6507 -0.4060
v  0.7612 0.5844 -0.4828
v  0.5573 0.4655 -0.4267
v  0.9698 0.6944 -0.5337
v  0.9695 0.7535 -0.4476
v  0.7680 0.6984 -0.3172
v  0.9766 0.8017 -0.3548
v  0.5727 0.5707 -0.2665
v  1.1588 0.8481 -0.4883
v  1.1597 0.7920 -0.5812
v  1.3003 0.8789 -0.6286
v  1.2954 0.9376 -0.5304
v  1.2996 0.8177 -0.7350
v  1.1650 0.7232 -0.6775
v  1.1617 0.8989 -0.3911
v  1.2957 0.9896 -0.4275
v  1.3619 0.8059 -0.8982
v  1.3046 0.7357 -0.8502
v  1.3694 0.8824 -0.7768
v  1.3829 0.9354 -0.6641
v  1.3735 0.9947 -0.5606
v  1.4162 1.0483 -0.5867
v  1.3861 1.0139 -0.7011
v  1.1746 0.6360 -0.7849
v  4.0110 1.8849 -0.9843
v  4.0712 1.8763 -1.1631
v  3.8770 1.6382 -1.1785
v  3.8372 1.6558 -1.0189
v  1.4163 1.0953 -0.4751
v  1.3622 1.0551 -0.4573
v  3.6411 1.3871 -1.1939
v  3.6080 1.4134 -1.0516
v  3.3251 1.1867 -1.0809
v  3.3569 1.1515 -1.2066
v  3.7902 1.6891 -0.8811
v  3.5671 1.4489 -0.9267
v  3.5204 1.4912 -0.8127
v  3.7333 1.7369 -0.7601
v  3.2522 1.2658 -0.8637
v  3.2885 1.2273 -0.9698
v  3.4459 2.4055 -0.3810
v  3.3052 2.5111 -0.0658
v  3.2829 2.2200 -0.3703
v  3.1429 2.3348 -0.0946
v  3.2227 1.2937 -0.7510
v  3.4819 1.5234 -0.6923
v  3.6884 1.7729 -0.6311
v  3.0771 2.0166 -0.3768
v  2.9507 2.1330 -0.1325
v  2.7435 1.9312 -0.1605
v  2.8529 1.8159 -0.3802
v  3.3730 2.1499 -0.5382
v  3.1592 1.9414 -0.5324
v  3.2157 1.8904 -0.6469
v  3.4363 2.1041 -0.6543
v  2.9658 1.6897 -0.6437
v  2.9208 1.7411 -0.5287
v  3.0089 1.6409 -0.7605
v  3.2719 1.8397 -0.7626
v  3.4968 2.0611 -0.7739
v  2.9972 0.9994 -1.1018
v  3.0265 0.9529 -1.2102
v  2.6561 0.8424 -1.1181
v  2.6771 0.7941 -1.2148
v  2.9412 1.0831 -0.8937
v  2.9651 1.0497 -1.0005
v  2.6315 0.9123 -0.9060
v  2.6396 0.8857 -1.0163
v  2.9191 1.1118 -0.7841
v  2.6181 0.9453 -0.7974
v  2.5196 1.7791 -0.1806
v  2.6170 1.6593 -0.3780
v  2.3846 1.5136 -0.3613
v  2.3096 1.6219 -0.1676
v  2.4629 1.3917 -0.6098
v  2.4287 1.4473 -0.5027
v  2.6734 1.5850 -0.5191
v  2.7096 1.5339 -0.6316
v  4.6229 2.3179 -1.0039
v  4.5699 2.2546 -1.0448
v  4.5349 2.2585 -0.8521
v  4.6081 2.3477 -0.8093
v  2.4932 1.3424 -0.7187
v  2.7440 1.4862 -0.7460
v  4.7473 2.4990 -0.9251
v  4.6682 2.4242 -0.9710
v  4.7158 2.5594 -0.7479
v  4.6587 2.4655 -0.7808
v  4.5195 2.4304 -0.4738
v  4.5990 2.3609 -0.6179
v  4.6289 2.4975 -0.6125
v  4.5443 2.5495 -0.4848
v  4.6464 2.6069 -0.6123
v  4.5717 2.6359 -0.4875
v  1.5489 1.3605 -0.2111
v  1.5765 1.2798 -0.3940
v  1.5020 1.2667 -0.3909
v  1.4824 1.3484 -0.2155
v  4.4494 2.6010 -0.3700
v  4.4230 2.5011 -0.3530
v  4.4930 2.6675 -0.3657
v  1.7839 0.2821 -0.8406
v  1.7641 0.3257 -0.7504
v  1.9296 0.3083 -0.7328
v  1.9391 0.2679 -0.8390
v  1.7637 0.3913 -0.6383
v  1.9159 0.3909 -0.6169
v  1.4516 1.2145 -0.3702
v  1.4304 1.3045 -0.2034
v  1.8058 0.2578 -0.9409
v  1.9354 0.2644 -0.9557
v  1.9045 0.5133 -0.4631
v  1.9629 0.5995 -0.4745
v  2.0333 0.4898 -0.6388
v  2.0780 0.4100 -0.7683
v  2.0687 0.3766 -0.8874
v  2.0749 0.5619 -0.8200
v  2.0547 0.5247 -0.9333
v  1.7996 0.4779 -0.4732
v  2.1204 0.6712 -0.9429
v  2.1017 0.6349 -1.0458
v  2.3382 0.7303 -1.0295
v  2.3428 0.7647 -0.9236
v  2.3344 0.6989 -1.1316
v  2.0883 0.5961 -1.1425
v  2.0177 0.3744 -1.0011
v  1.9975 0.5037 -1.0347
v  2.1337 0.7077 -0.8373
v  2.3430 0.8012 -0.8164
v  2.0904 0.5529 -1.2262
v  1.9769 0.5021 -1.2264
v  1.9858 0.5340 -1.1417
v  2.0144 0.5656 -1.0466
v  2.0543 0.5925 -0.9437
v  2.3408 0.6628 -1.2240
v  2.0795 0.6261 -0.8338
v  1.7980 1.3299 -0.1640
v  1.9063 1.3677 -0.1552
v  1.9475 1.2812 -0.3433
v  1.8307 1.2564 -0.3520
v  2.1530 1.3671 -0.3410
v  2.0919 1.4737 -0.1566
v  5.5747 3.6606 0.3427
v  5.6748 3.7063 0.2410
v  5.6790 3.7975 0.2905
v  5.5802 3.7607 0.3891
v  5.7724 3.8326 0.1580
v  5.7653 3.7492 0.1124
v  5.6704 3.8701 0.3237
v  5.5692 3.8382 0.4141
v  5.4160 3.5496 0.1261
v  5.5153 3.5553 0.2464
v  5.3852 3.5452 0.3216
v  5.2952 3.5397 0.2074
v  5.4426 3.6440 0.4125
v  5.8969 3.7382 -0.0346
v  5.8453 3.6516 -0.1217
v  5.7215 3.6504 0.0286
v  5.6398 3.6138 -0.0743
v  5.7654 3.6305 -0.2250
v  5.6204 3.6080 0.1479
v  5.5272 3.5821 0.0370
v  5.9170 3.8218 0.0111
v  5.4504 3.7426 0.4523
v  5.4438 3.8218 0.4732
v  5.7485 4.0964 -0.5051
v  5.6128 4.1078 -0.3574
v  5.6191 4.0056 -0.5928
v  5.4585 4.0283 -0.4679
v  5.7629 4.1087 -0.2386
v  5.8940 4.1016 -0.3989
v  5.5655 3.8643 -0.6132
v  5.3793 3.8776 -0.5199
v  4.1204 3.1139 -0.2558
v  3.9310 3.1874 0.1074
v  4.0703 3.2888 0.1489
v  4.2761 3.2210 -0.2009
v  4.2201 3.4238 0.1887
v  4.4598 3.3610 -0.1429
v  3.8508 3.1347 0.0697
v  3.7912 3.0942 0.0320
v  4.0398 3.0619 -0.2951
v  3.9851 3.0072 -0.3248
v  4.1730 2.9521 -0.6892
v  4.2483 2.9623 -0.6393
v  4.3311 2.9211 -0.7790
v  4.2482 2.9265 -0.8386
v  4.4360 2.9724 -0.7205
v  4.3434 3.0133 -0.5890
v  4.2510 3.0514 -0.4573
v  4.4209 3.1532 -0.3873
v  4.5217 3.1129 -0.5092
v  4.6254 3.2891 -0.3096
v  4.7318 3.2530 -0.4234
v  4.1635 3.0026 -0.5025
v  4.0996 2.9651 -0.5405
v  3.8553 2.3863 -1.0085
v  3.9820 2.3235 -1.2890
v  3.8384 2.1601 -1.2700
v  3.7465 2.2138 -0.9754
v  4.6215 3.0755 -0.6334
v  4.8375 3.2188 -0.5394
v  3.6543 2.4862 -0.5837
v  3.5356 2.3430 -0.5642
v  3.6064 2.2988 -0.6781
v  3.7132 2.4558 -0.7081
v  4.0536 2.4281 -1.2971
v  3.9114 2.4912 -1.0248
v  3.7750 2.4254 -0.8312
v  3.8192 2.5269 -0.8517
v  3.7559 2.5496 -0.7257
v  3.7670 2.6366 -0.7518
v  3.8329 2.6174 -0.8819
v  3.6696 2.2606 -0.7988
v  3.8781 2.2453 -0.3714
v  3.7909 2.3218 -0.0637
v  3.6725 2.1586 -0.1013
v  3.7694 2.0704 -0.4032
v  3.7389 2.6463 -0.6057
v  3.7040 2.5711 -0.5945
v  4.0746 2.0826 -0.8073
v  3.9555 1.9155 -0.8377
v  3.8962 1.9632 -0.7127
v  4.0109 2.1318 -0.6811
v  3.8533 2.4079 -0.0419
v  3.9404 2.3314 -0.3588
v  3.9926 2.3775 -0.3456
v  3.8876 2.4504 -0.0235
v  4.0223 2.2537 -0.5416
v  4.0781 2.2833 -0.5291
v  3.9541 2.1789 -0.5529
v  4.0865 2.1955 -0.6704
v  4.1417 2.2169 -0.6637
v  3.8459 2.0039 -0.5826
v  4.6706 2.7526 -0.4208
v  4.7532 2.7317 -0.5318
v  4.9008 2.8644 -0.4163
v  4.8088 2.8844 -0.3137
v  4.9995 2.8118 -0.5236
v  4.8375 2.6738 -0.6497
v  5.1925 3.0223 -0.3870
v  5.0802 3.0604 -0.2892
v  4.9790 3.0753 -0.1942
v  4.1464 2.1527 -0.8088
v  4.1971 2.1832 -0.8155
v  4.5899 2.7728 -0.3086
v  4.7198 2.9012 -0.2082
v  4.8826 3.0828 -0.0933
v  4.8975 2.5938 -0.8172
v  4.8043 2.5347 -0.8874
v  4.7607 2.6079 -0.7132
v  4.6812 2.6660 -0.5903
v  4.6041 2.6869 -0.4716
v  5.0876 2.7382 -0.6728
v  5.3022 2.9742 -0.5215
v  3.8892 2.9847 -0.3877
v  3.7156 3.0634 -0.0197
v  3.6139 3.0556 -0.0849
v  3.7711 2.9561 -0.4484
v  4.5298 2.7063 -0.3503
v  3.8491 2.7659 -0.9478
v  3.7824 2.7889 -0.8100
v  3.9178 2.8974 -0.8066
v  3.9849 2.8662 -0.9453
v  3.5448 2.9357 -0.0828
v  3.6741 2.8370 -0.4485
v  3.8498 2.9274 -0.6709
v  3.7299 2.8042 -0.6700
v  4.0547 2.9508 -0.7584
v  3.9912 2.9501 -0.6068
v  4.1053 2.5212 0.1094
v  4.0134 2.4919 0.0629
v  4.1699 2.3759 -0.2185
v  4.2678 2.4410 -0.1708
v  4.1247 2.9221 -0.9043
v  4.5187 2.2406 -0.6546
v  4.4433 2.3116 -0.4998
v  4.3259 2.2521 -0.5635
v  4.3956 2.1895 -0.7201
v  3.9402 2.4827 0.0113
v  4.0744 2.3775 -0.2893
v  4.2570 2.3208 -0.4207
v  4.1604 2.3062 -0.4854
v  4.2235 2.2316 -0.6237
v  4.3662 2.3785 -0.3589
v  5.3573 3.5498 0.0514
v  5.4614 3.5774 -0.0386
v  5.3967 3.4809 -0.0937
v  5.2927 3.4699 -0.0058
v  5.4979 3.5007 -0.2029
v  5.5713 3.6020 -0.1464
v  4.2844 2.1845 -0.7801
v  5.1791 3.4717 0.0737
v  5.2464 3.5336 0.1373
v  5.6208 3.5015 -0.3299
v  5.4874 3.2569 -0.4050
v  5.3688 3.2768 -0.2781
v  5.2576 3.2884 -0.1791
v  5.1474 3.2998 -0.0965
v  5.6895 3.6259 -0.2919
v  4.7650 3.6219 -0.0412
v  4.4282 3.6633 0.2723
v  4.4695 3.7351 0.2886
v  4.8218 3.7042 -0.0359
v  4.3437 3.5515 0.2361
v  4.6389 3.4914 -0.0765
v  5.0422 3.3031 -0.0066
v  5.0375 3.3870 -0.4563
v  4.9311 3.4090 -0.3433
v  5.0654 3.5705 -0.3095
v  5.1711 3.5565 -0.4174
v  4.9585 3.5859 -0.2036
v  5.0168 3.6784 -0.2038
v  5.1180 3.6658 -0.3098
v  5.0417 3.7587 -0.1997
v  5.1386 3.7464 -0.3084
v  4.8214 3.4360 -0.2364
v  5.9397 4.4502 0.4348
v  5.9104 4.2847 0.1847
v  5.7340 4.2750 0.2879
v  5.7636 4.4318 0.5212
v  5.6929 4.1784 0.0643
v  5.8686 4.1703 -0.0473
v  5.5195 4.1954 0.1571
v  5.5619 4.2853 0.3737
v  5.5949 4.4267 0.5983
v  5.2238 3.6514 -0.4093
v  5.2471 3.7310 -0.4013
v  5.3907 4.3003 0.4567
v  5.4261 4.4274 0.6714
v  5.3428 4.2256 0.2443
v  5.8312 4.1294 -0.1654
v  5.9825 4.1238 -0.3256
v  6.0500 4.1719 -0.1939
v  6.0992 4.3123 0.0581
v  6.1262 4.4984 0.3282
v  5.2705 3.8467 0.6031
v  4.9690 3.7750 0.7842
v  4.9974 3.8443 0.8426
v  5.3123 3.9152 0.6790
v  5.7907 4.2306 0.8518
v  5.7023 4.0870 0.6899
v  5.8189 4.1098 0.6324
v  5.9065 4.2584 0.7950
v  5.7294 4.0021 0.4663
v  5.6120 3.9814 0.5257
v  5.5711 3.9071 0.4437
v  5.4485 3.8906 0.4993
v  5.4906 3.9648 0.5797
v  5.0527 3.9303 0.9477
v  5.1103 4.0277 1.0579
v  5.3931 4.0229 0.8231
v  5.4717 4.1537 0.9675
v  5.5813 4.0742 0.7408
v  5.6693 4.2138 0.9003
v  5.6811 3.9348 0.3705
v  6.2477 5.0360 1.3804
v  6.2083 4.9508 1.2585
v  6.3511 5.0589 1.1771
v  6.3755 5.1406 1.2711
v  6.3412 4.9524 1.0932
v  6.1860 4.8402 1.1479
v  6.0040 4.8070 1.4854
v  5.9568 4.7601 1.3539
v  6.0915 4.8383 1.3212
v  6.1419 4.9074 1.4579
v  6.0415 4.7681 1.1907
v  5.9084 4.7114 1.2325
v  6.1722 4.7148 1.0466
v  6.3311 4.8123 0.9995
v  5.1890 4.7927 1.2029
v  4.8438 4.6526 1.2794
v  4.8206 4.7237 1.3024
v  5.1768 4.8623 1.2385
v  4.8074 4.8042 1.3105
v  5.1781 4.9489 1.2487
v  5.8059 4.7128 1.3718
v  5.7713 4.6599 1.2715
v  5.8457 4.7458 1.4870
v  5.5808 4.9632 1.0818
v  5.4128 4.8914 1.1351
v  5.4030 4.9597 1.1764
v  5.5687 5.0322 1.1269
v  5.4044 5.0463 1.1886
v  5.5599 5.1178 1.1293
v  5.2002 4.6988 1.1191
v  4.8595 4.5725 1.2120
v  5.2493 5.2507 1.3355
v  4.8717 4.9830 1.4394
v  4.9012 5.0127 1.5516
v  5.2892 5.3388 1.4724
v  4.8285 4.9072 1.3544
v  5.2048 5.1015 1.2644
v  5.7386 5.1014 1.0883
v  5.7537 5.0294 1.0385
v  5.7181 5.1885 1.0729
v  5.8966 5.3889 1.7305
v  5.9263 5.2324 1.6995
v  6.0505 5.3170 1.6282
v  6.0226 5.4530 1.6386
v  6.0799 5.1862 1.5995
v  5.9469 5.0888 1.6475
v  6.2166 5.2815 1.5256
v  6.1770 5.3972 1.5387
v  5.7802 5.1528 1.7155
v  5.7986 5.0058 1.6593
v  5.7482 5.3060 1.7555
v  6.4108 5.2303 1.3901
v  6.3936 5.3581 1.4588
v  6.2501 5.1513 1.4779
v  6.1208 5.0430 1.5497
v  5.9877 4.9354 1.5890
v  6.3380 5.4720 1.4627
v  5.7766 4.7309 0.8322
v  5.7684 4.8927 0.9514
v  5.9407 4.9480 0.9025
v  5.9538 4.7736 0.7711
v  5.6002 4.7027 0.8758
v  5.5929 4.8426 0.9935
v  5.8360 4.8534 1.5973
v  5.4233 4.7845 1.0467
v  5.4298 4.6658 0.9302
v  5.9522 4.6129 0.6205
v  6.1414 4.6669 0.5268
v  6.1378 4.8330 0.6879
v  5.6042 4.5663 0.7548
v  5.7746 4.5835 0.6928
v  6.1092 5.0100 0.8446
v  5.5557 4.4505 1.2355
v  5.7708 4.5449 1.1811
v  5.7607 4.4298 1.0856
v  5.5514 4.3485 1.1398
v  5.8860 4.4777 1.0398
v  5.8974 4.6016 1.1313
v  5.4342 4.5510 0.8158
v  6.0252 4.6565 1.0832
v  6.0068 4.5319 0.9873
v  5.5230 4.2575 1.0606
v  5.1547 4.1146 1.1415
v  5.1780 4.1936 1.2189
v  5.8500 4.3596 0.9560
v  5.7267 4.3280 1.0017
v  5.1708 4.2695 1.3096
v  5.9674 4.4009 0.9014
v  1.4887 1.1971 -0.6336
v  1.5744 1.2351 -0.6422
v  1.5627 1.2278 -0.7590
v  1.4670 1.1797 -0.7476
v  1.6667 1.2133 -0.7508
v  1.6659 1.2308 -0.6365
v  1.5822 1.2456 -0.5298
v  1.6633 1.2406 -0.5240
v  1.5037 1.2189 -0.5221
v  1.4364 1.1292 -0.6140
v  1.4106 1.1004 -0.7275
v  1.4565 1.1582 -0.5003
v  1.7219 1.2052 -0.5044
v  1.7807 1.1725 -0.4832
v  1.7938 1.1450 -0.5966
v  1.7350 1.1973 -0.6191
v  2.0104 1.1829 -0.6000
v  1.9848 1.2172 -0.4821
v  2.1894 1.3101 -0.4864
v  2.2181 1.2674 -0.6007
v  1.8087 1.1220 -0.7080
v  1.8997 1.0899 -0.6913
v  1.8824 1.1320 -0.5896
v  2.0325 1.1451 -0.7041
v  1.7439 1.1723 -0.7312
v  1.8600 1.1852 -0.4827
v  2.2467 1.2177 -0.7031
v  5.6662 4.1410 -0.0483
v  5.6075 4.1294 -0.1249
v  5.4913 4.1724 0.0419
v  5.4376 4.1764 -0.0392
v  5.1238 3.9044 -0.3317
v  5.2384 3.8921 -0.4302
v  5.1785 4.0729 -0.2818
v  5.3139 4.0541 -0.3739
v  5.2629 4.2053 0.0517
v  5.1511 4.2064 -0.0698
v  5.3051 4.1958 -0.1742
v  5.0570 4.0725 -0.1673
v  5.3134 4.1959 0.1333
v  5.4625 4.1566 -0.2615
v  5.0266 3.9079 -0.2107
v  5.9627 5.5983 1.5727
v  5.8868 5.6665 1.4298
v  5.7202 5.6395 1.5077
v  5.8157 5.5671 1.6773
v  5.6656 5.4615 1.7139
v  5.5764 5.5320 1.5683
v  5.5085 5.5061 1.3970
v  5.6508 5.5918 1.3266
v  5.6019 5.4636 1.1839
v  5.4697 5.3820 1.2609
v  5.7567 5.5234 1.1257
v  5.8123 5.6429 1.2647
v  5.7309 5.3408 1.0836
v  5.5781 5.2753 1.1443
v  5.4295 5.2088 1.2017
v  7.9407 5.6938 0.3000
v  7.9698 5.7390 0.2527
v  8.0868 6.0443 0.5013
v  8.0040 5.9613 0.5234
v  8.0979 6.1273 0.7481
v  8.0152 6.0742 0.7689
v  8.0225 6.0555 0.6645
v  8.1069 6.1061 0.6459
v  8.0190 6.2869 0.9025
v  7.9297 6.2356 0.9311
v  7.9866 6.1359 0.8751
v  8.0705 6.1888 0.8488
v  7.9663 6.3904 0.9151
v  7.8739 6.3380 0.9438
v  7.8166 6.4370 0.9030
v  7.9112 6.4917 0.8757
v  7.8611 6.5655 0.7709
v  7.7662 6.5051 0.7939
v  7.7182 6.5401 0.6737
v  7.8168 6.5934 0.6462
v  7.7469 6.4910 0.4576
v  7.6515 6.4389 0.4980
v  7.6690 6.5184 0.5719
v  7.7692 6.5683 0.5390
v  7.7715 6.3906 0.4173
v  7.6786 6.3397 0.4527
v  7.7309 6.2453 0.4378
v  7.8210 6.2992 0.4026
v  7.7861 6.0585 0.3131
v  7.7723 5.7732 0.1128
v  7.9041 5.8207 0.0524
v  7.9216 6.1447 0.2703
v  7.8621 6.2443 0.3553
v  7.7645 6.1883 0.3961
v  7.9889 5.7759 0.1574
v  8.0542 6.0660 0.3425
v  8.3111 6.2851 0.7026
v  8.2054 6.1993 0.7320
v  8.2056 6.1787 0.6309
v  8.3067 6.2583 0.6111
v  8.1921 6.1754 0.5271
v  8.2764 6.2575 0.5178
v  8.2998 6.3468 0.7736
v  8.1839 6.2653 0.8176
v  8.1471 6.3606 0.8661
v  8.2802 6.4323 0.8171
v  8.2521 6.5337 0.8169
v  8.1052 6.4664 0.8712
v  8.0612 6.5650 0.8252
v  8.2217 6.6274 0.7702
v  8.1998 6.6879 0.6850
v  8.0248 6.6324 0.7291
v  8.1762 6.7064 0.5818
v  7.9920 6.6503 0.6142
v  8.1052 6.6022 0.4107
v  7.9138 6.5619 0.4193
v  7.9470 6.6268 0.5084
v  8.1397 6.6693 0.4835
v  8.4110 6.3550 0.6580
v  8.4061 6.4030 0.7258
v  8.4726 6.4702 0.6709
v  8.4818 6.4390 0.6036
v  8.4455 6.5027 0.7195
v  8.3910 6.4754 0.7670
v  8.4506 6.5703 0.7058
v  8.3724 6.5645 0.7696
v  8.4203 6.6341 0.6892
v  8.3510 6.6478 0.7271
v  8.0891 6.4544 0.3738
v  7.9478 6.3825 0.3670
v  7.9200 6.4685 0.3808
v  8.0873 6.5288 0.3737
v  8.4380 6.6625 0.6246
v  8.3369 6.7028 0.6482
v  8.4277 6.6679 0.5357
v  8.3197 6.7221 0.5496
v  8.4979 6.5616 0.5549
v  8.4911 6.5710 0.6337
v  8.4081 6.4306 0.4479
v  8.4197 6.5269 0.4311
v  8.4706 6.5438 0.4828
v  8.4629 6.4302 0.5279
v  8.4036 6.6439 0.4540
v  8.3656 6.6000 0.3981
v  8.2876 6.6842 0.4589
v  8.2521 6.6219 0.3967
v  8.1412 6.3364 0.4113
v  8.2040 6.2832 0.4477
v  8.1288 6.2056 0.4191
v  8.0362 6.2636 0.3580
v  8.3582 6.3394 0.4964
v  8.4025 6.3357 0.5731
v  8.1051 6.3921 0.3897
v  8.2930 6.5047 0.3760
v  8.3377 6.4753 0.3986
v  8.2367 6.4383 0.3905
v  8.2100 6.4924 0.3693
v  8.2730 6.3867 0.4195
v  8.2886 6.3375 0.4499
v  8.3748 6.5189 0.4027
v  8.3199 6.5492 0.3783
v  8.2209 6.5552 0.3692
v  0.6921 0.3478 0.7244
v  0.6542 0.3712 0.7828
v  0.5467 0.2280 0.7732
v  0.5609 0.2034 0.7158
v  0.5570 0.2349 0.8291
v  0.6369 0.3653 0.8625
v  0.7304 0.3161 0.6662
v  0.5859 0.1764 0.6500
v  0.6247 0.1501 0.5690
v  0.7860 0.2668 0.6050
v  0.4180 0.0171 0.7016
v  0.4129 -0.0242 0.6249
v  0.4854 0.0703 0.6357
v  0.4770 0.1001 0.7083
v  0.5107 0.0484 0.5454
v  0.4252 -0.0483 0.5266
v  0.3693 -0.0742 0.6976
v  0.3549 -0.1290 0.6158
v  0.3462 -0.1497 0.5090
v  0.8028 0.3115 0.3085
v  0.8471 0.2276 0.4935
v  0.6815 0.1189 0.4539
v  0.6260 0.2157 0.2830
v  0.5517 0.0409 0.4212
v  0.4930 0.1503 0.2590
v  0.4428 -0.0228 0.3948
v  0.3842 0.0874 0.2363
v  0.3309 -0.0885 0.3747
v  0.2727 0.0221 0.2135
v  0.7743 0.2636 0.0466
v  0.7549 0.1641 -0.2104
v  0.6076 0.1492 0.0413
v  0.5834 0.0536 -0.1961
v  0.4863 0.0679 0.0283
v  0.4623 -0.0247 -0.1965
v  0.3868 0.0026 0.0111
v  0.3644 -0.0831 -0.2052
v  0.2837 -0.0592 -0.0080
v  0.2637 -0.1364 -0.2154
v  0.7506 0.0804 -0.3805
v  0.7584 0.0094 -0.4901
v  0.5700 -0.0180 -0.3603
v  0.5700 -0.0797 -0.4704
v  0.4458 -0.0889 -0.3549
v  0.4422 -0.1448 -0.4622
v  0.3484 -0.1433 -0.3577
v  0.3447 -0.1972 -0.4601
v  0.2501 -0.1955 -0.3608
v  0.2478 -0.2498 -0.4570
v  0.2503 -0.4773 -0.8490
v  0.2401 -0.5115 -0.9179
v  0.3396 -0.4762 -0.9408
v  0.3533 -0.4406 -0.8725
v  0.2282 -0.5442 -0.9889
v  0.3241 -0.5094 -1.0114
v  0.5987 -0.3706 -0.9243
v  0.5819 -0.4126 -0.9975
v  0.8037 -0.3542 -1.0708
v  0.8147 -0.3034 -0.9798
v  0.5624 -0.4493 -1.0735
v  0.7864 -0.3966 -1.1629
v  0.4400 -0.4468 -0.9613
v  0.4566 -0.4094 -0.8938
v  0.4215 -0.4810 -1.0318
v  0.8147 -0.2409 -0.8779
v  0.6053 -0.3185 -0.8369
v  0.8083 -0.1801 -0.7798
v  0.6040 -0.2643 -0.7499
v  0.5276 -0.5060 -1.2779
v  0.7370 -0.4466 -1.3779
v  0.7653 -0.4314 -1.2704
v  0.5456 -0.4829 -1.1714
v  0.4697 -0.4790 -1.4609
v  0.6613 -0.3996 -1.5260
v  0.7001 -0.4316 -1.4657
v  0.5027 -0.5069 -1.3807
v  0.4068 -0.5140 -1.1238
v  0.3929 -0.5398 -1.2253
v  0.3106 -0.5424 -1.0996
v  0.2980 -0.5691 -1.1951
v  0.2159 -0.5776 -1.0741
v  0.2046 -0.6051 -1.1642
v  0.5936 -0.3422 -1.5867
v  0.6261 -0.3705 -1.5625
v  0.4361 -0.4470 -1.5083
v  0.4052 -0.4165 -1.5404
v  0.3756 -0.5498 -1.3269
v  0.3482 -0.5315 -1.4117
v  0.2848 -0.5831 -1.2896
v  0.2611 -0.5710 -1.3704
v  0.1952 -0.6219 -1.2525
v  0.1730 -0.6111 -1.3285
v  0.3147 -0.5015 -1.4649
v  0.2804 -0.4688 -1.5013
v  0.2269 -0.5414 -1.4230
v  0.1886 -0.5070 -1.4582
v  0.1381 -0.5794 -1.3784
v  0.0972 -0.5422 -1.4115
v  0.0154 -0.5760 -1.3695
v  0.5594 -0.2951 -1.5988
v  0.5487 -0.2700 -1.5429
v  0.3760 -0.3637 -1.5520
v  0.3696 -0.3349 -1.4922
v  0.2468 -0.4111 -1.5149
v  0.2354 -0.3738 -1.4572
v  0.1471 -0.4515 -1.4738
v  0.1246 -0.4052 -1.4278
v  0.0494 -0.4901 -1.4276
v  -0.0357 -0.5266 -1.3932
v  0.0134 -0.4403 -1.3970
v  -0.0812 -0.4777 -1.3760
v  0.4302 -0.1944 -1.0390
v  0.4816 -0.2591 -1.2049
v  0.2821 -0.3075 -1.1790
v  0.2312 -0.2452 -1.0150
v  0.5259 -0.2804 -1.3483
v  0.3317 -0.3323 -1.3157
v  0.5437 -0.2787 -1.4637
v  0.3586 -0.3369 -1.4188
v  0.2212 -0.3688 -1.3912
v  0.1911 -0.3610 -1.2977
v  0.1086 -0.3948 -1.3701
v  0.0788 -0.3883 -1.2840
v  -0.0051 -0.4261 -1.3484
v  -0.1035 -0.4655 -1.3320
v  -0.0336 -0.4230 -1.2683
v  -0.1309 -0.4664 -1.2536
v  0.1773 0.0260 -0.6677
v  0.3615 0.0917 -0.6897
v  0.3912 -0.0649 -0.8527
v  0.1977 -0.1216 -0.8324
v  0.1375 -0.3400 -1.1618
v  0.0829 -0.2789 -0.9978
v  0.0214 -0.3722 -1.1457
v  -0.0364 -0.3165 -0.9767
v  -0.0920 -0.4165 -1.1249
v  -0.1870 -0.4669 -1.1060
v  -0.1543 -0.3619 -0.9517
v  -0.2537 -0.4039 -0.9341
v  0.0527 -0.1609 -0.8180
v  0.0397 -0.0216 -0.6521
v  -0.0648 -0.2017 -0.7989
v  -0.0732 -0.0659 -0.6345
v  -0.1843 -0.2436 -0.7792
v  -0.2873 -0.2768 -0.7678
v  -0.2971 -0.1223 -0.6226
v  -0.1920 -0.1033 -0.6220
v  0.3504 0.2167 -0.5688
v  0.3537 0.3072 -0.4700
v  0.1754 0.1427 -0.5384
v  0.1863 0.2263 -0.4321
v  0.0426 0.0921 -0.5186
v  0.0538 0.1783 -0.4114
v  -0.0697 0.0516 -0.5027
v  -0.0606 0.1460 -0.3989
v  0.2152 0.3214 -0.2638
v  0.3775 0.4099 -0.3008
v  0.3637 0.3666 -0.3821
v  0.1997 0.2817 -0.3436
v  -0.1860 0.0141 -0.4880
v  -0.2878 -0.0100 -0.4788
v  -0.2785 0.1068 -0.3872
v  -0.1772 0.1180 -0.3900
v  0.3025 0.7941 0.2342
v  0.2798 0.8400 0.3762
v  0.3499 0.6958 0.1232
v  0.1867 0.6097 0.1321
v  0.1460 0.7004 0.2498
v  0.1392 0.7391 0.3976
v  -0.2808 0.3551 0.1577
v  -0.3362 0.3410 0.1496
v  -0.3415 0.3685 0.3095
v  -0.2337 0.4407 0.3003
v  -0.2863 0.4028 0.3049
v  -0.2229 0.3931 0.1587
v  -0.1523 0.4942 0.2909
v  -0.1371 0.4398 0.1539
v  -0.1329 0.5362 0.4472
v  -0.0585 0.5576 0.2788
v  -0.0574 0.6057 0.4299
v  -0.0354 0.4915 0.1471
v  -0.2799 0.3135 0.0265
v  -0.2157 0.3347 0.0350
v  -0.2163 0.2632 -0.0621
v  0.0325 0.6665 0.4146
v  0.0339 0.6231 0.2654
v  0.0656 0.5443 0.1404
v  0.2932 0.8237 0.5515
v  0.3826 0.7090 0.6752
v  0.1839 0.7286 0.5670
v  0.2823 0.6354 0.6928
v  0.1876 0.6097 0.7142
v  0.1009 0.6566 0.5765
v  0.0231 0.5981 0.5903
v  0.1141 0.5690 0.7300
v  -0.0504 0.5417 0.6068
v  0.0440 0.5273 0.7478
v  0.3981 0.7085 0.8198
v  0.4259 0.6945 0.9253
v  0.3096 0.6477 0.8378
v  0.3502 0.6315 0.9359
v  0.2394 0.6045 0.8494
v  0.2824 0.5860 0.9397
v  0.1772 0.5655 0.8587
v  0.2161 0.5505 0.9440
v  0.4196 0.5410 0.9240
v  0.5053 0.5876 0.9097
v  0.4712 0.6374 0.9474
v  0.3925 0.5816 0.9494
v  0.1150 0.5254 0.8705
v  0.1494 0.5148 0.9506
v  0.3827 -0.2157 0.8686
v  0.4005 -0.2668 0.8161
v  0.3822 -0.1940 0.7870
v  0.3764 -0.1426 0.8386
v  0.3524 -0.1071 0.7668
v  0.3732 -0.0488 0.8161
v  0.3869 -0.0240 0.7597
v  0.4204 0.0143 0.8103
v  0.4312 0.0553 0.7629
v  0.4615 0.0799 0.8148
v  0.3603 -0.0670 0.9450
v  0.3720 -0.1064 0.8941
v  0.3493 -0.0417 0.8643
v  0.3498 -0.0128 0.9119
v  0.3387 -0.1234 0.9772
v  0.3604 -0.1731 0.9245
v  0.1087 0.4486 0.9866
v  0.0099 0.4899 1.0430
v  0.0648 0.4209 1.0479
v  0.0355 0.4174 1.0183
v  0.0578 0.5117 1.0989
v  0.1265 0.4094 0.9975
v  0.4787 0.1301 0.7680
v  0.5070 0.1441 0.8211
v  0.0972 0.3745 1.0609
v  0.1468 0.3425 0.9769
v  0.1121 0.4744 1.1186
v  0.2674 0.4613 0.9607
v  0.2468 0.5068 0.9658
v  0.1745 0.4727 0.9773
v  0.1918 0.4232 0.9789
v  0.4804 0.4491 0.8639
v  0.5719 0.4897 0.8602
v  0.5435 0.5536 0.8729
v  0.4496 0.5064 0.8851
v  0.3420 0.4998 0.9416
v  0.3186 0.5405 0.9562
v  0.3142 0.0923 0.8889
v  0.3491 0.1126 0.8804
v  0.3131 0.0787 0.9156
v  0.3220 0.0485 0.8984
v  0.3259 0.0507 0.8742
v  0.3600 0.0691 0.8637
v  0.3654 0.4583 0.9001
v  0.3978 0.3998 0.8728
v  0.2871 0.4087 0.9197
v  0.3196 0.3455 0.8861
v  0.2074 0.3583 0.9409
v  0.2408 0.2896 0.9035
v  0.3304 0.0084 0.8585
v  0.3738 0.0215 0.8451
v  0.3332 0.0238 0.9007
v  0.4121 0.0624 0.8453
v  0.3967 0.1072 0.8677
v  0.4537 0.1190 0.8530
v  0.4329 0.1583 0.8687
v  0.4906 0.2695 0.8716
v  0.4930 0.3603 0.8609
v  0.4290 0.3245 0.8662
v  0.4487 0.2562 0.8704
v  0.3655 0.2791 0.8763
v  0.4037 0.2226 0.8753
v  0.3025 0.2325 0.8898
v  0.3577 0.1862 0.8832
v  0.5644 0.3748 0.8724
v  0.5372 0.2543 0.8719
v  0.4955 0.1771 0.8592
v  0.4690 0.2072 0.8717
v  0.4189 0.1852 0.8735
v  0.4485 0.2163 0.8712
v  0.3837 0.1465 0.8773
v  0.7709 -0.0443 -0.5694
v  0.7848 -0.0882 -0.6351
v  0.5774 -0.1304 -0.5491
v  0.5876 -0.1740 -0.6133
v  0.4474 -0.1935 -0.5377
v  0.4548 -0.2343 -0.5995
v  0.3480 -0.2424 -0.5322
v  0.3535 -0.2798 -0.5906
v  0.5973 -0.2174 -0.6777
v  0.7978 -0.1313 -0.7023
v  0.0669 -0.5160 -0.7189
v  0.0705 -0.4699 -0.6440
v  0.0090 -0.5290 -0.5959
v  -0.0452 -0.5567 -0.6976
v  0.1598 -0.4797 -0.7452
v  0.1630 -0.4382 -0.6714
v  0.1634 -0.4015 -0.6133
v  0.0728 -0.4290 -0.5867
v  0.0200 -0.4768 -0.5396
v  0.2502 -0.2922 -0.5248
v  0.2541 -0.3268 -0.5792
v  0.2568 -0.4371 -0.7704
v  0.2592 -0.3963 -0.6946
v  0.3605 -0.3981 -0.7921
v  0.3620 -0.3542 -0.7132
v  0.3588 -0.3160 -0.6484
v  0.2576 -0.3604 -0.6335
v  0.3835 0.5941 0.0012
v  0.2243 0.4996 0.0251
v  0.3915 0.5188 -0.1273
v  0.2333 0.4233 -0.0939
v  0.4649 -0.3639 -0.8117
v  0.4660 -0.3160 -0.7298
v  0.4618 -0.2740 -0.6613
v  0.3890 0.4578 -0.2212
v  0.2291 0.3649 -0.1848
v  -0.0114 0.3991 0.0350
v  0.0981 0.4402 0.0333
v  0.1071 0.3620 -0.0774
v  -0.0031 0.3199 -0.0691
v  -0.1147 0.2814 -0.0602
v  -0.1215 0.3633 0.0363
v  -0.1579 0.2345 -0.2371
v  -0.2497 0.1593 -0.2060
v  -0.2336 0.2475 -0.1583
v  -0.1370 0.2632 -0.1586
v  -0.0194 0.2846 -0.1630
v  -0.0381 0.2512 -0.2405
v  -0.0511 0.2093 -0.3157
v  -0.1691 0.1877 -0.3103
v  -0.2689 0.1859 -0.3125
v  0.0967 0.3146 -0.1695
v  0.0795 0.2782 -0.2484
v  0.0650 0.2383 -0.3260
v  7.9810 6.3188 0.3525
# 3579 vertices

vn -0.7327 -0.3407 -0.5891
vn -0.7390 -0.3616 -0.5685
vn -0.8540 -0.2467 -0.4580
vn -0.8600 -0.2455 -0.4474
vn -0.8246 -0.2896 -0.4859
vn -0.7659 -0.3280 -0.5531
vn -0.8094 -0.2925 -0.5093
vn -0.8268 -0.2637 -0.4969
vn -0.7748 -0.3818 -0.5039
vn -0.7647 -0.3157 -0.5617
vn -0.7971 -0.3004 -0.5239
vn -0.8240 -0.2885 -0.4876
vn -0.8269 -0.2833 -0.4857
vn -0.7568 -0.3281 -0.5653
vn -0.7447 -0.3392 -0.5748
vn 0.0297 -0.5121 -0.8584
vn -0.0786 -0.2545 -0.9639
vn -0.3443 -0.4386 -0.8301
vn -0.3252 -0.4926 -0.8072
vn -0.2500 -0.1875 -0.9499
vn -0.4141 -0.4316 -0.8014
vn 0.0697 -0.5246 -0.8485
vn -0.2908 -0.5137 -0.8072
vn -0.1597 -0.5529 -0.8178
vn 0.1356 -0.4763 -0.8687
vn -0.4286 -0.5549 -0.7130
vn -0.3456 -0.5057 -0.7905
vn -0.4096 -0.5238 -0.7469
vn -0.4979 -0.5601 -0.6622
vn -0.3250 -0.4860 -0.8113
vn -0.3197 -0.4759 -0.8193
vn -0.3473 -0.5061 -0.7895
vn -0.4653 -0.5123 -0.7219
vn -0.5518 -0.5054 -0.6634
vn -0.1765 -0.5023 -0.8465
vn -0.1470 -0.5085 -0.8484
vn -0.1571 -0.4443 -0.8820
vn 0.3586 -0.9326 0.0418
vn 0.4559 -0.8273 0.3283
vn 0.5738 -0.7713 0.2754
vn 0.4577 -0.8891 0.0004
vn 0.2942 -0.9026 0.3144
vn 0.2194 -0.9753 0.0251
vn 0.0677 -0.9794 0.1900
vn 0.2987 -0.9366 0.1832
vn 0.5036 -0.8540 0.1305
vn 0.0303 -0.8208 -0.5705
vn 0.2818 -0.9391 -0.1968
vn 0.4026 -0.9149 -0.0309
vn 0.1824 -0.9801 0.0789
vn 0.0535 -0.9969 -0.0585
vn -0.3346 -0.3771 -0.8636
vn -0.2128 -0.4629 -0.8605
vn -0.2135 -0.7463 -0.6305
vn 0.1332 -0.8170 -0.5611
vn -0.1808 -0.9819 0.0571
vn -0.3035 -0.6781 -0.6694
vn -0.3494 -0.6104 -0.7109
vn -0.2679 -0.9634 0.0021
vn -0.3540 -0.4637 -0.8122
vn -0.3189 -0.4714 -0.8222
vn -0.3862 -0.4570 -0.8012
vn -0.4121 -0.5210 -0.7475
vn -0.3061 -0.9502 -0.0586
vn 0.2346 -0.9709 -0.0489
vn -0.2802 -0.7598 -0.5867
vn -0.2415 -0.7810 -0.5759
vn 0.0865 -0.9961 -0.0143
vn -0.4288 -0.3783 -0.8204
vn -0.5154 -0.3888 -0.7637
vn 0.3978 -0.9130 0.0901
vn 0.5572 -0.8290 0.0486
vn 0.3587 -0.9193 0.1618
vn 0.2374 -0.9522 0.1924
vn 0.4755 -0.8239 -0.3085
vn 0.4207 -0.8779 0.2287
vn 0.5199 -0.8426 0.1406
vn 0.5023 -0.8641 -0.0325
vn 0.4160 -0.9077 0.0541
vn 0.6656 0.4047 0.6271
vn 0.6558 0.4237 0.6248
vn 0.7207 0.3784 0.5809
vn 0.6189 0.4282 0.6585
vn 0.3777 0.5421 0.7506
vn 0.2300 0.5811 0.7806
vn 0.5113 0.5092 0.6923
vn 0.7451 0.3684 0.5559
vn 0.5678 0.4516 0.6882
vn 0.3550 0.6773 0.6443
vn 0.3816 0.5552 0.7390
vn 0.4274 0.5517 0.7162
vn 0.3599 0.6566 0.6628
vn 0.4646 0.4896 0.7378
vn 0.3867 0.4892 0.7818
vn 0.5412 0.5086 0.6697
vn 0.5292 0.5743 0.6247
vn 0.6229 0.6718 0.4008
vn 0.7534 0.5637 0.3386
vn 0.7359 0.4839 0.4736
vn 0.6129 0.5719 0.5453
vn -0.3596 0.6109 0.7053
vn -0.1207 0.5905 0.7979
vn -0.2513 0.5674 0.7841
vn -0.4457 0.5857 0.6770
vn -0.3697 0.5394 0.7565
vn -0.4750 0.5635 0.6759
vn -0.7768 -0.4402 -0.4504
vn -0.5143 -0.6964 -0.5005
vn -0.4657 -0.6621 -0.5871
vn -0.7387 -0.4312 -0.5180
vn -0.3274 -0.7468 -0.5788
vn -0.3661 -0.7899 -0.4919
vn -0.2824 -0.6780 -0.6786
vn -0.4956 -0.5513 -0.6712
vn -0.7343 -0.3448 -0.5847
vn -0.3245 -0.3938 -0.8600
vn -0.4229 -0.4737 -0.7725
vn -0.3852 -0.5967 -0.7040
vn -0.2609 -0.6392 -0.7235
vn -0.6585 -0.4281 -0.6189
vn -0.7307 -0.3673 -0.5755
vn 0.0228 -0.9466 -0.3215
vn -0.0990 -0.8724 -0.4787
vn -0.2802 -0.7293 -0.6242
vn -0.1293 -0.8327 -0.5384
vn -0.3959 -0.7135 -0.5781
vn -0.5386 -0.5727 -0.6180
vn -0.7983 -0.2350 -0.5546
vn -0.8100 -0.2691 -0.5210
vn -0.7500 -0.3105 -0.5840
vn -0.7786 -0.2846 -0.5593
vn -0.7575 -0.3188 -0.5697
vn -0.8091 -0.2576 -0.5282
vn -0.6863 -0.4307 -0.5861
vn -0.8205 -0.2688 -0.5045
vn -0.2299 -0.0591 -0.9714
vn -0.3624 -0.1370 -0.9219
vn -0.3647 0.1654 -0.9163
vn -0.3100 0.1024 -0.9452
vn -0.3459 -0.3304 -0.8782
vn -0.3696 -0.2107 -0.9050
vn -0.2638 -0.7555 -0.5997
vn -0.2479 -0.7896 -0.5613
vn -0.0940 -0.9682 -0.2317
vn -0.1239 -0.9763 -0.1776
vn -0.1153 -0.9837 -0.1381
vn -0.0120 -0.9940 -0.1084
vn -0.4016 -0.2463 -0.8821
vn -0.4427 -0.3242 -0.8360
vn -0.4883 0.1326 -0.8625
vn -0.4526 0.1658 -0.8762
vn 0.5007 0.6788 -0.5371
vn 0.8436 0.4175 -0.3377
vn 0.5963 -0.0225 -0.8024
vn 0.2740 0.2751 -0.9216
vn 0.7049 -0.2489 -0.6643
vn 0.9723 0.1751 -0.1547
vn 0.2403 -0.5367 -0.8088
vn 0.0873 -0.3340 -0.9385
vn -0.0380 -0.0595 -0.9975
vn 0.6720 -0.7327 -0.1077
vn 0.5569 -0.7157 -0.4215
vn 0.3852 -0.6724 -0.6320
vn 0.7565 -0.5245 -0.3906
vn 0.9799 -0.1776 0.0912
vn 0.8244 -0.5023 0.2610
vn 0.2299 0.9475 -0.2224
vn 0.1497 0.7679 -0.6228
vn 0.4591 0.4712 -0.7532
vn 0.2564 0.9512 0.1718
vn 0.5879 0.7286 -0.3514
vn 0.3549 0.9005 0.2513
vn 0.1596 0.9548 0.2506
vn 0.3731 0.9243 -0.0806
vn 0.6202 0.6752 0.3992
vn 0.7027 0.6905 0.1717
vn 0.6024 0.5765 0.5520
vn 0.6747 0.6695 0.3107
vn 0.4190 0.8934 0.1619
vn 0.4725 0.8137 0.3387
vn -0.1705 -0.6835 -0.7098
vn -0.2454 -0.4858 -0.8389
vn -0.3500 -0.4592 -0.8165
vn -0.2902 -0.6917 -0.6613
vn -0.3273 -0.2012 -0.9233
vn -0.2210 -0.2582 -0.9405
vn -0.3697 -0.4426 -0.8170
vn -0.3777 -0.1147 -0.9188
vn -0.3266 -0.6822 -0.6542
vn -0.2390 -0.3362 -0.9110
vn -0.2201 -0.3908 -0.8938
vn -0.1148 -0.7305 -0.6732
vn -0.1749 -0.6580 -0.7325
vn -0.0471 -0.7802 -0.6238
vn -0.2266 -0.3325 -0.9155
vn 0.4643 0.6480 0.6037
vn 0.1757 0.9744 0.1400
vn 0.1727 0.9777 0.1195
vn 0.4627 0.6843 0.5636
vn 0.1583 0.9794 0.1250
vn 0.1761 0.9744 0.1394
vn 0.0374 0.9966 0.0730
vn 0.0715 0.9523 0.2968
vn 0.2536 0.6560 0.7109
vn 0.5472 -0.4513 0.7049
vn 0.5902 0.0124 0.8072
vn 0.6334 0.0197 0.7736
vn 0.5989 -0.4650 0.6520
vn 0.4390 0.0849 0.8945
vn 0.4806 -0.4180 0.7709
vn 0.4570 -0.6457 0.6117
vn 0.5271 -0.4928 0.6924
vn 0.6043 -0.4263 0.6731
vn 0.5422 -0.6623 0.5170
vn 0.5347 -0.3507 0.7689
vn 0.4834 -0.6474 0.5892
vn 0.5901 0.4329 0.6814
vn 0.6751 0.4635 0.5739
vn 0.6603 0.2670 0.7020
vn 0.6034 0.2967 0.7402
vn 0.5427 0.3430 0.7667
vn 0.5087 0.6729 0.5371
vn 0.5342 -0.2758 0.7991
vn 0.5405 0.0444 0.8402
vn 0.6669 0.1167 0.7359
vn 0.7081 -0.0453 0.7047
vn 0.6638 0.2327 0.7108
vn 0.7350 0.1690 0.6566
vn -0.7909 -0.3034 -0.5315
vn -0.5306 -0.5772 -0.6208
vn -0.5467 -0.6411 -0.5385
vn -0.8202 -0.3599 -0.4446
vn -0.2955 -0.7734 -0.5608
vn -0.2454 -0.7459 -0.6192
vn -0.1771 -0.7630 -0.6216
vn -0.2390 -0.7668 -0.5957
vn -0.3332 -0.6808 -0.6523
vn -0.2837 -0.6858 -0.6703
vn -0.4416 -0.6902 -0.5732
vn -0.3716 -0.7758 -0.5100
vn -0.4425 -0.5611 -0.6996
vn -0.4727 -0.5586 -0.6816
vn -0.5371 -0.4746 -0.6974
vn -0.4921 -0.4800 -0.7263
vn -0.5665 -0.4925 -0.6607
vn -0.5076 -0.5618 -0.6533
vn -0.4401 -0.4517 -0.7760
vn -0.4756 -0.4478 -0.7571
vn -0.4528 -0.4371 -0.7772
vn -0.4402 -0.4377 -0.7840
vn -0.4736 -0.4928 -0.7300
vn -0.5154 -0.4940 -0.7003
vn 0.4686 0.4003 0.7875
vn 0.8284 0.4931 0.2659
vn 0.9556 0.2732 -0.1105
vn 0.9141 0.3671 0.1722
vn 0.6423 0.3468 0.6836
vn 0.4021 0.4352 0.8056
vn 0.4026 0.2895 0.8684
vn 0.5909 0.5970 0.5426
vn 0.5418 0.3993 0.7396
vn 0.4212 0.4580 0.7829
vn 0.4742 0.4526 0.7551
vn 0.5900 0.4307 0.6830
vn 0.4276 0.4724 0.7707
vn 0.4132 0.4675 0.7815
vn 0.4393 0.5080 0.7409
vn 0.4661 0.5218 0.7145
vn 0.5346 0.5604 0.6326
vn 0.8037 0.2849 0.5224
vn 0.7793 0.3249 0.5358
vn 0.5920 0.4987 0.6331
vn 0.6213 0.4683 0.6282
vn 0.5915 0.5201 0.6161
vn 0.7604 0.3529 0.5452
vn 0.5784 0.5208 0.6279
vn 0.5523 0.5184 0.6528
vn 0.5566 0.5299 0.6399
vn -0.3885 -0.5341 -0.7509
vn -0.3834 -0.3872 -0.8385
vn -0.4125 -0.3589 -0.8373
vn -0.4151 -0.5407 -0.7317
vn -0.3250 -0.2851 -0.9017
vn -0.2380 -0.3446 -0.9081
vn -0.4434 -0.2374 -0.8643
vn -0.4435 -0.3539 -0.8234
vn -0.4329 -0.5297 -0.7294
vn 0.1425 0.7577 0.6368
vn 0.1890 0.7809 0.5954
vn 0.7069 0.3875 0.5917
vn 0.6862 0.3870 0.6159
vn 0.7418 0.3828 0.5506
vn 0.2012 0.7854 0.5854
vn 0.6944 -0.1468 0.7045
vn 0.7437 -0.2240 0.6298
vn 0.8114 -0.3663 0.4556
vn 0.7743 -0.3034 0.5553
vn 0.9123 -0.0812 0.4013
vn 0.7965 -0.0544 0.6021
vn 0.8330 -0.5108 0.2126
vn 0.9863 -0.1568 0.0515
vn -0.0337 -0.8992 -0.4362
vn -0.0347 -0.9146 -0.4029
vn -0.0834 -0.8822 -0.4635
vn -0.0471 -0.8846 -0.4640
vn -0.0002 -0.9633 -0.2683
vn -0.1604 -0.8612 -0.4822
vn 0.7913 -0.1822 0.5836
vn 0.7192 0.0881 0.6892
vn 0.7226 -0.1698 0.6701
vn 0.7975 -0.0809 0.5978
vn 0.5698 -0.2352 0.7874
vn 0.5944 0.0667 0.8014
vn 0.8273 0.1782 0.5327
vn 0.8231 0.2372 0.5159
vn 0.6618 0.3927 0.6385
vn 0.6841 0.2638 0.6801
vn 0.5747 0.4564 0.6793
vn 0.6041 0.3014 0.7377
vn -0.2288 -0.8526 -0.4698
vn -0.5994 -0.6109 -0.5172
vn -0.6367 -0.5649 -0.5249
vn -0.2662 -0.8293 -0.4913
vn -0.8131 -0.3066 -0.4948
vn -0.7992 -0.3164 -0.5110
vn -0.5557 -0.5855 -0.5903
vn -0.2256 -0.8022 -0.5527
vn -0.7883 -0.3023 -0.5359
vn -0.0556 -0.8565 -0.5132
vn 0.0116 -0.9046 -0.4262
vn 0.0256 -0.9274 -0.3731
vn 0.0521 -0.9511 -0.3043
vn -0.0914 -0.8358 -0.5414
vn -0.1861 -0.7459 -0.6395
vn -0.1193 -0.9339 -0.3369
vn -0.2476 -0.8173 -0.5204
vn -0.3677 -0.5286 -0.7651
vn -0.2958 -0.7109 -0.6381
vn -0.4018 -0.5688 -0.7176
vn -0.4447 -0.4733 -0.7604
vn -0.3742 -0.5435 -0.7514
vn -0.3668 -0.5067 -0.7802
vn -0.3404 -0.7849 -0.5177
vn -0.3297 -0.8582 -0.3935
vn -0.2663 -0.9435 -0.1974
vn -0.2729 -0.9582 -0.0858
vn -0.4077 -0.4365 -0.8021
vn -0.3997 -0.3974 -0.8260
vn 0.7944 0.3159 0.5188
vn 0.8588 0.3525 0.3718
vn 0.9028 0.2507 0.3495
vn 0.8068 0.2304 0.5440
vn 0.9762 0.1970 -0.0902
vn 0.9481 0.2893 -0.1320
vn 0.8636 0.3249 0.3856
vn 0.6206 0.3034 0.7230
vn 0.9479 0.2793 -0.1532
vn 0.5306 0.0315 0.8470
vn 0.5501 0.0936 0.8299
vn 0.4752 0.3384 0.8122
vn 0.4883 0.3392 0.8040
vn 0.4395 0.3465 0.8287
vn 0.4942 0.1771 0.8511
vn 0.4476 0.3997 0.7999
vn 0.4196 0.4058 0.8120
vn 0.4488 0.3795 0.8091
vn 0.6975 0.1950 0.6896
vn 0.8009 0.0131 0.5987
vn 0.6066 0.1546 0.7799
vn 0.6867 0.3757 0.6223
vn 0.6846 0.3531 0.6377
vn 0.0327 0.7090 0.7045
vn 0.0791 0.7198 0.6896
vn 0.5587 -0.2924 -0.7761
vn 0.3746 0.0043 -0.9272
vn 0.6650 0.2073 -0.7175
vn 0.7197 -0.1650 -0.6744
vn 0.4220 0.5948 -0.6842
vn 0.2675 0.3861 -0.8828
vn 0.5932 0.6025 -0.5340
vn 0.7643 0.2654 -0.5878
vn 0.7865 -0.0745 -0.6131
vn -0.8921 -0.2488 0.3772
vn -0.8486 -0.1139 0.5167
vn -0.8906 0.2753 0.3619
vn -0.9889 -0.1092 0.1012
vn -0.7787 0.4596 0.4270
vn -0.8275 -0.0019 0.5614
vn -0.4034 0.9118 0.0762
vn -0.6828 0.7247 -0.0924
vn -0.9099 0.2072 -0.3594
vn -0.6202 -0.7112 0.3308
vn -0.5750 -0.6793 0.4560
vn -0.7516 -0.3953 0.5280
vn -0.8160 -0.4843 0.3157
vn -0.7331 -0.3558 0.5797
vn -0.5672 -0.6504 0.5052
vn 0.6903 -0.4497 -0.5667
vn 0.5578 -0.5613 -0.6113
vn 0.1782 -0.9308 -0.3191
vn 0.2657 -0.9357 -0.2321
vn -0.0941 -0.8876 -0.4509
vn 0.2813 -0.6299 -0.7240
vn 0.7301 0.2183 -0.6476
vn 0.7005 -0.1261 -0.7024
vn 0.6104 0.5638 -0.5563
vn 0.4190 0.4947 -0.7614
vn 0.4103 0.1184 -0.9042
vn 0.1989 -0.2812 -0.9388
vn 0.3664 0.8242 -0.4317
vn 0.1960 0.9189 -0.3425
vn 0.2889 0.7484 -0.5970
vn -0.1688 0.9825 -0.0787
vn 0.0301 0.9813 -0.1899
vn -0.7200 0.1266 0.6823
vn -0.6203 0.6572 0.4282
vn -0.2600 0.8541 0.4505
vn -0.3706 0.3497 0.8605
vn -0.4870 -0.6264 0.6086
vn -0.6262 -0.3150 0.7132
vn -0.3549 -0.1655 0.9201
vn -0.2768 -0.5754 0.7696
vn -0.2921 -0.9133 0.2838
vn -0.2867 -0.8850 0.3670
vn 0.0397 -0.9840 -0.1735
vn -0.1105 -0.9876 0.1118
vn -0.2000 -0.8359 0.5112
vn 0.0156 -0.8244 -0.5658
vn 0.4834 -0.5444 -0.6855
vn -0.0012 0.0188 -0.9998
vn -0.0817 -0.4783 -0.8744
vn 0.1001 0.3973 -0.9122
vn -0.0157 0.3330 -0.9428
vn -0.0846 -0.0675 -0.9941
vn -0.1804 -0.5883 -0.7883
vn 0.1444 0.7436 -0.6528
vn 0.1763 0.9577 -0.2273
vn 0.1804 0.9673 -0.1782
vn 0.0477 0.7651 -0.6421
vn 0.0663 0.5223 0.8502
vn 0.1288 0.9170 0.3776
vn 0.2431 0.9096 0.3370
vn 0.1519 0.6407 0.7526
vn -0.1157 -0.4956 0.8608
vn -0.0292 -0.0109 0.9995
vn -0.0120 0.1234 0.9923
vn -0.1281 -0.4659 0.8755
vn -0.1495 -0.9643 0.2184
vn -0.1582 -0.7977 0.5819
vn -0.2200 -0.9460 0.2379
vn -0.1765 -0.8014 0.5715
vn -0.2531 -0.9300 -0.2667
vn -0.1339 -0.9305 -0.3409
vn 0.0333 0.2948 -0.9550
vn -0.0385 0.3031 -0.9522
vn 0.1122 0.5127 -0.8512
vn 0.1929 0.4522 -0.8708
vn -0.3331 0.4160 -0.8462
vn -0.1874 0.7312 -0.6559
vn 0.1840 0.9245 -0.3338
vn 0.3097 0.8457 -0.4347
vn 0.4090 0.7631 -0.5004
vn -0.3386 -0.1349 -0.9312
vn -0.3348 0.0205 -0.9421
vn -0.7871 -0.5005 -0.3605
vn -0.3324 -0.1986 -0.9220
vn -0.6679 -0.6346 -0.3888
vn -0.5727 -0.7007 -0.4254
vn 0.1002 0.3516 -0.9308
vn 0.1499 0.4953 -0.8557
vn -0.5147 -0.6732 0.5309
vn -0.3455 -0.7653 0.5432
vn -0.5971 -0.8021 0.0097
vn -0.6951 -0.7022 0.1540
vn -0.3955 -0.8107 0.4317
vn -0.5818 -0.8088 -0.0861
vn -0.3981 -0.4628 0.7921
vn -0.1604 -0.5113 0.8443
vn 0.0224 -0.1689 0.9854
vn -0.0753 -0.1439 0.9867
vn 0.1016 -0.1866 0.9772
vn -0.0950 -0.5439 0.8338
vn 0.2924 0.2392 0.9259
vn 0.2950 0.2424 0.9242
vn 0.4908 0.6163 0.6159
vn 0.5342 0.6036 0.5919
vn 0.5026 0.6732 0.5424
vn 0.3300 0.2489 0.9106
vn 0.5822 0.8130 -0.0030
vn 0.5610 0.8081 -0.1795
vn 0.4342 0.5446 -0.7175
vn 0.5079 0.8597 0.0535
vn 0.4866 0.6284 -0.6069
vn 0.2787 0.4163 -0.8655
vn 0.3570 0.5176 -0.7776
vn 0.0625 0.7291 -0.6815
vn -0.0100 0.2884 -0.9575
vn 0.1305 0.9804 -0.1476
vn 0.0520 0.7018 -0.7105
vn 0.0601 0.9862 -0.1540
vn -0.0655 0.3420 -0.9374
vn 0.1131 0.9325 0.3430
vn 0.0372 0.9291 0.3679
vn 0.0772 0.6633 0.7443
vn 0.0588 0.6290 0.7751
vn -0.1244 -0.5069 0.8530
vn -0.0250 0.1184 0.9927
vn -0.0117 0.0792 0.9968
vn -0.1013 -0.5500 0.8290
vn -0.2683 -0.9286 0.2564
vn -0.1845 -0.8134 0.5517
vn -0.1717 -0.8258 0.5372
vn -0.2987 -0.9165 0.2659
vn -0.3591 -0.9088 -0.2123
vn -0.3633 -0.5804 -0.7288
vn -0.5823 -0.4521 -0.6757
vn -0.4936 -0.8587 -0.1378
vn -0.3513 0.0195 -0.9361
vn -0.1759 -0.1089 -0.9784
vn 0.0089 0.9980 -0.0624
vn -0.1180 0.8051 -0.5812
vn -0.6025 0.7850 -0.1441
vn -0.2475 0.9566 0.1541
vn -0.9189 0.2056 -0.3367
vn -0.4659 0.4262 -0.7754
vn -0.9026 -0.2454 -0.3536
vn -0.7826 -0.5962 0.1790
vn -0.9052 -0.3442 0.2491
vn -0.9473 0.1982 -0.2517
vn -0.8115 -0.2914 0.5066
vn -0.6298 -0.6067 0.4851
vn -0.0412 0.4301 0.9018
vn -0.1484 0.2021 0.9681
vn -0.5661 0.3920 0.7252
vn -0.2508 0.7690 0.5881
vn -0.5837 -0.1271 0.8019
vn -0.0062 -0.0095 0.9999
vn -0.7621 0.4775 0.4373
vn 0.0175 0.5650 0.8249
vn -0.0423 0.8891 0.4557
vn -0.4553 -0.4578 0.7636
vn -0.0229 -0.1792 0.9835
vn -0.0251 -0.5566 0.8304
vn 0.0599 0.0482 0.9970
vn 0.1298 0.0927 0.9872
vn 0.0410 -0.5197 0.8534
vn -0.3728 -0.8686 0.3266
vn -0.1505 -0.8192 0.5534
vn -0.1592 -0.7558 0.6351
vn -0.4343 -0.8095 0.3950
vn -0.9965 0.0778 -0.0319
vn -0.9364 0.1416 0.3211
vn 0.5861 0.2712 0.7635
vn 0.6039 0.4296 0.6714
vn 0.3738 0.1005 0.9220
vn 0.3617 0.0468 0.9311
vn 0.7223 0.4950 0.4830
vn 0.7856 0.2426 0.5692
vn 0.8228 0.4453 0.3533
vn 0.6444 0.7565 0.1112
vn 0.4400 0.7932 -0.4209
vn 0.7619 0.6410 0.0922
vn 0.5092 0.2183 0.8325
vn 0.5196 0.0928 0.8493
vn 0.6247 0.7665 -0.1494
vn 0.3198 0.6764 -0.6635
vn 0.2263 0.9016 -0.3686
vn 0.2603 0.7462 -0.6128
vn 0.0265 0.7427 -0.6691
vn -0.0869 0.9378 -0.3361
vn -0.5137 0.3654 -0.7762
vn -0.5954 0.6383 -0.4880
vn -0.2830 0.9443 -0.1681
vn -0.5976 0.7219 -0.3489
vn -0.6227 0.7215 -0.3028
vn -0.4256 0.8951 -0.1326
vn -0.8871 0.3425 -0.3095
vn -0.8912 0.3381 -0.3023
vn -0.6748 0.6759 -0.2964
vn -0.6669 0.6511 -0.3623
vn -0.4591 0.8714 -0.1727
vn -0.4043 0.8794 -0.2513
vn -0.8092 0.4087 -0.4221
vn -0.8521 0.3670 -0.3732
vn -0.8876 0.2474 -0.3886
vn -0.7891 0.3981 -0.4677
vn -0.8725 -0.1101 -0.4760
vn -0.9195 -0.1350 -0.3692
vn -0.8429 0.2692 -0.4658
vn -0.8432 -0.0674 -0.5334
vn -0.9114 0.0796 -0.4037
vn -0.3749 0.8893 -0.2618
vn -0.5056 0.8496 -0.1504
vn -0.3968 0.8910 -0.2208
vn -0.8882 0.3280 -0.3219
vn -0.5916 0.7633 -0.2595
vn -0.4793 0.8604 -0.1730
vn -0.8040 0.5382 -0.2529
vn 0.0103 0.9999 0.0071
vn -0.1011 0.9838 -0.1479
vn 0.1178 0.9802 0.1591
vn -0.2716 0.9624 0.0009
vn -0.6900 0.6831 -0.2393
vn -0.1571 0.9235 -0.3500
vn -0.6281 0.6411 -0.4410
vn -0.7156 0.5721 -0.4008
vn -0.2283 0.8506 -0.4737
vn -0.8905 0.1902 -0.4133
vn 0.3425 0.8059 -0.4828
vn 0.3915 0.8959 -0.2101
vn 0.7504 0.6555 -0.0848
vn 0.7470 0.5598 -0.3587
vn 0.6828 0.7234 0.1026
vn 0.3910 0.9203 -0.0113
vn -0.0911 0.6530 0.7519
vn 0.2666 0.9539 0.1378
vn 0.4503 0.7572 0.4732
vn 0.4080 0.4858 0.7730
vn 0.7332 0.5029 0.4577
vn 0.6869 0.3553 0.6340
vn 0.1867 0.9824 -0.0018
vn -0.1658 0.7724 0.6131
vn -0.5285 0.5499 0.6468
vn -0.0862 0.9958 0.0309
vn -0.3751 -0.0453 0.9259
vn -0.0923 0.2147 0.9723
vn -0.3292 0.2739 0.9037
vn -0.0541 -0.1033 0.9932
vn -0.3585 0.9312 0.0659
vn -0.9579 0.2755 0.0814
vn -0.9970 0.0127 -0.0762
vn -0.7895 -0.1961 0.5816
vn -0.9537 -0.0376 0.2983
vn -0.9563 0.2033 -0.2101
vn -0.3638 -0.3797 0.8506
vn -0.4027 -0.4507 0.7967
vn -0.0471 -0.4092 0.9112
vn -0.0308 -0.5297 0.8476
vn -0.8426 0.4905 -0.2224
vn -0.7753 0.5631 -0.2860
vn -0.4893 0.6721 -0.5557
vn -0.3419 0.7480 -0.5688
vn -0.7787 0.0417 0.6260
vn -0.8671 0.3859 0.3150
vn -0.9047 0.4053 -0.1310
vn -0.8951 -0.0170 0.4456
vn -0.6510 0.6584 -0.3778
vn -0.7467 0.6651 -0.0067
vn 0.6597 0.5782 -0.4801
vn 0.9104 0.3944 -0.1250
vn 0.9232 0.2088 -0.3226
vn 0.6519 0.4907 -0.5781
vn 0.9609 0.0939 0.2605
vn 0.9820 -0.0943 0.1635
vn 0.9562 0.2265 -0.1854
vn 0.9843 0.0220 0.1754
vn 0.2354 0.6938 -0.6806
vn 0.1701 0.7147 -0.6785
vn 0.7024 0.0043 0.7117
vn 0.6382 -0.3257 0.6976
vn 0.2266 -0.1740 0.9583
vn 0.0403 -0.4523 0.8910
vn 0.5930 -0.3832 0.7081
vn 0.6064 0.6754 0.4198
vn 0.7176 0.6843 -0.1295
vn 0.0887 0.9054 -0.4152
vn -0.1031 0.9274 0.3595
vn -0.3882 -0.4339 0.8130
vn -0.3506 -0.2057 0.9136
vn -0.2879 0.3322 0.8982
vn 0.4823 0.3145 0.8176
vn 0.8340 0.4133 0.3656
vn -0.2422 0.7362 0.6319
vn 0.0575 0.7883 0.6126
vn 0.0052 0.6780 0.7350
vn -0.2729 0.6706 0.6898
vn 0.0817 0.8193 0.5675
vn -0.2462 0.7607 0.6006
vn -0.2604 0.7523 0.6052
vn 0.1063 0.7818 0.6144
vn -0.2088 0.7400 0.6394
vn -0.2107 0.7583 0.6169
vn -0.0677 0.7941 0.6040
vn -0.1028 0.7766 0.6215
vn -0.0633 0.8109 0.5817
vn -0.2151 0.7491 0.6266
vn -0.2739 0.7274 0.6292
vn 0.1415 0.7050 0.6949
vn -0.2725 0.7038 0.6561
vn 0.2011 0.6064 0.7693
vn -0.0502 0.7557 0.6530
vn -0.1812 0.7473 0.6393
vn -0.1993 0.7004 0.6853
vn -0.0882 0.6470 0.7574
vn -0.2474 0.6997 0.6702
vn 0.2789 0.5560 0.7830
vn -0.1943 0.6968 0.6904
vn 0.3745 0.4886 0.7881
vn -0.2728 0.6741 0.6864
vn -0.1134 0.6349 0.7642
vn -0.3159 0.6773 0.6645
vn -0.1180 0.6673 0.7354
vn 0.0017 0.6653 0.7466
vn 0.0230 0.6831 0.7300
vn 0.6888 0.3138 0.6535
vn 0.6456 0.2995 0.7025
vn 0.5106 0.3841 0.7693
vn -0.1085 0.6806 0.7246
vn -0.3165 0.6861 0.6550
vn -0.1382 0.6821 0.7181
vn -0.2876 0.7166 0.6355
vn -0.1524 0.7014 0.6962
vn -0.2110 0.6756 0.7064
vn -0.2071 0.7062 0.6770
vn -0.1236 0.7296 0.6726
vn -0.4413 0.6627 0.6050
vn -0.4831 0.6073 0.6307
vn -0.2310 0.6565 0.7181
vn -0.1863 0.6165 0.7650
vn -0.5562 0.5037 0.6610
vn -0.9732 0.2258 0.0443
vn -0.9880 0.1526 0.0245
vn -0.8795 -0.2098 -0.4272
vn -0.8653 -0.2220 -0.4494
vn -0.9998 0.0169 -0.0055
vn -0.8556 -0.2842 -0.4326
vn -0.1560 0.7484 0.6446
vn -0.1909 0.7695 0.6095
vn -0.5809 0.6707 0.4612
vn -0.5404 0.6469 0.5381
vn -0.8655 -0.1444 -0.4796
vn -0.9679 0.2394 -0.0764
vn -0.9527 0.3034 0.0153
vn -0.9003 -0.0290 -0.4342
vn -0.2554 0.7465 0.6144
vn -0.2130 0.7905 0.5742
vn -0.5962 0.6289 0.4990
vn -0.6456 0.5679 0.5106
vn -0.8312 -0.2604 -0.4912
vn -0.7515 -0.2446 -0.6128
vn -0.7590 -0.2452 -0.6031
vn -0.8347 -0.2634 -0.4837
vn -0.7625 -0.1919 -0.6179
vn -0.7034 -0.2904 -0.6488
vn -0.7852 -0.2592 -0.5623
vn -0.6896 -0.3298 -0.6448
vn -0.8130 -0.2839 -0.5084
vn -0.9425 0.2538 0.2173
vn -0.9411 0.3031 0.1496
vn -0.9671 -0.0026 -0.2544
vn -0.9870 -0.0169 -0.1597
vn -0.8658 -0.1621 -0.4734
vn -0.8697 -0.2017 -0.4505
vn -0.6793 -0.3777 -0.6291
vn -0.7046 -0.4278 -0.5661
vn -0.7160 -0.4482 -0.5353
vn -0.7171 -0.3497 -0.6028
vn -0.6906 0.5394 0.4818
vn -0.2934 0.7025 0.6484
vn -0.2621 0.6900 0.6747
vn -0.7124 0.5391 0.4493
vn -0.8829 -0.2594 -0.3913
vn -0.8813 -0.2232 -0.4164
vn -0.9917 -0.0111 -0.1279
vn -0.9931 -0.0024 -0.1171
vn -0.9473 0.2720 0.1690
vn -0.9461 0.2334 0.2247
vn -0.7103 0.5190 0.4754
vn -0.2386 0.6648 0.7079
vn -0.2448 0.6170 0.7479
vn -0.6995 0.4887 0.5214
vn -0.9533 0.2561 0.1603
vn -0.9949 -0.0432 -0.0913
vn -0.9928 -0.1068 -0.0539
vn -0.9586 0.2022 0.2005
vn -0.7308 -0.5067 -0.4574
vn -0.8719 -0.3595 -0.3324
vn -0.7965 -0.4614 -0.3907
vn -0.8703 -0.4167 -0.2625
vn -0.8131 -0.3303 -0.4793
vn -0.7612 -0.3890 -0.5188
vn -0.9789 -0.2011 -0.0366
vn -0.9580 0.1445 0.2478
vn -0.9571 0.1442 0.2514
vn -0.9858 -0.1679 -0.0008
vn -0.6771 0.4717 0.5648
vn -0.6786 0.4894 0.5477
vn -0.2530 0.5920 0.7652
vn -0.2860 0.6306 0.7215
vn -0.9180 -0.3755 -0.1276
vn -0.8756 -0.4321 -0.2158
vn -0.2104 0.7249 0.6559
vn -0.2426 0.7597 0.6033
vn -0.2372 0.7871 0.5694
vn -0.5589 0.6573 0.5055
vn -0.8739 -0.1988 -0.4436
vn -0.8460 -0.2696 -0.4600
vn -0.8691 -0.3295 -0.3690
vn -0.9163 -0.1964 -0.3490
vn -0.3689 0.6701 0.6441
vn -0.7213 0.5207 0.4567
vn -0.9477 -0.1787 -0.2646
vn -0.9157 -0.3218 -0.2408
vn -0.9894 -0.1212 -0.0798
vn -0.9936 -0.0034 -0.1128
vn -0.9283 0.3250 0.1805
vn -0.9569 0.2207 0.1886
vn -0.5781 0.6781 0.4538
vn -0.2492 0.7972 0.5498
vn -0.2582 0.8090 0.5281
vn -0.5896 0.6923 0.4161
vn -0.9267 -0.0685 -0.3695
vn -0.8971 -0.1232 -0.4243
vn -0.9428 -0.0816 -0.3232
vn -0.9662 -0.0113 -0.2576
vn -0.9792 -0.0355 -0.2000
vn -0.9631 -0.0773 -0.2579
vn -0.9924 0.0733 -0.0985
vn -0.9935 0.0968 -0.0595
vn -0.8932 0.4092 0.1864
vn -0.9002 0.3917 0.1902
vn -0.6051 0.6872 0.4020
vn -0.2929 0.8055 0.5152
vn -0.6453 0.6551 0.3930
vn -0.3393 0.8146 0.4705
vn -0.9632 -0.0517 -0.2636
vn -0.9626 -0.0410 -0.2679
vn -0.9852 0.0603 -0.1604
vn -0.9823 0.1480 -0.1151
vn -0.9864 0.1272 -0.1040
vn -0.9885 0.0159 -0.1501
vn -0.9924 0.1123 -0.0498
vn -0.9858 0.1616 -0.0462
vn -0.9196 0.3662 0.1423
vn -0.9000 0.3998 0.1738
vn -0.9085 -0.0311 -0.4167
vn -0.9467 -0.0537 -0.3177
vn -0.9707 0.1895 -0.1475
vn -0.9457 0.2646 -0.1889
vn -0.9309 0.0113 -0.3650
vn -0.7200 -0.2768 -0.6364
vn -0.6685 0.1553 -0.7273
vn -0.8477 -0.2978 -0.4390
vn -0.8854 -0.2413 -0.3972
vn -0.8719 -0.3049 -0.3831
vn -0.9157 -0.1505 -0.3727
vn -0.8876 -0.1029 -0.4489
vn -0.9449 -0.0950 -0.3133
vn -0.6100 -0.7705 -0.1851
vn -0.6753 -0.7056 -0.2145
vn -0.9779 0.0152 -0.2086
vn -0.9663 0.0974 0.2382
vn -0.9982 -0.0352 -0.0483
vn -0.5251 0.6990 0.4855
vn -0.3716 0.5530 0.7458
vn -0.2414 0.3274 0.9135
vn -0.8441 0.1765 0.5063
vn -0.9830 -0.1783 -0.0435
vn -0.8807 -0.3819 -0.2802
vn -0.3359 0.0113 0.9418
vn -0.7899 0.1052 0.6041
vn -0.6699 -0.2134 0.7111
vn -0.8519 0.1170 0.5105
vn -0.9564 -0.0085 0.2918
vn -0.9771 -0.1124 0.1809
vn -0.5632 -0.6254 -0.5401
vn -0.3882 -0.7527 -0.5318
vn -0.4513 -0.8112 -0.3720
vn -0.6056 -0.6851 -0.4048
vn -0.4783 -0.7494 -0.4578
vn -0.5380 -0.7664 -0.3509
vn -0.6454 -0.7161 -0.2659
vn -0.5251 -0.8454 -0.0976
vn -0.5614 -0.7790 -0.2794
vn -0.4054 -0.4573 -0.7915
vn -0.3822 -0.3784 -0.8431
vn -0.2651 -0.6471 -0.7148
vn -0.2812 -0.6971 -0.6596
vn -0.2526 -0.5668 -0.7842
vn -0.3793 -0.3210 -0.8678
vn -0.2130 -0.6606 -0.7199
vn -0.2840 -0.7108 -0.6435
vn -0.2742 -0.7413 -0.6127
vn -0.3985 -0.2621 -0.8789
vn -0.2398 -0.4875 -0.8395
vn -0.2435 -0.4889 -0.8377
vn -0.4779 -0.2379 -0.8456
vn -0.0821 -0.6094 -0.7886
vn -0.1187 -0.6051 -0.7873
vn -0.6315 0.1145 -0.7669
vn -0.5832 0.1775 -0.7927
vn -0.5073 -0.1171 -0.8538
vn -0.5410 -0.1786 -0.8219
vn -0.4909 -0.0461 -0.8700
vn -0.5833 0.2279 -0.7797
vn -0.5337 0.8428 -0.0701
vn -0.4862 0.8667 -0.1112
vn -0.6315 0.4712 -0.6158
vn -0.6798 0.4548 -0.5754
vn -0.6055 0.5248 -0.5983
vn -0.4617 0.8718 -0.1639
vn -0.6329 0.3077 -0.7105
vn -0.5396 0.0030 -0.8419
vn -0.6670 0.0548 -0.7430
vn -0.7547 0.4084 -0.5135
vn -0.8912 0.3151 -0.3263
vn -0.8195 0.0073 -0.5730
vn -0.6663 -0.2267 -0.7104
vn -0.0230 0.7975 0.6029
vn -0.0232 0.8163 0.5772
vn -0.1568 0.8618 0.4823
vn -0.2404 0.8682 0.4341
vn -0.0617 0.8610 0.5049
vn -0.1897 0.8314 0.5224
vn -0.5999 0.7974 -0.0652
vn -0.6751 0.7370 -0.0335
vn -0.9115 0.4100 -0.0327
vn -0.9620 0.2698 -0.0416
vn -0.9562 0.2910 0.0303
vn -0.9062 0.4228 -0.0049
vn -0.3911 0.8577 0.3337
vn -0.4098 0.8522 0.3252
vn -0.7999 0.5765 0.1664
vn -0.8422 0.5324 -0.0853
vn 0.2775 0.7629 0.5839
vn 0.3300 0.7489 0.5747
vn -0.9100 0.4129 -0.0366
vn -0.9198 0.3773 0.1080
vn -0.2741 0.9597 0.0618
vn 0.1684 0.9351 0.3117
vn -0.6783 0.6719 -0.2975
vn -0.6496 0.7543 -0.0950
vn -0.8298 0.5520 -0.0824
vn -0.8377 0.5460 -0.0123
vn -0.6286 0.7418 0.2335
vn -0.5658 0.7298 -0.3837
vn -0.2936 0.9338 0.2047
vn -0.4184 0.7676 0.4855
vn -0.1040 0.8924 0.4392
vn -0.9388 0.3441 -0.0187
vn -0.8126 0.5518 0.1874
vn -0.8873 0.2339 -0.3974
vn -0.9045 0.1751 -0.3889
vn -0.6022 0.7718 0.2041
vn -0.8255 0.5052 -0.2515
vn -0.9365 -0.0439 -0.3480
vn -0.9742 0.0505 -0.2200
vn -0.9329 -0.0543 -0.3560
vn -0.9082 -0.2224 -0.3546
vn -0.9444 0.1802 -0.2752
vn -0.9224 0.3825 -0.0540
vn -0.8686 0.2283 -0.4397
vn -0.8881 0.3345 -0.3152
vn -0.9227 0.1076 -0.3703
vn -0.8993 0.4151 -0.1377
vn -0.3945 -0.2049 -0.8958
vn -0.6748 -0.0951 -0.7319
vn -0.5709 -0.7172 -0.3995
vn -0.6585 -0.6708 -0.3413
vn 0.0424 0.8052 0.5915
vn 0.3493 0.7562 0.5533
vn 0.3888 0.9165 0.0946
vn 0.1057 0.9893 0.1006
vn -0.1151 0.0977 0.9885
vn -0.5582 -0.1891 0.8079
vn -0.2736 -0.5056 0.8182
vn 0.0634 -0.0707 0.9955
vn -0.5502 -0.7701 0.3228
vn -0.7976 -0.5246 0.2977
vn -0.6381 -0.7587 -0.1311
vn -0.7572 -0.6411 -0.1247
vn -0.0800 0.4574 0.8857
vn 0.1862 0.3539 0.9166
vn -0.7330 0.6480 0.2070
vn -0.9344 0.0872 0.3454
vn -0.5300 0.3544 0.7704
vn -0.3904 0.7994 0.4567
vn -0.9462 -0.1161 -0.3020
vn -0.6584 0.6078 -0.4440
vn -0.3039 0.9420 -0.1423
vn -0.6228 -0.6025 -0.4991
vn -0.1286 -0.3554 -0.9258
vn -0.3825 0.3984 -0.8337
vn -0.0925 0.8421 -0.5313
vn -0.7812 -0.6239 -0.0212
vn -0.4393 -0.8964 -0.0582
vn -0.2872 -0.9423 0.1720
vn -0.4885 0.8577 0.1605
vn -0.4731 0.8652 0.1663
vn -0.7644 0.3405 -0.5475
vn -0.7794 0.4557 -0.4300
vn -0.7451 0.4247 -0.5143
vn -0.8148 -0.0421 -0.5782
vn -0.7275 -0.0237 -0.6857
vn -0.7113 0.3902 -0.5847
vn -0.7993 0.0388 -0.5997
vn -0.8565 -0.1351 -0.4981
vn -0.6389 0.3729 -0.6729
vn -0.7120 0.3351 -0.6171
vn -0.7287 0.1632 -0.6651
vn -0.6913 0.0504 -0.7208
vn -0.6520 0.3918 -0.6492
vn -0.6973 -0.0004 -0.7168
vn -0.7702 0.1849 -0.6105
vn -0.9417 -0.0746 -0.3281
vn -0.9219 -0.0868 -0.3775
vn -0.9289 0.1804 -0.3233
vn -0.8975 0.2742 -0.3455
vn -0.7217 0.4765 -0.5021
vn -0.9148 -0.1094 -0.3888
vn -0.8132 0.1186 -0.5697
vn -0.4316 0.8499 -0.3022
vn -0.6131 0.7322 -0.2967
vn -0.5928 0.6536 -0.4705
vn -0.5871 0.6708 -0.4531
vn -0.9491 0.0250 -0.3140
vn -0.5851 0.7896 -0.1849
vn -0.3599 0.9017 -0.2397
vn -0.6275 0.6674 -0.4010
vn -0.4175 -0.6986 -0.5811
vn -0.5244 -0.6092 -0.5949
vn -0.5619 -0.6402 -0.5238
vn -0.4749 -0.5487 -0.6881
vn -0.3513 -0.6393 -0.6840
vn -0.4969 -0.6357 -0.5908
vn -0.5264 -0.6883 -0.4992
vn -0.5240 -0.7230 -0.4503
vn -0.9438 0.2910 -0.1565
vn -0.9872 0.1269 -0.0967
vn -0.5212 0.8117 0.2638
vn -0.4112 0.8989 0.1512
vn -0.8355 0.4827 -0.2626
vn -0.7160 0.6713 -0.1917
vn -0.1457 0.8806 0.4509
vn -0.3002 0.9305 0.2098
vn -0.5546 0.8320 -0.0138
vn -0.0334 0.8226 0.5677
vn -0.1868 0.8664 0.4631
vn -0.1478 0.9012 0.4075
vn -0.6356 0.7641 0.1103
vn -0.6578 0.7440 0.1171
vn -0.5880 0.8083 0.0296
vn -0.1569 0.9412 0.2992
vn -0.2595 0.8538 0.4512
vn -0.6866 0.7251 0.0524
vn -0.4631 -0.5812 -0.6691
vn -0.4163 -0.5665 -0.7112
vn -0.2787 -0.6805 -0.6776
vn -0.2959 -0.6819 -0.6690
vn -0.2568 -0.6756 -0.6911
vn -0.4100 -0.5665 -0.7148
vn -0.3057 -0.6301 -0.7138
vn -0.2850 -0.5889 -0.7563
vn -0.7491 0.0341 -0.6615
vn -0.8095 0.0153 -0.5869
vn -0.8443 0.4340 -0.3143
vn -0.8084 0.4251 -0.4072
vn -0.8713 0.4312 -0.2342
vn -0.8593 -0.0061 -0.5114
vn -0.5119 -0.5918 -0.6227
vn -0.3358 -0.7049 -0.6248
vn -0.8805 0.4203 -0.2192
vn -0.8515 0.4282 -0.3026
vn -0.8868 -0.0050 -0.4622
vn -0.8799 0.0029 -0.4751
vn -0.6914 0.0574 -0.7202
vn -0.5703 -0.2551 -0.7808
vn -0.5815 -0.3233 -0.7466
vn -0.4303 -0.5478 -0.7175
vn -0.6728 -0.3719 -0.6396
vn -0.6266 -0.3579 -0.6923
vn -0.7483 0.4358 -0.5001
vn -0.6972 -0.3697 -0.6142
vn -0.7379 -0.3873 -0.5527
vn 0.7829 0.3007 0.5447
vn 0.7668 0.3425 0.5428
vn 0.7744 0.3691 0.5139
vn 0.7505 0.3368 0.5686
vn 0.6006 0.5233 0.6046
vn 0.5930 0.5246 0.6109
vn 0.5813 0.5603 0.5901
vn 0.5772 0.5338 0.6180
vn 0.7839 0.2568 0.5653
vn 0.5720 0.5265 0.6290
vn 0.5578 0.5445 0.6264
vn 0.7932 0.2498 0.5554
vn 0.5438 0.6408 0.5418
vn 0.5697 0.6022 0.5594
vn 0.4177 0.6147 0.6691
vn 0.3971 0.6468 0.6511
vn 0.3919 0.7005 0.5965
vn 0.3558 0.7115 0.6059
vn 0.4530 0.6780 0.5789
vn 0.3994 0.7208 0.5665
vn 0.9127 0.3920 -0.1154
vn 0.6945 0.6331 0.3420
vn 0.6455 0.6446 0.4097
vn 0.9092 0.4156 -0.0256
vn 0.8590 -0.0050 -0.5120
vn 0.9153 0.1476 -0.3747
vn -0.3544 -0.7026 -0.6171
vn -0.3656 -0.6389 -0.6768
vn -0.4122 -0.6366 -0.6518
vn -0.4168 -0.6685 -0.6160
vn -0.4336 -0.6289 -0.6454
vn -0.4169 -0.6827 -0.6002
vn -0.4891 -0.6514 -0.5800
vn -0.4989 -0.6152 -0.6104
vn -0.5230 -0.5652 -0.6380
vn -0.4963 -0.5845 -0.6419
vn -0.5727 -0.5263 -0.6285
vn -0.5684 -0.5478 -0.6139
vn -0.4817 -0.6142 -0.6251
vn -0.3014 -0.6914 -0.6566
vn -0.3648 -0.7398 -0.5653
vn -0.5031 -0.6623 -0.5552
vn -0.5810 -0.5502 -0.5997
vn -0.5522 -0.5637 -0.6143
vn -0.5547 -0.5951 -0.5815
vn -0.5703 -0.5763 -0.5854
vn -0.5790 -0.5533 -0.5989
vn -0.5626 -0.5730 -0.5960
vn -0.4564 -0.5938 -0.6627
vn -0.4764 -0.6407 -0.6022
vn -0.1636 -0.6631 -0.7305
vn -0.4804 -0.4290 -0.7649
vn 0.0522 -0.7085 -0.7038
vn -0.2734 -0.5051 -0.8186
vn -0.1259 -0.7386 -0.6622
vn -0.2304 -0.7041 -0.6716
vn -0.4821 -0.3763 -0.7912
vn -0.4281 -0.4320 -0.7938
vn -0.4673 -0.6971 -0.5437
vn -0.4824 -0.4046 -0.7769
vn -0.3135 -0.6435 -0.6983
vn -0.3271 -0.9154 -0.2345
vn -0.2875 -0.9533 0.0920
vn -0.4219 -0.9033 -0.0775
vn -0.5411 -0.7229 -0.4296
vn -0.5254 -0.3991 -0.7514
vn -0.5254 -0.4288 -0.7349
vn -0.5542 -0.5028 -0.6634
vn -0.5550 -0.4707 -0.6859
vn -0.5777 -0.7107 -0.4015
vn -0.5823 -0.6430 -0.4975
vn -0.3840 -0.3623 -0.8493
vn -0.4242 -0.3508 -0.8348
vn -0.4893 -0.6465 -0.5854
vn -0.4251 -0.6307 -0.6493
vn -0.3931 -0.4161 -0.8199
vn -0.3645 -0.2969 -0.8826
vn -0.3773 -0.2391 -0.8947
vn -0.3907 -0.2349 -0.8900
vn -0.4303 -0.4799 -0.7646
vn 0.3937 0.8474 0.3563
vn 0.5011 0.8246 0.2624
vn 0.5339 0.7722 0.3444
vn 0.4257 0.8051 0.4130
vn 0.6072 0.7430 0.2816
vn 0.5027 0.8644 0.0078
vn 0.5754 0.3742 0.7273
vn 0.5219 0.4520 0.7234
vn 0.3911 0.4834 0.7832
vn 0.7888 0.5049 0.3507
vn 0.5601 0.7112 0.4248
vn 0.4528 0.8900 -0.0533
vn 0.7169 0.6971 -0.0129
vn 0.4978 0.8516 0.1642
vn 0.5245 0.6614 0.5362
vn 0.5128 0.2209 0.8296
vn 0.5373 0.2211 0.8139
vn 0.4211 -0.0096 0.9070
vn 0.4481 -0.1838 0.8749
vn 0.4415 0.1119 0.8902
vn 0.5776 0.0940 0.8109
vn 0.4454 0.0184 0.8951
vn 0.5311 0.3344 0.7785
vn 0.5181 0.2483 0.8185
vn 0.4746 0.8799 0.0221
vn 0.6002 0.7093 0.3698
vn 0.5629 0.5188 0.6434
vn 0.6192 0.7830 0.0592
vn 0.4770 0.2707 0.8362
vn 0.5222 0.8350 0.1736
vn 0.4846 0.1293 0.8651
vn 0.6357 0.4076 0.6555
vn 0.4229 0.0196 0.9060
vn 0.7850 0.3206 0.5301
vn 0.8636 0.2060 0.4601
vn 0.5652 0.6709 0.4800
vn 0.6654 0.5928 0.4537
vn 0.8468 0.3177 0.4266
vn 0.9594 0.1606 0.2320
vn 0.8094 0.3015 0.5040
vn 0.7168 0.5679 0.4046
vn 0.7914 0.3181 0.5220
vn 0.7945 0.4327 0.4262
vn 0.7115 0.5466 0.4416
vn 0.7413 0.1854 0.6450
vn 0.6684 0.3606 0.6505
vn 0.6986 0.3637 0.6162
vn 0.4020 0.9041 0.1448
vn 0.6394 0.7356 0.2238
vn 0.6152 0.7290 0.3003
vn 0.4352 0.8659 0.2467
vn 0.4157 0.8053 0.4227
vn 0.5678 0.7283 0.3836
vn 0.6186 0.0824 0.7814
vn 0.3698 0.1669 0.9140
vn 0.4008 -0.0914 0.9116
vn 0.7233 0.1546 0.6730
vn 0.5890 0.6954 0.4117
vn 0.6752 0.6516 0.3458
vn 0.6391 0.5672 0.5194
vn 0.7288 0.5365 0.4255
vn 0.7680 0.4491 0.4566
vn 0.7566 0.0580 0.6513
vn 0.7667 0.0224 0.6417
vn 0.7629 0.2923 0.5766
vn 0.7450 0.3119 0.5896
vn 0.7884 0.5508 0.2738
vn 0.7529 0.6078 0.2523
vn 0.8912 0.1047 0.4414
vn 0.8844 0.4544 0.1063
vn 0.4895 -0.3827 0.7835
vn 0.7047 0.1901 0.6835
vn 0.6838 0.1680 0.7101
vn 0.7509 0.5614 0.3478
vn 0.7807 0.5504 0.2960
vn 0.7365 0.6747 0.0484
vn 0.7059 0.7005 0.1049
vn 0.7310 0.6807 -0.0470
vn 0.8509 0.4734 0.2278
vn 0.6625 0.6965 -0.2757
vn 0.7271 0.6491 -0.2235
vn 0.6728 0.7357 0.0782
vn 0.6061 0.6799 -0.4127
vn 0.6874 0.5575 -0.4654
vn 0.5889 0.5243 -0.6150
vn 0.5381 0.5761 -0.6153
vn 0.7096 0.3858 -0.5896
vn 0.7935 0.5283 -0.3021
vn 0.7581 0.5738 -0.3099
vn 0.9639 0.2638 -0.0373
vn 0.9111 0.0116 -0.4121
vn 0.6991 0.3988 -0.5935
vn 0.8001 -0.4766 0.3642
vn 0.9775 -0.1331 0.1637
vn 0.9068 0.1410 0.3972
vn 0.8450 -0.2092 0.4922
vn 0.6466 -0.7574 0.0912
vn 0.8900 -0.4162 -0.1862
vn 0.5384 0.1026 -0.8364
vn 0.3760 0.3190 -0.8700
vn 0.6640 -0.2442 -0.7067
vn 0.2941 -0.3045 -0.9060
vn 0.2639 -0.0676 -0.9622
vn 0.2680 0.1487 -0.9519
vn 0.3997 -0.8714 -0.2846
vn 0.6373 -0.5623 -0.5270
vn 0.2696 -0.5457 -0.7934
vn 0.1142 -0.8260 -0.5520
vn -0.0119 -0.8568 -0.5155
vn 0.0913 -0.6017 -0.7935
vn -0.0612 -0.9176 -0.3927
vn -0.0756 -0.6059 -0.7919
vn 0.1611 -0.3730 -0.9137
vn -0.0622 -0.2430 -0.9680
vn -0.5588 -0.7715 -0.3043
vn -0.5261 -0.8308 -0.1815
vn -0.5120 -0.8565 -0.0654
vn -0.4771 -0.8777 0.0447
vn -0.5117 -0.8455 -0.1525
vn -0.5449 -0.8144 -0.1997
vn -0.5733 -0.5735 -0.5851
vn -0.4656 -0.3158 -0.8268
vn -0.5607 -0.5645 -0.6058
vn -0.5573 -0.6159 -0.5568
vn -0.4563 -0.5710 -0.6824
vn -0.2740 -0.1902 -0.9427
vn -0.1121 -0.5945 -0.7962
vn -0.0303 -0.5253 -0.8504
vn -0.4101 -0.8639 -0.2923
vn -0.4078 -0.9107 -0.0657
vn -0.4367 -0.4104 -0.8006
vn -0.4602 -0.6594 -0.5945
vn -0.4509 -0.5504 -0.7027
vn -0.3180 -0.8976 -0.3053
vn -0.3496 -0.7126 -0.6083
vn -0.4275 -0.2309 -0.8740
vn -0.3557 -0.4388 -0.8252
vn -0.2354 -0.3742 -0.8970
vn -0.3518 -0.2116 -0.9118
vn -0.2432 0.0497 -0.9687
vn -0.3404 -0.0718 -0.9375
vn -0.2725 0.0480 -0.9610
vn -0.3694 0.0481 -0.9280
vn -0.4688 -0.1927 -0.8620
vn -0.3003 -0.1789 -0.9369
vn -0.1647 -0.2744 -0.9474
vn -0.0056 -0.5781 -0.8160
vn -0.1759 0.0896 -0.9803
vn -0.0535 -0.6383 -0.7680
vn -0.0598 -0.5694 -0.8199
vn -0.4417 -0.0767 -0.8939
vn -0.2175 -0.5427 -0.8113
vn -0.3403 -0.6126 -0.7134
vn -0.2697 0.0411 -0.9621
vn -0.5168 -0.2825 -0.8081
vn -0.2225 -0.6771 -0.7014
vn -0.2625 -0.6944 -0.6700
vn -0.4244 -0.4903 -0.7612
vn -0.3810 -0.4566 -0.8040
vn -0.4225 -0.5403 -0.7277
vn -0.3233 -0.4469 -0.8341
vn -0.2915 -0.7707 -0.5666
vn -0.2048 -0.7117 -0.6720
vn -0.1730 -0.8687 -0.4641
vn -0.0983 -0.5944 -0.7982
vn -0.1582 -0.9308 -0.3296
vn -0.1165 -0.6842 -0.7199
vn -0.2840 -0.4254 -0.8593
vn -0.2178 -0.5036 -0.8361
vn -0.1109 -0.3354 -0.9355
vn -0.1595 -0.3455 -0.9248
vn -0.3252 -0.4191 -0.8477
vn -0.2216 -0.3860 -0.8955
vn -0.0698 -0.4594 -0.8855
vn -0.0381 -0.3545 -0.9343
vn -0.2944 -0.4841 -0.8240
vn -0.2558 -0.4730 -0.8431
vn -0.2128 -0.4326 -0.8761
vn -0.3838 -0.5836 -0.7156
vn -0.1350 -0.3291 -0.9346
vn -0.3577 -0.5180 -0.7770
vn -0.4930 -0.6723 -0.5522
vn -0.5171 -0.6162 -0.5941
vn -0.0233 -0.3212 -0.9467
vn -0.0758 -0.3373 -0.9383
vn -0.0233 -0.1681 -0.9855
vn 0.0217 -0.1313 -0.9911
vn -0.1672 -0.3714 -0.9133
vn -0.0244 -0.3118 -0.9498
vn -0.0175 -0.0971 -0.9951
vn -0.0125 -0.1100 -0.9939
vn -0.2535 -0.3412 -0.9052
vn -0.2363 -0.2784 -0.9310
vn -0.5158 -0.5353 -0.6688
vn -0.5510 -0.5954 -0.5847
vn -0.4938 -0.4223 -0.7602
vn -0.4261 -0.4031 -0.8099
vn -0.4914 -0.4602 -0.7394
vn -0.4193 -0.4051 -0.8125
vn -0.4765 -0.4913 -0.7291
vn -0.4130 -0.4395 -0.7977
vn -0.3561 -0.4515 -0.8181
vn -0.4246 -0.4691 -0.7744
vn -0.1883 -0.2672 -0.9451
vn -0.1661 -0.2828 -0.9447
vn -0.1306 -0.2164 -0.9675
vn -0.4514 -0.3363 -0.8265
vn -0.3765 -0.4533 -0.8079
vn -0.0856 -0.2319 -0.9690
vn -0.5981 -0.5682 -0.5651
vn -0.7212 -0.4089 -0.5591
vn -0.5273 -0.4336 -0.7307
vn -0.5351 -0.4071 -0.7402
vn -0.5430 -0.4817 -0.6878
vn -0.5761 -0.4830 -0.6594
vn -0.5724 -0.5228 -0.6317
vn -0.5277 -0.5198 -0.6718
vn -0.4343 -0.4662 -0.7707
vn -0.4807 -0.4689 -0.7410
vn -0.2264 -0.2922 -0.9292
vn -0.1613 -0.2688 -0.9496
vn -0.1775 -0.0858 -0.9804
vn -0.2160 -0.1996 -0.9558
vn -0.1554 -0.0998 -0.9828
vn -0.2567 -0.1568 -0.9537
vn -0.1006 -0.0809 -0.9916
vn -0.1577 -0.2424 -0.9573
vn -0.4124 -0.4695 -0.7807
vn -0.4004 -0.4210 -0.8139
vn -0.5095 -0.4186 -0.7518
vn -0.4586 -0.5574 -0.6921
vn -0.5292 -0.6848 -0.5009
vn -0.4703 -0.4217 -0.7752
vn -0.6333 -0.6237 -0.4582
vn -0.3662 -0.6392 -0.6763
vn -0.3681 -0.5670 -0.7369
vn 0.5902 0.7579 0.2780
vn 0.6599 0.6722 0.3358
vn 0.6831 0.5972 0.4204
vn 0.6929 0.6120 0.3813
vn 0.7443 0.6090 0.2741
vn 0.7424 0.6195 0.2552
vn 0.5526 0.4322 0.7126
vn 0.5573 0.5252 0.6431
vn 0.5171 0.7179 0.4661
vn 0.8046 0.5690 0.1699
vn 0.7532 0.5319 0.3870
vn 0.7339 0.5018 0.4578
vn 0.8078 0.5545 0.2000
vn 0.5989 0.4405 0.6688
vn 0.6085 0.4723 0.6377
vn 0.5712 0.3613 0.7370
vn 0.5699 0.3969 0.7195
vn 0.4941 0.4287 0.7564
vn 0.5740 0.4977 0.6502
vn 0.6150 0.4192 0.6678
vn 0.5918 0.4962 0.6353
vn 0.6725 0.5815 0.4578
vn 0.7428 0.5508 0.3806
vn 0.7989 0.5859 0.1358
vn 0.7044 0.5775 0.4127
vn 0.7862 0.6058 0.1220
vn 0.8001 0.5987 -0.0383
vn 0.6649 0.4981 0.5565
vn 0.6997 0.5465 0.4602
vn 0.6255 0.5440 0.5593
vn 0.7528 0.5453 0.3688
vn 0.7208 0.4768 0.5031
vn 0.7134 0.4025 0.5736
vn 0.6784 0.5524 0.4844
vn 0.6969 0.3440 0.6293
vn 0.7539 0.3069 0.5808
vn 0.5503 0.1625 0.8190
vn 0.5719 0.3289 0.7515
vn 0.5814 0.4626 0.6693
vn 0.7312 -0.1823 0.6574
vn 0.5963 -0.2844 0.7507
vn 0.6471 -0.0597 0.7600
vn 0.7069 0.1283 0.6956
vn 0.7386 0.3500 0.5762
vn 0.6193 0.0381 0.7842
vn 0.7539 0.6371 0.1605
vn 0.6927 0.5388 0.4794
vn 0.5532 0.4307 0.7130
vn 0.6370 0.3873 0.6665
vn 0.7186 0.2847 0.6344
vn 0.7022 0.3022 0.6447
vn 0.7223 0.1113 0.6826
vn 0.7994 0.0019 0.6008
vn 0.7116 0.1483 0.6867
vn 0.9245 0.3476 0.1563
vn 0.9280 0.1296 0.3494
vn 0.7118 0.1340 0.6895
vn 0.7646 0.3038 0.5684
vn 0.7476 0.3720 0.5502
vn 0.8175 0.2226 0.5312
vn 0.8335 0.4670 0.2954
vn 0.7193 0.2940 0.6295
vn 0.7408 0.0787 0.6671
vn 0.7948 0.6055 -0.0409
vn 0.7726 0.6348 -0.0136
vn 0.7956 0.5932 0.1227
vn 0.0846 0.1400 0.9865
vn 0.3009 0.2703 0.9145
vn 0.3789 0.2918 0.8782
vn 0.2473 0.0635 0.9669
vn 0.0604 0.0899 0.9941
vn 0.2302 0.2305 0.9455
vn 0.1485 0.1121 0.9825
vn 0.1990 0.1578 0.9672
vn 0.4260 0.3259 0.8440
vn 0.5075 0.3760 0.7753
vn 0.3148 0.2509 0.9154
vn 0.2045 0.2018 0.9578
vn 0.4252 0.3286 0.8434
vn 0.4957 0.3757 0.7830
vn 0.1518 0.1933 0.9693
vn 0.1447 0.1868 0.9717
vn -0.0189 0.2069 0.9782
vn 0.1339 0.4048 0.9046
vn 0.3950 0.4030 0.8255
vn 0.4437 0.4184 0.7925
vn 0.3754 0.3837 0.8437
vn 0.2923 0.3833 0.8762
vn 0.0164 0.1976 0.9801
vn 0.0733 0.3100 0.9479
vn 0.0855 0.3008 0.9499
vn 0.0384 0.2537 0.9665
vn 0.2155 0.4076 0.8874
vn 0.2077 0.4655 0.8603
vn 0.1693 0.3500 0.9213
vn 0.1119 0.2494 0.9619
vn 0.0873 0.1921 0.9775
vn -0.5815 -0.6434 -0.4978
vn -0.6038 -0.6873 -0.4037
vn -0.5740 -0.6556 -0.4907
vn -0.5673 -0.6549 -0.4993
vn -0.6516 -0.5810 -0.4877
vn -0.6310 -0.5817 -0.5134
vn -0.7040 -0.6567 -0.2705
vn -0.6677 -0.6650 -0.3347
vn -0.6636 -0.5802 -0.4722
vn -0.6658 -0.5601 -0.4929
vn -0.7646 -0.4368 -0.4740
vn -0.7125 -0.4746 -0.5167
vn -0.6137 -0.6790 -0.4030
vn -0.5535 -0.7130 -0.4305
vn -0.5709 -0.7466 -0.3415
vn -0.6554 -0.7132 -0.2486
vn -0.6467 -0.6556 -0.3899
vn -0.6938 -0.6934 -0.1945
vn -0.6829 -0.7302 -0.0211
vn -0.5268 -0.7984 -0.2917
vn -0.6789 -0.7274 -0.1000
vn -0.4467 -0.8555 -0.2617
vn -0.3412 -0.7205 -0.6037
vn -0.4712 -0.7276 -0.4986
vn -0.5790 -0.6389 -0.5066
vn -0.5570 -0.5894 -0.5851
vn -0.7166 -0.6740 -0.1796
vn -0.6655 -0.6263 -0.4061
vn -0.6878 -0.6264 -0.3669
vn -0.5830 -0.5407 -0.6064
vn -0.3319 -0.8266 -0.4545
vn -0.0276 -0.7385 -0.6737
vn -0.5352 -0.6528 -0.5361
vn -0.2626 -0.5674 -0.7804
vn 0.1349 0.0980 0.9860
vn 0.2941 0.3118 0.9035
vn 0.4502 0.3989 0.7989
vn 0.3499 0.0437 0.9358
vn 0.5878 0.4241 0.6890
vn 0.5122 0.3624 0.7787
vn 0.5157 0.1430 0.8447
vn 0.5057 0.0789 0.8591
vn 0.3142 -0.1931 0.9295
vn 0.3147 -0.2378 0.9189
vn 0.2909 -0.2172 0.9318
vn 0.3929 -0.2031 0.8969
vn 0.2615 -0.1223 0.9574
vn 0.5178 -0.0052 0.8555
vn 0.7521 -0.1307 -0.6459
vn 0.3877 -0.6465 -0.6570
vn 0.1620 -0.5686 -0.8065
vn 0.5785 -0.0732 -0.8124
vn 0.8776 -0.2416 -0.4142
vn 0.6254 -0.6970 -0.3509
vn 0.3241 -0.9190 -0.2246
vn 0.0488 -0.9318 -0.3596
vn -0.1977 -0.8609 -0.4687
vn 0.5936 -0.0225 0.8044
vn 0.1524 -0.5923 0.7912
vn 0.4462 -0.5728 0.6876
vn 0.8597 0.2713 0.4328
vn 0.7931 0.4257 0.4356
vn 0.7858 -0.1233 0.6061
vn 0.4651 0.0001 0.8852
vn 0.7773 0.4386 0.4510
vn 0.0335 -0.5686 0.8219
vn -0.3003 -0.9382 0.1718
vn -0.0769 -0.9541 0.2893
vn -0.0170 -0.8390 0.5438
vn -0.1540 -0.8356 0.5273
vn 0.3558 -0.9049 0.2335
vn 0.4087 -0.7955 0.4474
vn 0.9071 -0.3929 0.1512
vn 0.8937 -0.2530 0.3705
vn 0.9520 0.2960 0.0778
vn 0.9207 0.3310 0.2068
vn 0.3251 -0.9457 -0.0035
vn -0.0813 -0.9962 -0.0320
vn -0.3405 -0.9333 -0.1144
vn 0.7960 -0.6019 -0.0640
vn 0.9891 0.0671 -0.1310
vn 0.8208 0.3608 -0.4429
vn 0.9023 0.3168 -0.2923
vn 0.8626 0.5029 0.0554
vn 0.8580 0.5132 0.0210
vn 0.8218 0.5392 0.1840
vn 0.8022 0.5631 0.1987
vn -0.0821 0.4498 0.8893
vn -0.0534 0.4544 0.8892
vn 0.1701 0.4782 0.8616
vn 0.1550 0.5060 0.8485
vn 0.3716 0.5095 0.7761
vn 0.0776 0.5122 0.8553
vn 0.7378 0.4462 0.5065
vn 0.5487 0.4881 0.6787
vn 0.4901 0.5334 0.6894
vn -0.3108 0.3902 0.8667
vn -0.2837 0.3933 0.8746
vn -0.5948 0.2509 0.7637
vn -0.6166 0.2650 0.7413
vn -0.5851 0.3229 0.7439
vn -0.1983 0.4707 0.8597
vn 0.0149 0.3564 0.9342
vn -0.0776 0.5255 0.8472
vn 0.2080 0.5763 0.7903
vn 0.2251 0.3077 0.9245
vn 0.5290 0.5480 0.6480
vn 0.3152 0.1839 0.9310
vn -0.2123 0.3104 0.9266
vn -0.3146 0.4638 0.8282
vn -0.6510 0.3201 0.6883
vn -0.6377 0.1874 0.7471
vn 0.4214 -0.1301 0.8975
vn 0.3030 -0.2396 0.9224
vn 0.2010 -0.3100 0.9292
vn 0.5004 -0.1954 0.8435
vn 0.4266 0.1693 0.8885
vn -0.9049 -0.0454 0.4231
vn -0.3943 -0.2728 0.8775
vn -0.7714 -0.5565 0.3086
vn -0.7285 -0.4546 0.5125
vn -0.1306 -0.7072 0.6949
vn -0.7778 -0.6284 -0.0117
vn -0.3376 -0.7795 0.5276
vn 0.8085 0.0984 0.5802
vn 0.6893 -0.1377 0.7113
vn 0.6822 0.1900 0.7061
vn 0.5943 0.0641 0.8017
vn -0.1744 -0.6757 0.7163
vn -0.0567 -0.6491 0.7586
vn 0.2316 -0.2183 0.9480
vn 0.1181 -0.3514 0.9287
vn 0.0322 -0.3583 0.9330
vn 0.2426 -0.5402 0.8058
vn 0.0368 -0.7142 0.6990
vn -0.0101 -0.2384 0.9711
vn 0.2226 0.0862 0.9711
vn 0.3680 0.1250 0.9214
vn 0.3862 -0.0118 0.9223
vn 0.1631 0.1187 0.9794
vn 0.0775 -0.7578 0.6479
vn 0.2004 -0.5215 0.8294
vn 0.0557 -0.6814 0.7298
vn 0.4216 -0.3024 0.8549
vn -0.0768 -0.1741 0.9817
vn -0.9252 0.1311 0.3561
vn -0.8892 0.1773 0.4217
vn -0.9570 0.0121 0.2897
vn -0.9466 0.1354 0.2927
vn -0.7127 -0.3714 -0.5951
vn -0.6133 -0.5064 -0.6061
vn -0.3828 -0.6254 -0.6799
vn -0.4663 -0.5397 -0.7009
vn -0.8532 -0.4995 -0.1501
vn -0.7485 -0.6437 -0.1596
vn -0.7913 -0.3186 -0.5219
vn -0.9521 -0.0044 -0.3057
vn -0.6732 -0.5000 -0.5448
vn -0.9149 -0.3141 -0.2537
vn -0.9996 0.0229 -0.0182
vn -0.6894 -0.7045 0.1687
vn -0.9957 -0.0014 0.0921
vn -0.1279 -0.5937 -0.7944
vn -0.3286 -0.5603 -0.7603
vn -0.0111 -0.5908 -0.8067
vn 0.0820 -0.5395 -0.8380
vn -0.9389 0.0028 0.3442
vn -0.8746 0.1531 0.4601
vn -0.8606 0.0722 0.5042
vn -0.9490 -0.0946 0.3008
vn -0.8817 -0.4201 -0.2146
vn -0.9687 -0.1739 0.1769
vn -0.9544 -0.2898 0.0714
vn -0.8182 -0.5077 -0.2698
vn -0.5447 -0.6058 -0.5799
vn -0.6190 -0.5601 -0.5505
vn -0.9618 -0.1379 0.2364
vn -0.8558 0.0520 0.5147
vn -0.8694 0.1100 0.4818
vn -0.9807 -0.1187 0.1554
vn -0.3045 -0.5368 -0.7869
vn -0.4656 -0.5261 -0.7116
vn -0.4749 -0.5746 -0.6665
vn -0.2081 -0.5765 -0.7902
vn -0.7975 -0.4772 -0.3691
vn -0.8014 -0.4320 -0.4137
vn -0.9372 -0.3361 -0.0932
vn -0.9409 -0.3064 -0.1444
vn -0.9858 -0.0799 0.1476
vn -0.8492 0.2021 0.4879
vn -0.9946 -0.0550 0.0875
vn -0.8625 0.2364 0.4474
vn -0.4986 0.4670 0.7302
vn -0.5256 0.4305 0.7338
vn -0.3948 -0.4185 -0.8179
vn -0.6960 -0.3973 -0.5981
vn -0.5237 -0.4884 -0.6980
vn -0.3205 -0.4955 -0.8073
vn -0.8400 -0.3911 -0.3762
vn -0.8969 -0.3348 -0.2889
vn -0.9607 -0.2480 -0.1245
vn -0.9566 -0.2665 -0.1180
vn -0.8199 0.0610 0.5692
vn -0.5569 0.2567 0.7899
vn -0.6197 0.2454 0.7455
vn -0.8087 0.0792 0.5828
vn -0.3169 0.4231 0.8488
vn -0.2171 0.4038 0.8887
vn -0.3029 0.3335 0.8928
vn -0.6351 0.1350 0.7605
vn -0.8531 -0.0260 0.5211
vn -0.9094 -0.3725 -0.1849
vn -0.9589 -0.1446 0.2440
vn -0.9591 -0.1836 0.2154
vn -0.9058 -0.3809 -0.1857
vn -0.8893 -0.4165 -0.1889
vn -0.9549 -0.1962 0.2231
vn -0.3437 -0.5542 -0.7581
vn -0.5635 -0.5616 -0.6059
vn -0.5657 -0.5115 -0.6468
vn -0.3618 -0.5259 -0.7698
vn -0.5914 -0.4953 -0.6364
vn -0.4453 -0.5299 -0.7217
vn 0.0941 0.9726 0.2124
vn 0.0920 0.9876 0.1271
vn 0.1453 0.9705 0.1924
vn 0.1219 0.9666 0.2255
vn 0.3411 0.6867 0.6419
vn 0.2567 0.7931 0.5523
vn 0.3314 -0.5340 0.7778
vn 0.4027 0.0355 0.9146
vn 0.2722 -0.4556 0.8475
vn 0.3603 0.2816 0.8893
vn 0.3119 -0.6455 0.6972
vn 0.3616 -0.2819 0.8887
vn 0.2418 -0.2336 0.9418
vn 0.2121 -0.5595 0.8012
vn 0.4739 0.6810 0.5583
vn 0.4472 0.6668 0.5962
vn 0.4601 0.7376 0.4942
vn 0.4194 0.8399 0.3445
vn 0.4945 0.6901 0.5284
vn 0.4349 0.7109 0.5528
vn 0.3884 0.7553 0.5280
vn 0.3790 0.7244 0.5758
vn 0.8376 -0.4132 -0.3572
vn 0.7570 -0.6402 -0.1310
vn 0.3592 -0.6397 -0.6795
vn 0.4753 -0.7264 -0.4964
vn -0.1479 -0.0139 -0.9889
vn -0.0289 0.3883 -0.9211
vn -0.0181 -0.0055 -0.9998
vn 0.2458 0.2693 -0.9312
vn 0.2838 -0.1574 -0.9459
vn 0.4486 -0.3550 -0.8202
vn 0.8414 -0.0558 -0.5375
vn 0.7426 0.0983 -0.6625
vn 0.2849 0.1527 -0.9463
vn 0.4767 0.3334 -0.8134
vn -0.0067 -0.0201 -0.9998
vn 0.4638 0.1360 -0.8755
vn 0.8175 0.1351 -0.5598
vn 0.7426 0.3088 -0.5943
vn 0.3929 -0.0425 -0.9186
vn 0.3599 -0.2558 -0.8972
vn -0.1603 -0.3117 -0.9366
vn -0.2344 -0.4889 -0.8403
vn -0.0507 0.0872 -0.9949
vn 0.2097 -0.0598 -0.9759
vn 0.0076 -0.9975 -0.0700
vn 0.4104 -0.9027 0.1291
vn 0.3929 -0.8888 -0.2361
vn -0.0757 -0.9853 -0.1534
vn 0.0414 -0.5391 0.8412
vn 0.3756 0.0335 0.9262
vn 0.3389 0.1191 0.9332
vn 0.2129 -0.4133 0.8854
vn 0.7325 0.4705 0.4920
vn 0.6536 0.5392 0.5310
vn -0.0689 -0.8888 0.4530
vn -0.2029 -0.9792 0.0006
vn 0.2400 -0.9042 0.3533
vn 0.0691 -0.9764 -0.2045
vn 0.4567 -0.3334 -0.8248
vn 0.9363 0.0537 -0.3471
vn 0.8239 0.2666 -0.5002
vn 0.4721 -0.0709 -0.8787
vn 0.8721 0.4892 0.0117
vn 0.8453 0.5131 0.1489
vn 0.7732 0.5992 0.2076
vn 0.7197 0.6530 0.2360
vn 0.7475 0.2797 0.6025
vn 0.8350 0.2310 0.4994
vn 0.8482 -0.1732 0.5005
vn 0.7341 -0.0313 0.6784
vn 0.7443 -0.6034 0.2863
vn 0.8366 -0.5052 0.2118
vn -0.3391 -0.4440 -0.8294
vn -0.4567 -0.3578 -0.8145
vn -0.3866 -0.5053 -0.7715
vn -0.3922 -0.6023 -0.6953
vn -0.3528 -0.5885 -0.7274
vn -0.5480 -0.4828 -0.6831
vn -0.4385 -0.6723 -0.5965
vn -0.6287 -0.5838 -0.5138
vn -0.3573 -0.6639 -0.6569
vn 0.6279 0.5536 0.5470
vn 0.5533 0.5960 0.5819
vn 0.6129 0.5094 0.6040
vn 0.6525 0.4908 0.5774
vn 0.4680 0.5460 0.6949
vn 0.3121 0.6823 0.6611
vn 0.5214 0.4505 0.7247
vn 0.6407 0.4436 0.6267
vn 0.6953 0.4275 0.5778
vn -0.3456 -0.6874 -0.6388
vn -0.3969 -0.5735 -0.7167
vn -0.3325 -0.5628 -0.7568
vn -0.2915 -0.6846 -0.6681
vn -0.1835 -0.6658 -0.7232
vn -0.2347 -0.5387 -0.8092
vn 0.8530 0.3733 -0.3647
vn 0.6508 0.0168 -0.7591
vn 0.6881 0.0253 -0.7252
vn 0.8203 0.1253 -0.5581
vn 0.8192 0.4071 -0.4040
vn 0.6280 0.0147 -0.7781
vn 0.4379 -0.1909 -0.8785
vn 0.5020 -0.1540 -0.8510
vn 0.6009 -0.0648 -0.7967
vn 0.5495 0.1006 -0.8294
vn 0.2590 -0.1438 -0.9551
vn 0.7050 0.2889 -0.6477
vn 0.6809 0.7274 -0.0852
vn 0.3299 0.8326 0.4448
vn 0.6143 0.7231 0.3158
vn 0.4048 0.7022 0.5857
vn 0.7149 0.6107 0.3405
vn 0.9403 0.3373 -0.0453
vn 0.4520 0.5189 0.7256
vn 0.4733 0.5622 0.6782
vn 0.1356 0.8763 0.4623
vn 0.2830 0.8645 0.4153
vn 0.1842 0.9349 0.3033
vn 0.1152 0.9317 0.3445
vn 0.3292 0.8779 0.3477
vn 0.4178 0.8005 0.4297
vn 0.4109 0.7541 0.5124
vn 0.5452 0.6727 0.5003
vn 0.1788 0.7986 0.5747
vn -0.0528 -0.6411 -0.7656
vn 0.3161 -0.4685 -0.8250
vn 0.1900 -0.6072 -0.7715
vn 0.5654 -0.3633 -0.7405
vn 0.8169 -0.0906 -0.5696
vn 0.4638 0.7224 0.5129
vn 0.4519 0.7008 0.5519
vn 0.4827 0.6601 0.5755
vn 0.5240 0.6971 0.4893
vn 0.4101 0.6143 0.6741
vn 0.4599 0.6205 0.6352
vn 0.4466 0.7255 0.5237
vn 0.3802 0.7170 0.5843
vn 0.5025 0.7309 0.4619
vn 0.8566 -0.0510 -0.5135
vn 0.8980 0.0403 -0.4382
vn 0.5168 -0.4007 -0.7566
vn 0.5051 -0.2845 -0.8148
vn 0.7377 0.1624 -0.6553
vn 0.8457 0.2168 -0.4876
vn 0.3508 -0.0257 -0.9361
vn 0.1112 -0.0743 -0.9910
vn 0.8282 0.1109 -0.5494
vn 0.3743 -0.1601 -0.9134
vn 0.8917 0.3664 0.2656
vn 0.4105 0.2861 0.8658
vn 0.5693 0.3303 0.7528
vn 0.5457 0.4583 0.7016
vn 0.3845 0.4832 0.7865
vn -0.4660 -0.5892 -0.6601
vn -0.5082 -0.5321 -0.6772
vn -0.4993 -0.7336 -0.4610
vn -0.4585 -0.6958 -0.5529
vn -0.4229 -0.8216 -0.3823
vn -0.4398 -0.6347 -0.6354
vn 0.8283 0.4145 0.3769
vn 0.8532 0.0401 0.5200
vn 0.6615 0.1606 0.7326
vn 0.5433 0.5269 0.6536
vn 0.7100 0.6855 0.1616
vn 0.3705 0.7930 0.4836
vn 0.0907 -0.6730 -0.7340
vn 0.1529 -0.6721 -0.7245
vn 0.0195 -0.5142 -0.8574
vn 0.0830 -0.4784 -0.8742
vn -0.0065 -0.1447 -0.9895
vn -0.0787 -0.2690 -0.9599
vn 0.2324 0.2048 0.9508
vn 0.3987 0.3012 0.8662
vn 0.4694 0.3261 0.8206
vn 0.3278 0.1991 0.9235
vn 0.3703 0.1911 0.9090
vn 0.2603 0.0292 0.9651
vn -0.1981 -0.3880 -0.9001
vn -0.2526 -0.3970 -0.8824
vn -0.2980 -0.4410 -0.8466
vn -0.2196 -0.4893 -0.8440
vn -0.2496 -0.4747 -0.8440
vn -0.3467 -0.3562 -0.8677
vn -0.2144 -0.6166 -0.7575
vn -0.2998 -0.5068 -0.8082
vn -0.2006 -0.6156 -0.7621
vn -0.2792 -0.7870 -0.5502
vn 0.0316 -0.4701 -0.8820
vn -0.0055 -0.4956 -0.8685
vn -0.1621 -0.7695 -0.6177
vn -0.3104 -0.9274 -0.2086
vn -0.1097 -0.9279 -0.3564
vn 0.5706 0.6846 0.4535
vn 0.5127 0.7832 0.3518
vn 0.5423 0.7808 0.3103
vn 0.6613 0.7104 0.2409
vn 0.5528 0.7965 0.2452
vn 0.5180 0.7826 0.3452
vn 0.4711 0.6979 0.5395
vn 0.4854 0.7698 0.4145
vn 0.6401 0.7156 0.2796
vn 0.2618 0.5365 0.8023
vn 0.2623 0.4702 0.8427
vn 0.2721 0.4660 0.8419
vn 0.2626 -0.0315 0.9644
vn 0.2568 0.0456 0.9654
vn 0.2945 0.1734 0.9398
vn 0.2516 0.0199 0.9676
vn 0.2839 0.2849 0.9155
vn 0.2848 0.1961 0.9383
vn 0.3476 0.2630 0.9000
vn 0.2530 0.2096 0.9445
vn 0.1853 0.0917 0.9784
vn 0.4038 0.3286 0.8538
vn 0.4036 0.2810 0.8707
vn 0.2441 0.3300 0.9119
vn 0.3163 0.4252 0.8480
vn 0.3293 0.3000 0.8953
vn 0.4368 0.4216 0.7946
vn 0.8862 0.4422 -0.1380
vn 0.8229 0.5280 -0.2098
vn 0.6349 0.7054 0.3152
vn 0.6370 0.6839 0.3558
vn 0.6490 0.6391 0.4128
vn 0.9292 0.3666 -0.0460
vn -0.3924 -0.6785 -0.6210
vn -0.4362 -0.6556 -0.6164
vn -0.4381 -0.6681 -0.6014
vn -0.4095 -0.6391 -0.6510
vn -0.4441 -0.6489 -0.6178
vn -0.3865 -0.7225 -0.5732
vn -0.3140 -0.1645 -0.9351
vn -0.4263 -0.4395 -0.7906
vn -0.4175 -0.5894 -0.6916
vn -0.3512 -0.2217 -0.9097
vn -0.4282 -0.5193 -0.7396
vn -0.3549 -0.1846 -0.9165
vn 0.8941 -0.3802 0.2366
vn 0.5681 -0.5575 -0.6054
vn 0.3510 -0.7284 -0.5885
vn 0.5589 0.0789 0.8255
vn 0.7871 -0.5697 0.2365
vn 0.5281 -0.0277 0.8487
vn 0.6565 0.3248 0.6808
vn 0.9326 -0.0715 0.3537
vn 0.5588 -0.6428 -0.5240
vn 0.8714 -0.3973 0.2879
vn 0.6274 -0.0110 0.7786
vn 0.4789 -0.7926 -0.3774
vn 0.2668 0.2324 0.9353
vn 0.2985 0.1558 0.9416
vn 0.3949 0.6949 0.6010
vn 0.4107 0.6708 0.6176
vn 0.3039 0.1152 0.9457
vn 0.4097 0.8558 0.3158
vn 0.3801 0.9002 0.2125
vn -0.2958 0.0110 -0.9552
vn -0.1920 0.3518 -0.9162
vn -0.4121 -0.0901 -0.9067
vn -0.4048 -0.2648 -0.8752
vn -0.3077 -0.0683 -0.9490
vn -0.0971 0.4404 -0.8925
vn -0.1870 0.2742 -0.9433
vn -0.1474 0.3446 -0.9271
vn -0.2445 0.0346 -0.9690
vn 0.8081 0.2787 0.5190
vn 0.9598 -0.2802 -0.0163
vn 0.9109 -0.3996 0.1027
vn 0.7870 0.4292 0.4433
vn 0.3560 -0.7196 -0.5961
vn 0.2342 -0.8487 -0.4743
vn 0.5262 -0.5825 -0.6195
vn 0.8721 0.4348 0.2244
vn 0.9854 -0.1186 -0.1225
vn 0.5433 0.5397 0.6431
vn 0.4543 0.5606 0.6924
vn 0.5963 0.6174 0.5131
vn 0.4991 0.7215 0.4799
vn 0.4247 0.6395 0.6408
vn 0.4161 0.8266 0.3790
vn 0.4766 0.7892 0.3873
vn 0.4213 0.7426 0.5205
vn 0.6155 0.6740 0.4085
vn 0.3036 -0.8857 0.3512
vn 0.2052 -0.4550 0.8665
vn 0.2112 -0.0653 0.9753
vn 0.4155 -0.6487 0.6376
vn 0.0431 -0.9710 -0.2352
vn 0.2250 -0.9475 -0.2271
vn -0.4244 -0.4856 -0.7642
vn -0.4387 -0.4884 -0.7544
vn -0.5304 -0.5885 -0.6101
vn -0.5194 -0.5801 -0.6274
vn -0.5117 -0.4841 -0.7098
vn -0.3954 -0.4389 -0.8069
vn 0.7545 0.5056 0.4184
vn 0.7268 0.5926 0.3473
vn 0.8419 0.5154 0.1601
vn 0.8836 0.4232 0.2003
vn 0.8420 0.5136 0.1654
vn 0.7209 0.5798 0.3797
vn 0.7739 0.5408 0.3295
vn 0.7809 0.5497 0.2967
vn 0.8803 0.4248 0.2114
vn 0.2062 0.6020 0.7714
vn 0.2554 0.5539 0.7925
vn 0.2447 0.5230 0.8164
vn 0.0912 0.8933 0.4402
vn 0.0627 0.9371 0.3434
vn 0.0756 0.9490 0.3061
vn 0.1544 0.8785 0.4521
vn 0.1978 0.8472 0.4930
vn 0.3418 0.7103 0.6153
vn 0.3116 -0.4076 0.8584
vn 0.2433 -0.1721 0.9546
vn 0.4848 -0.0233 0.8743
vn 0.5701 -0.1468 0.8084
vn 0.6096 0.0627 0.7902
vn 0.4625 -0.0977 0.8812
vn 0.3571 0.5772 0.7344
vn 0.4315 0.5745 0.6955
vn 0.4325 0.6428 0.6323
vn 0.2965 0.6709 0.6797
vn 0.3892 0.7335 0.5573
vn 0.2987 0.7398 0.6029
vn 0.4072 0.8648 0.2937
vn 0.4180 0.8467 0.3291
vn 0.3818 0.8969 0.2232
vn 0.4192 0.8828 0.2119
vn 0.3869 0.7469 0.5408
vn 0.4705 0.6712 0.5728
vn -0.3093 -0.4354 -0.8454
vn -0.1981 -0.6146 -0.7635
vn -0.0312 -0.5273 -0.8491
vn -0.1935 -0.3530 -0.9154
vn 0.0050 -0.6864 -0.7272
vn -0.0814 -0.7968 -0.5987
vn -0.3584 -0.0104 -0.9335
vn -0.3677 -0.0265 -0.9296
vn -0.3560 0.0701 -0.9319
vn -0.3945 -0.0884 -0.9146
vn -0.3349 -0.1561 -0.9292
vn -0.3900 -0.3053 -0.8687
vn -0.3029 -0.7020 -0.6445
vn -0.3364 -0.6319 -0.6982
vn -0.0438 -0.6189 -0.7843
vn -0.0682 -0.6921 -0.7185
vn -0.1639 -0.4995 -0.8507
vn -0.3950 -0.5233 -0.7550
vn 0.0846 0.0022 0.9964
vn 0.2532 0.2696 0.9291
vn 0.1623 0.3362 0.9277
vn -0.0406 0.1295 0.9907
vn 0.5567 0.6236 0.5488
vn 0.4793 0.6999 0.5296
vn 0.5865 0.3515 0.7297
vn 0.4199 0.4860 0.7665
vn 0.4109 0.2935 0.8631
vn 0.5255 0.1457 0.8382
vn 0.6145 0.6244 0.4821
vn 0.3448 0.5460 0.7636
vn 0.4167 0.4610 0.7835
vn 0.4384 0.7280 0.5271
vn 0.4780 0.6622 0.5770
vn 0.5216 0.6702 0.5279
vn 0.6215 0.5847 0.5215
vn 0.0560 0.4756 0.8779
vn 0.3256 0.4654 0.8231
vn 0.1937 0.5876 0.7856
vn 0.0273 0.5720 0.8198
vn 0.0809 0.6961 0.7134
vn 0.1458 0.6935 0.7055
vn 0.1571 0.8759 0.4562
vn 0.1832 0.8978 0.4004
vn 0.0755 0.8740 0.4800
vn 0.1245 0.8342 0.5372
vn 0.1615 0.8979 0.4096
vn 0.2428 0.8214 0.5160
vn 0.4170 0.6270 0.6580
vn 0.0964 0.8862 0.4532
vn 0.1170 0.8234 0.5553
vn 0.5750 0.2719 0.7716
vn 0.5330 0.3709 0.7605
vn 0.6542 -0.0194 0.7560
vn 0.6797 -0.1348 0.7210
vn 0.6794 -0.0183 0.7335
vn 0.4014 0.5162 0.7566
vn 0.6847 0.2469 0.6857
vn 0.4402 0.2613 0.8590
vn 0.4676 0.2523 0.8472
vn 0.7279 0.2836 0.6243
vn 0.1836 0.1409 0.9728
vn 0.1656 0.2177 0.9619
vn 0.2778 0.2556 0.9260
vn 0.3935 0.4269 0.8142
vn 0.4001 0.4316 0.8085
vn 0.3021 0.2471 0.9207
vn 0.3726 0.5975 0.7100
vn 0.3808 0.6859 0.6201
vn 0.4737 0.7004 0.5339
vn 0.3710 0.4613 0.8060
vn 0.3083 0.2516 0.9174
vn 0.4471 0.7193 0.5317
vn 0.4566 0.7215 0.5206
vn 0.4302 0.7400 0.5170
vn 0.4353 0.7109 0.5524
vn 0.4698 0.8328 0.2929
vn 0.5522 0.8119 0.1894
vn 0.4329 0.7470 0.5045
vn 0.4249 0.7482 0.5095
vn 0.0043 -0.5518 -0.8340
vn -0.1047 -0.4417 -0.8910
vn -0.1717 -0.4895 -0.8549
vn -0.0507 -0.6352 -0.7707
vn -0.2665 -0.2259 -0.9370
vn -0.2417 -0.1546 -0.9580
vn -0.2159 -0.2192 -0.9515
vn -0.3229 -0.2610 -0.9097
vn -0.1924 -0.6526 -0.7329
vn -0.0601 -0.6240 -0.7791
vn -0.0899 -0.1170 -0.9891
vn -0.0014 -0.1323 -0.9912
vn 0.0981 -0.5282 -0.8434
vn 0.0319 -0.3352 -0.9416
vn 0.2022 -0.4027 -0.8927
vn 0.0254 -0.8331 -0.5525
vn -0.0487 -0.8875 -0.4582
vn -0.0988 -0.8607 -0.4995
vn -0.2249 -0.6329 -0.7408
vn -0.2732 -0.4654 -0.8419
vn 0.0629 -0.7322 -0.6782
vn -0.2638 -0.6463 -0.7161
vn -0.3293 -0.4917 -0.8061
vn -0.3802 -0.5306 -0.7576
vn -0.4037 -0.5967 -0.6935
vn -0.3583 -0.4315 -0.8279
vn -0.2545 0.0459 -0.9660
vn -0.1413 0.2274 -0.9635
vn -0.3929 -0.3706 -0.8416
vn -0.3086 -0.5594 -0.7693
vn -0.4317 -0.2250 -0.8735
vn -0.3749 -0.3939 -0.8392
vn -0.4128 -0.3782 -0.8286
vn -0.4724 -0.2203 -0.8534
vn -0.3859 -0.5361 -0.7508
vn -0.4069 -0.6283 -0.6630
vn -0.4127 -0.6900 -0.5946
vn -0.1674 -0.3549 -0.9198
vn -0.2551 -0.2073 -0.9444
vn -0.4310 -0.6790 -0.5943
vn -0.2666 -0.8704 -0.4140
vn -0.3450 -0.7467 -0.5687
vn -0.3191 -0.7050 -0.6334
vn -0.0842 -0.8345 -0.5445
vn -0.2841 -0.5161 -0.8081
vn -0.2089 -0.4979 -0.8417
vn 0.0556 -0.5777 -0.8143
vn -0.2365 -0.5011 -0.8325
vn 0.0079 -0.7469 -0.6649
vn 0.0510 -0.9054 -0.4216
vn 0.1321 -0.8064 -0.5765
vn 0.1786 -0.6388 -0.7484
vn -0.1117 -0.9680 -0.2245
vn -0.2974 -0.8686 -0.3963
vn -0.4055 -0.6318 -0.6606
vn -0.3719 -0.5863 -0.7196
vn -0.3660 -0.4528 -0.8131
vn -0.4618 -0.6196 -0.6347
vn -0.2414 -0.4816 -0.8425
vn -0.1366 -0.1446 -0.9800
vn 0.0054 -0.0799 -0.9968
vn -0.1156 -0.3580 -0.9265
vn -0.1547 -0.5649 -0.8105
vn -0.2374 -0.4418 -0.8651
vn 0.0087 -0.5378 -0.8430
vn -0.0668 -0.4907 -0.8688
vn -0.1194 -0.7022 -0.7019
vn -0.0387 -0.6941 -0.7188
vn -0.1038 -0.7045 -0.7021
vn -0.3966 -0.6196 -0.6773
vn -0.2456 -0.7122 -0.6576
vn -0.3042 -0.7172 -0.6270
vn -0.4733 -0.6465 -0.5983
vn -0.5333 -0.6526 -0.5383
vn -0.3868 -0.7112 -0.5869
vn -0.4370 -0.6340 -0.6380
vn -0.4516 -0.5942 -0.6656
vn -0.0463 -0.8602 -0.5078
vn -0.0935 -0.8076 -0.5823
vn -0.4085 -0.6178 -0.6719
vn -0.1197 -0.8454 -0.5205
vn -0.4083 -0.5810 -0.7041
vn -0.5571 -0.6180 -0.5547
vn -0.6778 -0.5719 -0.4621
vn -0.4104 -0.5734 -0.7090
vn -0.8632 -0.5028 -0.0448
vn -0.8259 -0.5380 -0.1687
vn -0.8745 -0.3187 0.3655
vn -0.9000 -0.3407 0.2718
vn -0.7375 -0.0950 0.6686
vn -0.7125 -0.0795 0.6971
vn -0.4247 0.1606 0.8910
vn -0.4112 0.1317 0.9020
vn -0.0876 0.3031 0.9489
vn -0.1607 0.3222 0.9329
vn 0.3299 0.4452 0.8325
vn 0.3057 0.4860 0.8187
vn 0.7422 0.5115 0.4330
vn 0.7304 0.4633 0.5018
vn 0.9126 0.3883 0.1283
vn 0.9073 0.4142 0.0719
vn 0.9090 0.4091 0.0794
vn 0.9107 0.3835 0.1537
vn 0.2247 0.1710 0.9593
vn 0.0029 0.1440 0.9896
vn 0.1866 0.1565 0.9699
vn 0.2839 0.2215 0.9329
vn 0.0847 0.1524 0.9847
vn 0.2174 0.3510 0.9108
vn 0.5135 0.7140 0.4759
vn 0.0233 0.0475 0.9986
vn 0.1249 0.2139 0.9688
vn 0.5721 0.7997 0.1822
vn 0.5677 0.7944 0.2158
vn 0.5539 0.7613 0.3370
vn 0.5334 0.7179 0.4473
vn 0.5081 0.5906 0.6269
vn 0.5810 0.6830 0.4427
vn 0.6265 0.6900 0.3625
vn 0.5956 0.6172 0.5141
vn 0.6235 0.7226 0.2986
vn 0.6334 0.7371 0.2356
vn 0.1614 0.0894 0.9828
vn 0.3034 0.1360 0.9431
vn 0.0874 0.1292 0.9878
vn 0.1170 0.1262 0.9851
vn 0.2231 0.2932 0.9297
vn 0.3464 0.5103 0.7871
vn 0.4682 0.1092 0.8768
vn 0.3241 0.0810 0.9425
vn 0.2964 0.2639 0.9179
vn 0.2240 0.2705 0.9363
vn 0.3998 0.5137 0.7592
vn 0.5273 0.5880 0.6134
vn 0.3137 0.2353 0.9199
vn -0.2118 -0.7516 -0.6247
vn -0.3509 -0.6925 -0.6304
vn -0.2937 -0.5870 -0.7545
vn -0.1347 -0.6103 -0.7806
vn 0.1844 -0.4834 -0.8558
vn -0.0388 -0.4903 -0.8707
vn -0.4484 -0.5518 -0.7031
vn -0.3247 -0.4918 -0.8079
vn -0.4994 -0.6390 -0.5851
vn 0.2105 0.5469 0.8103
vn -0.0823 0.4588 0.8847
vn 0.3529 0.6965 0.6247
vn 0.1735 -0.5077 -0.8439
vn 0.3337 -0.3340 -0.8815
vn 0.4787 -0.1997 -0.8550
vn 0.2380 -0.3715 -0.8974
vn -0.0461 -0.4896 -0.8707
vn 0.0062 -0.6200 -0.7846
vn 0.0892 0.7631 0.6401
vn 0.2044 0.7674 0.6077
vn 0.2881 0.8063 0.5167
vn 0.5091 0.6696 0.5409
vn 0.4091 0.7003 0.5850
vn 0.3918 0.7609 0.5172
vn -0.2660 -0.7029 -0.6597
vn -0.4148 -0.6648 -0.6213
vn -0.0861 -0.6930 -0.7158
vn -0.4054 -0.2637 -0.8753
vn -0.3832 -0.2983 -0.8742
vn -0.3746 -0.2287 -0.8985
vn 0.5197 0.2351 0.8214
vn 0.3879 0.1448 0.9102
vn 0.2557 0.0950 0.9621
vn -0.4103 -0.4681 -0.7826
vn -0.3957 -0.2835 -0.8735
vn -0.2305 -0.2046 -0.9513
vn -0.3944 -0.9179 -0.0428
vn -0.5217 -0.8526 0.0296
vn -0.3053 -0.9127 -0.2717
vn -0.4314 -0.8593 -0.2747
vn -0.5704 0.8213 0.0085
vn -0.1550 0.9493 0.2734
vn -0.2087 0.8330 0.5123
vn -0.6497 0.7168 0.2530
vn -0.8483 -0.2742 -0.4530
vn -0.9479 0.2714 -0.1670
vn -0.8370 0.4121 -0.3601
vn -0.8396 -0.0773 -0.5376
vn -0.6663 0.4762 0.5739
vn -0.1908 0.6100 0.7691
vn -0.5636 0.1898 0.8040
vn -0.1555 0.3135 0.9368
vn -0.9719 -0.0513 0.2296
vn -0.8141 -0.5498 -0.1868
vn -0.6215 -0.7596 0.1915
vn -0.7191 -0.3141 0.6198
vn -0.2868 -0.7376 0.6113
vn -0.1860 -0.2197 0.9577
vn -0.4267 -0.8887 -0.1677
vn -0.2764 -0.9610 0.0088
vn -0.5457 -0.7566 -0.3602
vn -0.6293 -0.6232 -0.4644
vn -0.7149 -0.4727 -0.5152
vn 0.5391 0.4349 0.7213
vn 0.6708 0.4416 0.5958
vn 0.7521 0.4608 0.4712
vn 0.6332 0.4593 0.6230
vn 0.7382 0.4888 0.4649
vn 0.7126 0.4583 0.5312
vn 0.9068 0.3356 0.2550
vn 0.8798 0.3249 0.3470
vn 0.7745 0.4279 0.4660
vn 0.7748 0.4407 0.4534
vn 0.6361 0.4072 0.6554
vn 0.5704 0.4000 0.7174
vn 0.5473 0.3981 0.7362
vn 0.5855 0.4044 0.7026
vn 0.6956 0.4172 0.5849
vn 0.7413 0.4219 0.5220
vn 0.7066 0.3848 0.5938
vn 0.6397 0.4010 0.6558
vn 0.7592 0.3804 0.5281
vn 0.7710 0.3644 0.5223
vn 0.5249 0.4247 0.7377
vn 0.3397 0.4138 0.8446
vn 0.3705 0.5124 0.7747
vn 0.4526 0.5702 0.6856
vn 0.3563 0.5718 0.7390
vn 0.4551 0.5967 0.6609
vn 0.6954 0.5561 0.4552
vn 0.6469 0.6104 0.4571
vn 0.7049 0.5820 0.4055
vn 0.7164 0.5598 0.4163
vn 0.8368 0.4657 0.2879
vn 0.7543 0.5333 0.3829
vn 0.5351 0.6131 0.5812
vn 0.5319 0.6095 0.5879
vn 0.5772 0.6325 0.5165
vn 0.5940 0.6186 0.5143
vn 0.6708 0.5309 0.5178
vn 0.6167 0.4881 0.6175
vn 0.6783 0.5476 0.4899
vn 0.6105 0.6344 0.4741
vn 0.6645 0.5938 0.4537
vn 0.3181 0.3229 0.8914
vn 0.5086 0.3851 0.7701
vn 0.5315 0.3430 0.7745
vn 0.3933 0.1828 0.9010
vn 0.7510 0.5136 0.4151
vn 0.7823 0.4239 0.4565
vn 0.8329 0.4133 0.3681
vn 0.8250 0.4882 0.2847
vn 0.6728 0.5079 0.5379
vn 0.7079 0.4639 0.5326
vn 0.7370 0.4379 0.5149
vn 0.6829 0.5170 0.5161
vn 0.6515 0.4484 0.6119
vn 0.6602 0.4692 0.5865
vn 0.4132 0.0149 0.9105
vn 0.3995 0.1405 0.9059
vn 0.5581 0.3069 0.7710
vn 0.6571 0.1793 0.7322
vn 0.7158 0.4592 0.5261
vn 0.7089 0.4273 0.5612
vn 0.8679 -0.0221 0.4962
vn 0.8870 -0.0365 0.4603
vn 0.6756 -0.6616 0.3253
vn 0.4054 -0.6438 0.6490
vn -0.1352 -0.8901 -0.4353
vn 0.1074 -0.9231 -0.3693
vn 0.5493 -0.8285 0.1084
vn 0.5981 -0.8011 0.0238
vn 0.0211 -0.9344 -0.3557
vn -0.1763 -0.9416 -0.2868
vn -0.3600 -0.5442 -0.7578
vn -0.2809 -0.5826 -0.7627
vn -0.1162 -0.7922 -0.5991
vn -0.2614 -0.6612 -0.7032
vn -0.6437 -0.6428 -0.4153
vn -0.5123 -0.6883 -0.5137
vn -0.3161 -0.8215 -0.4746
vn -0.5429 -0.7222 -0.4285
vn -0.5035 -0.5958 -0.6257
vn -0.4107 -0.5778 -0.7053
vn -0.4482 -0.5537 -0.7018
vn -0.5458 -0.5577 -0.6253
vn -0.4839 -0.6160 -0.6216
vn -0.3489 -0.5975 -0.7220
vn -0.4288 -0.4985 -0.7534
vn -0.2883 -0.5137 -0.8081
vn -0.3872 -0.4076 -0.8270
vn -0.5382 -0.4129 -0.7347
vn -0.6532 -0.5437 -0.5270
vn -0.7167 -0.5545 -0.4229
vn -0.7138 -0.5131 -0.4767
vn -0.6999 -0.4777 -0.5310
vn -0.6375 -0.5402 -0.5494
vn -0.6488 -0.6022 -0.4652
vn -0.6190 -0.6195 -0.4828
vn -0.5852 -0.5398 -0.6051
vn -0.5461 -0.5488 -0.6330
vn -0.6228 -0.5626 -0.5437
vn -0.6610 -0.5305 -0.5308
vn -0.5059 -0.5103 -0.6955
vn -0.3768 -0.4542 -0.8073
vn -0.4019 -0.4383 -0.8040
vn -0.5510 -0.4992 -0.6687
vn -0.6287 -0.5464 -0.5533
vn -0.6547 -0.5800 -0.4848
vn -0.6706 -0.5390 -0.5097
vn -0.6446 -0.5335 -0.5476
vn -0.6740 -0.5367 -0.5076
vn -0.6341 -0.5820 -0.5090
vn -0.5781 -0.4239 -0.6972
vn -0.4624 -0.3882 -0.7971
vn -0.4483 -0.4070 -0.7959
vn -0.5564 -0.4614 -0.6910
vn -0.3788 -0.3486 -0.8573
vn -0.3826 -0.3747 -0.8445
vn -0.6544 -0.5038 -0.5638
vn -0.6783 -0.5193 -0.5198
vn -0.6972 -0.4677 -0.5433
vn -0.6734 -0.4455 -0.5900
vn -0.3888 -0.5293 -0.7541
vn -0.4812 -0.4866 -0.7292
vn -0.4558 -0.5064 -0.7320
vn -0.6219 -0.4514 -0.6399
vn -0.6195 -0.4683 -0.6300
vn -0.4262 -0.4622 -0.7777
vn -0.4114 -0.5032 -0.7600
vn -0.4903 -0.4933 -0.7185
vn -0.5290 -0.4757 -0.7027
vn -0.5014 -0.5084 -0.7001
vn -0.4996 -0.4383 -0.7472
vn -0.5478 -0.4438 -0.7092
vn -0.5874 -0.4336 -0.6834
vn -0.5565 -0.5537 -0.6194
vn -0.4944 -0.4568 -0.7395
vn -0.2340 -0.5366 -0.8107
vn -0.2291 -0.7938 -0.5634
vn -0.1307 -0.9587 0.2525
vn -0.0141 -0.8571 0.5150
vn -0.2773 -0.4761 -0.8345
vn -0.1008 -0.9238 -0.3695
vn -0.2178 -0.4800 -0.8498
vn -0.0601 -0.9390 -0.3385
vn 0.0652 -0.7921 0.6068
vn 0.1803 -0.7175 0.6728
vn 0.2084 -0.9776 0.0277
vn 0.4457 -0.4992 -0.7431
vn -0.0225 -0.5036 -0.8636
vn 0.7456 -0.5967 0.2966
vn 0.7328 0.0114 -0.6803
vn 0.3150 -0.8979 0.3076
vn 0.0618 -0.5483 0.8340
vn 0.0262 0.1251 0.9918
vn 0.4405 -0.4476 0.7782
vn 0.0727 0.4797 0.8744
vn 0.2593 0.3579 0.8970
vn 0.4141 -0.5047 0.7575
vn 0.4559 -0.8511 0.2605
vn 0.4194 -0.7973 0.4341
vn 0.4031 -0.4242 0.8109
vn -0.1102 0.1940 0.9748
vn 0.4314 -0.5045 0.7479
vn -0.3110 0.3789 0.8716
vn -0.2298 0.3532 0.9069
vn -0.0548 -0.0338 0.9979
vn 0.0758 0.0282 0.9967
vn -0.2309 0.4904 0.8404
vn 0.4600 -0.5112 0.7260
vn 0.5525 -0.4416 0.7069
vn -0.0375 -0.0940 0.9949
vn -0.5174 0.3276 0.7905
vn -0.9003 -0.2164 -0.3777
vn -0.9547 -0.1398 -0.2627
vn -0.9019 -0.3164 -0.2940
vn -0.8196 -0.3336 -0.4658
vn -0.7748 -0.3387 -0.5338
vn -0.6993 -0.4881 -0.5222
vn 0.6588 -0.6125 0.4368
vn 0.7486 -0.2145 0.6273
vn 0.8485 -0.0791 0.5232
vn 0.6928 -0.5897 0.4150
vn 0.7285 -0.2829 0.6239
vn -0.1111 -0.8072 0.5797
vn 0.8500 -0.1624 0.5011
vn 0.8859 -0.0054 0.4638
vn 0.6783 -0.6200 0.3943
vn -0.3902 -0.8237 0.4115
vn -0.9710 -0.2353 0.0428
vn -0.6275 -0.6431 0.4389
vn 0.4795 -0.7492 0.4568
vn 0.4130 -0.8057 0.4246
vn 0.3211 -0.8038 0.5007
vn -0.1106 -0.1659 -0.9799
vn 0.1092 -0.7214 -0.6838
vn 0.1854 -0.5633 -0.8052
vn -0.2890 -0.0176 -0.9572
vn -0.0599 0.0188 -0.9980
vn -0.2460 0.0948 -0.9646
vn 0.1866 -0.9611 -0.2036
vn -0.0310 -0.9124 -0.4081
vn 0.2342 -0.9075 -0.3486
vn 0.3923 -0.8877 -0.2411
vn 0.2943 0.7524 0.5893
vn 0.3439 0.6679 0.6600
vn 0.3454 0.6402 0.6862
vn 0.3219 0.8421 0.4327
vn 0.0087 -0.0544 -0.9985
vn -0.1678 -0.0531 -0.9844
vn -0.2066 -0.1710 -0.9634
vn -0.0186 -0.2311 -0.9727
vn -0.2595 -0.2450 -0.9341
vn -0.1406 -0.4222 -0.8955
vn -0.3542 -0.6101 -0.7088
vn -0.3350 -0.7557 -0.5628
vn -0.2486 -0.7446 -0.6195
vn -0.3086 -0.7587 -0.5737
vn 0.5033 0.8289 0.2440
vn 0.3534 0.9135 0.2017
vn 0.4503 0.7184 0.5302
vn 0.5416 0.6684 0.5097
vn 0.5431 0.6468 0.5354
vn 0.4840 0.6800 0.5508
vn 0.4961 0.0268 0.8678
vn 0.4558 -0.2605 0.8511
vn 0.3779 -0.2463 0.8925
vn 0.4896 0.0922 0.8671
vn 0.2953 -0.3687 0.8814
vn 0.4200 -0.3807 0.8238
vn -0.4989 -0.6178 -0.6078
vn -0.5798 -0.4884 -0.6521
vn -0.4389 -0.3706 -0.8186
vn -0.3710 -0.4128 -0.8318
vn -0.6503 0.0064 0.7596
vn -0.8417 -0.2098 0.4975
vn -0.3250 0.2281 0.9178
vn -0.2193 0.0287 0.9752
vn -0.5440 -0.2383 0.8045
vn -0.7667 -0.4446 0.4632
vn 0.2905 0.4413 0.8490
vn 0.3753 0.2712 0.8863
vn 0.7816 0.4288 0.4531
vn 0.8163 0.2485 0.5215
vn 0.9387 0.3074 0.1558
vn 0.9178 0.3182 0.2373
vn 0.9610 0.2099 0.1799
vn 0.9725 0.2303 0.0335
vn 0.8900 0.3878 0.2398
vn 0.9254 0.3408 0.1656
vn 0.8084 0.4496 0.3799
vn 0.8149 0.4233 0.3958
vn 0.7946 0.5961 0.1155
vn 0.7777 0.5980 0.1940
vn 0.7188 0.5785 0.3857
vn 0.7274 0.5870 0.3553
vn 0.6834 0.5493 0.4808
vn 0.6799 0.5785 0.4506
vn 0.4182 -0.1754 0.8913
vn 0.4823 0.0316 0.8754
vn 0.3836 0.0547 0.9219
vn 0.3490 -0.1119 0.9304
vn 0.4276 0.1399 0.8931
vn 0.5195 0.1589 0.8395
vn 0.4189 -0.1105 0.9013
vn 0.4242 0.0094 0.9055
vn 0.6227 0.4351 0.6503
vn 0.5940 0.4068 0.6940
vn 0.5893 0.4253 0.6869
vn 0.6338 0.4192 0.6501
vn 0.5525 0.4221 0.7188
vn 0.5464 0.3724 0.7502
vn 0.4314 0.3532 0.8301
vn 0.5088 0.4204 0.7512
vn 0.6124 0.3393 0.7140
vn 0.6273 0.4833 0.6107
vn 0.6288 0.4801 0.6117
vn 0.5861 0.3594 0.7261
vn 0.5809 0.2406 0.7776
vn 0.5066 0.2449 0.8267
vn 0.3706 0.4935 0.7869
vn 0.4738 0.4815 0.7373
vn 0.5094 0.4836 0.7118
vn 0.4225 0.5336 0.7326
vn -0.3997 -0.3366 -0.8526
vn -0.3615 -0.3961 -0.8441
vn -0.3360 -0.6597 -0.6722
vn -0.3479 -0.6484 -0.6771
vn -0.5235 -0.5197 -0.6752
vn -0.4297 -0.6327 -0.6442
vn -0.4954 -0.6030 -0.6253
vn -0.5684 -0.5020 -0.6518
vn -0.4645 -0.5490 -0.6949
vn -0.3736 -0.6533 -0.6585
vn -0.3718 -0.6486 -0.6641
vn -0.4116 -0.6389 -0.6499
vn -0.4007 0.1938 -0.8955
vn -0.4460 -0.3459 -0.8255
vn -0.4331 -0.3168 -0.8438
vn -0.2903 0.1743 -0.9409
vn -0.4305 -0.3686 -0.8239
vn -0.4469 -0.6023 -0.6614
vn -0.4522 0.1536 -0.8786
vn -0.4374 -0.5711 -0.6946
vn -0.3660 -0.6732 -0.6425
vn -0.5793 -0.4990 -0.6445
vn -0.5300 -0.5790 -0.6196
vn -0.4177 -0.6376 -0.6473
vn -0.4028 -0.6843 -0.6078
vn 0.2294 -0.9619 -0.1490
vn 0.1966 -0.9615 -0.1922
vn -0.5413 -0.3968 -0.7414
vn -0.5436 -0.4075 -0.7338
vn 0.5963 0.4604 0.6576
vn 0.6523 0.5029 0.5671
vn 0.6590 0.4815 0.5778
vn 0.6662 0.4334 0.6069
vn 0.6357 0.5468 0.5449
vn 0.6203 0.5295 0.5787
vn 0.4406 0.5608 0.7010
vn 0.4788 0.5348 0.6962
vn 0.6096 0.5281 0.5912
vn 0.5138 0.5144 0.6866
vn 0.5657 0.4986 0.6569
vn 0.4569 0.4771 0.7508
vn 0.3638 0.5104 0.7792
vn 0.3801 0.4791 0.7912
vn 0.4162 0.5665 0.7112
vn 0.4282 0.5364 0.7273
vn 0.4826 0.5471 0.6839
vn 0.4246 0.6096 0.6694
vn 0.4122 0.6278 0.6603
vn 0.3906 0.6839 0.6163
vn 0.5289 0.5910 0.6091
vn 0.3759 0.5433 0.7507
vn 0.3383 0.6704 0.6604
vn 0.3109 0.8618 0.4008
vn 0.4360 0.7634 0.4766
vn 0.1719 0.9039 0.3918
vn 0.1613 0.8791 0.4485
vn 0.3848 0.7185 0.5794
vn 0.0618 0.9278 0.3680
vn -0.1325 0.9689 0.2089
vn 0.5669 0.6258 0.5357
vn -0.3391 -0.7461 -0.5730
vn -0.3257 -0.7499 -0.5759
vn -0.3217 -0.7074 -0.6294
vn -0.3249 -0.7013 -0.6345
vn 0.2455 0.7910 0.5604
vn 0.3729 0.6753 0.6363
vn -0.3468 -0.6343 -0.6909
vn -0.3503 -0.6174 -0.7043
vn -0.4166 -0.5049 -0.7560
vn -0.3826 -0.5335 -0.7544
vn -0.4582 -0.6534 -0.6026
vn -0.4468 -0.5785 -0.6824
vn -0.4459 -0.5881 -0.6748
vn -0.4721 -0.6531 -0.5921
vn -0.4052 -0.4921 -0.7705
vn -0.4545 -0.4701 -0.7566
vn 0.5102 0.6683 0.5414
vn 0.5512 0.6201 0.5582
vn 0.5571 0.6137 0.5595
vn 0.5703 0.5625 0.5986
vn -0.4046 -0.5044 -0.7628
vn -0.4421 -0.5999 -0.6668
vn -0.4628 -0.6641 -0.5872
vn 0.5870 0.5607 0.5840
vn 0.5883 0.5429 0.5993
vn 0.6042 0.4949 0.6246
vn 0.5854 0.5108 0.6296
vn 0.5583 0.6383 0.5300
vn 0.5715 0.5674 0.5929
vn 0.5558 0.5675 0.6075
vn 0.5505 0.6440 0.5312
vn 0.5139 0.5162 0.6851
vn 0.5497 0.5169 0.6563
vn 0.4873 0.5083 0.7101
vn 0.5139 0.5792 0.6328
vn 0.4931 0.6677 0.5577
vn -0.4975 -0.3931 -0.7733
vn -0.4171 -0.4077 -0.8123
vn -0.4635 -0.3709 -0.8047
vn -0.3702 -0.3669 -0.8534
vn -0.3579 -0.4499 -0.8182
vn -0.4520 -0.4174 -0.7883
vn -0.3072 -0.4320 -0.8480
vn -0.3609 -0.4086 -0.8383
vn -0.3897 -0.4464 -0.8055
vn -0.3744 -0.4360 -0.8184
vn 0.5898 0.4730 0.6545
vn 0.5898 0.4601 0.6637
vn 0.5448 0.4911 0.6797
vn 0.5607 0.5193 0.6449
vn 0.5148 0.4430 0.7340
vn 0.5232 0.4564 0.7197
vn 0.5392 0.4693 0.6993
vn 0.4925 0.4814 0.7251
vn -0.2945 -0.7531 -0.5883
vn -0.2782 -0.4733 -0.8358
vn -0.0767 -0.5840 -0.8081
vn -0.0936 -0.8403 -0.5340
vn 0.4596 0.4596 0.7599
vn 0.4611 0.4814 0.7455
vn -0.3615 -0.4644 -0.8085
vn -0.3021 -0.7344 -0.6078
vn -0.4186 -0.6384 -0.6459
vn -0.2035 -0.8410 -0.5013
vn -0.6142 -0.7346 -0.2884
vn -0.3564 -0.8314 -0.4264
vn -0.4339 -0.8779 -0.2025
vn -0.6007 -0.7884 -0.1327
vn -0.5614 -0.7360 -0.3784
vn -0.5677 -0.7176 -0.4034
vn 0.4801 -0.0427 0.8762
vn 0.3819 -0.0262 0.9238
vn 0.3968 0.4831 0.7805
vn 0.4801 0.3977 0.7819
vn -0.6132 -0.7521 -0.2416
vn -0.6071 -0.7706 -0.1938
vn -0.5746 -0.6031 -0.5533
vn -0.3318 0.2399 -0.9123
vn -0.4686 0.2560 -0.8455
vn -0.5045 -0.2508 -0.8262
vn -0.2358 -0.3106 -0.9208
vn -0.5412 0.2005 -0.8167
vn -0.6002 -0.3006 -0.7412
vn 0.2826 0.8222 0.4941
vn 0.3710 0.8298 0.4169
vn -0.1517 0.1586 -0.9756
vn 0.0491 -0.4153 -0.9083
vn -0.4750 -0.5437 -0.6919
vn -0.3177 -0.9122 -0.2587
vn -0.4432 -0.8551 -0.2691
vn -0.2530 -0.8968 -0.3629
vn 0.1486 -0.8893 -0.4325
vn 0.0033 -0.9998 -0.0217
vn 0.3348 -0.9402 -0.0621
vn -0.4918 0.0357 -0.8700
vn -0.1896 -0.5827 -0.7902
vn -0.2163 -0.5131 -0.8306
vn -0.3011 -0.3763 -0.8762
vn -0.3067 -0.3915 -0.8676
vn -0.3507 -0.3514 -0.8680
vn -0.3510 -0.4488 -0.8218
vn 0.4128 -0.8402 -0.3517
vn 0.4211 -0.8816 -0.2134
vn -0.2845 -0.5964 -0.7506
vn -0.3430 -0.3905 -0.8543
vn -0.3950 -0.4164 -0.8189
vn -0.2942 -0.5682 -0.7685
vn -0.1029 -0.6793 -0.7266
vn 0.1108 -0.7989 -0.5912
vn 0.1348 -0.8994 -0.4159
vn -0.2861 -0.3519 -0.8912
vn -0.0868 -0.9320 -0.3518
vn 0.5077 0.1437 0.8494
vn 0.5210 0.3468 0.7800
vn 0.4980 0.2782 0.8213
vn 0.4816 0.1288 0.8669
vn 0.5168 0.4280 0.7414
vn 0.5414 0.4560 0.7064
vn -0.5966 -0.5995 -0.5336
vn -0.4315 -0.7562 -0.4920
vn -0.5662 -0.7851 -0.2509
vn -0.7461 -0.6183 -0.2472
vn -0.5754 -0.7371 -0.3544
vn -0.5069 -0.6975 -0.5065
vn -0.5985 -0.7064 -0.3780
vn -0.7832 -0.5694 -0.2498
vn 0.0280 -0.1080 -0.9938
vn -0.2499 -0.3746 -0.8929
vn -0.3876 -0.1797 -0.9041
vn -0.0659 -0.0788 -0.9947
vn -0.7528 -0.3670 -0.5464
vn -0.5969 -0.5216 -0.6097
vn -0.3438 -0.2864 -0.8943
vn -0.3024 -0.4678 -0.8305
vn -0.0820 -0.2114 -0.9740
vn -0.1184 -0.0731 -0.9903
vn -0.1610 -0.5394 -0.8265
vn 0.0403 -0.2363 -0.9708
vn -0.6665 -0.5861 -0.4607
vn -0.8590 -0.4356 -0.2690
vn -0.8379 -0.4850 -0.2506
vn 0.2370 0.2345 0.9428
vn 0.3022 0.0205 0.9530
vn 0.6306 0.4747 0.6140
vn 0.6769 0.3168 0.6644
vn 0.1696 0.0231 0.9852
vn 0.0557 0.1212 0.9911
vn 0.7966 0.5675 0.2084
vn 0.8415 0.5094 0.1799
vn 0.4543 0.3768 0.8072
vn 0.4699 0.3840 0.7948
vn 0.4890 0.4754 0.7314
vn 0.5055 0.4059 0.7614
vn 0.5250 0.5098 0.6815
vn 0.5668 0.3801 0.7309
vn 0.4638 0.3274 0.8232
vn 0.4296 0.2334 0.8723
vn 0.4617 0.4130 0.7850
vn 0.3926 0.2825 0.8753
vn 0.1749 -0.0222 0.9843
vn 0.3672 0.1423 0.9192
vn 0.3860 -0.0011 0.9225
vn 0.3308 -0.1632 0.9295
vn 0.5093 0.2127 0.8339
vn 0.4766 0.2655 0.8380
vn 0.4838 0.2969 0.8233
vn 0.5513 0.3080 0.7754
vn 0.5233 0.2958 0.7992
vn 0.6014 0.3211 0.7316
vn 0.5654 0.3428 0.7502
vn 0.4375 0.2890 0.8515
vn 0.2875 0.1530 0.9455
vn 0.4326 0.8111 0.3936
vn 0.4188 0.7458 0.5180
vn 0.3717 0.7303 0.5731
vn 0.3932 0.7704 0.5019
vn 0.5539 0.2691 0.7879
vn 0.5850 0.3360 0.7382
vn 0.4586 0.7657 0.4510
vn 0.5417 0.6831 0.4898
vn 0.5430 0.7056 0.4552
vn 0.4621 0.8113 0.3580
vn 0.4608 0.7727 0.4366
vn 0.4805 0.8481 0.2230
vn 0.4559 0.8254 0.3329
vn 0.4452 0.8865 0.1258
vn 0.3773 0.9079 0.1825
vn 0.3066 0.9511 -0.0370
vn 0.4375 0.8970 -0.0629
vn 0.4823 0.7435 0.4632
vn -0.4384 -0.7109 -0.5500
vn -0.4345 -0.6842 -0.5857
vn -0.4610 -0.6605 -0.5927
vn -0.4566 -0.7035 -0.5447
vn 0.2381 0.9669 0.0918
vn 0.3712 0.8465 0.3817
vn -0.4370 -0.6663 -0.6042
vn -0.4561 -0.6929 -0.5585
vn -0.4866 -0.6795 -0.5490
vn -0.5177 -0.6079 -0.6020
vn -0.4321 -0.6465 -0.6288
vn -0.4591 -0.6126 -0.6433
vn -0.4147 -0.2179 -0.8835
vn -0.4572 -0.4234 -0.7821
vn -0.5397 -0.4726 -0.6967
vn -0.5266 -0.1662 -0.8337
vn -0.5092 -0.6512 -0.5628
vn -0.5154 -0.4246 -0.7443
vn -0.4401 -0.1425 -0.8866
vn -0.4788 -0.6966 -0.5344
vn -0.4717 -0.4276 -0.7711
vn -0.5311 -0.3313 -0.7798
vn -0.5866 -0.3514 -0.7297
vn -0.5180 -0.4286 -0.7402
vn -0.6121 -0.3129 -0.7263
vn -0.5595 -0.2648 -0.7854
vn -0.6435 -0.4235 -0.6377
vn -0.6433 -0.4068 -0.6486
vn -0.5755 -0.4855 -0.6581
vn -0.3557 -0.5936 -0.7219
vn -0.1837 -0.2954 -0.9375
vn -0.5235 -0.4229 -0.7397
vn -0.5266 -0.4220 -0.7380
vn -0.5657 -0.5023 -0.6540
vn -0.4908 -0.2497 -0.8347
vn -0.4298 -0.2753 -0.8599
vn -0.5248 -0.3686 -0.7673
vn -0.5549 -0.4726 -0.6846
vn -0.4942 -0.5437 -0.6784
vn -0.5718 -0.3172 -0.7566
vn -0.6429 -0.4337 -0.6313
vn 0.2781 0.0741 0.9577
vn 0.3411 0.0202 0.9398
vn 0.4791 0.3761 0.7931
vn 0.3450 0.4424 0.8278
vn -0.5291 -0.4846 -0.6966
vn 0.5243 0.7864 0.3266
vn 0.4191 0.8414 0.3412
vn 0.3721 0.3944 0.8402
vn 0.4681 0.3928 0.7916
vn 0.4847 0.8569 0.1753
vn 0.3016 0.9274 0.2214
vn 0.3273 0.3825 0.8640
vn 0.2930 0.9129 0.2843
vn 0.1980 0.1271 0.9719
vn 0.1911 0.0825 0.9781
vn -0.5322 -0.4429 -0.7215
vn -0.4117 -0.0004 -0.9113
vn -0.3998 -0.0741 -0.9136
vn -0.5425 -0.5982 -0.5898
vn 0.3780 0.0293 0.9253
vn -0.2967 -0.5296 -0.7947
vn -0.5763 -0.4190 -0.7016
vn -0.4766 -0.0544 -0.8774
vn -0.1901 -0.1555 -0.9694
vn -0.4278 -0.0696 -0.9012
vn -0.2850 0.1475 -0.9471
vn -0.4283 -0.0554 -0.9019
vn -0.4480 0.0556 -0.8923
vn -0.4202 0.0344 -0.9068
vn -0.5667 -0.5076 -0.6490
vn -0.2463 -0.3321 -0.9105
vn -0.2181 -0.4090 -0.8861
vn -0.5177 -0.5838 -0.6254
vn -0.5548 -0.4631 -0.6911
vn -0.5291 -0.6086 -0.5913
vn -0.2672 -0.4024 -0.8756
vn -0.1033 -0.0022 -0.9946
vn -0.5294 -0.4199 -0.7372
vn -0.2619 -0.2652 -0.9279
vn -0.6132 -0.6013 -0.5123
vn -0.6637 -0.5366 -0.5212
vn -0.6132 -0.5469 -0.5700
vn -0.6410 -0.4645 -0.6111
vn -0.6289 -0.4574 -0.6287
vn -0.3717 -0.3757 -0.8489
vn 0.6868 0.5298 0.4977
vn 0.6432 0.5645 0.5174
vn 0.6693 0.5957 0.4440
vn 0.7019 0.5824 0.4100
vn 0.5812 0.5190 0.6268
vn 0.6266 0.4139 0.6604
vn -0.5922 -0.5098 -0.6240
vn 0.6152 0.4777 0.6271
vn 0.6076 0.4630 0.6453
vn 0.6528 0.6100 0.4492
vn 0.6645 0.5946 0.4527
vn 0.6897 0.5621 0.4565
vn 0.6922 0.6587 0.2949
vn 0.6820 0.6840 0.2590
vn 0.6692 0.7425 0.0280
vn 0.6886 0.7251 -0.0080
vn 0.6458 0.4163 0.6401
vn 0.5478 0.4177 0.7249
vn 0.4529 0.3492 0.8203
vn 0.4692 0.2336 0.8516
vn 0.5825 0.3173 0.7484
vn 0.3708 0.1195 0.9210
vn 0.3715 0.2363 0.8979
vn 0.3372 0.0325 0.9409
vn 0.4701 0.1473 0.8702
vn 0.5880 0.2622 0.7652
vn 0.7072 0.6416 0.2970
vn 0.7473 0.6636 0.0341
vn 0.4280 0.2144 0.8780
vn 0.5754 0.2849 0.7667
vn 0.3176 0.1695 0.9329
vn 0.2649 0.1429 0.9536
vn 0.1474 0.2582 0.9548
vn 0.3003 0.3805 0.8747
vn 0.4309 0.4657 0.7730
vn 0.5070 0.5150 0.6912
vn -0.5857 -0.4730 -0.6582
vn -0.6263 -0.5191 -0.5817
vn -0.5263 -0.4461 -0.7239
vn -0.4515 -0.4278 -0.7831
vn -0.5732 -0.3969 -0.7169
vn -0.4775 -0.3339 -0.8127
vn -0.4738 -0.3561 -0.8055
vn -0.5784 -0.4220 -0.6981
vn -0.4361 -0.3253 -0.8390
vn -0.4635 -0.3544 -0.8121
vn -0.6724 -0.4876 -0.5569
vn -0.6840 -0.4770 -0.5519
vn -0.4697 -0.3864 -0.7938
vn -0.4852 -0.4011 -0.7770
vn -0.5374 -0.4066 -0.7388
vn -0.4593 -0.4052 -0.7905
vn -0.5476 -0.4124 -0.7280
vn -0.4726 -0.3510 -0.8083
vn -0.5703 -0.3763 -0.7301
vn -0.5380 -0.5017 -0.6774
vn -0.3907 -0.7693 -0.5055
vn -0.3292 -0.7183 -0.6129
vn -0.5172 -0.6129 -0.5974
vn -0.4367 -0.6102 -0.6610
vn -0.6422 -0.5709 -0.5116
vn -0.5428 -0.5931 -0.5946
vn -0.4862 -0.4700 -0.7367
vn -0.2170 -0.4121 -0.8849
vn -0.2212 -0.6096 -0.7612
vn -0.4412 -0.7056 -0.5546
vn -0.4607 -0.4898 -0.7401
vn -0.4636 -0.4390 -0.7697
vn -0.6675 -0.4950 -0.5563
vn -0.6772 -0.5357 -0.5045
vn 0.7982 0.4120 0.4394
vn 0.8646 0.3569 0.3537
vn 0.9530 0.2822 0.1105
vn 0.9182 0.3350 0.2113
vn 0.9111 0.3451 0.2254
vn 0.9420 0.3181 0.1071
vn -0.2620 -0.3589 -0.8959
vn -0.5343 -0.4646 -0.7062
vn -0.4526 -0.3413 -0.8238
vn 0.7907 0.4223 0.4432
vn 0.7725 0.4503 0.4476
vn 0.8819 0.4003 0.2489
vn 0.8994 0.3863 0.2047
vn 0.9259 0.3680 0.0854
vn 0.9285 0.3711 0.0093
vn 0.6785 0.4413 0.5873
vn 0.7082 0.4071 0.5768
vn 0.5335 0.5818 0.6139
vn 0.2721 0.5590 0.7832
vn -0.0995 0.5574 0.8243
vn 0.0206 0.6032 0.7973
vn 0.6581 0.4796 0.5804
vn 0.8400 0.4456 0.3096
vn 0.9337 0.3406 0.1105
vn 0.8070 0.3981 0.4361
vn 0.9543 0.2886 -0.0777
vn -0.9196 -0.3457 0.1867
vn -0.9015 -0.4100 -0.1383
vn -0.8230 -0.5675 0.0239
vn -0.7763 -0.5367 0.3306
vn -0.8381 -0.5357 -0.1026
vn -0.8992 -0.3766 -0.2229
vn -0.8506 -0.5241 -0.0428
vn -0.8474 -0.5059 0.1614
vn -0.9473 -0.2412 -0.2110
vn -0.9213 -0.2889 -0.2601
vn -0.9934 -0.0932 0.0667
vn -0.6439 -0.5264 -0.5552
vn -0.9130 -0.3886 -0.1241
vn -0.6864 -0.6560 -0.3137
vn -0.7564 -0.6045 -0.2499
vn -0.8361 -0.4133 -0.3606
vn -0.9310 -0.2885 0.2235
vn 0.7444 0.3551 0.5655
vn 0.7864 0.3790 0.4878
vn 0.7760 0.4286 0.4628
vn 0.7060 0.4463 0.5499
vn 0.7419 0.3371 0.5797
vn 0.7472 0.3941 0.5352
vn -0.8251 -0.3257 -0.4616
vn 0.6962 0.4448 0.5635
vn 0.6816 0.4020 0.6114
vn 0.6361 0.4384 0.6349
vn 0.5872 0.5328 0.6094
vn 0.6559 0.5322 0.5354
vn 0.6892 0.3107 0.6546
vn 0.6673 0.3541 0.6552
vn 0.7365 0.4936 0.4625
vn -0.6598 -0.4420 -0.6077
vn -0.6836 -0.4895 -0.5415
vn -0.6654 -0.4510 -0.5949
vn -0.6525 -0.4273 -0.6258
vn -0.6596 -0.5148 -0.5476
vn -0.6622 -0.5075 -0.5513
vn 0.6629 0.3433 0.6653
vn -0.6637 -0.4600 -0.5898
vn -0.6931 -0.4662 -0.5499
vn -0.6141 -0.4194 -0.6686
vn -0.5913 -0.4133 -0.6925
vn -0.6177 -0.4178 -0.6662
vn -0.6304 -0.4681 -0.6193
vn -0.6318 -0.4129 -0.6560
vn -0.6248 -0.4313 -0.6508
vn -0.6589 -0.4579 -0.5968
vn 0.0447 0.6133 0.7886
vn 0.1264 0.1516 0.9803
vn 0.2024 0.1387 0.9694
vn 0.0639 0.6341 0.7706
vn 0.2847 -0.3363 0.8977
vn 0.1715 -0.2735 0.9465
vn 0.1890 0.1099 0.9758
vn 0.1427 -0.3143 0.9385
vn 0.1714 0.5853 0.7925
vn -0.0385 0.8762 0.4803
vn -0.0677 0.8880 0.4548
vn 0.1140 0.8251 0.5534
vn 0.1353 -0.5419 0.8295
vn 0.3530 -0.1638 0.9212
vn 0.2239 -0.3980 0.8897
vn 0.1243 -0.5742 0.8092
vn 0.3964 0.3718 0.8394
vn 0.4406 0.3229 0.8376
vn 0.4383 0.4329 0.7877
vn 0.4732 0.3839 0.7929
vn 0.3548 -0.4947 0.7933
vn 0.4630 0.0193 0.8861
vn 0.4180 0.0634 0.9062
vn 0.4604 0.3469 0.8171
vn 0.3037 -0.5822 0.7542
vn 0.4769 0.1428 0.8673
vn 0.4919 0.3640 0.7909
vn 0.2896 0.0246 0.9568
vn 0.1745 -0.1342 0.9755
vn 0.2011 -0.0864 0.9758
vn 0.1003 -0.1947 0.9757
vn 0.6809 0.7245 0.1069
vn 0.7889 0.6013 0.1270
vn 0.6503 0.4964 0.5750
vn 0.6938 0.3399 0.6349
vn -0.0569 0.0074 0.9984
vn 0.2352 0.3144 0.9197
vn 0.3628 0.0496 0.9306
vn 0.5356 0.6805 0.5000
vn 0.0998 0.0731 0.9923
vn 0.3650 -0.0677 0.9286
vn 0.6017 0.7902 0.1165
vn -0.5217 -0.3209 0.7905
vn -0.1232 -0.0088 0.9923
vn -0.1902 0.2850 0.9395
vn -0.6971 -0.0662 0.7139
vn -0.8182 0.2294 0.5271
vn -0.3456 0.5038 0.7917
vn 0.1503 0.6113 0.7770
vn 0.2738 0.4964 0.8238
vn 0.6741 0.5679 0.4723
vn 0.6080 0.6121 0.5056
vn 0.7848 0.3321 0.5232
vn 0.3771 0.2639 0.8878
vn 0.9341 0.3327 0.1299
vn 0.8611 0.4784 0.1722
vn 0.8553 0.4589 0.2406
vn -0.4552 -0.7914 -0.4080
vn -0.1736 -0.9521 -0.2518
vn -0.0356 -0.8271 -0.5609
vn -0.4076 -0.6842 -0.6047
vn -0.3983 -0.5650 -0.7226
vn -0.3833 -0.5757 -0.7223
vn -0.2823 -0.5904 -0.7562
vn -0.2021 -0.5942 -0.7785
vn -0.9214 -0.3802 -0.0804
vn -0.9013 -0.4296 -0.0558
vn -0.7220 -0.5378 -0.4354
vn -0.7288 -0.5289 -0.4348
vn -0.9434 -0.2043 0.2612
vn -0.9269 -0.2346 0.2929
vn -0.7545 0.0517 0.6542
vn -0.7679 0.0552 0.6382
vn -0.4497 0.2625 0.8537
vn -0.4703 0.2900 0.8335
vn -0.1704 0.4117 0.8952
vn -0.0997 0.3421 0.9344
vn 0.7407 0.4905 0.4590
vn 0.7115 0.5645 0.4184
vn 0.2831 0.5350 0.7960
vn 0.3157 0.4417 0.8398
vn 0.9134 0.3976 0.0869
vn 0.8851 0.4618 0.0576
vn 0.8730 0.4814 0.0781
vn 0.8906 0.4367 0.1268
vn 0.7077 0.5753 0.4101
vn 0.6681 0.5636 0.4858
vn 0.8370 -0.1624 0.5225
vn 0.9105 0.0021 0.4134
vn 0.8582 0.3913 0.3321
vn 0.7749 0.5555 0.3015
vn 0.2591 -0.9625 0.0802
vn 0.5727 -0.8181 -0.0525
vn -0.4022 -0.6325 -0.6620
vn -0.4071 -0.6053 -0.6840
vn -0.0583 -0.6162 -0.7854
vn -0.0021 -0.6163 -0.7875
vn 0.2798 -0.6857 -0.6720
vn 0.4133 -0.5508 -0.7252
vn -0.7200 -0.5672 -0.3998
vn -0.7383 -0.5404 -0.4036
vn -0.9136 -0.4005 -0.0698
vn -0.8903 -0.4504 -0.0670
vn -0.8974 -0.2834 0.3383
vn -0.9235 -0.2284 0.3082
vn -0.7344 -0.0100 0.6787
vn -0.7024 -0.0952 0.7054
vn -0.3596 0.0640 0.9309
vn -0.3869 0.1882 0.9027
vn 0.0703 0.1843 0.9804
vn -0.0241 0.2675 0.9633
vn 0.7716 0.1905 0.6069
vn 0.7515 0.3053 0.5848
vn 0.3451 0.2816 0.8953
vn 0.4663 0.2234 0.8559
vn -0.2779 -0.7281 -0.6266
vn -0.6037 -0.6856 -0.4068
vn -0.3828 -0.8976 -0.2187
vn -0.0393 -0.9225 -0.3839
vn -0.6242 -0.7809 -0.0245
vn -0.8118 -0.5790 -0.0755
vn -0.5745 -0.7669 0.2860
vn -0.8247 -0.4607 0.3280
vn -0.5016 -0.6054 0.6179
vn -0.6332 -0.3186 0.7053
vn 0.9899 0.0097 -0.1416
vn 0.9850 0.1415 0.0988
vn 0.9534 0.2437 0.1778
vn 0.9723 0.1216 0.1996
vn -0.1401 -0.6647 0.7338
vn -0.2746 -0.2350 0.9324
vn 0.2643 -0.6444 0.7176
vn 0.1749 -0.1564 0.9721
vn 0.2115 -0.9635 0.1641
vn -0.2110 -0.9484 0.2367
vn 0.6923 -0.5532 -0.4633
vn 0.7801 -0.6200 -0.0845
vn 0.5555 -0.8305 0.0412
vn 0.3511 -0.8200 -0.4520
vn 0.6187 -0.5425 0.5682
vn 0.8751 -0.3676 0.3147
vn 0.5858 -0.0194 0.8102
vn 0.8448 0.0448 0.5332
vn 0.9202 -0.3046 -0.2458
vn 0.7856 -0.4078 -0.4653
vn 0.7002 -0.6599 -0.2726
vn 0.9460 -0.3172 0.0674
vn 0.5171 -0.5191 -0.6806
vn 0.1480 -0.6677 -0.7296
vn 0.9683 -0.1563 -0.1949
vn 0.9592 -0.1620 -0.2316
vn 0.8839 -0.3038 -0.3555
vn 0.9141 -0.1271 -0.3851
vn 0.9810 -0.0225 -0.1927
vn 0.8531 -0.2512 -0.4572
vn 0.7561 -0.4049 -0.5141
vn 0.8624 -0.4487 -0.2345
vn 0.9812 -0.1921 0.0207
vn 0.9836 0.0398 0.1757
vn -0.6337 -0.5764 -0.5160
vn -0.4206 -0.7534 -0.5055
vn -0.1704 -0.7946 -0.5827
vn -0.4609 -0.6684 -0.5838
vn -0.2883 -0.8220 -0.4911
vn -0.7213 -0.6121 -0.3241
vn -0.6999 -0.4589 -0.5473
vn -0.4881 -0.6132 -0.6211
vn -0.4673 -0.5226 -0.7131
vn -0.6629 -0.3696 -0.6511
vn -0.2011 -0.8213 -0.5338
vn -0.2409 -0.8005 -0.5487
vn -0.3559 -0.6907 -0.6295
vn -0.3093 -0.7455 -0.5904
vn -0.2598 -0.6410 -0.7222
vn -0.0358 -0.7477 -0.6631
vn -0.0990 -0.9160 -0.3888
vn -0.0404 -0.9131 -0.4058
vn 0.2548 -0.7936 -0.5525
vn 0.1901 -0.4772 -0.8580
vn -0.0717 -0.5249 -0.8481
vn 0.0212 -0.5219 -0.8527
vn 0.1952 -0.4842 -0.8529
vn 0.1551 -0.5341 -0.8311
vn 0.1727 -0.4885 -0.8553
vn 0.3086 -0.5406 -0.7827
vn 0.1484 -0.5099 -0.8473
vn 0.4516 -0.5279 -0.7193
vn 0.1300 -0.5322 -0.8366
vn -0.2213 -0.5261 -0.8211
vn -0.3422 -0.5227 -0.7808
vn -0.2693 -0.5175 -0.8122
vn -0.3196 -0.5177 -0.7936
vn -0.3096 -0.4965 -0.8110
vn -0.3098 -0.4921 -0.8136
vn -0.3279 -0.4642 -0.8228
vn -0.3107 -0.4491 -0.8377
vn -0.3204 -0.4299 -0.8441
vn -0.3213 -0.4107 -0.8533
vn -0.4540 -0.4877 -0.7457
vn -0.5445 -0.4476 -0.7094
vn -0.3997 -0.4725 -0.7855
vn -0.5011 -0.4272 -0.7526
vn -0.3715 -0.4607 -0.8061
vn -0.4823 -0.4316 -0.7623
vn -0.3755 -0.4393 -0.8161
vn -0.4808 -0.4308 -0.7637
vn -0.3998 -0.4180 -0.8157
vn -0.4923 -0.4242 -0.7601
vn -0.3951 -0.4212 -0.8164
vn -0.3622 -0.4204 -0.8319
vn -0.3823 -0.3574 -0.8521
vn -0.4193 -0.3644 -0.8315
vn -0.3231 -0.4238 -0.8461
vn -0.3346 -0.3568 -0.8722
vn -0.4596 -0.3515 -0.8156
vn -0.4050 -0.3316 -0.8520
vn -0.3832 -0.4191 -0.8231
vn -0.4553 -0.4350 -0.7768
vn -0.3373 -0.3133 -0.8877
vn -0.2977 -0.3925 -0.8702
vn -0.4011 -0.3208 -0.8580
vn -0.4423 -0.3335 -0.8326
vn -0.3448 -0.3106 -0.8858
vn -0.5018 -0.4363 -0.7469
vn -0.5011 -0.3727 -0.7811
vn -0.5295 -0.4291 -0.7318
vn -0.5329 -0.3872 -0.7524
vn -0.0918 -0.2728 -0.9577
vn 0.0724 -0.2937 -0.9531
vn -0.1669 -0.3568 -0.9192
vn -0.2466 -0.2956 -0.9229
vn 0.4835 -0.1281 -0.8659
vn 0.5800 -0.1060 -0.8077
vn 0.3756 -0.1961 -0.9058
vn 0.1920 -0.2180 -0.9569
vn -0.2729 -0.3064 -0.9120
vn -0.1565 -0.3019 -0.9404
vn -0.2766 -0.3616 -0.8904
vn -0.1793 -0.3637 -0.9141
vn -0.2752 -0.4321 -0.8588
vn -0.1956 -0.4407 -0.8761
vn 0.8422 0.0769 -0.5336
vn 0.6951 -0.0352 -0.7180
vn 0.6368 -0.0667 -0.7681
vn 0.8353 0.0748 -0.5447
vn 0.0871 -0.2628 -0.9609
vn 0.4019 -0.1627 -0.9011
vn 0.0437 -0.3209 -0.9461
vn 0.3645 -0.1753 -0.9146
vn 0.0335 -0.3867 -0.9216
vn 0.3893 -0.1849 -0.9024
vn 0.5923 -0.0621 -0.8033
vn 0.8042 0.1258 -0.5809
vn 0.5778 -0.0144 -0.8161
vn 0.7664 0.1754 -0.6179
vn 0.5997 0.0241 -0.7999
vn 0.7546 0.1915 -0.6276
vn 0.7452 0.1371 -0.6526
vn 0.8828 0.4235 0.2034
vn 0.2034 0.4657 0.8612
vn 0.8787 0.3839 0.2839
vn 0.2651 0.3601 0.8944
vn 0.8884 0.4146 0.1971
vn 0.3929 0.3615 0.8456
vn 0.9044 0.4256 0.0296
vn 0.5548 0.3977 0.7308
vn 0.9182 0.3718 -0.1368
vn 0.9180 0.2903 -0.2703
vn 0.7054 0.4113 0.5773
vn 0.7878 0.4537 0.4166
vn 0.5356 0.3306 0.7771
vn 0.3675 0.3345 0.8678
vn 0.3690 0.2520 0.8946
vn 0.5264 0.2663 0.8075
vn 0.1771 0.3478 0.9207
vn 0.2223 0.2467 0.9433
vn 0.0048 0.3657 0.9307
vn 0.1017 0.2686 0.9579
vn 0.1833 0.2485 0.9511
vn 0.2385 0.2348 0.9423
vn 0.2519 0.2857 0.9246
vn 0.2346 0.2795 0.9310
vn 0.3085 0.3546 0.8827
vn 0.3537 0.4723 0.8074
vn 0.2177 0.3674 0.9042
vn 0.2026 0.4660 0.8613
vn 0.6678 0.3302 0.6671
vn 0.6932 0.3754 0.6153
vn 0.6518 0.3461 0.6748
vn 0.6359 0.2855 0.7170
vn 0.3602 0.2657 0.8942
vn 0.5154 0.3001 0.8027
vn 0.3464 0.3415 0.8737
vn 0.5014 0.3800 0.7773
vn 0.3315 0.4399 0.8346
vn 0.3430 0.4931 0.7995
vn 0.5167 0.4164 0.7481
vn 0.5639 0.3893 0.7283
vn 0.6133 0.3195 0.7223
vn 0.6428 0.3474 0.6827
vn 0.6090 0.3601 0.7067
vn 0.6395 0.3422 0.6884
vn 0.6510 0.3297 0.6837
vn 0.6979 0.2913 0.6543
vn 0.6833 0.1533 0.7139
vn 0.6592 0.2379 0.7133
vn 0.6535 0.4206 0.6293
vn 0.5482 0.4608 0.6980
vn 0.6187 0.3792 0.6881
vn 0.5292 0.4054 0.7454
vn 0.6209 0.3507 0.7011
vn 0.5744 0.3254 0.7511
vn 0.6530 0.3296 0.6819
vn 0.6297 0.2636 0.7308
vn 0.3790 0.4228 0.8232
vn 0.3838 0.5202 0.7630
vn 0.4244 0.4888 0.7622
vn 0.4222 0.4093 0.8089
vn 0.6996 0.2638 0.6641
vn 0.7258 0.1832 0.6630
vn 0.7354 0.1375 0.6635
vn 0.7066 0.1722 0.6864
vn 0.5550 0.4777 0.6810
vn 0.1218 0.5821 0.8039
vn 0.6870 0.4015 0.6056
vn 0.6847 0.4260 0.5913
vn 0.4721 0.5349 0.7007
vn 0.0329 0.5824 0.8122
vn 0.3190 0.3664 0.8741
vn 0.2500 -0.2534 0.9345
vn 0.3131 -0.1647 0.9353
vn 0.2546 0.5575 0.7902
vn 0.2391 0.5498 0.8003
vn 0.3962 0.4705 0.7885
vn 0.2918 0.5438 0.7868
vn 0.4862 0.4324 0.7594
vn -0.0248 0.5755 0.8174
vn 0.3650 0.5670 0.7384
vn -0.0139 0.6033 0.7974
vn 0.5731 0.4198 0.7038
vn 0.4079 0.0206 0.9128
vn 0.5189 0.2509 0.8172
vn 0.3962 0.0490 0.9169
vn -0.0010 0.5513 0.8343
vn 0.4275 0.5524 0.7156
vn 0.6416 0.4200 0.6419
vn -0.4524 0.4992 0.7390
vn -0.4396 0.5110 0.7387
vn -0.4398 0.4890 0.7533
vn -0.3667 0.3351 0.8679
vn -0.3543 0.2967 0.8868
vn -0.3646 0.5033 0.7834
vn -0.3438 0.4820 0.8059
vn -0.3310 0.3948 0.8571
vn -0.3097 0.4871 0.8166
vn -0.3223 0.4251 0.8458
vn -0.1453 0.5617 0.8145
vn -0.6673 0.4053 0.6248
vn -0.1713 0.4995 0.8492
vn -0.7326 0.2971 0.6124
vn -0.2275 0.4324 0.8725
vn -0.7120 0.2678 0.6492
vn -0.2643 0.4479 0.8541
vn -0.6588 0.2637 0.7046
vn -0.8280 -0.3993 -0.3936
vn -0.8314 -0.3530 -0.4292
vn -0.9926 -0.1009 -0.0678
vn -0.9868 -0.1612 -0.0136
vn -0.2542 0.4595 0.8510
vn -0.6022 0.2676 0.7521
vn -0.2444 -0.9674 0.0669
vn -0.1055 -0.9833 0.1486
vn 0.1734 -0.9580 0.2283
vn 0.0519 -0.9959 0.0739
vn 0.1429 -0.9841 -0.1054
vn -0.1648 -0.9640 -0.2087
vn -0.0173 -0.8741 -0.4854
vn -0.3014 -0.7971 -0.5233
vn 0.0275 -0.8401 -0.5418
vn -0.2266 -0.7962 -0.5611
vn -0.1748 -0.9842 0.0282
vn -0.1403 -0.9876 0.0700
vn -0.2220 -0.9442 0.2431
vn 0.1547 -0.9618 0.2257
vn -0.4695 -0.8713 -0.1427
vn -0.3756 -0.9251 -0.0559
vn -0.7854 -0.0636 0.6157
vn 0.6136 -0.5728 0.5435
vn 0.3442 -0.6107 0.7132
vn 0.0907 -0.4555 0.8856
vn 0.7119 -0.5112 0.4815
vn -0.7941 -0.5558 0.2462
vn -0.0117 -0.8107 -0.5853
vn -0.1970 -0.8051 -0.5594
vn 0.3595 -0.7119 0.6033
vn -0.5898 -0.7892 -0.1714
vn 0.8192 -0.3872 0.4231
vn -0.9137 -0.3468 -0.2121
vn -0.9718 -0.0803 0.2216
vn -0.9365 -0.0825 0.3409
vn -0.9225 -0.3742 -0.0944
vn -0.9879 -0.1449 -0.0549
vn -0.9979 -0.0632 -0.0133
vn -0.9286 -0.2311 -0.2902
vn -0.8736 -0.3539 -0.3341
vn -0.8607 -0.4007 -0.3140
vn -0.9865 -0.1298 0.0994
vn -0.7123 -0.6783 0.1801
vn -0.9523 -0.2807 -0.1201
vn 0.1528 -0.9023 0.4031
vn 0.0474 -0.9410 0.3350
vn -0.5663 -0.8241 0.0148
vn -0.9073 -0.3504 -0.2324
vn -0.8422 -0.4245 -0.3324
vn -0.9594 -0.2649 -0.0967
vn -0.8424 -0.4358 -0.3169
vn -0.9419 -0.3182 -0.1071
vn -0.8243 -0.5092 -0.2474
vn -0.9273 -0.3585 -0.1079
vn -0.5272 -0.8348 0.1584
vn -0.8416 -0.4939 -0.2187
vn 0.2031 -0.9286 0.3105
vn -0.8135 -0.4523 -0.3655
vn -0.9323 -0.2832 -0.2248
vn -0.8065 -0.4665 -0.3632
vn -0.9638 -0.2306 -0.1340
vn -0.9937 -0.0319 0.1076
vn -0.9982 -0.0002 0.0592
vn -0.9893 -0.1252 0.0749
vn -0.9948 -0.0547 0.0855
vn -0.9800 -0.1867 0.0695
vn -0.9871 -0.1414 0.0747
vn -0.9716 -0.2272 0.0662
vn -0.9806 -0.1879 0.0560
vn -0.9964 -0.0849 0.0027
vn -0.8487 -0.5065 -0.1523
vn -0.8050 -0.4849 -0.3417
vn -0.9912 -0.1194 -0.0571
vn -0.9875 -0.1577 -0.0022
vn -0.9949 -0.0664 0.0757
vn -0.9731 -0.2232 -0.0571
vn -0.5760 -0.4266 -0.6973
vn -0.5772 -0.4211 -0.6997
vn -0.5611 -0.4065 -0.7211
vn -0.5766 -0.3987 -0.7131
vn -0.5473 -0.4113 -0.7289
vn -0.5570 -0.3973 -0.7293
vn -0.5314 -0.4172 -0.7373
vn -0.5395 -0.4075 -0.7368
vn -0.5615 -0.3940 -0.7277
vn -0.5567 -0.4230 -0.7149
vn -0.4031 -0.4787 -0.7800
vn -0.4277 -0.6122 -0.6650
vn 0.2111 -0.9540 -0.2129
vn -0.0377 -0.9474 -0.3179
vn -0.4278 -0.4489 -0.7846
vn -0.4774 -0.4371 -0.7623
vn -0.5234 -0.4224 -0.7400
vn -0.4643 -0.6078 -0.6442
vn 0.0902 -0.9811 -0.1713
vn -0.5247 -0.4241 -0.7382
vn -0.5268 -0.4237 -0.7369
vn -0.4286 -0.4251 -0.7973
vn -0.4688 -0.4277 -0.7728
vn -0.4530 -0.3776 -0.8076
vn -0.4888 -0.3914 -0.7797
vn -0.5209 -0.4001 -0.7540
vn -0.5065 -0.4262 -0.7495
vn 0.5752 0.4825 0.6605
vn 0.6290 0.4410 0.6402
vn 0.4700 0.5349 0.7021
vn 0.5041 0.4816 0.7169
vn -0.4770 -0.3529 -0.8049
vn -0.5105 -0.3724 -0.7751
vn -0.5401 -0.3861 -0.7478
vn 0.4316 0.5408 0.7220
vn 0.4318 0.4606 0.7755
vn 0.6269 0.3018 0.7183
vn 0.6422 0.3550 0.6794
vn 0.5150 0.3789 0.7689
vn 0.4939 0.3167 0.8098
vn 0.4471 0.2335 0.8635
vn 0.5960 0.2819 0.7519
vn 0.4606 0.3463 0.8173
vn 0.4568 -0.0146 0.8895
vn 0.5108 0.1884 0.8388
vn 0.2663 0.1605 0.9504
vn 0.3376 0.2372 0.9109
vn 0.4261 0.1973 0.8829
vn 0.5469 0.2178 0.8084
vn 0.4985 0.2238 0.8375
vn 0.4345 0.1197 0.8927
vn 0.3966 0.3195 0.8606
vn 0.4016 0.2819 0.8713
vn 0.4876 0.2969 0.8210
vn 0.9976 -0.0188 0.0666
# 3579 vertex normals

vt 0.0000 0.0000 0.0000
# 1 texture coords

o AlaI
g AlaI
usemtl 17174_Tiamat_new__17174_Tiamat_v1default
s 1
f 1/1/1 2/1/2 3/1/3 4/1/4 
f 5/1/5 3/1/3 2/1/2 6/1/6 
f 7/1/7 8/1/8 3/1/3 5/1/5 
f 4/1/4 3/1/3 8/1/8 9/1/9 
f 10/1/10 11/1/11 12/1/12 13/1/13 
f 5/1/5 12/1/12 11/1/11 7/1/7 
f 6/1/6 14/1/14 12/1/12 5/1/5 
f 13/1/13 12/1/12 14/1/14 15/1/15 
f 16/1/16 17/1/17 18/1/18 19/1/19 
f 18/1/18 17/1/17 20/1/20 
f 15/1/15 14/1/14 18/1/18 21/1/21 
f 19/1/19 18/1/18 14/1/14 6/1/6 
f 22/1/22 23/1/23 24/1/24 25/1/25 
f 16/1/16 19/1/19 23/1/23 22/1/22 
f 6/1/6 2/1/2 23/1/23 19/1/19 
f 24/1/24 23/1/23 2/1/2 1/1/1 
f 26/1/26 27/1/27 28/1/28 29/1/29 
f 30/1/30 28/1/28 27/1/27 31/1/31 
f 32/1/32 33/1/33 28/1/28 30/1/30 
f 29/1/29 28/1/28 33/1/33 34/1/34 
f 25/1/25 35/1/35 36/1/36 22/1/22 
f 30/1/30 36/1/36 35/1/35 32/1/32 
f 31/1/31 37/1/37 36/1/36 30/1/30 
f 22/1/22 36/1/36 37/1/37 16/1/16 
f 38/1/38 39/1/39 40/1/40 41/1/41 
f 42/1/42 39/1/39 38/1/38 43/1/43 
f 44/1/44 45/1/45 39/1/39 42/1/42 
f 40/1/40 39/1/39 45/1/45 46/1/46 
f 47/1/47 48/1/48 49/1/49 
f 47/1/47 50/1/50 51/1/51 
f 52/1/52 53/1/53 47/1/47 54/1/54 
f 53/1/53 55/1/55 48/1/48 
f 56/1/56 57/1/57 58/1/58 59/1/59 
f 60/1/60 58/1/58 57/1/57 61/1/61 
f 62/1/62 63/1/63 58/1/58 60/1/60 
f 63/1/63 64/1/64 59/1/59 
f 65/1/65 66/1/66 67/1/67 68/1/68 
f 69/1/69 67/1/67 66/1/66 70/1/70 
f 54/1/54 67/1/67 69/1/69 52/1/52 
f 68/1/68 67/1/67 54/1/54 51/1/51 
f 71/1/71 72/1/72 73/1/73 74/1/74 
f 49/1/49 48/1/48 73/1/73 
f 75/1/75 73/1/73 48/1/48 55/1/55 
f 74/1/74 73/1/73 75/1/75 41/1/41 
f 76/1/76 77/1/77 78/1/78 
f 74/1/74 76/1/76 79/1/79 71/1/71 
f 76/1/76 74/1/74 41/1/41 
f 77/1/77 76/1/76 40/1/40 46/1/46 
f 80/1/80 81/1/81 82/1/82 83/1/83 
f 84/1/84 82/1/82 81/1/81 85/1/85 
f 86/1/86 87/1/87 82/1/82 84/1/84 
f 83/1/83 82/1/82 87/1/87 88/1/88 
f 89/1/89 90/1/90 91/1/91 92/1/92 
f 93/1/93 91/1/91 90/1/90 94/1/94 
f 93/1/93 88/1/88 95/1/95 91/1/91 
f 95/1/95 96/1/96 92/1/92 91/1/91 
f 97/1/97 98/1/98 99/1/99 100/1/100 
f 95/1/95 99/1/99 98/1/98 96/1/96 
f 88/1/88 87/1/87 99/1/99 95/1/95 
f 100/1/100 99/1/99 87/1/87 86/1/86 
f 101/1/101 102/1/102 103/1/103 104/1/104 
f 84/1/84 103/1/103 102/1/102 86/1/86 
f 85/1/85 105/1/105 103/1/103 84/1/84 
f 104/1/104 103/1/103 105/1/105 106/1/106 
f 107/1/107 108/1/108 109/1/109 110/1/110 
f 111/1/111 109/1/109 108/1/108 112/1/112 
f 113/1/113 114/1/114 109/1/109 111/1/111 
f 110/1/110 109/1/109 114/1/114 115/1/115 
f 20/1/20 116/1/116 117/1/117 21/1/21 
f 118/1/118 117/1/117 116/1/116 119/1/119 
f 120/1/120 121/1/121 117/1/117 118/1/118 
f 21/1/21 117/1/117 121/1/121 15/1/15 
f 122/1/122 123/1/123 124/1/124 125/1/125 
f 123/1/123 126/1/126 127/1/127 
f 120/1/120 118/1/118 124/1/124 127/1/127 
f 125/1/125 124/1/124 118/1/118 119/1/119 
f 121/1/121 120/1/120 128/1/128 129/1/129 
f 130/1/130 129/1/129 128/1/128 131/1/131 
f 10/1/10 13/1/13 129/1/129 130/1/130 
f 121/1/121 129/1/129 13/1/13 15/1/15 
f 132/1/132 127/1/127 126/1/126 
f 133/1/133 132/1/132 134/1/134 135/1/135 
f 131/1/131 128/1/128 132/1/132 133/1/133 
f 128/1/128 120/1/120 127/1/127 132/1/132 
f 16/1/16 37/1/37 136/1/136 17/1/17 
f 137/1/137 136/1/136 37/1/37 31/1/31 
f 138/1/138 139/1/139 136/1/136 137/1/137 
f 139/1/139 20/1/20 17/1/17 
f 20/1/20 139/1/139 140/1/140 116/1/116 
f 141/1/141 140/1/140 139/1/139 138/1/138 
f 142/1/142 143/1/143 140/1/140 141/1/141 
f 116/1/116 140/1/140 143/1/143 119/1/119 
f 144/1/144 125/1/125 119/1/119 
f 145/1/145 144/1/144 143/1/143 142/1/142 
f 146/1/146 147/1/147 144/1/144 145/1/145 
f 147/1/147 122/1/122 125/1/125 
f 31/1/31 27/1/27 148/1/148 137/1/137 
f 149/1/149 148/1/148 27/1/27 26/1/26 
f 150/1/150 151/1/151 148/1/148 149/1/149 
f 137/1/137 148/1/148 151/1/151 138/1/138 
f 152/1/152 153/1/153 154/1/154 155/1/155 
f 156/1/156 154/1/154 153/1/153 157/1/157 
f 158/1/158 159/1/159 154/1/154 156/1/156 
f 155/1/155 154/1/154 159/1/159 160/1/160 
f 161/1/161 162/1/162 163/1/163 
f 156/1/156 164/1/164 163/1/163 158/1/158 
f 156/1/156 157/1/157 165/1/165 164/1/164 
f 166/1/166 161/1/161 164/1/164 165/1/165 
f 167/1/167 168/1/168 169/1/169 
f 170/1/170 167/1/167 171/1/171 172/1/172 
f 173/1/173 174/1/174 167/1/167 170/1/170 
f 168/1/168 167/1/167 174/1/174 152/1/152 
f 175/1/175 176/1/176 98/1/98 97/1/97 
f 175/1/175 177/1/177 178/1/178 
f 176/1/176 178/1/178 179/1/179 
f 98/1/98 176/1/176 180/1/180 96/1/96 
f 181/1/181 182/1/182 183/1/183 184/1/184 
f 185/1/185 183/1/183 182/1/182 186/1/186 
f 187/1/187 183/1/183 185/1/185 188/1/188 
f 189/1/189 184/1/184 183/1/183 187/1/187 
f 186/1/186 190/1/190 191/1/191 185/1/185 
f 192/1/192 191/1/191 190/1/190 193/1/193 
f 194/1/194 195/1/195 191/1/191 192/1/192 
f 185/1/185 191/1/191 195/1/195 188/1/188 
f 196/1/196 197/1/197 198/1/198 199/1/199 
f 200/1/200 198/1/198 197/1/197 201/1/201 
f 202/1/202 203/1/203 198/1/198 200/1/200 
f 199/1/199 198/1/198 203/1/203 204/1/204 
f 205/1/205 206/1/206 207/1/207 208/1/208 
f 199/1/199 207/1/207 206/1/206 196/1/196 
f 204/1/204 209/1/209 207/1/207 199/1/199 
f 208/1/208 207/1/207 209/1/209 210/1/210 
f 211/1/211 212/1/212 213/1/213 214/1/214 
f 215/1/215 216/1/216 214/1/214 213/1/213 
f 208/1/208 214/1/214 216/1/216 205/1/205 
f 208/1/208 210/1/210 211/1/211 214/1/214 
f 177/1/177 217/1/217 218/1/218 178/1/178 
f 219/1/219 218/1/218 217/1/217 220/1/220 
f 221/1/221 222/1/222 218/1/218 219/1/219 
f 222/1/222 179/1/179 178/1/178 
f 223/1/223 224/1/224 225/1/225 226/1/226 
f 219/1/219 225/1/225 224/1/224 221/1/221 
f 220/1/220 227/1/227 225/1/225 219/1/219 
f 226/1/226 225/1/225 227/1/227 228/1/228 
f 229/1/229 230/1/230 231/1/231 232/1/232 
f 233/1/233 231/1/231 230/1/230 234/1/234 
f 112/1/112 108/1/108 231/1/231 233/1/233 
f 232/1/232 231/1/231 108/1/108 107/1/107 
f 234/1/234 235/1/235 236/1/236 233/1/233 
f 237/1/237 236/1/236 235/1/235 238/1/238 
f 239/1/239 240/1/240 236/1/236 237/1/237 
f 233/1/233 236/1/236 240/1/240 112/1/112 
f 238/1/238 241/1/241 242/1/242 237/1/237 
f 243/1/243 242/1/242 241/1/241 244/1/244 
f 245/1/245 246/1/246 242/1/242 243/1/243 
f 237/1/237 242/1/242 246/1/246 239/1/239 
f 244/1/244 247/1/247 248/1/248 243/1/243 
f 249/1/249 248/1/248 247/1/247 250/1/250 
f 251/1/251 252/1/252 248/1/248 249/1/249 
f 243/1/243 248/1/248 252/1/252 245/1/245 
f 253/1/253 254/1/254 255/1/255 
f 256/1/256 257/1/257 253/1/253 
f 258/1/258 253/1/253 257/1/257 259/1/259 
f 258/1/258 260/1/260 254/1/254 
f 261/1/261 262/1/262 263/1/263 264/1/264 
f 265/1/265 263/1/263 262/1/262 266/1/266 
f 267/1/267 268/1/268 263/1/263 265/1/265 
f 264/1/264 263/1/263 268/1/268 269/1/269 
f 270/1/270 271/1/271 272/1/272 273/1/273 
f 274/1/274 272/1/272 271/1/271 275/1/275 
f 276/1/276 277/1/277 272/1/272 274/1/274 
f 273/1/273 272/1/272 277/1/277 278/1/278 
f 279/1/279 280/1/280 281/1/281 282/1/282 
f 283/1/283 281/1/281 280/1/280 284/1/284 
f 285/1/285 286/1/286 281/1/281 283/1/283 
f 282/1/282 281/1/281 286/1/286 287/1/287 
f 288/1/288 289/1/289 290/1/290 291/1/291 
f 292/1/292 290/1/290 289/1/289 293/1/293 
f 275/1/275 271/1/271 290/1/290 292/1/292 
f 291/1/291 290/1/290 271/1/271 270/1/270 
f 294/1/294 295/1/295 296/1/296 297/1/297 
f 298/1/298 296/1/296 295/1/295 299/1/299 
f 300/1/300 296/1/296 298/1/298 301/1/301 
f 297/1/297 296/1/296 300/1/300 166/1/166 
f 193/1/193 302/1/302 303/1/303 192/1/192 
f 304/1/304 303/1/303 302/1/302 305/1/305 
f 306/1/306 303/1/303 304/1/304 307/1/307 
f 192/1/192 303/1/303 306/1/306 194/1/194 
f 308/1/308 309/1/309 310/1/310 311/1/311 
f 312/1/312 310/1/310 309/1/309 313/1/313 
f 310/1/310 312/1/312 223/1/223 
f 226/1/226 228/1/228 311/1/311 
f 314/1/314 315/1/315 316/1/316 317/1/317 
f 273/1/273 316/1/316 315/1/315 270/1/270 
f 278/1/278 318/1/318 316/1/316 273/1/273 
f 317/1/317 316/1/316 318/1/318 319/1/319 
f 320/1/320 321/1/321 322/1/322 323/1/323 
f 324/1/324 322/1/322 321/1/321 325/1/325 
f 135/1/135 134/1/134 322/1/322 324/1/324 
f 323/1/323 322/1/322 134/1/134 126/1/126 
f 234/1/234 230/1/230 326/1/326 327/1/327 
f 328/1/328 326/1/326 230/1/230 229/1/229 
f 325/1/325 321/1/321 326/1/326 328/1/328 
f 327/1/327 326/1/326 321/1/321 320/1/320 
f 329/1/329 330/1/330 331/1/331 332/1/332 
f 323/1/323 331/1/331 330/1/330 320/1/320 
f 126/1/126 123/1/123 331/1/331 323/1/323 
f 332/1/332 331/1/331 123/1/123 122/1/122 
f 238/1/238 235/1/235 333/1/333 334/1/334 
f 327/1/327 333/1/333 235/1/235 234/1/234 
f 320/1/320 330/1/330 333/1/333 327/1/327 
f 334/1/334 333/1/333 330/1/330 329/1/329 
f 335/1/335 336/1/336 337/1/337 
f 332/1/332 335/1/335 338/1/338 329/1/329 
f 122/1/122 147/1/147 335/1/335 332/1/332 
f 336/1/336 335/1/335 147/1/147 146/1/146 
f 244/1/244 241/1/241 339/1/339 340/1/340 
f 334/1/334 339/1/339 241/1/241 238/1/238 
f 329/1/329 338/1/338 339/1/339 334/1/334 
f 340/1/340 339/1/339 338/1/338 337/1/337 
f 341/1/341 342/1/342 343/1/343 344/1/344 
f 336/1/336 343/1/343 342/1/342 337/1/337 
f 146/1/146 345/1/345 343/1/343 336/1/336 
f 344/1/344 343/1/343 345/1/345 346/1/346 
f 250/1/250 247/1/247 347/1/347 348/1/348 
f 340/1/340 347/1/347 247/1/247 244/1/244 
f 337/1/337 342/1/342 347/1/347 340/1/340 
f 348/1/348 347/1/347 342/1/342 341/1/341 
f 349/1/349 350/1/350 351/1/351 352/1/352 
f 353/1/353 351/1/351 350/1/350 354/1/354 
f 301/1/301 298/1/298 351/1/351 353/1/353 
f 352/1/352 351/1/351 298/1/298 299/1/299 
f 259/1/259 257/1/257 355/1/355 356/1/356 
f 257/1/257 256/1/256 357/1/357 
f 354/1/354 350/1/350 355/1/355 357/1/357 
f 356/1/356 355/1/355 350/1/350 349/1/349 
f 212/1/212 358/1/358 359/1/359 213/1/213 
f 360/1/360 359/1/359 358/1/358 361/1/361 
f 362/1/362 363/1/363 359/1/359 360/1/360 
f 213/1/213 359/1/359 363/1/363 215/1/215 
f 364/1/364 365/1/365 262/1/262 261/1/261 
f 360/1/360 365/1/365 364/1/364 362/1/362 
f 361/1/361 366/1/366 365/1/365 360/1/360 
f 262/1/262 365/1/365 366/1/366 266/1/266 
f 367/1/367 309/1/309 308/1/308 
f 317/1/317 367/1/367 368/1/368 314/1/314 
f 319/1/319 369/1/369 367/1/367 317/1/317 
f 309/1/309 367/1/367 369/1/369 313/1/313 
f 270/1/270 315/1/315 370/1/370 291/1/291 
f 371/1/371 370/1/370 315/1/315 314/1/314 
f 372/1/372 373/1/373 370/1/370 371/1/371 
f 291/1/291 370/1/370 373/1/373 288/1/288 
f 374/1/374 375/1/375 376/1/376 377/1/377 
f 378/1/378 376/1/376 375/1/375 379/1/379 
f 380/1/380 381/1/381 376/1/376 378/1/378 
f 377/1/377 376/1/376 381/1/381 382/1/382 
f 383/1/383 384/1/384 385/1/385 386/1/386 
f 387/1/387 385/1/385 384/1/384 388/1/388 
f 389/1/389 390/1/390 385/1/385 387/1/387 
f 386/1/386 385/1/385 390/1/390 391/1/391 
f 392/1/392 393/1/393 394/1/394 395/1/395 
f 396/1/396 394/1/394 393/1/393 397/1/397 
f 388/1/388 384/1/384 394/1/394 396/1/396 
f 395/1/395 394/1/394 384/1/384 383/1/383 
f 382/1/382 398/1/398 399/1/399 377/1/377 
f 400/1/400 399/1/399 398/1/398 401/1/401 
f 402/1/402 403/1/403 399/1/399 400/1/400 
f 377/1/377 399/1/399 403/1/403 374/1/374 
f 382/1/382 381/1/381 404/1/404 405/1/405 
f 406/1/406 404/1/404 381/1/381 380/1/380 
f 407/1/407 408/1/408 404/1/404 406/1/406 
f 408/1/408 409/1/409 405/1/405 
f 410/1/410 411/1/411 389/1/389 
f 412/1/412 410/1/410 413/1/413 414/1/414 
f 412/1/412 407/1/407 406/1/406 410/1/410 
f 411/1/411 410/1/410 406/1/406 380/1/380 
f 388/1/388 415/1/415 416/1/416 387/1/387 
f 417/1/417 416/1/416 415/1/415 418/1/418 
f 414/1/414 413/1/413 416/1/416 417/1/417 
f 387/1/387 416/1/416 413/1/413 389/1/389 
f 397/1/397 419/1/419 420/1/420 396/1/396 
f 421/1/421 420/1/420 419/1/419 422/1/422 
f 418/1/418 415/1/415 420/1/420 421/1/421 
f 396/1/396 420/1/420 415/1/415 388/1/388 
f 397/1/397 423/1/423 424/1/424 419/1/419 
f 425/1/425 424/1/424 423/1/423 401/1/401 
f 426/1/426 427/1/427 424/1/424 425/1/425 
f 419/1/419 424/1/424 427/1/427 422/1/422 
f 409/1/409 428/1/428 429/1/429 405/1/405 
f 428/1/428 426/1/426 425/1/425 
f 401/1/401 398/1/398 429/1/429 425/1/425 
f 405/1/405 429/1/429 398/1/398 382/1/382 
f 409/1/409 408/1/408 430/1/430 431/1/431 
f 432/1/432 430/1/430 408/1/408 407/1/407 
f 433/1/433 434/1/434 430/1/430 432/1/432 
f 431/1/431 430/1/430 434/1/434 435/1/435 
f 407/1/407 412/1/412 436/1/436 432/1/432 
f 412/1/412 414/1/414 437/1/437 436/1/436 
f 438/1/438 439/1/439 436/1/436 437/1/437 
f 432/1/432 436/1/436 439/1/439 433/1/433 
f 418/1/418 440/1/440 441/1/441 417/1/417 
f 442/1/442 441/1/441 440/1/440 443/1/443 
f 438/1/438 437/1/437 441/1/441 442/1/442 
f 417/1/417 441/1/441 437/1/437 414/1/414 
f 422/1/422 444/1/444 445/1/445 421/1/421 
f 446/1/446 445/1/445 444/1/444 447/1/447 
f 445/1/445 446/1/446 443/1/443 
f 421/1/421 445/1/445 440/1/440 418/1/418 
f 448/1/448 449/1/449 427/1/427 426/1/426 
f 450/1/450 451/1/451 449/1/449 448/1/448 
f 447/1/447 444/1/444 449/1/449 451/1/451 
f 427/1/427 449/1/449 444/1/444 422/1/422 
f 435/1/435 452/1/452 453/1/453 431/1/431 
f 448/1/448 453/1/453 452/1/452 450/1/450 
f 426/1/426 428/1/428 453/1/453 448/1/448 
f 428/1/428 409/1/409 431/1/431 
f 454/1/454 455/1/455 456/1/456 457/1/457 
f 458/1/458 459/1/459 456/1/456 455/1/455 
f 460/1/460 461/1/461 456/1/456 459/1/459 
f 457/1/457 456/1/456 461/1/461 462/1/462 
f 463/1/463 464/1/464 465/1/465 
f 466/1/466 463/1/463 467/1/467 468/1/468 
f 454/1/454 469/1/469 463/1/463 466/1/466 
f 464/1/464 463/1/463 469/1/469 470/1/470 
f 471/1/471 472/1/472 473/1/473 474/1/474 
f 472/1/472 475/1/475 476/1/476 473/1/473 
f 468/1/468 467/1/467 473/1/473 476/1/476 
f 474/1/474 473/1/473 467/1/467 465/1/465 
f 471/1/471 477/1/477 478/1/478 472/1/472 
f 479/1/479 478/1/478 477/1/477 480/1/480 
f 481/1/481 482/1/482 478/1/478 479/1/479 
f 472/1/472 478/1/478 482/1/482 475/1/475 
f 480/1/480 483/1/483 484/1/484 479/1/479 
f 485/1/485 484/1/484 483/1/483 486/1/486 
f 487/1/487 488/1/488 484/1/484 485/1/485 
f 479/1/479 484/1/484 488/1/488 481/1/481 
f 489/1/489 490/1/490 491/1/491 
f 492/1/492 489/1/489 493/1/493 462/1/462 
f 485/1/485 489/1/489 492/1/492 487/1/487 
f 489/1/489 485/1/485 486/1/486 490/1/490 
f 462/1/462 493/1/493 494/1/494 457/1/457 
f 491/1/491 495/1/495 494/1/494 493/1/493 
f 494/1/494 495/1/495 470/1/470 
f 457/1/457 494/1/494 469/1/469 454/1/454 
f 433/1/433 439/1/439 496/1/496 497/1/497 
f 498/1/498 496/1/496 439/1/439 438/1/438 
f 499/1/499 496/1/496 498/1/498 500/1/500 
f 497/1/497 496/1/496 499/1/499 501/1/501 
f 500/1/500 498/1/498 502/1/502 503/1/503 
f 442/1/442 502/1/502 498/1/498 438/1/438 
f 443/1/443 504/1/504 502/1/502 442/1/442 
f 503/1/503 502/1/502 504/1/504 505/1/505 
f 447/1/447 506/1/506 507/1/507 446/1/446 
f 508/1/508 507/1/507 506/1/506 509/1/509 
f 505/1/505 504/1/504 507/1/507 508/1/508 
f 446/1/446 507/1/507 504/1/504 443/1/443 
f 450/1/450 510/1/510 511/1/511 451/1/451 
f 512/1/512 511/1/511 510/1/510 513/1/513 
f 509/1/509 506/1/506 511/1/511 512/1/512 
f 451/1/451 511/1/511 506/1/506 447/1/447 
f 450/1/450 452/1/452 514/1/514 510/1/510 
f 515/1/515 514/1/514 452/1/452 435/1/435 
f 516/1/516 517/1/517 514/1/514 515/1/515 
f 517/1/517 513/1/513 510/1/510 514/1/514 
f 501/1/501 518/1/518 519/1/519 497/1/497 
f 518/1/518 516/1/516 515/1/515 
f 435/1/435 434/1/434 519/1/519 515/1/515 
f 497/1/497 519/1/519 434/1/434 433/1/433 
f 500/1/500 520/1/520 521/1/521 499/1/499 
f 522/1/522 521/1/521 520/1/520 523/1/523 
f 521/1/521 522/1/522 524/1/524 
f 501/1/501 499/1/499 521/1/521 525/1/525 
f 465/1/465 526/1/526 527/1/527 474/1/474 
f 528/1/528 527/1/527 526/1/526 529/1/529 
f 530/1/530 531/1/531 527/1/527 528/1/528 
f 474/1/474 527/1/527 531/1/531 471/1/471 
f 532/1/532 533/1/533 534/1/534 535/1/535 
f 536/1/536 534/1/534 533/1/533 537/1/537 
f 534/1/534 536/1/536 530/1/530 
f 535/1/535 534/1/534 538/1/538 523/1/523 
f 505/1/505 539/1/539 540/1/540 503/1/503 
f 535/1/535 540/1/540 539/1/539 532/1/532 
f 523/1/523 520/1/520 540/1/540 535/1/535 
f 503/1/503 540/1/540 520/1/520 500/1/500 
f 536/1/536 541/1/541 531/1/531 530/1/530 
f 542/1/542 541/1/541 536/1/536 537/1/537 
f 477/1/477 541/1/541 542/1/542 480/1/480 
f 471/1/471 531/1/531 541/1/541 477/1/477 
f 509/1/509 543/1/543 544/1/544 508/1/508 
f 545/1/545 544/1/544 543/1/543 546/1/546 
f 532/1/532 539/1/539 544/1/544 545/1/545 
f 508/1/508 544/1/544 539/1/539 505/1/505 
f 513/1/513 547/1/547 548/1/548 512/1/512 
f 549/1/549 548/1/548 547/1/547 550/1/550 
f 546/1/546 543/1/543 548/1/548 549/1/549 
f 512/1/512 548/1/548 543/1/543 509/1/509 
f 528/1/528 529/1/529 551/1/551 
f 551/1/551 524/1/524 522/1/522 
f 552/1/552 522/1/522 523/1/523 
f 538/1/538 530/1/530 528/1/528 
f 553/1/553 554/1/554 555/1/555 556/1/556 
f 483/1/483 555/1/555 554/1/554 486/1/486 
f 480/1/480 542/1/542 555/1/555 483/1/483 
f 556/1/556 555/1/555 542/1/542 537/1/537 
f 557/1/557 558/1/558 559/1/559 
f 560/1/560 561/1/561 562/1/562 
f 553/1/553 563/1/563 557/1/557 562/1/562 
f 558/1/558 557/1/557 563/1/563 564/1/564 
f 565/1/565 562/1/562 561/1/561 
f 490/1/490 565/1/565 566/1/566 491/1/491 
f 486/1/486 554/1/554 565/1/565 490/1/490 
f 562/1/562 565/1/565 554/1/554 553/1/553 
f 567/1/567 568/1/568 566/1/566 561/1/561 
f 569/1/569 568/1/568 567/1/567 570/1/570 
f 470/1/470 495/1/495 568/1/568 569/1/569 
f 495/1/495 491/1/491 566/1/566 
f 470/1/470 569/1/569 571/1/571 464/1/464 
f 572/1/572 571/1/571 569/1/569 570/1/570 
f 529/1/529 526/1/526 571/1/571 572/1/572 
f 526/1/526 465/1/465 464/1/464 
f 570/1/570 573/1/573 574/1/574 572/1/572 
f 575/1/575 574/1/574 573/1/573 576/1/576 
f 577/1/577 578/1/578 574/1/574 575/1/575 
f 572/1/572 574/1/574 578/1/578 529/1/529 
f 579/1/579 575/1/575 576/1/576 
f 580/1/580 579/1/579 581/1/581 582/1/582 
f 583/1/583 584/1/584 579/1/579 580/1/580 
f 575/1/575 579/1/579 584/1/584 577/1/577 
f 585/1/585 586/1/586 587/1/587 588/1/588 
f 589/1/589 590/1/590 587/1/587 586/1/586 
f 587/1/587 590/1/590 591/1/591 
f 589/1/589 586/1/586 592/1/592 593/1/593 
f 594/1/594 592/1/592 586/1/586 585/1/585 
f 582/1/582 581/1/581 592/1/592 594/1/594 
f 593/1/593 592/1/592 581/1/581 576/1/576 
f 595/1/595 596/1/596 597/1/597 598/1/598 
f 599/1/599 597/1/597 596/1/596 600/1/600 
f 597/1/597 599/1/599 601/1/601 
f 602/1/602 603/1/603 598/1/598 
f 604/1/604 605/1/605 606/1/606 607/1/607 
f 600/1/600 596/1/596 605/1/605 604/1/604 
f 608/1/608 605/1/605 596/1/596 595/1/595 
f 606/1/606 605/1/605 608/1/608 591/1/591 
f 607/1/607 609/1/609 610/1/610 604/1/604 
f 611/1/611 610/1/610 609/1/609 612/1/612 
f 613/1/613 614/1/614 610/1/610 611/1/611 
f 604/1/604 610/1/610 614/1/614 600/1/600 
f 615/1/615 616/1/616 617/1/617 618/1/618 
f 616/1/616 561/1/561 560/1/560 
f 559/1/559 619/1/619 617/1/617 560/1/560 
f 618/1/618 617/1/617 619/1/619 620/1/620 
f 621/1/621 622/1/622 623/1/623 
f 624/1/624 570/1/570 567/1/567 
f 561/1/561 616/1/616 621/1/621 567/1/567 
f 616/1/616 615/1/615 622/1/622 
f 625/1/625 623/1/623 622/1/622 
f 615/1/615 626/1/626 627/1/627 622/1/622 
f 628/1/628 625/1/625 627/1/627 626/1/626 
f 629/1/629 624/1/624 623/1/623 
f 593/1/593 629/1/629 630/1/630 589/1/589 
f 576/1/576 573/1/573 629/1/629 593/1/593 
f 573/1/573 570/1/570 624/1/624 
f 631/1/631 590/1/590 589/1/589 
f 632/1/632 631/1/631 630/1/630 623/1/623 
f 632/1/632 633/1/633 634/1/634 
f 634/1/634 591/1/591 590/1/590 
f 632/1/632 635/1/635 636/1/636 633/1/633 
f 625/1/625 635/1/635 632/1/632 623/1/623 
f 628/1/628 637/1/637 635/1/635 625/1/625 
f 636/1/636 635/1/635 637/1/637 638/1/638 
f 633/1/633 639/1/639 640/1/640 634/1/634 
f 639/1/639 641/1/641 642/1/642 
f 607/1/607 606/1/606 640/1/640 642/1/642 
f 634/1/634 640/1/640 606/1/606 591/1/591 
f 643/1/643 644/1/644 645/1/645 646/1/646 
f 647/1/647 645/1/645 644/1/644 648/1/648 
f 641/1/641 639/1/639 645/1/645 647/1/647 
f 646/1/646 645/1/645 639/1/639 633/1/633 
f 649/1/649 650/1/650 651/1/651 652/1/652 
f 653/1/653 654/1/654 651/1/651 650/1/650 
f 655/1/655 651/1/651 654/1/654 656/1/656 
f 655/1/655 612/1/612 652/1/652 
f 657/1/657 642/1/642 641/1/641 
f 649/1/649 652/1/652 657/1/657 658/1/658 
f 657/1/657 652/1/652 612/1/612 
f 642/1/642 657/1/657 609/1/609 607/1/607 
f 653/1/653 659/1/659 660/1/660 654/1/654 
f 661/1/661 662/1/662 660/1/660 659/1/659 
f 663/1/663 660/1/660 662/1/662 638/1/638 
f 656/1/656 654/1/654 660/1/660 663/1/663 
f 664/1/664 665/1/665 666/1/666 667/1/667 
f 658/1/658 666/1/666 665/1/665 649/1/649 
f 658/1/658 641/1/641 647/1/647 
f 648/1/648 667/1/667 666/1/666 647/1/647 
f 638/1/638 662/1/662 668/1/668 636/1/636 
f 669/1/669 668/1/668 662/1/662 661/1/661 
f 643/1/643 646/1/646 668/1/668 669/1/669 
f 636/1/636 668/1/668 646/1/646 633/1/633 
f 670/1/670 669/1/669 661/1/661 
f 671/1/671 664/1/664 667/1/667 670/1/670 
f 648/1/648 644/1/644 670/1/670 667/1/667 
f 644/1/644 643/1/643 669/1/669 
f 672/1/672 665/1/665 664/1/664 
f 671/1/671 661/1/661 659/1/659 
f 672/1/672 659/1/659 653/1/653 
f 650/1/650 649/1/649 665/1/665 
f 673/1/673 674/1/674 675/1/675 676/1/676 
f 100/1/100 675/1/675 674/1/674 97/1/97 
f 86/1/86 102/1/102 675/1/675 100/1/100 
f 676/1/676 675/1/675 102/1/102 101/1/101 
f 97/1/97 674/1/674 677/1/677 175/1/175 
f 678/1/678 677/1/677 674/1/674 673/1/673 
f 679/1/679 680/1/680 677/1/677 678/1/678 
f 175/1/175 677/1/677 680/1/680 177/1/177 
f 673/1/673 681/1/681 682/1/682 678/1/678 
f 683/1/683 682/1/682 681/1/681 684/1/684 
f 685/1/685 686/1/686 682/1/682 683/1/683 
f 678/1/678 682/1/682 686/1/686 679/1/679 
f 687/1/687 688/1/688 680/1/680 679/1/679 
f 689/1/689 690/1/690 688/1/688 687/1/687 
f 220/1/220 217/1/217 688/1/688 690/1/690 
f 680/1/680 688/1/688 217/1/217 177/1/177 
f 685/1/685 691/1/691 692/1/692 686/1/686 
f 693/1/693 692/1/692 691/1/691 694/1/694 
f 689/1/689 687/1/687 692/1/692 693/1/693 
f 679/1/679 686/1/686 692/1/692 687/1/687 
f 695/1/695 696/1/696 690/1/690 689/1/689 
f 696/1/696 695/1/695 697/1/697 
f 698/1/698 228/1/228 227/1/227 
f 690/1/690 696/1/696 227/1/227 220/1/220 
f 689/1/689 693/1/693 699/1/699 695/1/695 
f 694/1/694 700/1/700 699/1/699 693/1/693 
f 701/1/701 699/1/699 700/1/700 702/1/702 
f 695/1/695 699/1/699 701/1/701 697/1/697 
f 703/1/703 704/1/704 705/1/705 706/1/706 
f 371/1/371 705/1/705 704/1/704 372/1/372 
f 314/1/314 368/1/368 705/1/705 371/1/371 
f 705/1/705 368/1/368 308/1/308 
f 707/1/707 708/1/708 703/1/703 
f 706/1/706 308/1/308 311/1/311 
f 707/1/707 311/1/311 228/1/228 
f 698/1/698 697/1/697 708/1/708 
f 697/1/697 701/1/701 709/1/709 708/1/708 
f 702/1/702 710/1/710 709/1/709 701/1/701 
f 711/1/711 709/1/709 710/1/710 712/1/712 
f 703/1/703 708/1/708 709/1/709 711/1/711 
f 101/1/101 713/1/713 714/1/714 676/1/676 
f 715/1/715 714/1/714 713/1/713 716/1/716 
f 684/1/684 681/1/681 714/1/714 715/1/715 
f 676/1/676 714/1/714 681/1/681 673/1/673 
f 717/1/717 716/1/716 713/1/713 718/1/718 
f 104/1/104 718/1/718 713/1/713 101/1/101 
f 106/1/106 719/1/719 718/1/718 104/1/104 
f 717/1/717 718/1/718 719/1/719 720/1/720 
f 721/1/721 722/1/722 723/1/723 724/1/724 
f 717/1/717 722/1/722 721/1/721 716/1/716 
f 720/1/720 725/1/725 722/1/722 717/1/717 
f 725/1/725 726/1/726 723/1/723 722/1/722 
f 715/1/715 727/1/727 728/1/728 684/1/684 
f 729/1/729 727/1/727 715/1/715 716/1/716 
f 730/1/730 728/1/728 727/1/727 729/1/729 
f 724/1/724 731/1/731 732/1/732 721/1/721 
f 733/1/733 732/1/732 731/1/731 734/1/734 
f 729/1/729 732/1/732 733/1/733 730/1/730 
f 732/1/732 729/1/729 716/1/716 
f 735/1/735 736/1/736 737/1/737 738/1/738 
f 683/1/683 736/1/736 735/1/735 685/1/685 
f 684/1/684 728/1/728 736/1/736 683/1/683 
f 737/1/737 736/1/736 728/1/728 730/1/730 
f 739/1/739 740/1/740 741/1/741 742/1/742 
f 743/1/743 741/1/741 740/1/740 744/1/744 
f 734/1/734 731/1/731 741/1/741 743/1/743 
f 742/1/742 741/1/741 731/1/731 724/1/724 
f 744/1/744 740/1/740 745/1/745 746/1/746 
f 747/1/747 745/1/745 740/1/740 739/1/739 
f 7/1/7 11/1/11 745/1/745 747/1/747 
f 746/1/746 745/1/745 11/1/11 10/1/10 
f 748/1/748 749/1/749 750/1/750 751/1/751 
f 748/1/748 738/1/738 737/1/737 749/1/749 
f 730/1/730 733/1/733 749/1/749 737/1/737 
f 734/1/734 750/1/750 749/1/749 733/1/733 
f 743/1/743 752/1/752 750/1/750 734/1/734 
f 744/1/744 753/1/753 752/1/752 743/1/743 
f 751/1/751 750/1/750 752/1/752 753/1/753 
f 10/1/10 130/1/130 754/1/754 746/1/746 
f 131/1/131 755/1/755 754/1/754 130/1/130 
f 756/1/756 757/1/757 754/1/754 755/1/755 
f 746/1/746 754/1/754 757/1/757 744/1/744 
f 738/1/738 758/1/758 759/1/759 735/1/735 
f 760/1/760 759/1/759 758/1/758 761/1/761 
f 694/1/694 691/1/691 759/1/759 760/1/760 
f 735/1/735 759/1/759 691/1/691 685/1/685 
f 762/1/762 763/1/763 757/1/757 756/1/756 
f 764/1/764 763/1/763 762/1/762 765/1/765 
f 751/1/751 753/1/753 763/1/763 764/1/764 
f 757/1/757 763/1/763 753/1/753 744/1/744 
f 765/1/765 766/1/766 767/1/767 764/1/764 
f 758/1/758 767/1/767 766/1/766 761/1/761 
f 748/1/748 767/1/767 758/1/758 738/1/738 
f 764/1/764 767/1/767 748/1/748 751/1/751 
f 761/1/761 768/1/768 769/1/769 760/1/760 
f 770/1/770 769/1/769 768/1/768 771/1/771 
f 702/1/702 700/1/700 769/1/769 770/1/770 
f 760/1/760 769/1/769 700/1/700 694/1/694 
f 761/1/761 766/1/766 772/1/772 768/1/768 
f 773/1/773 772/1/772 766/1/766 765/1/765 
f 774/1/774 775/1/775 772/1/772 773/1/773 
f 768/1/768 772/1/772 775/1/775 771/1/771 
f 756/1/756 776/1/776 777/1/777 762/1/762 
f 776/1/776 778/1/778 779/1/779 777/1/777 
f 773/1/773 777/1/777 779/1/779 774/1/774 
f 762/1/762 777/1/777 773/1/773 765/1/765 
f 135/1/135 780/1/780 781/1/781 133/1/133 
f 776/1/776 781/1/781 780/1/780 778/1/778 
f 756/1/756 755/1/755 781/1/781 776/1/776 
f 133/1/133 781/1/781 755/1/755 131/1/131 
f 782/1/782 783/1/783 784/1/784 785/1/785 
f 786/1/786 784/1/784 783/1/783 787/1/787 
f 771/1/771 775/1/775 784/1/784 786/1/786 
f 785/1/785 784/1/784 775/1/775 774/1/774 
f 771/1/771 786/1/786 788/1/788 770/1/770 
f 789/1/789 788/1/788 786/1/786 787/1/787 
f 712/1/712 710/1/710 788/1/788 789/1/789 
f 770/1/770 788/1/788 710/1/710 702/1/702 
f 774/1/774 779/1/779 790/1/790 785/1/785 
f 791/1/791 790/1/790 779/1/779 778/1/778 
f 785/1/785 790/1/790 791/1/791 782/1/782 
f 712/1/712 792/1/792 793/1/793 711/1/711 
f 794/1/794 793/1/793 792/1/792 795/1/795 
f 372/1/372 704/1/704 793/1/793 794/1/794 
f 711/1/711 793/1/793 704/1/704 703/1/703 
f 325/1/325 796/1/796 797/1/797 324/1/324 
f 798/1/798 797/1/797 796/1/796 799/1/799 
f 778/1/778 780/1/780 797/1/797 798/1/798 
f 324/1/324 797/1/797 780/1/780 135/1/135 
f 789/1/789 800/1/800 792/1/792 712/1/712 
f 787/1/787 801/1/801 800/1/800 789/1/789 
f 800/1/800 801/1/801 795/1/795 
f 799/1/799 802/1/802 803/1/803 798/1/798 
f 804/1/804 803/1/803 802/1/802 805/1/805 
f 782/1/782 791/1/791 803/1/803 804/1/804 
f 798/1/798 803/1/803 791/1/791 778/1/778 
f 805/1/805 806/1/806 807/1/807 804/1/804 
f 801/1/801 807/1/807 806/1/806 795/1/795 
f 787/1/787 783/1/783 807/1/807 801/1/801 
f 804/1/804 807/1/807 783/1/783 782/1/782 
f 795/1/795 808/1/808 809/1/809 794/1/794 
f 810/1/810 809/1/809 808/1/808 811/1/811 
f 288/1/288 373/1/373 809/1/809 810/1/810 
f 794/1/794 809/1/809 373/1/373 372/1/372 
f 229/1/229 812/1/812 813/1/813 328/1/328 
f 814/1/814 813/1/813 812/1/812 815/1/815 
f 799/1/799 796/1/796 813/1/813 814/1/814 
f 328/1/328 813/1/813 796/1/796 325/1/325 
f 815/1/815 816/1/816 817/1/817 814/1/814 
f 818/1/818 817/1/817 816/1/816 819/1/819 
f 805/1/805 802/1/802 817/1/817 818/1/818 
f 814/1/814 817/1/817 802/1/802 799/1/799 
f 819/1/819 820/1/820 821/1/821 818/1/818 
f 808/1/808 821/1/821 820/1/820 811/1/811 
f 795/1/795 806/1/806 821/1/821 808/1/808 
f 818/1/818 821/1/821 806/1/806 805/1/805 
f 810/1/810 811/1/811 822/1/822 823/1/823 
f 824/1/824 825/1/825 823/1/823 822/1/822 
f 293/1/293 289/1/289 823/1/823 825/1/825 
f 810/1/810 823/1/823 289/1/289 288/1/288 
f 107/1/107 826/1/826 827/1/827 232/1/232 
f 828/1/828 827/1/827 826/1/826 829/1/829 
f 815/1/815 812/1/812 827/1/827 828/1/828 
f 232/1/232 827/1/827 812/1/812 229/1/229 
f 829/1/829 830/1/830 831/1/831 828/1/828 
f 832/1/832 831/1/831 830/1/830 833/1/833 
f 819/1/819 816/1/816 831/1/831 832/1/832 
f 828/1/828 831/1/831 816/1/816 815/1/815 
f 833/1/833 834/1/834 835/1/835 832/1/832 
f 822/1/822 835/1/835 834/1/834 824/1/824 
f 811/1/811 820/1/820 835/1/835 822/1/822 
f 832/1/832 835/1/835 820/1/820 819/1/819 
f 836/1/836 837/1/837 110/1/110 115/1/115 
f 838/1/838 837/1/837 836/1/836 839/1/839 
f 829/1/829 826/1/826 837/1/837 838/1/838 
f 110/1/110 837/1/837 826/1/826 107/1/107 
f 525/1/525 524/1/524 840/1/840 
f 841/1/841 842/1/842 840/1/840 843/1/843 
f 842/1/842 841/1/841 516/1/516 
f 518/1/518 501/1/501 525/1/525 
f 844/1/844 845/1/845 846/1/846 847/1/847 
f 848/1/848 846/1/846 845/1/845 843/1/843 
f 577/1/577 584/1/584 846/1/846 848/1/848 
f 847/1/847 846/1/846 584/1/584 583/1/583 
f 849/1/849 517/1/517 516/1/516 
f 850/1/850 849/1/849 841/1/841 843/1/843 
f 550/1/550 547/1/547 849/1/849 850/1/850 
f 517/1/517 849/1/849 547/1/547 513/1/513 
f 848/1/848 851/1/851 578/1/578 577/1/577 
f 840/1/840 851/1/851 848/1/848 843/1/843 
f 524/1/524 551/1/551 851/1/851 840/1/840 
f 578/1/578 851/1/851 551/1/551 529/1/529 
f 852/1/852 853/1/853 854/1/854 
f 855/1/855 856/1/856 857/1/857 
f 852/1/852 857/1/857 858/1/858 
f 859/1/859 843/1/843 853/1/853 
f 856/1/856 860/1/860 861/1/861 857/1/857 
f 860/1/860 862/1/862 863/1/863 
f 864/1/864 865/1/865 861/1/861 863/1/863 
f 857/1/857 861/1/861 865/1/865 858/1/858 
f 866/1/866 867/1/867 868/1/868 869/1/869 
f 870/1/870 871/1/871 868/1/868 867/1/867 
f 872/1/872 873/1/873 868/1/868 871/1/871 
f 869/1/869 868/1/868 873/1/873 874/1/874 
f 875/1/875 876/1/876 877/1/877 878/1/878 
f 879/1/879 877/1/877 876/1/876 880/1/880 
f 881/1/881 882/1/882 877/1/877 879/1/879 
f 878/1/878 877/1/877 882/1/882 883/1/883 
f 880/1/880 884/1/884 885/1/885 879/1/879 
f 886/1/886 885/1/885 884/1/884 887/1/887 
f 888/1/888 889/1/889 885/1/885 886/1/886 
f 879/1/879 885/1/885 889/1/889 881/1/881 
f 890/1/890 891/1/891 892/1/892 893/1/893 
f 894/1/894 892/1/892 891/1/891 895/1/895 
f 880/1/880 876/1/876 892/1/892 894/1/894 
f 893/1/893 892/1/892 876/1/876 875/1/875 
f 896/1/896 897/1/897 898/1/898 899/1/899 
f 900/1/900 898/1/898 897/1/897 901/1/901 
f 895/1/895 891/1/891 898/1/898 900/1/900 
f 899/1/899 898/1/898 891/1/891 890/1/890 
f 895/1/895 902/1/902 903/1/903 894/1/894 
f 904/1/904 903/1/903 902/1/902 905/1/905 
f 887/1/887 884/1/884 903/1/903 904/1/904 
f 894/1/894 903/1/903 884/1/884 880/1/880 
f 905/1/905 906/1/906 907/1/907 904/1/904 
f 836/1/836 907/1/907 906/1/906 839/1/839 
f 115/1/115 908/1/908 907/1/907 836/1/836 
f 904/1/904 907/1/907 908/1/908 887/1/887 
f 909/1/909 910/1/910 911/1/911 912/1/912 
f 913/1/913 911/1/911 910/1/910 914/1/914 
f 896/1/896 915/1/915 911/1/911 913/1/913 
f 912/1/912 911/1/911 915/1/915 916/1/916 
f 839/1/839 917/1/917 918/1/918 838/1/838 
f 919/1/919 918/1/918 917/1/917 920/1/920 
f 833/1/833 830/1/830 918/1/918 919/1/919 
f 838/1/838 918/1/918 830/1/830 829/1/829 
f 921/1/921 922/1/922 923/1/923 924/1/924 
f 925/1/925 922/1/922 921/1/921 926/1/926 
f 825/1/825 922/1/922 925/1/925 293/1/293 
f 825/1/825 824/1/824 923/1/923 
f 920/1/920 927/1/927 928/1/928 919/1/919 
f 923/1/923 928/1/928 927/1/927 924/1/924 
f 824/1/824 834/1/834 928/1/928 923/1/923 
f 919/1/919 928/1/928 834/1/834 833/1/833 
f 929/1/929 930/1/930 926/1/926 
f 929/1/929 921/1/921 924/1/924 
f 602/1/602 929/1/929 931/1/931 603/1/603 
f 930/1/930 929/1/929 602/1/602 601/1/601 
f 905/1/905 932/1/932 933/1/933 906/1/906 
f 934/1/934 933/1/933 932/1/932 935/1/935 
f 920/1/920 917/1/917 933/1/933 934/1/934 
f 906/1/906 933/1/933 917/1/917 839/1/839 
f 936/1/936 900/1/900 901/1/901 
f 937/1/937 935/1/935 932/1/932 
f 936/1/936 932/1/932 905/1/905 
f 900/1/900 936/1/936 902/1/902 895/1/895 
f 914/1/914 938/1/938 939/1/939 913/1/913 
f 938/1/938 935/1/935 937/1/937 
f 901/1/901 897/1/897 939/1/939 937/1/937 
f 913/1/913 939/1/939 897/1/897 896/1/896 
f 940/1/940 941/1/941 942/1/942 943/1/943 
f 940/1/940 935/1/935 938/1/938 
f 944/1/944 941/1/941 938/1/938 914/1/914 
f 941/1/941 944/1/944 945/1/945 
f 943/1/943 946/1/946 947/1/947 940/1/940 
f 948/1/948 947/1/947 946/1/946 949/1/949 
f 947/1/947 948/1/948 950/1/950 
f 951/1/951 935/1/935 940/1/940 
f 950/1/950 948/1/948 952/1/952 953/1/953 
f 954/1/954 952/1/952 948/1/948 949/1/949 
f 603/1/603 931/1/931 952/1/952 954/1/954 
f 953/1/953 952/1/952 931/1/931 924/1/924 
f 934/1/934 955/1/955 927/1/927 920/1/920 
f 951/1/951 955/1/955 934/1/934 935/1/935 
f 950/1/950 953/1/953 955/1/955 951/1/951 
f 924/1/924 927/1/927 955/1/955 953/1/953 
f 458/1/458 455/1/455 956/1/956 957/1/957 
f 466/1/466 956/1/956 455/1/455 454/1/454 
f 468/1/468 958/1/958 956/1/956 466/1/466 
f 959/1/959 957/1/957 956/1/956 958/1/958 
f 960/1/960 961/1/961 962/1/962 963/1/963 
f 487/1/487 492/1/492 962/1/962 961/1/961 
f 462/1/462 461/1/461 962/1/962 492/1/492 
f 460/1/460 963/1/963 962/1/962 461/1/461 
f 964/1/964 965/1/965 966/1/966 967/1/967 
f 968/1/968 966/1/966 965/1/965 969/1/969 
f 475/1/475 482/1/482 966/1/966 968/1/968 
f 967/1/967 966/1/966 482/1/482 481/1/481 
f 968/1/968 970/1/970 476/1/476 475/1/475 
f 971/1/971 970/1/970 968/1/968 969/1/969 
f 959/1/959 958/1/958 970/1/970 971/1/971 
f 476/1/476 970/1/970 958/1/958 468/1/468 
f 960/1/960 972/1/972 973/1/973 961/1/961 
f 967/1/967 973/1/973 972/1/972 964/1/964 
f 481/1/481 488/1/488 973/1/973 967/1/967 
f 961/1/961 973/1/973 488/1/488 487/1/487 
f 974/1/974 975/1/975 976/1/976 977/1/977 
f 976/1/976 975/1/975 969/1/969 
f 964/1/964 972/1/972 976/1/976 965/1/965 
f 977/1/977 976/1/976 972/1/972 960/1/960 
f 959/1/959 971/1/971 978/1/978 957/1/957 
f 971/1/971 969/1/969 975/1/975 
f 974/1/974 979/1/979 978/1/978 975/1/975 
f 458/1/458 957/1/957 978/1/978 
f 974/1/974 977/1/977 980/1/980 979/1/979 
f 963/1/963 980/1/980 977/1/977 960/1/960 
f 460/1/460 459/1/459 980/1/980 963/1/963 
f 980/1/980 459/1/459 458/1/458 
f 981/1/981 982/1/982 403/1/403 402/1/402 
f 983/1/983 982/1/982 981/1/981 391/1/391 
f 379/1/379 375/1/375 982/1/982 983/1/983 
f 403/1/403 982/1/982 375/1/375 374/1/374 
f 391/1/391 390/1/390 984/1/984 983/1/983 
f 411/1/411 984/1/984 390/1/390 389/1/389 
f 380/1/380 378/1/378 984/1/984 411/1/411 
f 379/1/379 983/1/983 984/1/984 378/1/378 
f 383/1/383 386/1/386 985/1/985 395/1/395 
f 981/1/981 985/1/985 386/1/386 391/1/391 
f 985/1/985 981/1/981 402/1/402 
f 395/1/395 985/1/985 986/1/986 392/1/392 
f 392/1/392 986/1/986 987/1/987 393/1/393 
f 400/1/400 987/1/987 986/1/986 402/1/402 
f 401/1/401 423/1/423 987/1/987 400/1/400 
f 393/1/393 987/1/987 423/1/423 397/1/397 
f 988/1/988 944/1/944 914/1/914 
f 989/1/989 988/1/988 910/1/910 909/1/909 
f 990/1/990 991/1/991 988/1/988 989/1/989 
f 944/1/944 988/1/988 991/1/991 945/1/945 
f 583/1/583 992/1/992 993/1/993 847/1/847 
f 994/1/994 993/1/993 992/1/992 995/1/995 
f 996/1/996 997/1/997 993/1/993 994/1/994 
f 847/1/847 993/1/993 997/1/997 844/1/844 
f 998/1/998 999/1/999 1000/1/1000 1001/1/1001 
f 942/1/942 1000/1/1000 999/1/999 943/1/943 
f 945/1/945 991/1/991 1000/1/1000 942/1/942 
f 1001/1/1001 1000/1/1000 991/1/991 990/1/990 
f 995/1/995 1002/1/1002 1003/1/1003 994/1/994 
f 1001/1/1001 1003/1/1003 1002/1/1002 998/1/998 
f 990/1/990 1004/1/1004 1003/1/1003 1001/1/1001 
f 994/1/994 1003/1/1003 1004/1/1004 996/1/996 
f 595/1/595 1005/1/1005 1006/1/1006 608/1/608 
f 1007/1/1007 1006/1/1006 1005/1/1005 1008/1/1008 
f 585/1/585 588/1/588 1006/1/1006 1007/1/1007 
f 608/1/608 1006/1/1006 588/1/588 591/1/591 
f 1009/1/1009 1008/1/1008 1010/1/1010 
f 946/1/946 1011/1/1011 1010/1/1010 949/1/949 
f 1011/1/1011 946/1/946 943/1/943 
f 999/1/999 998/1/998 1009/1/1009 
f 1012/1/1012 1013/1/1013 1014/1/1014 1015/1/1015 
f 1008/1/1008 1009/1/1009 1014/1/1014 1013/1/1013 
f 998/1/998 1002/1/1002 1014/1/1014 1009/1/1009 
f 1015/1/1015 1014/1/1014 1002/1/1002 995/1/995 
f 949/1/949 1010/1/1010 1016/1/1016 954/1/954 
f 1005/1/1005 1016/1/1016 1010/1/1010 1008/1/1008 
f 595/1/595 598/1/598 1016/1/1016 
f 954/1/954 1016/1/1016 598/1/598 603/1/603 
f 1017/1/1017 594/1/594 585/1/585 
f 1007/1/1007 1008/1/1008 1013/1/1013 
f 1012/1/1012 1018/1/1018 1017/1/1017 1013/1/1013 
f 594/1/594 1017/1/1017 1018/1/1018 582/1/582 
f 582/1/582 1018/1/1018 1019/1/1019 580/1/580 
f 1015/1/1015 1019/1/1019 1018/1/1018 1012/1/1012 
f 995/1/995 992/1/992 1019/1/1019 1015/1/1015 
f 580/1/580 1019/1/1019 992/1/992 583/1/583 
f 870/1/870 1020/1/1020 1021/1/1021 1022/1/1022 
f 1023/1/1023 1021/1/1021 1020/1/1020 1024/1/1024 
f 1025/1/1025 1026/1/1026 1021/1/1021 1023/1/1023 
f 1022/1/1022 1021/1/1021 1026/1/1026 1027/1/1027 
f 844/1/844 1028/1/1028 1029/1/1029 845/1/845 
f 1030/1/1030 1029/1/1029 1028/1/1028 1031/1/1031 
f 854/1/854 853/1/853 1029/1/1029 1030/1/1030 
f 845/1/845 1029/1/1029 853/1/853 843/1/843 
f 1032/1/1032 997/1/997 996/1/996 
f 1033/1/1033 1034/1/1034 1035/1/1035 
f 1031/1/1031 1028/1/1028 1032/1/1032 1035/1/1035 
f 997/1/997 1032/1/1032 1028/1/1028 844/1/844 
f 1036/1/1036 1037/1/1037 1034/1/1034 
f 1033/1/1033 996/1/996 1004/1/1004 
f 1036/1/1036 1004/1/1004 990/1/990 
f 989/1/989 909/1/909 1037/1/1037 
f 1034/1/1034 1038/1/1038 1039/1/1039 1035/1/1035 
f 1040/1/1040 1039/1/1039 1038/1/1038 1041/1/1041 
f 1042/1/1042 1043/1/1043 1039/1/1039 1040/1/1040 
f 1043/1/1043 1031/1/1031 1035/1/1035 
f 1038/1/1038 1044/1/1044 1045/1/1045 1041/1/1041 
f 1037/1/1037 1044/1/1044 1038/1/1038 1034/1/1034 
f 912/1/912 1044/1/1044 1037/1/1037 909/1/909 
f 916/1/916 1045/1/1045 1044/1/1044 912/1/912 
f 1046/1/1046 1047/1/1047 1048/1/1048 1049/1/1049 
f 1050/1/1050 1048/1/1048 1047/1/1047 1051/1/1051 
f 1052/1/1052 1048/1/1048 1050/1/1050 1053/1/1053 
f 1049/1/1049 1048/1/1048 1052/1/1052 1024/1/1024 
f 1054/1/1054 1055/1/1055 1056/1/1056 1057/1/1057 
f 1058/1/1058 1056/1/1056 1055/1/1055 1059/1/1059 
f 1041/1/1041 1045/1/1045 1056/1/1056 1058/1/1058 
f 1057/1/1057 1056/1/1056 1045/1/1045 916/1/916 
f 1060/1/1060 1061/1/1061 867/1/867 866/1/866 
f 1049/1/1049 1061/1/1061 1060/1/1060 1046/1/1046 
f 1024/1/1024 1020/1/1020 1061/1/1061 1049/1/1049 
f 867/1/867 1061/1/1061 1020/1/1020 870/1/870 
f 1042/1/1042 1040/1/1040 1062/1/1062 1063/1/1063 
f 1058/1/1058 1062/1/1062 1040/1/1040 1041/1/1041 
f 1059/1/1059 1064/1/1064 1062/1/1062 1058/1/1058 
f 1065/1/1065 1063/1/1063 1062/1/1062 1064/1/1064 
f 1054/1/1054 1066/1/1066 1067/1/1067 1068/1/1068 
f 893/1/893 1067/1/1067 1066/1/1066 890/1/890 
f 875/1/875 1069/1/1069 1067/1/1067 893/1/893 
f 1068/1/1068 1067/1/1067 1069/1/1069 1051/1/1051 
f 1047/1/1047 1046/1/1046 1070/1/1070 1071/1/1071 
f 1059/1/1059 1055/1/1055 1071/1/1071 1070/1/1070 
f 1068/1/1068 1071/1/1071 1055/1/1055 1054/1/1054 
f 1051/1/1051 1047/1/1047 1071/1/1071 1068/1/1068 
f 890/1/890 1066/1/1066 1072/1/1072 899/1/899 
f 1057/1/1057 1072/1/1072 1066/1/1066 1054/1/1054 
f 916/1/916 915/1/915 1072/1/1072 1057/1/1057 
f 899/1/899 1072/1/1072 915/1/915 896/1/896 
f 1064/1/1064 1059/1/1059 1070/1/1070 1073/1/1073 
f 1060/1/1060 1073/1/1073 1070/1/1070 1046/1/1046 
f 866/1/866 1074/1/1074 1073/1/1073 1060/1/1060 
f 1064/1/1064 1073/1/1073 1074/1/1074 1065/1/1065 
f 1075/1/1075 1076/1/1076 1077/1/1077 1078/1/1078 
f 292/1/292 1077/1/1077 1076/1/1076 275/1/275 
f 293/1/293 925/1/925 1077/1/1077 292/1/292 
f 1078/1/1078 1077/1/1077 925/1/925 926/1/926 
f 275/1/275 1076/1/1076 1079/1/1079 274/1/274 
f 1080/1/1080 1079/1/1079 1076/1/1076 1075/1/1075 
f 1081/1/1081 1082/1/1082 1079/1/1079 1080/1/1080 
f 274/1/274 1079/1/1079 1082/1/1082 276/1/276 
f 1075/1/1075 1083/1/1083 1084/1/1084 1080/1/1080 
f 1085/1/1085 1084/1/1084 1083/1/1083 1086/1/1086 
f 1087/1/1087 1088/1/1088 1084/1/1084 1085/1/1085 
f 1080/1/1080 1084/1/1084 1088/1/1088 1081/1/1081 
f 1089/1/1089 1090/1/1090 268/1/268 267/1/267 
f 1091/1/1091 1092/1/1092 1090/1/1090 1089/1/1089 
f 1093/1/1093 1090/1/1090 1092/1/1092 1094/1/1094 
f 269/1/269 268/1/268 1090/1/1090 1093/1/1093 
f 1095/1/1095 254/1/254 260/1/260 
f 1096/1/1096 1097/1/1097 1098/1/1098 
f 1099/1/1099 1100/1/1100 1095/1/1095 1098/1/1098 
f 1100/1/1100 255/1/255 254/1/254 
f 1101/1/1101 1102/1/1102 1103/1/1103 1104/1/1104 
f 282/1/282 1103/1/1103 1102/1/1102 279/1/279 
f 287/1/287 1105/1/1105 1103/1/1103 282/1/282 
f 1104/1/1104 1103/1/1103 1105/1/1105 1106/1/1106 
f 1107/1/1107 1108/1/1108 1109/1/1109 1110/1/1110 
f 1111/1/1111 1109/1/1109 1108/1/1108 1112/1/1112 
f 245/1/245 252/1/252 1109/1/1109 1111/1/1111 
f 1110/1/1110 1109/1/1109 252/1/252 251/1/251 
f 1113/1/1113 1114/1/1114 1115/1/1115 1116/1/1116 
f 111/1/111 1115/1/1115 1114/1/1114 113/1/113 
f 112/1/112 240/1/240 1115/1/1115 111/1/111 
f 1116/1/1116 1115/1/1115 240/1/240 239/1/239 
f 1112/1/1112 1117/1/1117 1118/1/1118 1111/1/1111 
f 1116/1/1116 1118/1/1118 1117/1/1117 1113/1/1113 
f 239/1/239 246/1/246 1118/1/1118 1116/1/1116 
f 1111/1/1111 1118/1/1118 246/1/246 245/1/245 
f 1119/1/1119 1120/1/1120 1121/1/1121 1122/1/1122 
f 1123/1/1123 1121/1/1121 1120/1/1120 1124/1/1124 
f 1113/1/1113 1117/1/1117 1121/1/1121 1123/1/1123 
f 1122/1/1122 1121/1/1121 1117/1/1117 1112/1/1112 
f 1125/1/1125 1126/1/1126 114/1/114 113/1/113 
f 1125/1/1125 1127/1/1127 1128/1/1128 
f 908/1/908 1126/1/1126 1128/1/1128 887/1/887 
f 114/1/114 1126/1/1126 908/1/908 115/1/115 
f 1124/1/1124 1129/1/1129 1130/1/1130 1123/1/1123 
f 1125/1/1125 1130/1/1130 1129/1/1129 1127/1/1127 
f 113/1/113 1114/1/1114 1130/1/1130 1125/1/1125 
f 1123/1/1123 1130/1/1130 1114/1/1114 1113/1/1113 
f 1131/1/1131 1132/1/1132 1133/1/1133 1134/1/1134 
f 1132/1/1132 1135/1/1135 1136/1/1136 
f 1133/1/1133 1136/1/1136 1137/1/1137 
f 1138/1/1138 1139/1/1139 1134/1/1134 
f 1140/1/1140 1141/1/1141 1142/1/1142 1143/1/1143 
f 1134/1/1134 1142/1/1142 1141/1/1141 1131/1/1131 
f 1139/1/1139 1144/1/1144 1142/1/1142 1134/1/1134 
f 1143/1/1143 1142/1/1142 1144/1/1144 1145/1/1145 
f 1146/1/1146 1147/1/1147 1148/1/1148 1149/1/1149 
f 1150/1/1150 1151/1/1151 1147/1/1147 1146/1/1146 
f 1152/1/1152 1147/1/1147 1151/1/1151 1153/1/1153 
f 1154/1/1154 1148/1/1148 1147/1/1147 1152/1/1152 
f 1155/1/1155 1156/1/1156 1157/1/1157 1158/1/1158 
f 1159/1/1159 1157/1/1157 1156/1/1156 1160/1/1160 
f 1161/1/1161 1162/1/1162 1157/1/1157 1159/1/1159 
f 1158/1/1158 1157/1/1157 1162/1/1162 1163/1/1163 
f 1086/1/1086 1164/1/1164 1165/1/1165 1085/1/1085 
f 1166/1/1166 1165/1/1165 1164/1/1164 1167/1/1167 
f 1165/1/1165 1166/1/1166 1168/1/1168 
f 1085/1/1085 1165/1/1165 1169/1/1169 1087/1/1087 
f 1170/1/1170 1171/1/1171 1172/1/1172 
f 1173/1/1173 1174/1/1174 1172/1/1172 1175/1/1175 
f 1174/1/1174 1173/1/1173 1176/1/1176 
f 1170/1/1170 1174/1/1174 1177/1/1177 1178/1/1178 
f 1179/1/1179 1166/1/1166 1167/1/1167 
f 1180/1/1180 1181/1/1181 1179/1/1179 1182/1/1182 
f 1179/1/1179 1181/1/1181 1183/1/1183 
f 1184/1/1184 1168/1/1168 1166/1/1166 1179/1/1179 
f 1185/1/1185 1181/1/1181 1180/1/1180 
f 1185/1/1185 1186/1/1186 1175/1/1175 
f 1171/1/1171 1187/1/1187 1185/1/1185 1172/1/1172 
f 1187/1/1187 1183/1/1183 1181/1/1181 
f 1188/1/1188 1078/1/1078 926/1/926 
f 1189/1/1189 1188/1/1188 1190/1/1190 1191/1/1191 
f 1086/1/1086 1083/1/1083 1188/1/1188 1189/1/1189 
f 1078/1/1078 1188/1/1188 1083/1/1083 1075/1/1075 
f 1189/1/1189 1191/1/1191 1192/1/1192 
f 1167/1/1167 1164/1/1164 1193/1/1193 1192/1/1192 
f 1086/1/1086 1189/1/1189 1193/1/1193 1164/1/1164 
f 1194/1/1194 1195/1/1195 1196/1/1196 
f 1197/1/1197 1180/1/1180 1182/1/1182 
f 1182/1/1182 1167/1/1167 1192/1/1192 
f 1194/1/1194 1192/1/1192 1191/1/1191 
f 1180/1/1180 1197/1/1197 1198/1/1198 1186/1/1186 
f 1197/1/1197 1196/1/1196 1199/1/1199 
f 1200/1/1200 1201/1/1201 1198/1/1198 1199/1/1199 
f 1201/1/1201 1175/1/1175 1186/1/1186 
f 600/1/600 614/1/614 1202/1/1202 599/1/599 
f 1203/1/1203 1202/1/1202 614/1/614 613/1/613 
f 1204/1/1204 1205/1/1205 1202/1/1202 1203/1/1203 
f 599/1/599 1202/1/1202 1205/1/1205 601/1/601 
f 601/1/601 1205/1/1205 1206/1/1206 930/1/930 
f 1205/1/1205 1204/1/1204 1207/1/1207 
f 1191/1/1191 1190/1/1190 1206/1/1206 1207/1/1207 
f 930/1/930 1206/1/1206 1190/1/1190 926/1/926 
f 620/1/620 1208/1/1208 1209/1/1209 618/1/618 
f 1210/1/1210 1209/1/1209 1208/1/1208 1211/1/1211 
f 628/1/628 626/1/626 1209/1/1209 1210/1/1210 
f 626/1/626 615/1/615 618/1/618 
f 1207/1/1207 1212/1/1212 1195/1/1195 1191/1/1191 
f 1204/1/1204 1213/1/1213 1212/1/1212 1207/1/1207 
f 1214/1/1214 1212/1/1212 1213/1/1213 1215/1/1215 
f 1195/1/1195 1212/1/1212 1214/1/1214 1196/1/1196 
f 1216/1/1216 1211/1/1211 1217/1/1217 
f 1218/1/1218 1219/1/1219 1220/1/1220 1217/1/1217 
f 1216/1/1216 1220/1/1220 1219/1/1219 1215/1/1215 
f 613/1/613 1221/1/1221 1222/1/1222 1203/1/1203 
f 1216/1/1216 1222/1/1222 1221/1/1221 1211/1/1211 
f 1215/1/1215 1213/1/1213 1222/1/1222 1216/1/1216 
f 1203/1/1203 1222/1/1222 1213/1/1213 1204/1/1204 
f 656/1/656 1223/1/1223 1224/1/1224 655/1/655 
f 1223/1/1223 1211/1/1211 1221/1/1221 
f 611/1/611 1224/1/1224 1221/1/1221 613/1/613 
f 655/1/655 1224/1/1224 611/1/611 612/1/612 
f 1210/1/1210 1225/1/1225 637/1/637 628/1/628 
f 1210/1/1210 1211/1/1211 1223/1/1223 
f 1223/1/1223 656/1/656 663/1/663 
f 638/1/638 637/1/637 1225/1/1225 663/1/663 
f 1226/1/1226 1199/1/1199 1196/1/1196 
f 1215/1/1215 1219/1/1219 1226/1/1226 1214/1/1214 
f 1226/1/1226 1219/1/1219 1218/1/1218 
f 1227/1/1227 1200/1/1200 1199/1/1199 
f 1228/1/1228 1229/1/1229 1230/1/1230 1231/1/1231 
f 1232/1/1232 1230/1/1230 1229/1/1229 1233/1/1233 
f 1234/1/1234 1235/1/1235 1230/1/1230 1232/1/1232 
f 1231/1/1231 1230/1/1230 1235/1/1235 1236/1/1236 
f 1234/1/1234 1237/1/1237 1238/1/1238 1235/1/1235 
f 1239/1/1239 1238/1/1238 1237/1/1237 1240/1/1240 
f 1241/1/1241 1242/1/1242 1238/1/1238 1239/1/1239 
f 1242/1/1242 1236/1/1236 1235/1/1235 
f 1232/1/1232 1243/1/1243 1237/1/1237 1234/1/1234 
f 1244/1/1244 1243/1/1243 1232/1/1232 1233/1/1233 
f 1245/1/1245 1246/1/1246 1243/1/1243 1244/1/1244 
f 1237/1/1237 1243/1/1243 1246/1/1246 1240/1/1240 
f 1247/1/1247 1248/1/1248 1249/1/1249 1250/1/1250 
f 1251/1/1251 1252/1/1252 1248/1/1248 1247/1/1247 
f 1244/1/1244 1248/1/1248 1252/1/1252 1245/1/1245 
f 1233/1/1233 1249/1/1249 1248/1/1248 1244/1/1244 
f 1240/1/1240 1246/1/1246 1253/1/1253 1254/1/1254 
f 1255/1/1255 1253/1/1253 1246/1/1246 1245/1/1245 
f 1256/1/1256 1257/1/1257 1253/1/1253 1255/1/1255 
f 1254/1/1254 1253/1/1253 1257/1/1257 1258/1/1258 
f 1251/1/1251 1259/1/1259 1260/1/1260 1252/1/1252 
f 1261/1/1261 1260/1/1260 1259/1/1259 1262/1/1262 
f 1261/1/1261 1256/1/1256 1255/1/1255 1260/1/1260 
f 1245/1/1245 1252/1/1252 1260/1/1260 1255/1/1255 
f 1263/1/1263 1264/1/1264 1261/1/1261 1262/1/1262 
f 1265/1/1265 1266/1/1266 1264/1/1264 1263/1/1263 
f 1267/1/1267 1264/1/1264 1266/1/1266 1268/1/1268 
f 1256/1/1256 1261/1/1261 1264/1/1264 1267/1/1267 
f 1269/1/1269 1270/1/1270 1271/1/1271 1272/1/1272 
f 1273/1/1273 1274/1/1274 1271/1/1271 1270/1/1270 
f 1144/1/1144 1271/1/1271 1274/1/1274 1145/1/1145 
f 1272/1/1272 1271/1/1271 1144/1/1144 1139/1/1139 
f 1275/1/1275 1276/1/1276 1277/1/1277 1278/1/1278 
f 1279/1/1279 1277/1/1277 1276/1/1276 1280/1/1280 
f 1124/1/1124 1120/1/1120 1277/1/1277 1279/1/1279 
f 1278/1/1278 1277/1/1277 1120/1/1120 1119/1/1119 
f 1281/1/1281 1279/1/1279 1280/1/1280 
f 1129/1/1129 1281/1/1281 1282/1/1282 1127/1/1127 
f 1279/1/1279 1281/1/1281 1129/1/1129 1124/1/1124 
f 1137/1/1137 1283/1/1283 1284/1/1284 1138/1/1138 
f 1283/1/1283 1285/1/1285 1286/1/1286 
f 1269/1/1269 1272/1/1272 1284/1/1284 
f 1139/1/1139 1138/1/1138 1284/1/1284 1272/1/1272 
f 1287/1/1287 1288/1/1288 1289/1/1289 
f 1290/1/1290 1287/1/1287 1291/1/1291 1292/1/1292 
f 1287/1/1287 1290/1/1290 1285/1/1285 
f 1283/1/1283 1137/1/1137 1288/1/1288 
f 1293/1/1293 1286/1/1286 1285/1/1285 
f 1294/1/1294 1293/1/1293 1295/1/1295 1296/1/1296 
f 1297/1/1297 1298/1/1298 1293/1/1293 1294/1/1294 
f 1286/1/1286 1293/1/1293 1298/1/1298 1269/1/1269 
f 1296/1/1296 1299/1/1299 1300/1/1300 
f 1299/1/1299 1292/1/1292 1301/1/1301 
f 1301/1/1301 1127/1/1127 1282/1/1282 
f 1282/1/1282 1280/1/1280 1302/1/1302 
f 1127/1/1127 1301/1/1301 1303/1/1303 1128/1/1128 
f 1301/1/1301 1292/1/1292 1304/1/1304 
f 888/1/888 886/1/886 1303/1/1303 1304/1/1304 
f 886/1/886 887/1/887 1128/1/1128 
f 1296/1/1296 1295/1/1295 1305/1/1305 1299/1/1299 
f 1285/1/1285 1290/1/1290 1305/1/1305 1295/1/1295 
f 1299/1/1299 1305/1/1305 1290/1/1290 1292/1/1292 
f 881/1/881 889/1/889 1306/1/1306 1307/1/1307 
f 1304/1/1304 1306/1/1306 889/1/889 888/1/888 
f 1292/1/1292 1291/1/1291 1306/1/1306 1304/1/1304 
f 1307/1/1307 1306/1/1306 1291/1/1291 1289/1/1289 
f 1308/1/1308 1309/1/1309 1297/1/1297 
f 1294/1/1294 1296/1/1296 1302/1/1302 1308/1/1308 
f 1280/1/1280 1276/1/1276 1308/1/1308 1302/1/1302 
f 1276/1/1276 1275/1/1275 1309/1/1309 
f 883/1/883 1310/1/1310 1311/1/1311 878/1/878 
f 1050/1/1050 1311/1/1311 1310/1/1310 1053/1/1053 
f 1051/1/1051 1069/1/1069 1311/1/1311 1050/1/1050 
f 878/1/878 1311/1/1311 1069/1/1069 875/1/875 
f 1024/1/1024 1052/1/1052 1312/1/1312 1023/1/1023 
f 1053/1/1053 1313/1/1313 1312/1/1312 1052/1/1052 
f 1314/1/1314 1312/1/1312 1313/1/1313 1315/1/1315 
f 1023/1/1023 1312/1/1312 1314/1/1314 1025/1/1025 
f 1316/1/1316 1307/1/1307 1289/1/1289 
f 1317/1/1317 1316/1/1316 1318/1/1318 1319/1/1319 
f 883/1/883 882/1/882 1316/1/1316 1317/1/1317 
f 1307/1/1307 1316/1/1316 882/1/882 881/1/881 
f 1137/1/1137 1136/1/1136 1320/1/1320 1288/1/1288 
f 1321/1/1321 1320/1/1320 1136/1/1136 1135/1/1135 
f 1319/1/1319 1318/1/1318 1320/1/1320 1321/1/1321 
f 1318/1/1318 1289/1/1289 1288/1/1288 
f 1322/1/1322 1323/1/1323 1324/1/1324 1325/1/1325 
f 1053/1/1053 1310/1/1310 1323/1/1323 1322/1/1322 
f 1317/1/1317 1323/1/1323 1310/1/1310 883/1/883 
f 1319/1/1319 1324/1/1324 1323/1/1323 
f 1315/1/1315 1313/1/1313 1326/1/1326 1327/1/1327 
f 1322/1/1322 1326/1/1326 1313/1/1313 1053/1/1053 
f 1325/1/1325 1327/1/1327 1326/1/1326 1322/1/1322 
f 1321/1/1321 1328/1/1328 1329/1/1329 1319/1/1319 
f 1135/1/1135 1330/1/1330 1328/1/1328 1321/1/1321 
f 1331/1/1331 1329/1/1329 1328/1/1328 1330/1/1330 
f 1315/1/1315 1332/1/1332 1333/1/1333 1314/1/1314 
f 1334/1/1334 1335/1/1335 1333/1/1333 1332/1/1332 
f 1336/1/1336 1333/1/1333 1335/1/1335 1337/1/1337 
f 1025/1/1025 1314/1/1314 1333/1/1333 1336/1/1336 
f 1338/1/1338 1339/1/1339 1327/1/1327 1325/1/1325 
f 1339/1/1339 1338/1/1338 1340/1/1340 
f 1332/1/1332 1339/1/1339 1341/1/1341 1334/1/1334 
f 1327/1/1327 1339/1/1339 1332/1/1332 1315/1/1315 
f 1331/1/1331 1342/1/1342 1343/1/1343 1329/1/1329 
f 1338/1/1338 1343/1/1343 1342/1/1342 1340/1/1340 
f 1325/1/1325 1324/1/1324 1343/1/1343 1338/1/1338 
f 1329/1/1329 1343/1/1343 1324/1/1324 1319/1/1319 
f 1335/1/1335 1334/1/1334 1344/1/1344 
f 1345/1/1345 1346/1/1346 1347/1/1347 1344/1/1344 
f 1348/1/1348 1347/1/1347 1346/1/1346 1349/1/1349 
f 1337/1/1337 1335/1/1335 1347/1/1347 1348/1/1348 
f 1350/1/1350 1351/1/1351 1132/1/1132 1131/1/1131 
f 1350/1/1350 1352/1/1352 1353/1/1353 1351/1/1351 
f 1331/1/1331 1330/1/1330 1351/1/1351 1353/1/1353 
f 1132/1/1132 1351/1/1351 1330/1/1330 1135/1/1135 
f 1352/1/1352 1354/1/1354 1355/1/1355 1353/1/1353 
f 1356/1/1356 1355/1/1355 1354/1/1354 1357/1/1357 
f 1355/1/1355 1356/1/1356 1340/1/1340 
f 1353/1/1353 1355/1/1355 1342/1/1342 1331/1/1331 
f 1357/1/1357 1358/1/1358 1359/1/1359 1356/1/1356 
f 1344/1/1344 1359/1/1359 1358/1/1358 1345/1/1345 
f 1334/1/1334 1341/1/1341 1359/1/1359 1344/1/1344 
f 1341/1/1341 1340/1/1340 1356/1/1356 
f 1360/1/1360 1361/1/1361 1362/1/1362 1363/1/1363 
f 1364/1/1364 1362/1/1362 1361/1/1361 1365/1/1365 
f 1349/1/1349 1346/1/1346 1362/1/1362 1364/1/1364 
f 1346/1/1346 1345/1/1345 1363/1/1363 
f 1131/1/1131 1141/1/1141 1366/1/1366 1350/1/1350 
f 1367/1/1367 1366/1/1366 1141/1/1141 1140/1/1140 
f 1368/1/1368 1366/1/1366 1367/1/1367 1369/1/1369 
f 1350/1/1350 1366/1/1366 1368/1/1368 1352/1/1352 
f 1369/1/1369 1370/1/1370 1371/1/1371 1368/1/1368 
f 1372/1/1372 1371/1/1371 1370/1/1370 1373/1/1373 
f 1357/1/1357 1354/1/1354 1371/1/1371 1372/1/1372 
f 1368/1/1368 1371/1/1371 1354/1/1354 1352/1/1352 
f 1373/1/1373 1374/1/1374 1375/1/1375 1372/1/1372 
f 1363/1/1363 1375/1/1375 1374/1/1374 1360/1/1360 
f 1345/1/1345 1358/1/1358 1375/1/1375 1363/1/1363 
f 1372/1/1372 1375/1/1375 1358/1/1358 1357/1/1357 
f 1376/1/1376 1377/1/1377 1378/1/1378 1379/1/1379 
f 1380/1/1380 1378/1/1378 1377/1/1377 1381/1/1381 
f 1382/1/1382 1383/1/1383 1378/1/1378 1380/1/1380 
f 1379/1/1379 1378/1/1378 1383/1/1383 1384/1/1384 
f 1385/1/1385 1377/1/1377 1376/1/1376 
f 1386/1/1386 1385/1/1385 1387/1/1387 1388/1/1388 
f 1389/1/1389 1390/1/1390 1385/1/1385 1386/1/1386 
f 1377/1/1377 1385/1/1385 1390/1/1390 1381/1/1381 
f 1391/1/1391 1392/1/1392 1393/1/1393 1394/1/1394 
f 1393/1/1393 1395/1/1395 1396/1/1396 
f 1397/1/1397 1398/1/1398 1394/1/1394 1396/1/1396 
f 1398/1/1398 1399/1/1399 1391/1/1391 1394/1/1394 
f 1395/1/1395 1400/1/1400 1401/1/1401 1396/1/1396 
f 1402/1/1402 1401/1/1401 1400/1/1400 1403/1/1403 
f 1404/1/1404 1405/1/1405 1401/1/1401 1402/1/1402 
f 1396/1/1396 1401/1/1401 1405/1/1405 1397/1/1397 
f 1178/1/1178 1177/1/1177 1406/1/1406 1407/1/1407 
f 1408/1/1408 1406/1/1406 1177/1/1177 1176/1/1176 
f 1409/1/1409 1410/1/1410 1406/1/1406 1408/1/1408 
f 1407/1/1407 1406/1/1406 1410/1/1410 1411/1/1411 
f 1412/1/1412 1413/1/1413 1414/1/1414 1415/1/1415 
f 1413/1/1413 1416/1/1416 1417/1/1417 
f 1403/1/1403 1400/1/1400 1414/1/1414 1417/1/1417 
f 1400/1/1400 1395/1/1395 1415/1/1415 
f 1416/1/1416 1413/1/1413 1418/1/1418 1419/1/1419 
f 1420/1/1420 1418/1/1418 1413/1/1413 1412/1/1412 
f 1411/1/1411 1410/1/1410 1418/1/1418 1420/1/1420 
f 1419/1/1419 1418/1/1418 1410/1/1410 1409/1/1409 
f 1421/1/1421 1422/1/1422 1423/1/1423 1424/1/1424 
f 1425/1/1425 1423/1/1423 1422/1/1422 1426/1/1426 
f 1427/1/1427 1428/1/1428 1423/1/1423 1425/1/1425 
f 1424/1/1424 1423/1/1423 1428/1/1428 1429/1/1429 
f 1430/1/1430 1431/1/1431 1432/1/1432 1433/1/1433 
f 1173/1/1173 1432/1/1432 1431/1/1431 1176/1/1176 
f 1432/1/1432 1173/1/1173 1175/1/1175 
f 1433/1/1433 1432/1/1432 1201/1/1201 1200/1/1200 
f 1434/1/1434 1435/1/1435 1431/1/1431 1430/1/1430 
f 1408/1/1408 1435/1/1435 1434/1/1434 1409/1/1409 
f 1435/1/1435 1408/1/1408 1176/1/1176 
f 1403/1/1403 1436/1/1436 1437/1/1437 1402/1/1402 
f 1424/1/1424 1437/1/1437 1436/1/1436 1421/1/1421 
f 1429/1/1429 1438/1/1438 1437/1/1437 1424/1/1424 
f 1402/1/1402 1437/1/1437 1438/1/1438 1404/1/1404 
f 1200/1/1200 1227/1/1227 1439/1/1439 1433/1/1433 
f 1227/1/1227 1218/1/1218 1440/1/1440 
f 1441/1/1441 1442/1/1442 1439/1/1439 1440/1/1440 
f 1442/1/1442 1430/1/1430 1433/1/1433 
f 1443/1/1443 1444/1/1444 1445/1/1445 
f 1443/1/1443 1446/1/1446 1430/1/1430 
f 1444/1/1444 1443/1/1443 1442/1/1442 1441/1/1441 
f 1426/1/1426 1447/1/1447 1448/1/1448 
f 1441/1/1441 1449/1/1449 1448/1/1448 
f 619/1/619 1448/1/1448 1449/1/1449 620/1/620 
f 619/1/619 559/1/559 1450/1/1450 
f 1451/1/1451 1445/1/1445 1444/1/1444 
f 1447/1/1447 1452/1/1452 1444/1/1444 1441/1/1441 
f 1452/1/1452 1447/1/1447 1426/1/1426 
f 1451/1/1451 1452/1/1452 1422/1/1422 1421/1/1421 
f 620/1/620 1449/1/1449 1453/1/1453 1208/1/1208 
f 1440/1/1440 1453/1/1453 1449/1/1449 1441/1/1441 
f 1218/1/1218 1217/1/1217 1453/1/1453 1440/1/1440 
f 1208/1/1208 1453/1/1453 1217/1/1217 1211/1/1211 
f 1416/1/1416 1454/1/1454 1455/1/1455 1417/1/1417 
f 1451/1/1451 1455/1/1455 1454/1/1454 1445/1/1445 
f 1455/1/1455 1451/1/1451 1421/1/1421 
f 1417/1/1417 1455/1/1455 1436/1/1436 1403/1/1403 
f 1434/1/1434 1430/1/1430 1446/1/1446 
f 1454/1/1454 1456/1/1456 1446/1/1446 1445/1/1445 
f 1454/1/1454 1416/1/1416 1419/1/1419 
f 1456/1/1456 1419/1/1419 1409/1/1409 
f 1457/1/1457 1458/1/1458 1459/1/1459 1460/1/1460 
f 1438/1/1438 1459/1/1459 1458/1/1458 1404/1/1404 
f 1429/1/1429 1428/1/1428 1459/1/1459 1438/1/1438 
f 1428/1/1428 1427/1/1427 1460/1/1460 
f 1461/1/1461 1462/1/1462 1458/1/1458 1457/1/1457 
f 1463/1/1463 1462/1/1462 1461/1/1461 1464/1/1464 
f 1462/1/1462 1463/1/1463 1397/1/1397 
f 1458/1/1458 1462/1/1462 1405/1/1405 1404/1/1404 
f 1465/1/1465 1466/1/1466 1467/1/1467 1468/1/1468 
f 1469/1/1469 1467/1/1467 1466/1/1466 1470/1/1470 
f 1467/1/1467 1469/1/1469 1464/1/1464 
f 1468/1/1468 1467/1/1467 1461/1/1461 1457/1/1457 
f 1463/1/1463 1471/1/1471 1398/1/1398 1397/1/1397 
f 1464/1/1464 1472/1/1472 1471/1/1471 1463/1/1463 
f 1473/1/1473 1474/1/1474 1471/1/1471 1472/1/1472 
f 1399/1/1399 1398/1/1398 1471/1/1471 
f 1469/1/1469 1475/1/1475 1472/1/1472 1464/1/1464 
f 1469/1/1469 1470/1/1470 1476/1/1476 1475/1/1475 
f 1477/1/1477 1478/1/1478 1475/1/1475 1476/1/1476 
f 1472/1/1472 1475/1/1475 1478/1/1478 1473/1/1473 
f 1479/1/1479 1480/1/1480 1481/1/1481 1482/1/1482 
f 1483/1/1483 1481/1/1481 1480/1/1480 1484/1/1484 
f 1485/1/1485 1486/1/1486 1481/1/1481 1483/1/1483 
f 1482/1/1482 1481/1/1481 1486/1/1486 1487/1/1487 
f 1488/1/1488 1489/1/1489 1490/1/1490 1491/1/1491 
f 1492/1/1492 1490/1/1490 1489/1/1489 1493/1/1493 
f 1384/1/1384 1383/1/1383 1490/1/1490 1492/1/1492 
f 1491/1/1491 1490/1/1490 1383/1/1383 1382/1/1382 
f 1494/1/1494 1495/1/1495 1496/1/1496 1497/1/1497 
f 1364/1/1364 1496/1/1496 1495/1/1495 1349/1/1349 
f 1365/1/1365 1498/1/1498 1496/1/1496 1364/1/1364 
f 1497/1/1497 1496/1/1496 1498/1/1498 1499/1/1499 
f 1337/1/1337 1500/1/1500 1501/1/1501 1336/1/1336 
f 1502/1/1502 1501/1/1501 1500/1/1500 1503/1/1503 
f 1027/1/1027 1026/1/1026 1501/1/1501 1502/1/1502 
f 1336/1/1336 1501/1/1501 1026/1/1026 1025/1/1025 
f 1503/1/1503 1500/1/1500 1504/1/1504 1505/1/1505 
f 1348/1/1348 1504/1/1504 1500/1/1500 1337/1/1337 
f 1349/1/1349 1495/1/1495 1504/1/1504 1348/1/1348 
f 1505/1/1505 1504/1/1504 1495/1/1495 1494/1/1494 
f 1503/1/1503 1506/1/1506 1507/1/1507 1502/1/1502 
f 1506/1/1506 1508/1/1508 1509/1/1509 
f 1507/1/1507 1509/1/1509 1510/1/1510 
f 1502/1/1502 1507/1/1507 1511/1/1511 1027/1/1027 
f 1027/1/1027 1511/1/1511 1512/1/1512 1022/1/1022 
f 1513/1/1513 1512/1/1512 1511/1/1511 1510/1/1510 
f 872/1/872 871/1/871 1512/1/1512 1513/1/1513 
f 1022/1/1022 1512/1/1512 871/1/871 870/1/870 
f 1514/1/1514 1515/1/1515 1508/1/1508 
f 1505/1/1505 1514/1/1514 1506/1/1506 1503/1/1503 
f 1494/1/1494 1516/1/1516 1514/1/1514 1505/1/1505 
f 1517/1/1517 1515/1/1515 1514/1/1514 
f 1509/1/1509 1518/1/1518 1519/1/1519 1510/1/1510 
f 1508/1/1508 1520/1/1520 1518/1/1518 1509/1/1509 
f 1521/1/1521 1519/1/1519 1518/1/1518 1520/1/1520 
f 1457/1/1457 1522/1/1522 1523/1/1523 1468/1/1468 
f 1524/1/1524 1523/1/1523 1522/1/1522 1525/1/1525 
f 1526/1/1526 1527/1/1527 1523/1/1523 1524/1/1524 
f 1468/1/1468 1523/1/1523 1527/1/1527 1465/1/1465 
f 1528/1/1528 1529/1/1529 1530/1/1530 1531/1/1531 
f 1532/1/1532 1530/1/1530 1529/1/1529 1525/1/1525 
f 1531/1/1531 1530/1/1530 1532/1/1532 1533/1/1533 
f 1534/1/1534 1460/1/1460 1427/1/1427 
f 1535/1/1535 1533/1/1533 1532/1/1532 
f 1525/1/1525 1522/1/1522 1534/1/1534 1532/1/1532 
f 1522/1/1522 1457/1/1457 1460/1/1460 
f 1536/1/1536 1537/1/1537 1538/1/1538 1539/1/1539 
f 1540/1/1540 1541/1/1541 1537/1/1537 1536/1/1536 
f 1542/1/1542 1543/1/1543 1537/1/1537 1541/1/1541 
f 1538/1/1538 1537/1/1537 1543/1/1543 1544/1/1544 
f 1545/1/1545 1546/1/1546 1547/1/1547 
f 1548/1/1548 1549/1/1549 1545/1/1545 1550/1/1550 
f 1551/1/1551 1545/1/1545 1549/1/1549 1552/1/1552 
f 1546/1/1546 1545/1/1545 1551/1/1551 1553/1/1553 
f 1554/1/1554 1555/1/1555 1556/1/1556 1557/1/1557 
f 1558/1/1558 1559/1/1559 1556/1/1556 1555/1/1555 
f 1559/1/1559 1547/1/1547 1546/1/1546 1556/1/1556 
f 1553/1/1553 1557/1/1557 1556/1/1556 1546/1/1546 
f 1560/1/1560 1561/1/1561 1559/1/1559 1558/1/1558 
f 1562/1/1562 1563/1/1563 1561/1/1561 1560/1/1560 
f 1548/1/1548 1550/1/1550 1561/1/1561 1563/1/1563 
f 1547/1/1547 1559/1/1559 1561/1/1561 1550/1/1550 
f 1564/1/1564 1565/1/1565 1543/1/1543 1542/1/1542 
f 1564/1/1564 1558/1/1558 1555/1/1555 1565/1/1565 
f 1566/1/1566 1565/1/1565 1555/1/1555 1554/1/1554 
f 1544/1/1544 1543/1/1543 1565/1/1565 1566/1/1566 
f 1567/1/1567 1541/1/1541 1540/1/1540 
f 1568/1/1568 1562/1/1562 1560/1/1560 
f 1558/1/1558 1564/1/1564 1567/1/1567 1560/1/1560 
f 1541/1/1541 1567/1/1567 1564/1/1564 1542/1/1542 
f 1539/1/1539 1569/1/1569 1570/1/1570 1536/1/1536 
f 1571/1/1571 1570/1/1570 1569/1/1569 1572/1/1572 
f 1562/1/1562 1568/1/1568 1570/1/1570 1571/1/1571 
f 1536/1/1536 1570/1/1570 1568/1/1568 1540/1/1540 
f 1552/1/1552 1549/1/1549 1573/1/1573 1574/1/1574 
f 1563/1/1563 1573/1/1573 1549/1/1549 1548/1/1548 
f 1562/1/1562 1571/1/1571 1573/1/1573 1563/1/1563 
f 1574/1/1574 1573/1/1573 1571/1/1571 1572/1/1572 
f 1575/1/1575 1576/1/1576 1577/1/1577 1578/1/1578 
f 1579/1/1579 1577/1/1577 1576/1/1576 1580/1/1580 
f 1581/1/1581 1582/1/1582 1577/1/1577 1579/1/1579 
f 1578/1/1578 1577/1/1577 1582/1/1582 1583/1/1583 
f 1575/1/1575 1584/1/1584 1585/1/1585 1576/1/1576 
f 1586/1/1586 1585/1/1585 1584/1/1584 1587/1/1587 
f 1588/1/1588 1589/1/1589 1585/1/1585 1586/1/1586 
f 1576/1/1576 1585/1/1585 1589/1/1589 1580/1/1580 
f 1590/1/1590 1591/1/1591 1592/1/1592 1593/1/1593 
f 1578/1/1578 1592/1/1592 1591/1/1591 1575/1/1575 
f 1583/1/1583 1594/1/1594 1592/1/1592 1578/1/1578 
f 1593/1/1593 1592/1/1592 1594/1/1594 1595/1/1595 
f 1590/1/1590 1596/1/1596 1597/1/1597 1591/1/1591 
f 1598/1/1598 1597/1/1597 1596/1/1596 1599/1/1599 
f 1587/1/1587 1584/1/1584 1597/1/1597 1598/1/1598 
f 1591/1/1591 1597/1/1597 1584/1/1584 1575/1/1575 
f 1533/1/1533 1600/1/1600 1601/1/1601 1531/1/1531 
f 1602/1/1602 1601/1/1601 1600/1/1600 1603/1/1603 
f 1595/1/1595 1604/1/1604 1601/1/1601 1602/1/1602 
f 1531/1/1531 1601/1/1601 1604/1/1604 1528/1/1528 
f 1605/1/1605 1599/1/1599 1606/1/1606 
f 1607/1/1607 1608/1/1608 1606/1/1606 1609/1/1609 
f 1607/1/1607 858/1/858 865/1/865 
f 1605/1/1605 1608/1/1608 865/1/865 864/1/864 
f 1610/1/1610 859/1/859 858/1/858 
f 1607/1/1607 1609/1/1609 1611/1/1611 
f 550/1/550 850/1/850 1610/1/1610 1611/1/1611 
f 859/1/859 1610/1/1610 850/1/850 843/1/843 
f 1612/1/1612 1613/1/1613 1603/1/1603 
f 1614/1/1614 1426/1/1426 1450/1/1450 
f 1612/1/1612 1450/1/1450 559/1/559 
f 558/1/558 564/1/564 1613/1/1613 
f 1600/1/1600 1615/1/1615 1614/1/1614 1603/1/1603 
f 1535/1/1535 1615/1/1615 1600/1/1600 1533/1/1533 
f 1425/1/1425 1615/1/1615 1535/1/1535 1427/1/1427 
f 1425/1/1425 1426/1/1426 1614/1/1614 
f 550/1/550 1611/1/1611 1616/1/1616 549/1/549 
f 1617/1/1617 1616/1/1616 1611/1/1611 1609/1/1609 
f 1617/1/1617 1618/1/1618 1619/1/1619 
f 1619/1/1619 546/1/546 549/1/549 
f 1620/1/1620 1593/1/1593 1595/1/1595 
f 1602/1/1602 1603/1/1603 1621/1/1621 
f 1622/1/1622 1623/1/1623 1620/1/1620 1621/1/1621 
f 1623/1/1623 1590/1/1590 1593/1/1593 
f 537/1/537 1624/1/1624 1625/1/1625 556/1/556 
f 1626/1/1626 1625/1/1625 1624/1/1624 1618/1/1618 
f 563/1/563 1625/1/1625 1626/1/1626 564/1/564 
f 556/1/556 1625/1/1625 563/1/563 553/1/553 
f 1627/1/1627 533/1/533 532/1/532 
f 545/1/545 546/1/546 1619/1/1619 
f 1624/1/1624 1627/1/1627 1619/1/1619 1618/1/1618 
f 1624/1/1624 537/1/537 533/1/533 
f 1617/1/1617 1628/1/1628 1629/1/1629 1618/1/1618 
f 1628/1/1628 1617/1/1617 1609/1/1609 
f 1622/1/1622 1629/1/1629 1628/1/1628 1630/1/1630 
f 564/1/564 1626/1/1626 1631/1/1631 1613/1/1613 
f 1629/1/1629 1631/1/1631 1626/1/1626 1618/1/1618 
f 1629/1/1629 1622/1/1622 1621/1/1621 
f 1613/1/1613 1631/1/1631 1621/1/1621 1603/1/1603 
f 1590/1/1590 1623/1/1623 1632/1/1632 1596/1/1596 
f 1630/1/1630 1632/1/1632 1623/1/1623 1622/1/1622 
f 1609/1/1609 1606/1/1606 1632/1/1632 1630/1/1630 
f 1596/1/1596 1632/1/1632 1606/1/1606 1599/1/1599 
f 864/1/864 863/1/863 1633/1/1633 1605/1/1605 
f 1633/1/1633 863/1/863 862/1/862 
f 1634/1/1634 1633/1/1633 1635/1/1635 1636/1/1636 
f 1634/1/1634 1599/1/1599 1605/1/1605 
f 1637/1/1637 1638/1/1638 1639/1/1639 1640/1/1640 
f 1637/1/1637 1641/1/1641 1642/1/1642 
f 1638/1/1638 1642/1/1642 872/1/872 
f 1639/1/1639 1638/1/1638 1513/1/1513 1510/1/1510 
f 1637/1/1637 1643/1/1643 1644/1/1644 1641/1/1641 
f 1640/1/1640 1645/1/1645 1643/1/1643 1637/1/1637 
f 1643/1/1643 1645/1/1645 1646/1/1646 
f 1647/1/1647 1648/1/1648 1641/1/1641 
f 1649/1/1649 1647/1/1647 1644/1/1644 1646/1/1646 
f 1647/1/1647 1649/1/1649 1636/1/1636 
f 1648/1/1648 1647/1/1647 1635/1/1635 862/1/862 
f 1650/1/1650 1651/1/1651 1652/1/1652 
f 1640/1/1640 1639/1/1639 1652/1/1652 
f 1652/1/1652 1639/1/1639 1510/1/1510 
f 1653/1/1653 1652/1/1652 1519/1/1519 1521/1/1521 
f 1636/1/1636 1654/1/1654 1655/1/1655 1634/1/1634 
f 1656/1/1656 1655/1/1655 1654/1/1654 1657/1/1657 
f 1587/1/1587 1598/1/1598 1655/1/1655 1656/1/1656 
f 1634/1/1634 1655/1/1655 1598/1/1598 1599/1/1599 
f 1646/1/1646 1658/1/1658 1659/1/1659 1649/1/1649 
f 1660/1/1660 1659/1/1659 1658/1/1658 1661/1/1661 
f 1657/1/1657 1654/1/1654 1659/1/1659 1660/1/1660 
f 1649/1/1649 1659/1/1659 1654/1/1654 1636/1/1636 
f 1650/1/1650 1662/1/1662 1663/1/1663 1651/1/1651 
f 1658/1/1658 1663/1/1663 1662/1/1662 1661/1/1661 
f 1645/1/1645 1663/1/1663 1658/1/1658 1646/1/1646 
f 1640/1/1640 1651/1/1651 1663/1/1663 1645/1/1645 
f 1657/1/1657 1664/1/1664 1665/1/1665 1656/1/1656 
f 1666/1/1666 1665/1/1665 1664/1/1664 1667/1/1667 
f 1588/1/1588 1586/1/1586 1665/1/1665 1666/1/1666 
f 1656/1/1656 1665/1/1665 1586/1/1586 1587/1/1587 
f 1668/1/1668 1669/1/1669 1670/1/1670 1671/1/1671 
f 1672/1/1672 1670/1/1670 1669/1/1669 1673/1/1673 
f 1661/1/1661 1662/1/1662 1670/1/1670 1672/1/1672 
f 1671/1/1671 1670/1/1670 1662/1/1662 1650/1/1650 
f 1672/1/1672 1674/1/1674 1660/1/1660 1661/1/1661 
f 1673/1/1673 1675/1/1675 1674/1/1674 1672/1/1672 
f 1667/1/1667 1664/1/1664 1674/1/1674 1675/1/1675 
f 1660/1/1660 1674/1/1674 1664/1/1664 1657/1/1657 
f 1667/1/1667 1676/1/1676 1677/1/1677 1666/1/1666 
f 1678/1/1678 1679/1/1679 1677/1/1677 1676/1/1676 
f 1680/1/1680 1681/1/1681 1677/1/1677 1679/1/1679 
f 1666/1/1666 1677/1/1677 1681/1/1681 1588/1/1588 
f 1682/1/1682 1683/1/1683 1684/1/1684 1685/1/1685 
f 1686/1/1686 1684/1/1684 1683/1/1683 1687/1/1687 
f 1673/1/1673 1669/1/1669 1684/1/1684 1686/1/1686 
f 1685/1/1685 1684/1/1684 1669/1/1669 1668/1/1668 
f 1687/1/1687 1688/1/1688 1689/1/1689 1686/1/1686 
f 1676/1/1676 1689/1/1689 1688/1/1688 1678/1/1678 
f 1667/1/1667 1675/1/1675 1689/1/1689 1676/1/1676 
f 1686/1/1686 1689/1/1689 1675/1/1675 1673/1/1673 
f 1690/1/1690 1691/1/1691 1692/1/1692 1693/1/1693 
f 1694/1/1694 1692/1/1692 1691/1/1691 1695/1/1695 
f 1696/1/1696 1697/1/1697 1692/1/1692 1694/1/1694 
f 1693/1/1693 1692/1/1692 1697/1/1697 1698/1/1698 
f 1699/1/1699 1700/1/1700 1701/1/1701 1702/1/1702 
f 1703/1/1703 1704/1/1704 1700/1/1700 1699/1/1699 
f 1693/1/1693 1700/1/1700 1704/1/1704 1690/1/1690 
f 1698/1/1698 1701/1/1701 1700/1/1700 1693/1/1693 
f 1705/1/1705 1706/1/1706 1707/1/1707 1708/1/1708 
f 1699/1/1699 1707/1/1707 1706/1/1706 1703/1/1703 
f 1702/1/1702 1709/1/1709 1707/1/1707 1699/1/1699 
f 1708/1/1708 1707/1/1707 1709/1/1709 1710/1/1710 
f 1711/1/1711 1712/1/1712 1713/1/1713 1714/1/1714 
f 197/1/197 1713/1/1713 1712/1/1712 201/1/201 
f 196/1/196 1715/1/1715 1713/1/1713 197/1/197 
f 1714/1/1714 1713/1/1713 1715/1/1715 1716/1/1716 
f 1717/1/1717 1718/1/1718 206/1/206 205/1/205 
f 1719/1/1719 1720/1/1720 1718/1/1718 1717/1/1717 
f 1718/1/1718 1720/1/1720 1716/1/1716 
f 206/1/206 1718/1/1718 1715/1/1715 196/1/196 
f 205/1/205 216/1/216 1721/1/1721 1717/1/1717 
f 1722/1/1722 1721/1/1721 216/1/216 215/1/215 
f 1721/1/1721 1722/1/1722 1723/1/1723 
f 1717/1/1717 1721/1/1721 1724/1/1724 1719/1/1719 
f 1725/1/1725 1726/1/1726 1727/1/1727 1728/1/1728 
f 1729/1/1729 1730/1/1730 1726/1/1726 1725/1/1725 
f 1731/1/1731 1726/1/1726 1730/1/1730 1732/1/1732 
f 1155/1/1155 1727/1/1727 1726/1/1726 1731/1/1731 
f 301/1/301 1733/1/1733 1734/1/1734 300/1/300 
f 1733/1/1733 1735/1/1735 1736/1/1736 
f 162/1/162 161/1/161 1734/1/1734 1736/1/1736 
f 300/1/300 1734/1/1734 161/1/161 166/1/166 
f 160/1/160 1737/1/1737 1738/1/1738 155/1/155 
f 1739/1/1739 1740/1/1740 1738/1/1738 1737/1/1737 
f 168/1/168 1738/1/1738 1740/1/1740 169/1/169 
f 155/1/155 1738/1/1738 168/1/168 152/1/152 
f 1741/1/1741 1742/1/1742 1743/1/1743 1744/1/1744 
f 1733/1/1733 1743/1/1743 1742/1/1742 1735/1/1735 
f 301/1/301 353/1/353 1743/1/1743 1733/1/1733 
f 1744/1/1744 1743/1/1743 353/1/353 354/1/354 
f 1258/1/1258 1745/1/1745 1746/1/1746 1254/1/1254 
f 1745/1/1745 1747/1/1747 1748/1/1748 
f 1241/1/1241 1239/1/1239 1746/1/1746 1748/1/1748 
f 1240/1/1240 1254/1/1254 1746/1/1746 1239/1/1239 
f 1749/1/1749 1750/1/1750 1751/1/1751 1752/1/1752 
f 1748/1/1748 1751/1/1751 1750/1/1750 1241/1/1241 
f 1751/1/1751 1748/1/1748 1747/1/1747 
f 1752/1/1752 1751/1/1751 1753/1/1753 1754/1/1754 
f 1268/1/1268 1755/1/1755 1756/1/1756 1267/1/1267 
f 1745/1/1745 1756/1/1756 1755/1/1755 1747/1/1747 
f 1258/1/1258 1257/1/1257 1756/1/1756 1745/1/1745 
f 1267/1/1267 1756/1/1756 1257/1/1257 1256/1/1256 
f 1262/1/1262 1259/1/1259 1757/1/1757 1263/1/1263 
f 1758/1/1758 1757/1/1757 1259/1/1259 1251/1/1251 
f 1758/1/1758 1759/1/1759 1760/1/1760 
f 1760/1/1760 1265/1/1265 1263/1/1263 
f 1761/1/1761 1762/1/1762 1763/1/1763 1764/1/1764 
f 1553/1/1553 1551/1/1551 1762/1/1762 1761/1/1761 
f 1552/1/1552 1765/1/1765 1762/1/1762 1551/1/1551 
f 1763/1/1763 1762/1/1762 1765/1/1765 1766/1/1766 
f 1767/1/1767 1768/1/1768 1554/1/1554 
f 1761/1/1761 1767/1/1767 1557/1/1557 1553/1/1553 
f 1767/1/1767 1761/1/1761 1764/1/1764 
f 1768/1/1768 1767/1/1767 1769/1/1769 1770/1/1770 
f 1771/1/1771 1772/1/1772 1773/1/1773 1774/1/1774 
f 1775/1/1775 1773/1/1773 1772/1/1772 1776/1/1776 
f 1572/1/1572 1569/1/1569 1773/1/1773 1775/1/1775 
f 1774/1/1774 1773/1/1773 1569/1/1569 1539/1/1539 
f 1572/1/1572 1775/1/1775 1777/1/1777 1574/1/1574 
f 1778/1/1778 1777/1/1777 1775/1/1775 1776/1/1776 
f 1765/1/1765 1777/1/1777 1778/1/1778 1766/1/1766 
f 1574/1/1574 1777/1/1777 1765/1/1765 1552/1/1552 
f 1779/1/1779 1780/1/1780 1229/1/1229 1228/1/1228 
f 1781/1/1781 1780/1/1780 1779/1/1779 1782/1/1782 
f 1250/1/1250 1249/1/1249 1780/1/1780 1781/1/1781 
f 1229/1/1229 1780/1/1780 1249/1/1249 1233/1/1233 
f 1250/1/1250 1781/1/1781 1783/1/1783 1247/1/1247 
f 1784/1/1784 1783/1/1783 1781/1/1781 1782/1/1782 
f 1783/1/1783 1784/1/1784 1759/1/1759 
f 1247/1/1247 1783/1/1783 1758/1/1758 1251/1/1251 
f 1153/1/1153 1151/1/1151 1785/1/1785 1786/1/1786 
f 1787/1/1787 1785/1/1785 1151/1/1151 1150/1/1150 
f 1788/1/1788 1789/1/1789 1785/1/1785 1787/1/1787 
f 1786/1/1786 1785/1/1785 1789/1/1789 1790/1/1790 
f 1790/1/1790 1789/1/1789 1791/1/1791 1792/1/1792 
f 1793/1/1793 1791/1/1791 1789/1/1789 1788/1/1788 
f 1793/1/1793 1389/1/1389 1386/1/1386 1791/1/1791 
f 1386/1/1386 1388/1/1388 1792/1/1792 1791/1/1791 
f 1794/1/1794 1795/1/1795 1796/1/1796 1797/1/1797 
f 1798/1/1798 1796/1/1796 1795/1/1795 1799/1/1799 
f 1800/1/1800 1801/1/1801 1796/1/1796 1798/1/1798 
f 1797/1/1797 1796/1/1796 1801/1/1801 1802/1/1802 
f 1803/1/1803 1804/1/1804 1805/1/1805 1806/1/1806 
f 1807/1/1807 1806/1/1806 1805/1/1805 1808/1/1808 
f 181/1/181 184/1/184 1806/1/1806 1807/1/1807 
f 1803/1/1803 1806/1/1806 184/1/184 189/1/189 
f 1809/1/1809 1810/1/1810 1811/1/1811 1812/1/1812 
f 1813/1/1813 1814/1/1814 1810/1/1810 1809/1/1809 
f 1815/1/1815 1816/1/1816 1810/1/1810 1814/1/1814 
f 1817/1/1817 1811/1/1811 1810/1/1810 1816/1/1816 
f 1815/1/1815 1814/1/1814 1818/1/1818 1819/1/1819 
f 1820/1/1820 1818/1/1818 1814/1/1814 1813/1/1813 
f 169/1/169 1740/1/1740 1818/1/1818 1820/1/1820 
f 1819/1/1819 1818/1/1818 1740/1/1740 1739/1/1739 
f 1821/1/1821 1820/1/1820 1813/1/1813 
f 1822/1/1822 1821/1/1821 1823/1/1823 1824/1/1824 
f 1821/1/1821 1822/1/1822 172/1/172 
f 1820/1/1820 1821/1/1821 171/1/171 169/1/169 
f 1825/1/1825 1809/1/1809 1812/1/1812 
f 1826/1/1826 1827/1/1827 1828/1/1828 
f 1824/1/1824 1823/1/1823 1825/1/1825 1828/1/1828 
f 1809/1/1809 1825/1/1825 1823/1/1823 1813/1/1813 
f 1829/1/1829 1830/1/1830 1831/1/1831 1832/1/1832 
f 1833/1/1833 1831/1/1831 1830/1/1830 1834/1/1834 
f 201/1/201 1712/1/1712 1831/1/1831 1833/1/1833 
f 1832/1/1832 1831/1/1831 1712/1/1712 1711/1/1711 
f 1834/1/1834 1830/1/1830 1835/1/1835 1836/1/1836 
f 1837/1/1837 1835/1/1835 1830/1/1830 1829/1/1829 
f 1799/1/1799 1795/1/1795 1835/1/1835 1837/1/1837 
f 1836/1/1836 1835/1/1835 1795/1/1795 1794/1/1794 
f 1754/1/1754 1838/1/1838 1839/1/1839 1752/1/1752 
f 1838/1/1838 1840/1/1840 1841/1/1841 
f 1099/1/1099 1842/1/1842 1839/1/1839 1841/1/1841 
f 1752/1/1752 1839/1/1839 1842/1/1842 1749/1/1749 
f 1094/1/1094 1843/1/1843 1844/1/1844 1093/1/1093 
f 1845/1/1845 1844/1/1844 1843/1/1843 1846/1/1846 
f 1847/1/1847 1848/1/1848 1844/1/1844 1845/1/1845 
f 1093/1/1093 1844/1/1844 1848/1/1848 269/1/269 
f 1732/1/1732 1730/1/1730 1849/1/1849 1850/1/1850 
f 1851/1/1851 1849/1/1849 1730/1/1730 1729/1/1729 
f 1846/1/1846 1843/1/1843 1849/1/1849 1851/1/1851 
f 1850/1/1850 1849/1/1849 1843/1/1843 1094/1/1094 
f 1852/1/1852 1841/1/1841 1840/1/1840 
f 1853/1/1853 1852/1/1852 1854/1/1854 1855/1/1855 
f 255/1/255 1100/1/1100 1852/1/1852 1853/1/1853 
f 1100/1/1100 1099/1/1099 1841/1/1841 
f 1856/1/1856 1857/1/1857 1858/1/1858 
f 1744/1/1744 1856/1/1856 1859/1/1859 1741/1/1741 
f 354/1/354 357/1/357 1856/1/1856 1744/1/1744 
f 1857/1/1857 1856/1/1856 357/1/357 256/1/256 
f 1860/1/1860 1853/1/1853 1855/1/1855 
f 1857/1/1857 1860/1/1860 1861/1/1861 1858/1/1858 
f 256/1/256 1862/1/1862 1860/1/1860 1857/1/1857 
f 1853/1/1853 1860/1/1860 1862/1/1862 255/1/255 
f 1863/1/1863 1864/1/1864 1865/1/1865 1866/1/1866 
f 264/1/264 1865/1/1865 1864/1/1864 261/1/261 
f 269/1/269 1848/1/1848 1865/1/1865 264/1/264 
f 1866/1/1866 1865/1/1865 1848/1/1848 1847/1/1847 
f 1867/1/1867 1868/1/1868 1869/1/1869 1870/1/1870 
f 1871/1/1871 1869/1/1869 1868/1/1868 1872/1/1872 
f 1149/1/1149 1148/1/1148 1869/1/1869 1871/1/1871 
f 1148/1/1148 1154/1/1154 1870/1/1870 
f 157/1/157 1873/1/1873 1874/1/1874 165/1/165 
f 1875/1/1875 1874/1/1874 1873/1/1873 1876/1/1876 
f 297/1/297 1874/1/1874 1875/1/1875 294/1/294 
f 166/1/166 165/1/165 1874/1/1874 297/1/297 
f 152/1/152 174/1/174 1877/1/1877 153/1/153 
f 1878/1/1878 1877/1/1877 174/1/174 173/1/173 
f 1878/1/1878 1876/1/1876 1873/1/1873 1877/1/1877 
f 153/1/153 1877/1/1877 1873/1/1873 157/1/157 
f 1735/1/1735 1879/1/1879 1880/1/1880 1736/1/1736 
f 1881/1/1881 1880/1/1880 1879/1/1879 1882/1/1882 
f 158/1/158 163/1/163 1880/1/1880 1881/1/1881 
f 1736/1/1736 1880/1/1880 163/1/163 162/1/162 
f 1882/1/1882 1883/1/1883 1884/1/1884 1881/1/1881 
f 1737/1/1737 1884/1/1884 1883/1/1883 1739/1/1739 
f 159/1/159 1884/1/1884 1737/1/1737 160/1/160 
f 1881/1/1881 1884/1/1884 159/1/159 158/1/158 
f 1885/1/1885 1886/1/1886 1887/1/1887 1888/1/1888 
f 364/1/364 1887/1/1887 1886/1/1886 362/1/362 
f 261/1/261 1864/1/1864 1887/1/1887 364/1/364 
f 1888/1/1888 1887/1/1887 1864/1/1864 1863/1/1863 
f 362/1/362 1886/1/1886 1889/1/1889 363/1/363 
f 1890/1/1890 1889/1/1889 1886/1/1886 1885/1/1885 
f 1890/1/1890 1723/1/1723 1722/1/1722 1889/1/1889 
f 215/1/215 363/1/363 1889/1/1889 1722/1/1722 
f 284/1/284 1891/1/1891 1892/1/1892 283/1/283 
f 1893/1/1893 1894/1/1894 1892/1/1892 1891/1/1891 
f 1895/1/1895 1896/1/1896 1892/1/1892 1894/1/1894 
f 283/1/283 1892/1/1892 1896/1/1896 285/1/285 
f 307/1/307 304/1/304 1897/1/1897 1898/1/1898 
f 304/1/304 305/1/305 1899/1/1899 1897/1/1897 
f 1895/1/1895 1894/1/1894 1897/1/1897 1899/1/1899 
f 1898/1/1898 1897/1/1897 1894/1/1894 1893/1/1893 
f 1544/1/1544 1900/1/1900 1901/1/1901 1538/1/1538 
f 1902/1/1902 1901/1/1901 1900/1/1900 1903/1/1903 
f 1902/1/1902 1771/1/1771 1774/1/1774 
f 1539/1/1539 1538/1/1538 1901/1/1901 1774/1/1774 
f 1904/1/1904 1905/1/1905 1903/1/1903 
f 1566/1/1566 1904/1/1904 1900/1/1900 1544/1/1544 
f 1554/1/1554 1768/1/1768 1904/1/1904 1566/1/1566 
f 1768/1/1768 1770/1/1770 1905/1/1905 
f 1906/1/1906 1907/1/1907 1908/1/1908 1909/1/1909 
f 1910/1/1910 1908/1/1908 1907/1/1907 1911/1/1911 
f 1912/1/1912 1913/1/1913 1908/1/1908 1910/1/1910 
f 1909/1/1909 1908/1/1908 1913/1/1913 1914/1/1914 
f 1479/1/1479 1482/1/1482 1915/1/1915 1916/1/1916 
f 1917/1/1917 1915/1/1915 1482/1/1482 1487/1/1487 
f 1911/1/1911 1907/1/1907 1915/1/1915 1917/1/1917 
f 1916/1/1916 1915/1/1915 1907/1/1907 1906/1/1906 
f 1918/1/1918 1919/1/1919 1920/1/1920 1921/1/1921 
f 1922/1/1922 1920/1/1920 1919/1/1919 1923/1/1923 
f 1924/1/1924 1925/1/1925 1920/1/1920 1922/1/1922 
f 1921/1/1921 1920/1/1920 1925/1/1925 1926/1/1926 
f 1927/1/1927 1928/1/1928 1929/1/1929 1930/1/1930 
f 1922/1/1922 1929/1/1929 1928/1/1928 1924/1/1924 
f 1923/1/1923 1931/1/1931 1929/1/1929 1922/1/1922 
f 1930/1/1930 1929/1/1929 1931/1/1931 1932/1/1932 
f 1749/1/1749 1933/1/1933 1934/1/1934 1750/1/1750 
f 1935/1/1935 1934/1/1934 1933/1/1933 1936/1/1936 
f 1236/1/1236 1242/1/1242 1934/1/1934 1935/1/1935 
f 1750/1/1750 1934/1/1934 1242/1/1242 1241/1/1241 
f 1097/1/1097 1937/1/1937 1938/1/1938 1098/1/1098 
f 1936/1/1936 1933/1/1933 1938/1/1938 1937/1/1937 
f 1933/1/1933 1749/1/1749 1842/1/1842 1938/1/1938 
f 1098/1/1098 1938/1/1938 1842/1/1842 1099/1/1099 
f 1106/1/1106 1939/1/1939 1940/1/1940 1104/1/1104 
f 1941/1/1941 1940/1/1940 1939/1/1939 1942/1/1942 
f 1943/1/1943 1944/1/1944 1940/1/1940 1941/1/1941 
f 1104/1/1104 1940/1/1940 1944/1/1944 1101/1/1101 
f 1945/1/1945 1946/1/1946 1947/1/1947 1948/1/1948 
f 1941/1/1941 1947/1/1947 1946/1/1946 1943/1/1943 
f 1942/1/1942 1949/1/1949 1947/1/1947 1941/1/1941 
f 1950/1/1950 1948/1/1948 1947/1/1947 1949/1/1949 
f 1951/1/1951 1952/1/1952 1953/1/1953 
f 1954/1/1954 1951/1/1951 1955/1/1955 1956/1/1956 
f 1957/1/1957 1958/1/1958 1951/1/1951 1954/1/1954 
f 1958/1/1958 1959/1/1959 1952/1/1952 
f 1956/1/1956 1955/1/1955 1960/1/1960 1961/1/1961 
f 1955/1/1955 1953/1/1953 1962/1/1962 
f 1784/1/1784 1960/1/1960 1962/1/1962 1759/1/1759 
f 1784/1/1784 1782/1/1782 1961/1/1961 
f 1926/1/1926 1963/1/1963 1964/1/1964 1921/1/1921 
f 1965/1/1965 1964/1/1964 1963/1/1963 1966/1/1966 
f 1163/1/1163 1967/1/1967 1964/1/1964 1965/1/1965 
f 1921/1/1921 1964/1/1964 1967/1/1967 1918/1/1918 
f 1968/1/1968 1158/1/1158 1163/1/1163 
f 1969/1/1969 1968/1/1968 1965/1/1965 1966/1/1966 
f 1968/1/1968 1969/1/1969 1728/1/1728 
f 1158/1/1158 1968/1/1968 1727/1/1727 1155/1/1155 
f 1970/1/1970 1971/1/1971 1972/1/1972 1973/1/1973 
f 1974/1/1974 1972/1/1972 1971/1/1971 1975/1/1975 
f 1872/1/1872 1868/1/1868 1972/1/1972 1974/1/1974 
f 1973/1/1973 1972/1/1972 1868/1/1868 1867/1/1867 
f 1975/1/1975 1971/1/1971 1976/1/1976 1977/1/1977 
f 1971/1/1971 1970/1/1970 1978/1/1978 
f 1945/1/1945 1948/1/1948 1976/1/1976 1978/1/1978 
f 1977/1/1977 1976/1/1976 1948/1/1948 1950/1/1950 
f 1958/1/1958 1957/1/1957 1979/1/1979 
f 1980/1/1980 1981/1/1981 1979/1/1979 1982/1/1982 
f 1980/1/1980 1983/1/1983 1984/1/1984 1981/1/1981 
f 1981/1/1981 1984/1/1984 1959/1/1959 
f 1985/1/1985 1983/1/1983 1980/1/1980 
f 1980/1/1980 1982/1/1982 1986/1/1986 1987/1/1987 
f 1772/1/1772 1987/1/1987 1986/1/1986 1776/1/1776 
f 1985/1/1985 1987/1/1987 1772/1/1772 1771/1/1771 
f 1932/1/1932 1988/1/1988 1989/1/1989 1930/1/1930 
f 1990/1/1990 1991/1/1991 1989/1/1989 1988/1/1988 
f 1992/1/1992 1989/1/1989 1991/1/1991 1993/1/1993 
f 1930/1/1930 1989/1/1989 1992/1/1992 1927/1/1927 
f 1993/1/1993 1991/1/1991 1994/1/1994 1995/1/1995 
f 1996/1/1996 1994/1/1994 1991/1/1991 1990/1/1990 
f 1914/1/1914 1913/1/1913 1994/1/1994 1996/1/1996 
f 1913/1/1913 1912/1/1912 1995/1/1995 
f 1997/1/1997 1998/1/1998 1999/1/1999 
f 2000/1/2000 2001/1/2001 2002/1/2002 
f 1770/1/1770 1769/1/1769 1997/1/1997 2002/1/2002 
f 1998/1/1998 1997/1/1997 1769/1/1769 1764/1/1764 
f 2003/1/2003 2004/1/2004 2005/1/2005 2006/1/2006 
f 2007/1/2007 2005/1/2005 2004/1/2004 2008/1/2008 
f 1493/1/1493 1489/1/1489 2005/1/2005 2007/1/2007 
f 2006/1/2006 2005/1/2005 1489/1/1489 1488/1/1488 
f 2009/1/2009 2010/1/2010 2011/1/2011 2012/1/2012 
f 2013/1/2013 2011/1/2011 2010/1/2010 2014/1/2014 
f 2015/1/2015 2016/1/2016 2011/1/2011 2013/1/2013 
f 2012/1/2012 2011/1/2011 2016/1/2016 2017/1/2017 
f 2014/1/2014 2010/1/2010 2018/1/2018 2019/1/2019 
f 2020/1/2020 2018/1/2018 2010/1/2010 2009/1/2009 
f 1696/1/1696 1694/1/1694 2018/1/2018 2020/1/2020 
f 2019/1/2019 2018/1/2018 1694/1/1694 1695/1/1695 
f 2021/1/2021 2022/1/2022 2023/1/2023 2024/1/2024 
f 1714/1/1714 2023/1/2023 2022/1/2022 1711/1/1711 
f 1716/1/1716 2025/1/2025 2023/1/2023 1714/1/1714 
f 2024/1/2024 2023/1/2023 2025/1/2025 2026/1/2026 
f 2027/1/2027 2028/1/2028 2029/1/2029 
f 2030/1/2030 2031/1/2031 2032/1/2032 
f 2027/1/2027 2032/1/2032 1719/1/1719 
f 2028/1/2028 2027/1/2027 1724/1/1724 1723/1/1723 
f 2033/1/2033 2034/1/2034 2035/1/2035 2036/1/2036 
f 1845/1/1845 2035/1/2035 2034/1/2034 1847/1/1847 
f 1846/1/1846 2037/1/2037 2035/1/2035 1845/1/1845 
f 2036/1/2036 2035/1/2035 2037/1/2037 2038/1/2038 
f 2039/1/2039 2040/1/2040 2041/1/2041 2042/1/2042 
f 1969/1/1969 2041/1/2041 2040/1/2040 1728/1/1728 
f 1966/1/1966 2043/1/2043 2041/1/2041 1969/1/1969 
f 2042/1/2042 2041/1/2041 2043/1/2043 2044/1/2044 
f 2045/1/2045 2046/1/2046 2047/1/2047 2048/1/2048 
f 2049/1/2049 2047/1/2047 2046/1/2046 2050/1/2050 
f 1735/1/1735 1742/1/1742 2047/1/2047 2049/1/2049 
f 2048/1/2048 2047/1/2047 1742/1/1742 1741/1/1741 
f 2051/1/2051 2052/1/2052 2053/1/2053 2054/1/2054 
f 2055/1/2055 2053/1/2053 2052/1/2052 2056/1/2056 
f 1747/1/1747 1755/1/1755 2053/1/2053 2055/1/2055 
f 2054/1/2054 2053/1/2053 1755/1/1755 1268/1/1268 
f 2057/1/2057 2058/1/2058 2059/1/2059 2060/1/2060 
f 2061/1/2061 2059/1/2059 2058/1/2058 2062/1/2062 
f 1855/1/1855 1854/1/1854 2059/1/2059 2061/1/2061 
f 2060/1/2060 2059/1/2059 1854/1/1854 1840/1/1840 
f 2063/1/2063 2064/1/2064 2065/1/2065 2066/1/2066 
f 1763/1/1763 2064/1/2064 2063/1/2063 1764/1/1764 
f 1766/1/1766 2067/1/2067 2064/1/2064 1763/1/1763 
f 2065/1/2065 2064/1/2064 2067/1/2067 2068/1/2068 
f 2069/1/2069 2070/1/2070 2071/1/2071 
f 1779/1/1779 2069/1/2069 2072/1/2072 1782/1/1782 
f 1228/1/1228 2073/1/2073 2069/1/2069 1779/1/1779 
f 2070/1/2070 2069/1/2069 2073/1/2073 2044/1/2044 
f 2074/1/2074 2075/1/2075 2076/1/2076 2077/1/2077 
f 2075/1/2075 1927/1/1927 1992/1/1992 
f 1993/1/1993 2078/1/2078 2076/1/2076 1992/1/1992 
f 2077/1/2077 2076/1/2076 2078/1/2078 2079/1/2079 
f 2080/1/2080 2081/1/2081 2082/1/2082 2083/1/2083 
f 1798/1/1798 2082/1/2082 2081/1/2081 1800/1/1800 
f 1799/1/1799 2084/1/2084 2082/1/2082 1798/1/1798 
f 2083/1/2083 2082/1/2082 2084/1/2084 2085/1/2085 
f 172/1/172 2086/1/2086 2087/1/2087 170/1/170 
f 2088/1/2088 2087/1/2087 2086/1/2086 2089/1/2089 
f 2021/1/2021 2090/1/2090 2087/1/2087 2088/1/2088 
f 170/1/170 2087/1/2087 2090/1/2090 173/1/173 
f 2024/1/2024 2091/1/2091 2090/1/2090 2021/1/2021 
f 2026/1/2026 2092/1/2092 2091/1/2091 2024/1/2024 
f 1876/1/1876 1878/1/1878 2091/1/2091 2092/1/2092 
f 173/1/173 2090/1/2090 2091/1/2091 1878/1/1878 
f 1711/1/1711 2022/1/2022 2093/1/2093 1832/1/1832 
f 2088/1/2088 2093/1/2093 2022/1/2022 2021/1/2021 
f 2089/1/2089 2094/1/2094 2093/1/2093 2088/1/2088 
f 1832/1/1832 2093/1/2093 2094/1/2094 1829/1/1829 
f 1876/1/1876 2092/1/2092 2095/1/2095 1875/1/1875 
f 2096/1/2096 2095/1/2095 2092/1/2092 2026/1/2026 
f 2097/1/2097 2095/1/2095 2096/1/2096 2031/1/2031 
f 294/1/294 1875/1/1875 2095/1/2095 2097/1/2097 
f 2031/1/2031 2030/1/2030 2098/1/2098 2097/1/2097 
f 2099/1/2099 2098/1/2098 2030/1/2030 2029/1/2029 
f 299/1/299 295/1/295 2098/1/2098 2099/1/2099 
f 2097/1/2097 2098/1/2098 295/1/295 294/1/294 
f 1720/1/1720 1719/1/1719 2032/1/2032 
f 2031/1/2031 2096/1/2096 2100/1/2100 2032/1/2032 
f 2100/1/2100 2096/1/2096 2026/1/2026 
f 1720/1/1720 2100/1/2100 2025/1/2025 1716/1/1716 
f 299/1/299 2099/1/2099 2101/1/2101 352/1/352 
f 2029/1/2029 2102/1/2102 2101/1/2101 2099/1/2099 
f 2103/1/2103 2104/1/2104 2101/1/2101 2102/1/2102 
f 352/1/352 2101/1/2101 2104/1/2104 349/1/349 
f 2028/1/2028 2105/1/2105 2102/1/2102 2029/1/2029 
f 1723/1/1723 1890/1/1890 2105/1/2105 2028/1/2028 
f 2105/1/2105 1890/1/1890 1885/1/1885 
f 2102/1/2102 2105/1/2105 2106/1/2106 2103/1/2103 
f 259/1/259 2107/1/2107 2108/1/2108 258/1/258 
f 2109/1/2109 2108/1/2108 2107/1/2107 2110/1/2110 
f 2033/1/2033 2111/1/2111 2108/1/2108 2109/1/2109 
f 258/1/258 2108/1/2108 2111/1/2111 260/1/260 
f 260/1/260 2111/1/2111 2112/1/2112 1096/1/1096 
f 2036/1/2036 2112/1/2112 2111/1/2111 2033/1/2033 
f 2038/1/2038 2113/1/2113 2112/1/2112 2036/1/2036 
f 1096/1/1096 2112/1/2112 2113/1/2113 1097/1/1097 
f 1847/1/1847 2034/1/2034 2114/1/2114 1866/1/1866 
f 2109/1/2109 2114/1/2114 2034/1/2034 2033/1/2033 
f 2110/1/2110 2115/1/2115 2114/1/2114 2109/1/2109 
f 1866/1/1866 2114/1/2114 2115/1/2115 1863/1/1863 
f 1936/1/1936 2116/1/2116 2117/1/2117 1935/1/1935 
f 2118/1/2118 2117/1/2117 2116/1/2116 2119/1/2119 
f 2039/1/2039 2120/1/2120 2117/1/2117 2118/1/2118 
f 1935/1/1935 2117/1/2117 2120/1/2120 1236/1/1236 
f 1236/1/1236 2120/1/2120 2121/1/2121 1231/1/1231 
f 2042/1/2042 2121/1/2121 2120/1/2120 2039/1/2039 
f 2044/1/2044 2073/1/2073 2121/1/2121 2042/1/2042 
f 1231/1/1231 2121/1/2121 2073/1/2073 1228/1/1228 
f 1728/1/1728 2040/1/2040 2122/1/2122 1725/1/1725 
f 2118/1/2118 2122/1/2122 2040/1/2040 2039/1/2039 
f 2119/1/2119 2123/1/2123 2122/1/2122 2118/1/2118 
f 1725/1/1725 2122/1/2122 2123/1/2123 1729/1/1729 
f 2124/1/2124 2125/1/2125 2126/1/2126 2127/1/2127 
f 2128/1/2128 2126/1/2126 2125/1/2125 2129/1/2129 
f 186/1/186 182/1/182 2126/1/2126 2128/1/2128 
f 2127/1/2127 2126/1/2126 182/1/182 181/1/181 
f 2129/1/2129 2130/1/2130 2131/1/2131 2128/1/2128 
f 2132/1/2132 2131/1/2131 2130/1/2130 2133/1/2133 
f 193/1/193 190/1/190 2131/1/2131 2132/1/2132 
f 2128/1/2128 2131/1/2131 190/1/190 186/1/186 
f 2130/1/2130 2129/1/2129 2134/1/2134 2135/1/2135 
f 1883/1/1883 2135/1/2135 2134/1/2134 1739/1/1739 
f 2136/1/2136 2135/1/2135 1883/1/1883 1882/1/1882 
f 2133/1/2133 2130/1/2130 2135/1/2135 2136/1/2136 
f 1815/1/1815 1819/1/1819 2137/1/2137 2138/1/2138 
f 2134/1/2134 2137/1/2137 1819/1/1819 1739/1/1739 
f 2129/1/2129 2125/1/2125 2137/1/2137 2134/1/2134 
f 2138/1/2138 2137/1/2137 2125/1/2125 2124/1/2124 
f 2133/1/2133 2139/1/2139 2140/1/2140 2132/1/2132 
f 2141/1/2141 2140/1/2140 2139/1/2139 2050/1/2050 
f 305/1/305 302/1/302 2140/1/2140 2141/1/2141 
f 2132/1/2132 2140/1/2140 302/1/302 193/1/193 
f 2050/1/2050 2046/1/2046 2142/1/2142 2141/1/2141 
f 2143/1/2143 2142/1/2142 2046/1/2046 2045/1/2045 
f 1895/1/1895 1899/1/1899 2142/1/2142 2143/1/2143 
f 2141/1/2141 2142/1/2142 1899/1/1899 305/1/305 
f 1882/1/1882 1879/1/1879 2144/1/2144 2136/1/2136 
f 2049/1/2049 2144/1/2144 1879/1/1879 1735/1/1735 
f 2050/1/2050 2139/1/2139 2144/1/2144 2049/1/2049 
f 2136/1/2136 2144/1/2144 2139/1/2139 2133/1/2133 
f 2145/1/2145 2146/1/2146 2147/1/2147 2148/1/2148 
f 2149/1/2149 2147/1/2147 2146/1/2146 2056/1/2056 
f 1950/1/1950 1949/1/1949 2147/1/2147 2149/1/2149 
f 2148/1/2148 2147/1/2147 1949/1/1949 1942/1/1942 
f 2150/1/2150 1977/1/1977 1950/1/1950 
f 2056/1/2056 2052/1/2052 2150/1/2150 2149/1/2149 
f 2052/1/2052 2051/1/2051 2151/1/2151 
f 1977/1/1977 2150/1/2150 2151/1/2151 1975/1/1975 
f 1754/1/1754 1753/1/1753 2152/1/2152 2153/1/2153 
f 2055/1/2055 2152/1/2152 1753/1/1753 1747/1/1747 
f 2056/1/2056 2146/1/2146 2152/1/2152 2055/1/2055 
f 2146/1/2146 2145/1/2145 2153/1/2153 
f 2154/1/2154 2155/1/2155 2156/1/2156 2157/1/2157 
f 2158/1/2158 2156/1/2156 2155/1/2155 2062/1/2062 
f 287/1/287 286/1/286 2156/1/2156 2158/1/2158 
f 2157/1/2157 2156/1/2156 286/1/286 285/1/285 
f 2062/1/2062 2058/1/2058 2159/1/2159 2158/1/2158 
f 2160/1/2160 2159/1/2159 2058/1/2058 2057/1/2057 
f 1106/1/1106 1105/1/1105 2159/1/2159 2160/1/2160 
f 2158/1/2158 2159/1/2159 1105/1/1105 287/1/287 
f 1858/1/1858 1861/1/1861 2161/1/2161 2162/1/2162 
f 2061/1/2061 2161/1/2161 1861/1/1861 1855/1/1855 
f 2062/1/2062 2155/1/2155 2161/1/2161 2061/1/2061 
f 2162/1/2162 2161/1/2161 2155/1/2155 2154/1/2154 
f 2163/1/2163 2164/1/2164 2165/1/2165 2166/1/2166 
f 2164/1/2164 2167/1/2167 2168/1/2168 
f 2165/1/2165 2168/1/2168 1149/1/1149 
f 2166/1/2166 2165/1/2165 1871/1/1871 1872/1/1872 
f 2168/1/2168 2169/1/2169 1146/1/1146 1149/1/1149 
f 2169/1/2169 2168/1/2168 2167/1/2167 
f 2170/1/2170 2171/1/2171 2169/1/2169 2172/1/2172 
f 1146/1/1146 2169/1/2169 2171/1/2171 1150/1/1150 
f 2173/1/2173 2174/1/2174 2172/1/2172 2167/1/2167 
f 1759/1/1759 1962/1/1962 2174/1/2174 2173/1/2173 
f 1953/1/1953 2175/1/2175 2174/1/2174 1962/1/1962 
f 2172/1/2172 2174/1/2174 2175/1/2175 2170/1/2170 
f 1265/1/1265 1760/1/1760 2176/1/2176 2177/1/2177 
f 2173/1/2173 2176/1/2176 1760/1/1760 1759/1/1759 
f 2167/1/2167 2164/1/2164 2176/1/2176 2173/1/2173 
f 2164/1/2164 2163/1/2163 2177/1/2177 
f 2178/1/2178 2179/1/2179 2180/1/2180 2181/1/2181 
f 2179/1/2179 2182/1/2182 2183/1/2183 
f 2180/1/2180 2183/1/2183 1381/1/1381 
f 2181/1/2181 2180/1/2180 1390/1/1390 1389/1/1389 
f 1381/1/1381 2183/1/2183 2184/1/2184 1380/1/1380 
f 2183/1/2183 2182/1/2182 2185/1/2185 
f 2186/1/2186 2187/1/2187 2184/1/2184 2185/1/2185 
f 1380/1/1380 2184/1/2184 2187/1/2187 1382/1/1382 
f 2182/1/2182 2188/1/2188 2189/1/2189 2185/1/2185 
f 1902/1/1902 2189/1/2189 2188/1/2188 1771/1/1771 
f 1903/1/1903 2190/1/2190 2189/1/2189 1902/1/1902 
f 2185/1/2185 2189/1/2189 2190/1/2190 2186/1/2186 
f 1983/1/1983 1985/1/1985 2191/1/2191 2192/1/2192 
f 2188/1/2188 2191/1/2191 1985/1/1985 1771/1/1771 
f 2182/1/2182 2179/1/2179 2191/1/2191 2188/1/2188 
f 2192/1/2192 2191/1/2191 2179/1/2179 2178/1/2178 
f 1382/1/1382 2187/1/2187 2193/1/2193 1491/1/1491 
f 2194/1/2194 2193/1/2193 2187/1/2187 2186/1/2186 
f 2195/1/2195 2196/1/2196 2193/1/2193 2194/1/2194 
f 2196/1/2196 1488/1/1488 1491/1/1491 
f 1488/1/1488 2196/1/2196 2197/1/2197 2006/1/2006 
f 2198/1/2198 2197/1/2197 2196/1/2196 2195/1/2195 
f 2199/1/2199 2200/1/2200 2197/1/2197 2198/1/2198 
f 2006/1/2006 2197/1/2197 2200/1/2200 2003/1/2003 
f 2195/1/2195 2201/1/2201 2202/1/2202 2198/1/2198 
f 2002/1/2002 2202/1/2202 2201/1/2201 1770/1/1770 
f 2202/1/2202 2002/1/2002 2001/1/2001 
f 2198/1/2198 2202/1/2202 2203/1/2203 2199/1/2199 
f 1770/1/1770 2201/1/2201 2204/1/2204 1905/1/1905 
f 2194/1/2194 2204/1/2204 2201/1/2201 2195/1/2195 
f 2186/1/2186 2190/1/2190 2204/1/2204 2194/1/2194 
f 1905/1/1905 2204/1/2204 2190/1/2190 1903/1/1903 
f 1705/1/1705 2205/1/2205 2206/1/2206 1706/1/1706 
f 2207/1/2207 2206/1/2206 2205/1/2205 2208/1/2208 
f 2209/1/2209 2210/1/2210 2206/1/2206 2207/1/2207 
f 1706/1/1706 2206/1/2206 2210/1/2210 1703/1/1703 
f 2210/1/2210 2209/1/2209 2211/1/2211 2212/1/2212 
f 2213/1/2213 2212/1/2212 2211/1/2211 2214/1/2214 
f 1690/1/1690 1704/1/1704 2212/1/2212 2213/1/2213 
f 2210/1/2210 2212/1/2212 1704/1/1704 1703/1/1703 
f 2214/1/2214 2215/1/2215 2216/1/2216 2213/1/2213 
f 2217/1/2217 2216/1/2216 2215/1/2215 2218/1/2218 
f 1695/1/1695 1691/1/1691 2216/1/2216 2217/1/2217 
f 2213/1/2213 2216/1/2216 1691/1/1691 1690/1/1690 
f 1695/1/1695 2217/1/2217 2219/1/2219 2019/1/2019 
f 2220/1/2220 2219/1/2219 2217/1/2217 2218/1/2218 
f 2221/1/2221 2222/1/2222 2219/1/2219 2220/1/2220 
f 2019/1/2019 2219/1/2219 2222/1/2222 2014/1/2014 
f 2014/1/2014 2222/1/2222 2223/1/2223 2013/1/2013 
f 2224/1/2224 2223/1/2223 2222/1/2222 2221/1/2221 
f 2225/1/2225 2226/1/2226 2223/1/2223 2224/1/2224 
f 2226/1/2226 2015/1/2015 2013/1/2013 
f 2227/1/2227 2228/1/2228 2229/1/2229 2230/1/2230 
f 2231/1/2231 2229/1/2229 2228/1/2228 2066/1/2066 
f 1487/1/1487 1486/1/1486 2229/1/2229 2231/1/2231 
f 2230/1/2230 2229/1/2229 1486/1/1486 1485/1/1485 
f 1487/1/1487 2231/1/2231 2232/1/2232 1917/1/1917 
f 2065/1/2065 2232/1/2232 2231/1/2231 2066/1/2066 
f 2068/1/2068 2233/1/2233 2232/1/2232 2065/1/2065 
f 2233/1/2233 1911/1/1911 1917/1/1917 
f 1999/1/1999 1998/1/1998 2234/1/2234 2235/1/2235 
f 2063/1/2063 2234/1/2234 1998/1/1998 1764/1/1764 
f 2066/1/2066 2228/1/2228 2234/1/2234 2063/1/2063 
f 2235/1/2235 2234/1/2234 2228/1/2228 2227/1/2227 
f 1911/1/1911 2233/1/2233 2236/1/2236 1910/1/1910 
f 2237/1/2237 2236/1/2236 2233/1/2233 2068/1/2068 
f 2238/1/2238 2239/1/2239 2236/1/2236 2237/1/2237 
f 1910/1/1910 2236/1/2236 2239/1/2239 1912/1/1912 
f 1912/1/1912 2239/1/2239 2240/1/2240 1995/1/1995 
f 2241/1/2241 2240/1/2240 2239/1/2239 2238/1/2238 
f 2079/1/2079 2078/1/2078 2240/1/2240 2241/1/2241 
f 2078/1/2078 1993/1/1993 1995/1/1995 
f 2241/1/2241 2242/1/2242 2243/1/2243 2079/1/2079 
f 2238/1/2238 2244/1/2244 2242/1/2242 2241/1/2241 
f 1776/1/1776 1986/1/1986 2242/1/2242 2244/1/2244 
f 1986/1/1986 1982/1/1982 2243/1/2243 2242/1/2242 
f 1766/1/1766 1778/1/1778 2245/1/2245 2067/1/2067 
f 2244/1/2244 2245/1/2245 1778/1/1778 1776/1/1776 
f 2238/1/2238 2237/1/2237 2245/1/2245 2244/1/2244 
f 2068/1/2068 2067/1/2067 2245/1/2245 2237/1/2237 
f 2246/1/2246 2247/1/2247 2248/1/2248 2249/1/2249 
f 2250/1/2250 2248/1/2248 2247/1/2247 2071/1/2071 
f 1926/1/1926 1925/1/1925 2248/1/2248 2250/1/2250 
f 1925/1/1925 1924/1/1924 2249/1/2249 
f 1963/1/1963 1926/1/1926 2250/1/2250 
f 2070/1/2070 2251/1/2251 2250/1/2250 2071/1/2071 
f 2044/1/2044 2043/1/2043 2251/1/2251 2070/1/2070 
f 2043/1/2043 1966/1/1966 1963/1/1963 
f 1956/1/1956 1961/1/1961 2252/1/2252 2253/1/2253 
f 2072/1/2072 2252/1/2252 1961/1/1961 1782/1/1782 
f 2071/1/2071 2247/1/2247 2252/1/2252 2072/1/2072 
f 2247/1/2247 2246/1/2246 2253/1/2253 
f 1956/1/1956 2253/1/2253 2254/1/2254 1954/1/1954 
f 2255/1/2255 2254/1/2254 2253/1/2253 2246/1/2246 
f 2074/1/2074 2256/1/2256 2254/1/2254 2255/1/2255 
f 1954/1/1954 2254/1/2254 2256/1/2256 1957/1/1957 
f 1957/1/1957 2256/1/2256 2257/1/2257 1979/1/1979 
f 2077/1/2077 2257/1/2257 2256/1/2256 2074/1/2074 
f 2257/1/2257 2077/1/2077 2079/1/2079 
f 2243/1/2243 1982/1/1982 1979/1/1979 2257/1/2257 
f 1927/1/1927 2075/1/2075 2258/1/2258 1928/1/1928 
f 2255/1/2255 2258/1/2258 2075/1/2075 2074/1/2074 
f 2246/1/2246 2249/1/2249 2258/1/2258 2255/1/2255 
f 2258/1/2258 2249/1/2249 1924/1/1924 
f 2259/1/2259 1984/1/1984 1983/1/1983 
f 2192/1/2192 2178/1/2178 2260/1/2260 2259/1/2259 
f 2261/1/2261 2262/1/2262 2259/1/2259 2260/1/2260 
f 1984/1/1984 2259/1/2259 2262/1/2262 1959/1/1959 
f 2263/1/2263 1952/1/1952 1959/1/1959 
f 2262/1/2262 2261/1/2261 2264/1/2264 
f 2170/1/2170 2175/1/2175 2263/1/2263 2264/1/2264 
f 1952/1/1952 2263/1/2263 2175/1/2175 1953/1/1953 
f 2261/1/2261 2265/1/2265 2266/1/2266 2264/1/2264 
f 1787/1/1787 2266/1/2266 2265/1/2265 1788/1/1788 
f 1150/1/1150 2171/1/2171 2266/1/2266 1787/1/1787 
f 2171/1/2171 2170/1/2170 2264/1/2264 
f 1788/1/1788 2265/1/2265 2267/1/2267 1793/1/1793 
f 2260/1/2260 2267/1/2267 2265/1/2265 2261/1/2261 
f 2178/1/2178 2181/1/2181 2267/1/2267 2260/1/2260 
f 1793/1/1793 2267/1/2267 2181/1/2181 1389/1/1389 
f 2268/1/2268 1828/1/1828 1827/1/1827 
f 2083/1/2083 2268/1/2268 2269/1/2269 2080/1/2080 
f 2268/1/2268 2083/1/2083 2085/1/2085 
f 1828/1/1828 2268/1/2268 2270/1/2270 1824/1/1824 
f 2124/1/2124 2271/1/2271 2272/1/2272 2138/1/2138 
f 2273/1/2273 2272/1/2272 2271/1/2271 2274/1/2274 
f 1817/1/1817 1816/1/1816 2272/1/2272 2273/1/2273 
f 2138/1/2138 2272/1/2272 1816/1/1816 1815/1/1815 
f 2275/1/2275 2276/1/2276 1807/1/1807 1808/1/1808 
f 2274/1/2274 2271/1/2271 2276/1/2276 2275/1/2275 
f 2127/1/2127 2276/1/2276 2271/1/2271 2124/1/2124 
f 181/1/181 1807/1/1807 2276/1/2276 2127/1/2127 
f 1829/1/1829 2094/1/2094 2277/1/2277 1837/1/1837 
f 2278/1/2278 2277/1/2277 2094/1/2094 2089/1/2089 
f 2085/1/2085 2084/1/2084 2277/1/2277 2278/1/2278 
f 1837/1/1837 2277/1/2277 2084/1/2084 1799/1/1799 
f 1824/1/1824 2270/1/2270 2279/1/2279 1822/1/1822 
f 2278/1/2278 2279/1/2279 2270/1/2270 2085/1/2085 
f 2089/1/2089 2086/1/2086 2279/1/2279 2278/1/2278 
f 1822/1/1822 2279/1/2279 2086/1/2086 172/1/172 
f 1097/1/1097 2113/1/2113 2280/1/2280 1937/1/1937 
f 2281/1/2281 2280/1/2280 2113/1/2113 2038/1/2038 
f 2119/1/2119 2116/1/2116 2280/1/2280 2281/1/2281 
f 1937/1/1937 2280/1/2280 2116/1/2116 1936/1/1936 
f 2038/1/2038 2037/1/2037 2282/1/2282 2281/1/2281 
f 1851/1/1851 2282/1/2282 2037/1/2037 1846/1/1846 
f 1729/1/1729 2123/1/2123 2282/1/2282 1851/1/1851 
f 2281/1/2281 2282/1/2282 2123/1/2123 2119/1/2119 
f 2057/1/2057 2283/1/2283 2284/1/2284 2160/1/2160 
f 2148/1/2148 2284/1/2284 2283/1/2283 2145/1/2145 
f 1942/1/1942 1939/1/1939 2284/1/2284 2148/1/2148 
f 2160/1/2160 2284/1/2284 1939/1/1939 1106/1/1106 
f 2145/1/2145 2283/1/2283 2285/1/2285 2153/1/2153 
f 2060/1/2060 2285/1/2285 2283/1/2283 2057/1/2057 
f 1840/1/1840 1838/1/1838 2285/1/2285 2060/1/2060 
f 1838/1/1838 1754/1/1754 2153/1/2153 
f 2045/1/2045 2286/1/2286 2287/1/2287 2143/1/2143 
f 2157/1/2157 2287/1/2287 2286/1/2286 2154/1/2154 
f 285/1/285 1896/1/1896 2287/1/2287 2157/1/2157 
f 2143/1/2143 2287/1/2287 1896/1/1896 1895/1/1895 
f 2288/1/2288 2048/1/2048 1741/1/1741 
f 2162/1/2162 2288/1/2288 1859/1/1859 1858/1/1858 
f 2154/1/2154 2286/1/2286 2288/1/2288 2162/1/2162 
f 2048/1/2048 2288/1/2288 2286/1/2286 2045/1/2045 
f 2289/1/2289 356/1/356 349/1/349 
f 2290/1/2290 2289/1/2289 2104/1/2104 2103/1/2103 
f 2289/1/2289 2290/1/2290 2110/1/2110 
f 2107/1/2107 259/1/259 356/1/356 
f 1863/1/1863 2115/1/2115 2291/1/2291 1888/1/1888 
f 2290/1/2290 2291/1/2291 2115/1/2115 2110/1/2110 
f 2103/1/2103 2106/1/2106 2291/1/2291 2290/1/2290 
f 2106/1/2106 1885/1/1885 1888/1/1888 
f 2177/1/2177 2292/1/2292 1266/1/1266 1265/1/1265 
f 2292/1/2292 2177/1/2177 2163/1/2163 
f 2054/1/2054 2292/1/2292 2293/1/2293 2051/1/2051 
f 1268/1/1268 1266/1/1266 2292/1/2292 2054/1/2054 
f 2166/1/2166 2294/1/2294 2293/1/2293 2163/1/2163 
f 2166/1/2166 1872/1/1872 1974/1/1974 2294/1/2294 
f 1975/1/1975 2151/1/2151 2294/1/2294 1974/1/1974 
f 2293/1/2293 2294/1/2294 2151/1/2151 2051/1/2051 
f 1641/1/1641 2295/1/2295 2296/1/2296 1642/1/1642 
f 2295/1/2295 2297/1/2297 2298/1/2298 
f 2296/1/2296 2298/1/2298 874/1/874 
f 1642/1/1642 2296/1/2296 873/1/873 872/1/872 
f 1042/1/1042 2299/1/2299 2300/1/2300 1043/1/1043 
f 2301/1/2301 2300/1/2300 2299/1/2299 2302/1/2302 
f 854/1/854 1030/1/1030 2300/1/2300 2301/1/2301 
f 1031/1/1031 1043/1/1043 2300/1/2300 1030/1/1030 
f 2303/1/2303 2304/1/2304 2305/1/2305 2306/1/2306 
f 2299/1/2299 2305/1/2305 2304/1/2304 2302/1/2302 
f 1042/1/1042 1063/1/1063 2305/1/2305 2299/1/2299 
f 2306/1/2306 2305/1/2305 1063/1/1063 1065/1/1065 
f 2302/1/2302 2307/1/2307 2308/1/2308 2301/1/2301 
f 2309/1/2309 2310/1/2310 2308/1/2308 2307/1/2307 
f 856/1/856 855/1/855 2308/1/2308 2310/1/2310 
f 2301/1/2301 2308/1/2308 855/1/855 854/1/854 
f 2302/1/2302 2304/1/2304 2311/1/2311 2307/1/2307 
f 2312/1/2312 2311/1/2311 2304/1/2304 2303/1/2303 
f 2313/1/2313 2314/1/2314 2311/1/2311 2312/1/2312 
f 2307/1/2307 2311/1/2311 2314/1/2314 2309/1/2309 
f 2314/1/2314 2313/1/2313 2315/1/2315 
f 2315/1/2315 862/1/862 860/1/860 
f 2310/1/2310 2316/1/2316 860/1/860 856/1/856 
f 2316/1/2316 2310/1/2310 2309/1/2309 
f 1648/1/1648 862/1/862 2315/1/2315 
f 2313/1/2313 2317/1/2317 2318/1/2318 2315/1/2315 
f 2297/1/2297 2295/1/2295 2318/1/2318 2317/1/2317 
f 2295/1/2295 1641/1/1641 1648/1/1648 
f 2317/1/2317 2319/1/2319 2298/1/2298 2297/1/2297 
f 2312/1/2312 2319/1/2319 2317/1/2317 2313/1/2313 
f 2303/1/2303 2320/1/2320 2319/1/2319 2312/1/2312 
f 2298/1/2298 2319/1/2319 2320/1/2320 874/1/874 
f 874/1/874 2320/1/2320 2321/1/2321 869/1/869 
f 2306/1/2306 2321/1/2321 2320/1/2320 2303/1/2303 
f 1065/1/1065 1074/1/1074 2321/1/2321 2306/1/2306 
f 869/1/869 2321/1/2321 1074/1/1074 866/1/866 
f 1525/1/1525 1529/1/1529 2322/1/2322 1524/1/1524 
f 2323/1/2323 2322/1/2322 1529/1/1529 1528/1/1528 
f 2323/1/2323 2324/1/2324 2325/1/2325 2322/1/2322 
f 1524/1/1524 2322/1/2322 2325/1/2325 1526/1/1526 
f 2326/1/2326 2327/1/2327 1594/1/1594 1583/1/1583 
f 2323/1/2323 2327/1/2327 2326/1/2326 2324/1/2324 
f 2327/1/2327 2323/1/2323 1528/1/1528 
f 1604/1/1604 1595/1/1595 1594/1/1594 
f 1582/1/1582 1581/1/1581 2328/1/2328 
f 2328/1/2328 2329/1/2329 2330/1/2330 
f 2324/1/2324 2326/1/2326 2331/1/2331 2330/1/2330 
f 1583/1/1583 1582/1/1582 2331/1/2331 2326/1/2326 
f 1526/1/1526 2332/1/2332 2333/1/2333 1527/1/1527 
f 2334/1/2334 2333/1/2333 2332/1/2332 2335/1/2335 
f 1470/1/1470 1466/1/1466 2333/1/2333 2334/1/2334 
f 1465/1/1465 1527/1/1527 2333/1/2333 1466/1/1466 
f 1526/1/1526 2325/1/2325 2336/1/2336 2332/1/2332 
f 2324/1/2324 2337/1/2337 2336/1/2336 2325/1/2325 
f 2338/1/2338 2339/1/2339 2336/1/2336 2337/1/2337 
f 2332/1/2332 2336/1/2336 2339/1/2339 2335/1/2335 
f 2338/1/2338 2337/1/2337 2340/1/2340 2341/1/2341 
f 2330/1/2330 2340/1/2340 2337/1/2337 2324/1/2324 
f 2329/1/2329 2341/1/2341 2340/1/2340 2330/1/2330 
f 2342/1/2342 2343/1/2343 2344/1/2344 2345/1/2345 
f 1483/1/1483 2344/1/2344 2343/1/2343 1485/1/1485 
f 1484/1/1484 2346/1/2346 2344/1/2344 1483/1/1483 
f 2345/1/2345 2344/1/2344 2346/1/2346 2347/1/2347 
f 2348/1/2348 2349/1/2349 2350/1/2350 2351/1/2351 
f 2352/1/2352 2350/1/2350 2349/1/2349 2353/1/2353 
f 2017/1/2017 2016/1/2016 2350/1/2350 2352/1/2352 
f 2351/1/2351 2350/1/2350 2016/1/2016 2015/1/2015 
f 2347/1/2347 2354/1/2354 2355/1/2355 2345/1/2345 
f 2356/1/2356 2355/1/2355 2354/1/2354 2357/1/2357 
f 2358/1/2358 2359/1/2359 2355/1/2355 2356/1/2356 
f 2345/1/2345 2355/1/2355 2359/1/2359 2342/1/2342 
f 2360/1/2360 2361/1/2361 2349/1/2349 2348/1/2348 
f 2358/1/2358 2356/1/2356 2361/1/2361 2360/1/2360 
f 2357/1/2357 2362/1/2362 2361/1/2361 2356/1/2356 
f 2362/1/2362 2353/1/2353 2349/1/2349 2361/1/2361 
f 1485/1/1485 2343/1/2343 2363/1/2363 2230/1/2230 
f 2364/1/2364 2363/1/2363 2343/1/2343 2342/1/2342 
f 2365/1/2365 2366/1/2366 2363/1/2363 2364/1/2364 
f 2230/1/2230 2363/1/2363 2366/1/2366 2227/1/2227 
f 2367/1/2367 2368/1/2368 2369/1/2369 2370/1/2370 
f 2351/1/2351 2369/1/2369 2368/1/2368 2348/1/2348 
f 2015/1/2015 2226/1/2226 2369/1/2369 2351/1/2351 
f 2370/1/2370 2369/1/2369 2226/1/2226 2225/1/2225 
f 2371/1/2371 2372/1/2372 2373/1/2373 2374/1/2374 
f 2360/1/2360 2373/1/2373 2372/1/2372 2358/1/2358 
f 2348/1/2348 2368/1/2368 2373/1/2373 2360/1/2360 
f 2374/1/2374 2373/1/2373 2368/1/2368 2367/1/2367 
f 2358/1/2358 2372/1/2372 2375/1/2375 2359/1/2359 
f 2376/1/2376 2375/1/2375 2372/1/2372 2371/1/2371 
f 2364/1/2364 2375/1/2375 2376/1/2376 2365/1/2365 
f 2342/1/2342 2359/1/2359 2375/1/2375 2364/1/2364 
f 2377/1/2377 2378/1/2378 2379/1/2379 2380/1/2380 
f 2235/1/2235 2378/1/2378 2377/1/2377 1999/1/1999 
f 2227/1/2227 2366/1/2366 2378/1/2378 2235/1/2235 
f 2379/1/2379 2378/1/2378 2366/1/2366 2365/1/2365 
f 2371/1/2371 2381/1/2381 2382/1/2382 2376/1/2376 
f 2383/1/2383 2382/1/2382 2381/1/2381 2384/1/2384 
f 2380/1/2380 2379/1/2379 2382/1/2382 2383/1/2383 
f 2376/1/2376 2382/1/2382 2379/1/2379 2365/1/2365 
f 2380/1/2380 2385/1/2385 2386/1/2386 2377/1/2377 
f 2387/1/2387 2386/1/2386 2385/1/2385 2388/1/2388 
f 2001/1/2001 2000/1/2000 2386/1/2386 2387/1/2387 
f 2377/1/2377 2386/1/2386 2000/1/2000 1999/1/1999 
f 2384/1/2384 2389/1/2389 2390/1/2390 2383/1/2383 
f 2391/1/2391 2390/1/2390 2389/1/2389 2392/1/2392 
f 2388/1/2388 2385/1/2385 2390/1/2390 2391/1/2391 
f 2385/1/2385 2380/1/2380 2383/1/2383 
f 2393/1/2393 2387/1/2387 2388/1/2388 
f 2394/1/2394 2393/1/2393 2395/1/2395 2396/1/2396 
f 2199/1/2199 2203/1/2203 2393/1/2393 2394/1/2394 
f 2387/1/2387 2393/1/2393 2203/1/2203 2001/1/2001 
f 2397/1/2397 2398/1/2398 2399/1/2399 2400/1/2400 
f 2396/1/2396 2395/1/2395 2399/1/2399 2398/1/2398 
f 2391/1/2391 2399/1/2399 2395/1/2395 2388/1/2388 
f 2391/1/2391 2392/1/2392 2400/1/2400 
f 2401/1/2401 2402/1/2402 2403/1/2403 2404/1/2404 
f 2405/1/2405 2406/1/2406 2402/1/2402 2401/1/2401 
f 2208/1/2208 2205/1/2205 2402/1/2402 2406/1/2406 
f 2403/1/2403 2402/1/2402 2205/1/2205 1705/1/1705 
f 2396/1/2396 2407/1/2407 2408/1/2408 2394/1/2394 
f 2409/1/2409 2408/1/2408 2407/1/2407 2410/1/2410 
f 2003/1/2003 2200/1/2200 2408/1/2408 2409/1/2409 
f 2394/1/2394 2408/1/2408 2200/1/2200 2199/1/2199 
f 2398/1/2398 2411/1/2411 2407/1/2407 2396/1/2396 
f 2412/1/2412 2411/1/2411 2398/1/2398 2397/1/2397 
f 2413/1/2413 2414/1/2414 2411/1/2411 2412/1/2412 
f 2410/1/2410 2407/1/2407 2411/1/2411 2414/1/2414 
f 2404/1/2404 2415/1/2415 2416/1/2416 2401/1/2401 
f 2412/1/2412 2416/1/2416 2415/1/2415 2413/1/2413 
f 2397/1/2397 2417/1/2417 2416/1/2416 2412/1/2412 
f 2401/1/2401 2416/1/2416 2417/1/2417 2405/1/2405 
f 1710/1/1710 2418/1/2418 2419/1/2419 1708/1/1708 
f 2420/1/2420 2419/1/2419 2418/1/2418 2421/1/2421 
f 2404/1/2404 2403/1/2403 2419/1/2419 2420/1/2420 
f 1708/1/1708 2419/1/2419 2403/1/2403 1705/1/1705 
f 2410/1/2410 2422/1/2422 2423/1/2423 2409/1/2409 
f 2424/1/2424 2423/1/2423 2422/1/2422 2425/1/2425 
f 2008/1/2008 2004/1/2004 2423/1/2423 2424/1/2424 
f 2409/1/2409 2423/1/2423 2004/1/2004 2003/1/2003 
f 2414/1/2414 2426/1/2426 2422/1/2422 2410/1/2410 
f 2427/1/2427 2426/1/2426 2414/1/2414 2413/1/2413 
f 2428/1/2428 2429/1/2429 2426/1/2426 2427/1/2427 
f 2425/1/2425 2422/1/2422 2426/1/2426 2429/1/2429 
f 2421/1/2421 2430/1/2430 2431/1/2431 2420/1/2420 
f 2427/1/2427 2431/1/2431 2430/1/2430 2428/1/2428 
f 2413/1/2413 2415/1/2415 2431/1/2431 2427/1/2427 
f 2420/1/2420 2431/1/2431 2415/1/2415 2404/1/2404 
f 2432/1/2432 2433/1/2433 2434/1/2434 2435/1/2435 
f 2436/1/2436 2437/1/2437 2434/1/2434 2433/1/2433 
f 2424/1/2424 2434/1/2434 2437/1/2437 2008/1/2008 
f 2424/1/2424 2425/1/2425 2435/1/2435 2434/1/2434 
f 2425/1/2425 2429/1/2429 2438/1/2438 2435/1/2435 
f 2439/1/2439 2438/1/2438 2429/1/2429 2428/1/2428 
f 2440/1/2440 2441/1/2441 2438/1/2438 2439/1/2439 
f 2435/1/2435 2438/1/2438 2441/1/2441 2432/1/2432 
f 1668/1/1668 2442/1/2442 2443/1/2443 1685/1/1685 
f 2442/1/2442 2444/1/2444 2445/1/2445 2443/1/2443 
f 2446/1/2446 2447/1/2447 2443/1/2443 2445/1/2445 
f 1685/1/1685 2443/1/2443 2447/1/2447 1682/1/1682 
f 2444/1/2444 2448/1/2448 2449/1/2449 2450/1/2450 
f 2451/1/2451 2449/1/2449 2448/1/2448 1521/1/1521 
f 2452/1/2452 2453/1/2453 2449/1/2449 2451/1/2451 
f 2450/1/2450 2449/1/2449 2453/1/2453 2454/1/2454 
f 1508/1/1508 1515/1/1515 2455/1/2455 
f 1515/1/1515 1517/1/1517 2456/1/2456 2455/1/2455 
f 2451/1/2451 2455/1/2455 2456/1/2456 2452/1/2452 
f 1521/1/1521 1520/1/1520 2455/1/2455 2451/1/2451 
f 2442/1/2442 2457/1/2457 2448/1/2448 2444/1/2444 
f 1671/1/1671 2457/1/2457 2442/1/2442 1668/1/1668 
f 2457/1/2457 1671/1/1671 1650/1/1650 
f 2457/1/2457 1653/1/1653 1521/1/1521 
f 2458/1/2458 2459/1/2459 2460/1/2460 
f 2461/1/2461 2458/1/2458 2462/1/2462 2463/1/2463 
f 61/1/61 57/1/57 2458/1/2458 2461/1/2461 
f 57/1/57 56/1/56 2459/1/2459 
f 2464/1/2464 2465/1/2465 2466/1/2466 
f 2467/1/2467 2468/1/2468 2469/1/2469 
f 2463/1/2463 2462/1/2462 2464/1/2464 2469/1/2469 
f 2462/1/2462 2460/1/2460 2465/1/2465 
f 2470/1/2470 2468/1/2468 2467/1/2467 
f 2471/1/2471 2468/1/2468 2470/1/2470 
f 2472/1/2472 2473/1/2473 2474/1/2474 
f 2475/1/2475 2474/1/2474 2476/1/2476 
f 2475/1/2475 2477/1/2477 2478/1/2478 
f 2472/1/2472 2475/1/2475 2479/1/2479 2480/1/2480 
f 2473/1/2473 2481/1/2481 2482/1/2482 2474/1/2474 
f 2482/1/2482 2481/1/2481 2483/1/2483 
f 2484/1/2484 2485/1/2485 2482/1/2482 2486/1/2486 
f 2474/1/2474 2482/1/2482 2485/1/2485 2476/1/2476 
f 2484/1/2484 2486/1/2486 2487/1/2487 2488/1/2488 
f 2489/1/2489 2487/1/2487 2486/1/2486 2483/1/2483 
f 2490/1/2490 2491/1/2491 2487/1/2487 2489/1/2489 
f 2488/1/2488 2487/1/2487 2491/1/2491 2492/1/2492 
f 724/1/724 723/1/723 2493/1/2493 742/1/742 
f 2494/1/2494 2493/1/2493 723/1/723 726/1/726 
f 2493/1/2493 2494/1/2494 2495/1/2495 
f 742/1/742 2493/1/2493 2496/1/2496 739/1/739 
f 739/1/739 2496/1/2496 2497/1/2497 747/1/747 
f 2498/1/2498 2497/1/2497 2496/1/2496 2495/1/2495 
f 9/1/9 8/1/8 2497/1/2497 2498/1/2498 
f 747/1/747 2497/1/2497 8/1/8 7/1/7 
f 2499/1/2499 2500/1/2500 2501/1/2501 2502/1/2502 
f 2503/1/2503 2501/1/2501 2500/1/2500 2504/1/2504 
f 2505/1/2505 2501/1/2501 2503/1/2503 2506/1/2506 
f 2507/1/2507 2502/1/2502 2501/1/2501 2505/1/2505 
f 2508/1/2508 2509/1/2509 2510/1/2510 
f 2510/1/2510 2504/1/2504 2500/1/2500 
f 2500/1/2500 2499/1/2499 2511/1/2511 
f 2512/1/2512 2508/1/2508 2513/1/2513 2511/1/2511 
f 2514/1/2514 2515/1/2515 2516/1/2516 
f 2517/1/2517 2514/1/2514 2518/1/2518 2519/1/2519 
f 188/1/188 195/1/195 2514/1/2514 2517/1/2517 
f 2515/1/2515 2514/1/2514 195/1/195 194/1/194 
f 194/1/194 306/1/306 2520/1/2520 2515/1/2515 
f 2521/1/2521 2520/1/2520 306/1/306 307/1/307 
f 2522/1/2522 2523/1/2523 2520/1/2520 2521/1/2521 
f 2515/1/2515 2520/1/2520 2523/1/2523 2516/1/2516 
f 2524/1/2524 2525/1/2525 2526/1/2526 2527/1/2527 
f 92/1/92 2526/1/2526 2525/1/2525 89/1/89 
f 96/1/96 180/1/180 2526/1/2526 92/1/92 
f 180/1/180 179/1/179 2527/1/2527 
f 2528/1/2528 2529/1/2529 2530/1/2530 2531/1/2531 
f 2532/1/2532 2529/1/2529 2528/1/2528 2533/1/2533 
f 1945/1/1945 1978/1/1978 2529/1/2529 2532/1/2532 
f 1970/1/1970 2530/1/2530 2529/1/2529 1978/1/1978 
f 2534/1/2534 2532/1/2532 2533/1/2533 
f 2535/1/2535 2534/1/2534 2536/1/2536 2537/1/2537 
f 1943/1/1943 1946/1/1946 2534/1/2534 2535/1/2535 
f 2532/1/2532 2534/1/2534 1946/1/1946 1945/1/1945 
f 2538/1/2538 2539/1/2539 2540/1/2540 2541/1/2541 
f 2542/1/2542 2541/1/2541 2540/1/2540 2543/1/2543 
f 1087/1/1087 1169/1/1169 2541/1/2541 2542/1/2542 
f 2538/1/2538 2541/1/2541 1169/1/1169 1168/1/1168 
f 313/1/313 2544/1/2544 2545/1/2545 312/1/312 
f 2546/1/2546 2545/1/2545 2544/1/2544 2547/1/2547 
f 2548/1/2548 2549/1/2549 2545/1/2545 2546/1/2546 
f 312/1/312 2545/1/2545 2549/1/2549 223/1/223 
f 2550/1/2550 2551/1/2551 2552/1/2552 2553/1/2553 
f 2007/1/2007 2552/1/2552 2551/1/2551 1493/1/1493 
f 2008/1/2008 2437/1/2437 2552/1/2552 2007/1/2007 
f 2553/1/2553 2552/1/2552 2437/1/2437 2436/1/2436 
f 1698/1/1698 1697/1/1697 2554/1/2554 2555/1/2555 
f 2556/1/2556 2554/1/2554 1697/1/1697 1696/1/1696 
f 2557/1/2557 2558/1/2558 2554/1/2554 2556/1/2556 
f 2555/1/2555 2554/1/2554 2558/1/2558 2559/1/2559 
f 2557/1/2557 2556/1/2556 2560/1/2560 2561/1/2561 
f 2020/1/2020 2560/1/2560 2556/1/2556 1696/1/1696 
f 2009/1/2009 2562/1/2562 2560/1/2560 2020/1/2020 
f 2561/1/2561 2560/1/2560 2562/1/2562 2563/1/2563 
f 2017/1/2017 2564/1/2564 2565/1/2565 2012/1/2012 
f 2566/1/2566 2565/1/2565 2564/1/2564 2567/1/2567 
f 2563/1/2563 2562/1/2562 2565/1/2565 2566/1/2566 
f 2012/1/2012 2565/1/2565 2562/1/2562 2009/1/2009 
f 2567/1/2567 2564/1/2564 2568/1/2568 2569/1/2569 
f 2352/1/2352 2568/1/2568 2564/1/2564 2017/1/2017 
f 2353/1/2353 2570/1/2570 2568/1/2568 2352/1/2352 
f 2569/1/2569 2568/1/2568 2570/1/2570 2571/1/2571 
f 2572/1/2572 2573/1/2573 2574/1/2574 2575/1/2575 
f 1996/1/1996 2574/1/2574 2573/1/2573 1914/1/1914 
f 1990/1/1990 2576/1/2576 2574/1/2574 1996/1/1996 
f 2575/1/2575 2574/1/2574 2576/1/2576 2577/1/2577 
f 2578/1/2578 2579/1/2579 2580/1/2580 2581/1/2581 
f 2582/1/2582 2580/1/2580 2579/1/2579 2583/1/2583 
f 1923/1/1923 1919/1/1919 2580/1/2580 2582/1/2582 
f 2581/1/2581 2580/1/2580 1919/1/1919 1918/1/1918 
f 1161/1/1161 2584/1/2584 2585/1/2585 1162/1/1162 
f 2581/1/2581 2585/1/2585 2584/1/2584 2578/1/2578 
f 1918/1/1918 1967/1/1967 2585/1/2585 2581/1/2581 
f 1162/1/1162 2585/1/2585 1967/1/1967 1163/1/1163 
f 2586/1/2586 2587/1/2587 2588/1/2588 2589/1/2589 
f 2590/1/2590 2588/1/2588 2587/1/2587 2591/1/2591 
f 2335/1/2335 2339/1/2339 2588/1/2588 2590/1/2590 
f 2589/1/2589 2588/1/2588 2339/1/2339 2338/1/2338 
f 2591/1/2591 2592/1/2592 2593/1/2593 2590/1/2590 
f 1476/1/1476 2593/1/2593 2592/1/2592 1477/1/1477 
f 1470/1/1470 2334/1/2334 2593/1/2593 1476/1/1476 
f 2590/1/2590 2593/1/2593 2334/1/2334 2335/1/2335 
f 2594/1/2594 2595/1/2595 2596/1/2596 2597/1/2597 
f 2577/1/2577 2576/1/2576 2596/1/2596 2595/1/2595 
f 1988/1/1988 2596/1/2596 2576/1/2576 1990/1/1990 
f 2597/1/2597 2596/1/2596 1988/1/1988 1932/1/1932 
f 2583/1/2583 2598/1/2598 2599/1/2599 2582/1/2582 
f 2597/1/2597 2599/1/2599 2598/1/2598 2594/1/2594 
f 1932/1/1932 1931/1/1931 2599/1/2599 2597/1/2597 
f 2582/1/2582 2599/1/2599 1931/1/1931 1923/1/1923 
f 94/1/94 2600/1/2600 2601/1/2601 93/1/93 
f 2602/1/2602 2601/1/2601 2600/1/2600 2603/1/2603 
f 80/1/80 83/1/83 2601/1/2601 2602/1/2602 
f 93/1/93 2601/1/2601 83/1/83 88/1/88 
f 2519/1/2519 2604/1/2604 2605/1/2605 2517/1/2517 
f 2606/1/2606 2605/1/2605 2604/1/2604 2607/1/2607 
f 187/1/187 2605/1/2605 2606/1/2606 189/1/189 
f 187/1/187 188/1/188 2517/1/2517 2605/1/2605 
f 2608/1/2608 2609/1/2609 2610/1/2610 2611/1/2611 
f 2608/1/2608 2612/1/2612 2613/1/2613 2609/1/2609 
f 2614/1/2614 2609/1/2609 2613/1/2613 2607/1/2607 
f 2615/1/2615 2610/1/2610 2609/1/2609 2614/1/2614 
f 2616/1/2616 2617/1/2617 2618/1/2618 2619/1/2619 
f 2614/1/2614 2618/1/2618 2617/1/2617 2615/1/2615 
f 2607/1/2607 2604/1/2604 2618/1/2618 2614/1/2614 
f 2619/1/2619 2618/1/2618 2604/1/2604 2519/1/2519 
f 2615/1/2615 2617/1/2617 2620/1/2620 2621/1/2621 
f 2622/1/2622 2620/1/2620 2617/1/2617 2616/1/2616 
f 150/1/150 149/1/149 2620/1/2620 2622/1/2622 
f 2621/1/2621 2620/1/2620 149/1/149 26/1/26 
f 2612/1/2612 2623/1/2623 2624/1/2624 2613/1/2613 
f 2623/1/2623 1804/1/1804 1803/1/1803 2624/1/2624 
f 189/1/189 2606/1/2606 2624/1/2624 1803/1/1803 
f 2606/1/2606 2607/1/2607 2613/1/2613 2624/1/2624 
f 34/1/34 2625/1/2625 2626/1/2626 29/1/29 
f 2611/1/2611 2610/1/2610 2626/1/2626 2625/1/2625 
f 2621/1/2621 2626/1/2626 2610/1/2610 2615/1/2615 
f 29/1/29 2626/1/2626 2621/1/2621 26/1/26 
f 2627/1/2627 2628/1/2628 2629/1/2629 2630/1/2630 
f 2631/1/2631 2628/1/2628 2627/1/2627 2632/1/2632 
f 70/1/70 66/1/66 2628/1/2628 2631/1/2631 
f 66/1/66 65/1/65 2629/1/2629 
f 2633/1/2633 2634/1/2634 2635/1/2635 2636/1/2636 
f 2637/1/2637 2635/1/2635 2634/1/2634 2638/1/2638 
f 2637/1/2637 1794/1/1794 1797/1/1797 2635/1/2635 
f 2636/1/2636 2635/1/2635 1797/1/1797 1802/1/1802 
f 2639/1/2639 2640/1/2640 2641/1/2641 2642/1/2642 
f 2643/1/2643 2641/1/2641 2640/1/2640 2644/1/2644 
f 2638/1/2638 2634/1/2634 2641/1/2641 2643/1/2643 
f 2642/1/2642 2641/1/2641 2634/1/2634 2633/1/2633 
f 2644/1/2644 2640/1/2640 2645/1/2645 2646/1/2646 
f 2647/1/2647 2645/1/2645 2640/1/2640 2639/1/2639 
f 2603/1/2603 2600/1/2600 2645/1/2645 2647/1/2647 
f 2646/1/2646 2645/1/2645 2600/1/2600 94/1/94 
f 2644/1/2644 2648/1/2648 2649/1/2649 2643/1/2643 
f 2650/1/2650 2649/1/2649 2648/1/2648 2651/1/2651 
f 2652/1/2652 2653/1/2653 2649/1/2649 2650/1/2650 
f 2643/1/2643 2649/1/2649 2653/1/2653 2638/1/2638 
f 2651/1/2651 2648/1/2648 2654/1/2654 2655/1/2655 
f 2646/1/2646 2654/1/2654 2648/1/2648 2644/1/2644 
f 94/1/94 90/1/90 2654/1/2654 2646/1/2646 
f 2655/1/2655 2654/1/2654 90/1/90 89/1/89 
f 1833/1/1833 2656/1/2656 200/1/200 201/1/201 
f 1834/1/1834 2657/1/2657 2656/1/2656 1833/1/1833 
f 2652/1/2652 2658/1/2658 2656/1/2656 2657/1/2657 
f 2658/1/2658 202/1/202 200/1/200 
f 2652/1/2652 2650/1/2650 2659/1/2659 2658/1/2658 
f 2660/1/2660 2659/1/2659 2650/1/2650 2651/1/2651 
f 2659/1/2659 2660/1/2660 2661/1/2661 
f 2658/1/2658 2659/1/2659 2662/1/2662 202/1/202 
f 2638/1/2638 2653/1/2653 2663/1/2663 2637/1/2637 
f 2657/1/2657 2663/1/2663 2653/1/2653 2652/1/2652 
f 1836/1/1836 2663/1/2663 2657/1/2657 1834/1/1834 
f 1794/1/1794 2637/1/2637 2663/1/2663 1836/1/1836 
f 2537/1/2537 2664/1/2664 2665/1/2665 2535/1/2535 
f 2666/1/2666 2665/1/2665 2664/1/2664 2667/1/2667 
f 1101/1/1101 1944/1/1944 2665/1/2665 2666/1/2666 
f 2535/1/2535 2665/1/2665 1944/1/1944 1943/1/1943 
f 2668/1/2668 2669/1/2669 2525/1/2525 2524/1/2524 
f 2668/1/2668 2661/1/2661 2660/1/2660 
f 2660/1/2660 2651/1/2651 2655/1/2655 2669/1/2669 
f 89/1/89 2525/1/2525 2669/1/2669 2655/1/2655 
f 2666/1/2666 2670/1/2670 1102/1/1102 1101/1/1101 
f 2671/1/2671 2670/1/2670 2666/1/2666 2667/1/2667 
f 2672/1/2672 2673/1/2673 2670/1/2670 2671/1/2671 
f 279/1/279 1102/1/1102 2670/1/2670 2673/1/2673 
f 2667/1/2667 2674/1/2674 2675/1/2675 2671/1/2671 
f 2676/1/2676 2675/1/2675 2674/1/2674 2677/1/2677 
f 2678/1/2678 2679/1/2679 2675/1/2675 2676/1/2676 
f 2671/1/2671 2675/1/2675 2679/1/2679 2672/1/2672 
f 2680/1/2680 2681/1/2681 2542/1/2542 2543/1/2543 
f 2680/1/2680 2682/1/2682 2683/1/2683 2681/1/2681 
f 1081/1/1081 1088/1/1088 2681/1/2681 2683/1/2683 
f 2542/1/2542 2681/1/2681 1088/1/1088 1087/1/1087 
f 251/1/251 2684/1/2684 2685/1/2685 1110/1/1110 
f 2676/1/2676 2685/1/2685 2684/1/2684 2678/1/2678 
f 2677/1/2677 2686/1/2686 2685/1/2685 2676/1/2676 
f 1110/1/1110 2685/1/2685 2686/1/2686 1107/1/1107 
f 2682/1/2682 2687/1/2687 2688/1/2688 2683/1/2683 
f 2689/1/2689 2688/1/2688 2687/1/2687 2690/1/2690 
f 276/1/276 1082/1/1082 2688/1/2688 2689/1/2689 
f 2683/1/2683 2688/1/2688 1082/1/1082 1081/1/1081 
f 2682/1/2682 2691/1/2691 2692/1/2692 2687/1/2687 
f 2693/1/2693 2692/1/2692 2691/1/2691 2694/1/2694 
f 2695/1/2695 2696/1/2696 2692/1/2692 2693/1/2693 
f 2687/1/2687 2692/1/2692 2696/1/2696 2690/1/2690 
f 267/1/267 2697/1/2697 2698/1/2698 1089/1/1089 
f 2693/1/2693 2698/1/2698 2697/1/2697 2695/1/2695 
f 2694/1/2694 2699/1/2699 2698/1/2698 2693/1/2693 
f 1089/1/1089 2698/1/2698 2699/1/2699 1091/1/1091 
f 2672/1/2672 2700/1/2700 2701/1/2701 2673/1/2673 
f 2700/1/2700 2702/1/2702 2703/1/2703 2701/1/2701 
f 284/1/284 280/1/280 2701/1/2701 2703/1/2703 
f 2673/1/2673 2701/1/2701 280/1/280 279/1/279 
f 2679/1/2679 2678/1/2678 2704/1/2704 2705/1/2705 
f 2706/1/2706 2707/1/2707 2705/1/2705 2704/1/2704 
f 2700/1/2700 2705/1/2705 2707/1/2707 2702/1/2702 
f 2700/1/2700 2672/1/2672 2679/1/2679 2705/1/2705 
f 2704/1/2704 2708/1/2708 2709/1/2709 2706/1/2706 
f 2678/1/2678 2684/1/2684 2708/1/2708 2704/1/2704 
f 249/1/249 2708/1/2708 2684/1/2684 251/1/251 
f 249/1/249 250/1/250 2709/1/2709 2708/1/2708 
f 2689/1/2689 2710/1/2710 277/1/277 276/1/276 
f 2711/1/2711 2710/1/2710 2689/1/2689 2690/1/2690 
f 2712/1/2712 2713/1/2713 2710/1/2710 2711/1/2711 
f 277/1/277 2710/1/2710 2713/1/2713 278/1/278 
f 2714/1/2714 2715/1/2715 2716/1/2716 2717/1/2717 
f 2711/1/2711 2716/1/2716 2715/1/2715 2712/1/2712 
f 2690/1/2690 2696/1/2696 2716/1/2716 2711/1/2711 
f 2717/1/2717 2716/1/2716 2696/1/2696 2695/1/2695 
f 1867/1/1867 2718/1/2718 2719/1/2719 1973/1/1973 
f 2720/1/2720 2719/1/2719 2718/1/2718 2721/1/2721 
f 2531/1/2531 2530/1/2530 2719/1/2719 2720/1/2720 
f 1973/1/1973 2719/1/2719 2530/1/2530 1970/1/1970 
f 266/1/266 2722/1/2722 2723/1/2723 265/1/265 
f 2717/1/2717 2723/1/2723 2722/1/2722 2714/1/2714 
f 2695/1/2695 2697/1/2697 2723/1/2723 2717/1/2717 
f 265/1/265 2723/1/2723 2697/1/2697 267/1/267 
f 1154/1/1154 2724/1/2724 2725/1/2725 1870/1/1870 
f 2724/1/2724 2726/1/2726 2727/1/2727 
f 2721/1/2721 2718/1/2718 2725/1/2725 2727/1/2727 
f 1870/1/1870 2725/1/2725 2718/1/2718 1867/1/1867 
f 2728/1/2728 2729/1/2729 2730/1/2730 2731/1/2731 
f 2727/1/2727 2730/1/2730 2729/1/2729 2721/1/2721 
f 2730/1/2730 2727/1/2727 2726/1/2726 
f 2731/1/2731 2730/1/2730 2732/1/2732 2733/1/2733 
f 223/1/223 2549/1/2549 2734/1/2734 224/1/224 
f 2735/1/2735 2734/1/2734 2549/1/2549 2548/1/2548 
f 2736/1/2736 2737/1/2737 2734/1/2734 2735/1/2735 
f 221/1/221 224/1/224 2734/1/2734 2737/1/2737 
f 2731/1/2731 2738/1/2738 2739/1/2739 2728/1/2728 
f 2738/1/2738 2731/1/2731 2733/1/2733 
f 1145/1/1145 1274/1/1274 2738/1/2738 2740/1/2740 
f 2739/1/2739 2738/1/2738 1274/1/1274 1273/1/1273 
f 2616/1/2616 2741/1/2741 2742/1/2742 2622/1/2622 
f 2743/1/2743 2742/1/2742 2741/1/2741 2744/1/2744 
f 2745/1/2745 2742/1/2742 2743/1/2743 2746/1/2746 
f 2745/1/2745 150/1/150 2622/1/2622 2742/1/2742 
f 2736/1/2736 2747/1/2747 2748/1/2748 2737/1/2737 
f 2527/1/2527 2748/1/2748 2747/1/2747 2524/1/2524 
f 2748/1/2748 2527/1/2527 179/1/179 
f 2737/1/2737 2748/1/2748 222/1/222 221/1/221 
f 2744/1/2744 2741/1/2741 2749/1/2749 2750/1/2750 
f 2619/1/2619 2749/1/2749 2741/1/2741 2616/1/2616 
f 2519/1/2519 2518/1/2518 2749/1/2749 2619/1/2619 
f 2750/1/2750 2749/1/2749 2518/1/2518 2516/1/2516 
f 142/1/142 2751/1/2751 2752/1/2752 145/1/145 
f 2753/1/2753 2752/1/2752 2751/1/2751 2746/1/2746 
f 346/1/346 345/1/345 2752/1/2752 2753/1/2753 
f 145/1/145 2752/1/2752 345/1/345 146/1/146 
f 2746/1/2746 2743/1/2743 2754/1/2754 2753/1/2753 
f 2744/1/2744 2755/1/2755 2754/1/2754 2743/1/2743 
f 2756/1/2756 2754/1/2754 2755/1/2755 2757/1/2757 
f 2753/1/2753 2754/1/2754 2756/1/2756 346/1/346 
f 138/1/138 151/1/151 2758/1/2758 141/1/141 
f 2745/1/2745 2758/1/2758 151/1/151 150/1/150 
f 2758/1/2758 2745/1/2745 2746/1/2746 
f 141/1/141 2758/1/2758 2751/1/2751 142/1/142 
f 2759/1/2759 2760/1/2760 2761/1/2761 2762/1/2762 
f 2763/1/2763 2761/1/2761 2760/1/2760 2764/1/2764 
f 2702/1/2702 2707/1/2707 2761/1/2761 2763/1/2763 
f 2762/1/2762 2761/1/2761 2707/1/2707 2706/1/2706 
f 2757/1/2757 2755/1/2755 2765/1/2765 2766/1/2766 
f 2755/1/2755 2744/1/2744 2750/1/2750 
f 2765/1/2765 2750/1/2750 2516/1/2516 
f 2766/1/2766 2765/1/2765 2523/1/2523 2522/1/2522 
f 341/1/341 2767/1/2767 2768/1/2768 348/1/348 
f 2762/1/2762 2768/1/2768 2767/1/2767 2759/1/2759 
f 2706/1/2706 2709/1/2709 2768/1/2768 2762/1/2762 
f 348/1/348 2768/1/2768 2709/1/2709 250/1/250 
f 1893/1/1893 2769/1/2769 2770/1/2770 1898/1/1898 
f 2771/1/2771 2770/1/2770 2769/1/2769 2764/1/2764 
f 2522/1/2522 2521/1/2521 2770/1/2770 2771/1/2771 
f 1898/1/1898 2770/1/2770 2521/1/2521 307/1/307 
f 2764/1/2764 2760/1/2760 2772/1/2772 2771/1/2771 
f 2773/1/2773 2772/1/2772 2760/1/2760 2759/1/2759 
f 2772/1/2772 2773/1/2773 2757/1/2757 
f 2766/1/2766 2522/1/2522 2771/1/2771 
f 284/1/284 2703/1/2703 2774/1/2774 1891/1/1891 
f 2763/1/2763 2774/1/2774 2703/1/2703 2702/1/2702 
f 2764/1/2764 2769/1/2769 2774/1/2774 2763/1/2763 
f 2769/1/2769 1893/1/1893 1891/1/1891 
f 346/1/346 2756/1/2756 2775/1/2775 344/1/344 
f 2773/1/2773 2775/1/2775 2756/1/2756 2757/1/2757 
f 2759/1/2759 2767/1/2767 2775/1/2775 2773/1/2773 
f 344/1/344 2775/1/2775 2767/1/2767 341/1/341 
f 313/1/313 369/1/369 2776/1/2776 2544/1/2544 
f 2777/1/2777 2776/1/2776 369/1/369 319/1/319 
f 2777/1/2777 2778/1/2778 2779/1/2779 2776/1/2776 
f 2547/1/2547 2544/1/2544 2776/1/2776 2779/1/2779 
f 2780/1/2780 2781/1/2781 2713/1/2713 2712/1/2712 
f 2778/1/2778 2777/1/2777 2781/1/2781 2780/1/2780 
f 319/1/319 318/1/318 2781/1/2781 2777/1/2777 
f 2713/1/2713 2781/1/2781 318/1/318 278/1/278 
f 2782/1/2782 2783/1/2783 2784/1/2784 2785/1/2785 
f 2786/1/2786 2784/1/2784 2783/1/2783 2787/1/2787 
f 2550/1/2550 2788/1/2788 2784/1/2784 2786/1/2786 
f 2785/1/2785 2784/1/2784 2788/1/2788 2789/1/2789 
f 2790/1/2790 2791/1/2791 2792/1/2792 2793/1/2793 
f 2794/1/2794 2792/1/2792 2791/1/2791 2782/1/2782 
f 1365/1/1365 1361/1/1361 2792/1/2792 2794/1/2794 
f 1361/1/1361 1360/1/1360 2793/1/2793 
f 1384/1/1384 2795/1/2795 2796/1/2796 1379/1/1379 
f 2797/1/2797 2796/1/2796 2795/1/2795 2787/1/2787 
f 2798/1/2798 2799/1/2799 2796/1/2796 2797/1/2797 
f 1379/1/1379 2796/1/2796 2799/1/2799 1376/1/1376 
f 2797/1/2797 2800/1/2800 2801/1/2801 2798/1/2798 
f 2787/1/2787 2783/1/2783 2800/1/2800 2797/1/2797 
f 2782/1/2782 2791/1/2791 2800/1/2800 2783/1/2783 
f 2801/1/2801 2800/1/2800 2791/1/2791 2790/1/2790 
f 1493/1/1493 2551/1/2551 2802/1/2802 1492/1/1492 
f 2786/1/2786 2802/1/2802 2551/1/2551 2550/1/2550 
f 2787/1/2787 2795/1/2795 2802/1/2802 2786/1/2786 
f 1492/1/1492 2802/1/2802 2795/1/2795 1384/1/1384 
f 2794/1/2794 2803/1/2803 1498/1/1498 1365/1/1365 
f 2785/1/2785 2803/1/2803 2794/1/2794 2782/1/2782 
f 2789/1/2789 2804/1/2804 2803/1/2803 2785/1/2785 
f 1499/1/1499 1498/1/1498 2803/1/2803 
f 2805/1/2805 1916/1/1916 1906/1/1906 
f 2806/1/2806 2805/1/2805 2807/1/2807 2808/1/2808 
f 2809/1/2809 2810/1/2810 2805/1/2805 2806/1/2806 
f 1479/1/1479 1916/1/1916 2805/1/2805 2810/1/2810 
f 1914/1/1914 2573/1/2573 2811/1/2811 1909/1/1909 
f 2812/1/2812 2811/1/2811 2573/1/2573 2572/1/2572 
f 2808/1/2808 2807/1/2807 2811/1/2811 2812/1/2812 
f 1909/1/1909 2811/1/2811 2807/1/2807 1906/1/1906 
f 2813/1/2813 2814/1/2814 2815/1/2815 2816/1/2816 
f 1407/1/1407 2815/1/2815 2814/1/2814 1178/1/1178 
f 1411/1/1411 2817/1/2817 2815/1/2815 1407/1/1407 
f 2816/1/2816 2815/1/2815 2817/1/2817 2818/1/2818 
f 1171/1/1171 1170/1/1170 2819/1/2819 2820/1/2820 
f 2814/1/2814 2819/1/2819 1170/1/1170 1178/1/1178 
f 2813/1/2813 2821/1/2821 2819/1/2819 2814/1/2814 
f 2820/1/2820 2819/1/2819 2821/1/2821 2822/1/2822 
f 2823/1/2823 2824/1/2824 2825/1/2825 2826/1/2826 
f 2827/1/2827 2825/1/2825 2824/1/2824 2828/1/2828 
f 2583/1/2583 2579/1/2579 2825/1/2825 2827/1/2827 
f 2579/1/2579 2578/1/2578 2826/1/2826 
f 2828/1/2828 2829/1/2829 2830/1/2830 2831/1/2831 
f 2816/1/2816 2830/1/2830 2829/1/2829 2813/1/2813 
f 2818/1/2818 2832/1/2832 2830/1/2830 2816/1/2816 
f 2831/1/2831 2830/1/2830 2832/1/2832 2833/1/2833 
f 2822/1/2822 2821/1/2821 2834/1/2834 2835/1/2835 
f 2829/1/2829 2834/1/2834 2821/1/2821 2813/1/2813 
f 2828/1/2828 2824/1/2824 2834/1/2834 2829/1/2829 
f 2824/1/2824 2823/1/2823 2835/1/2835 
f 2836/1/2836 2837/1/2837 2838/1/2838 2839/1/2839 
f 1850/1/1850 2838/1/2838 2837/1/2837 1732/1/1732 
f 1094/1/1094 1092/1/1092 2838/1/2838 1850/1/1850 
f 2839/1/2839 2838/1/2838 1092/1/1092 1091/1/1091 
f 2827/1/2827 2840/1/2840 2598/1/2598 2583/1/2583 
f 2831/1/2831 2840/1/2840 2827/1/2827 2828/1/2828 
f 2833/1/2833 2841/1/2841 2840/1/2840 2831/1/2831 
f 2841/1/2841 2594/1/2594 2598/1/2598 2840/1/2840 
f 2543/1/2543 2842/1/2842 2843/1/2843 2680/1/2680 
f 2844/1/2844 2843/1/2843 2842/1/2842 2845/1/2845 
f 2694/1/2694 2691/1/2691 2843/1/2843 2844/1/2844 
f 2680/1/2680 2843/1/2843 2691/1/2691 2682/1/2682 
f 1732/1/1732 2837/1/2837 2846/1/2846 1731/1/1731 
f 2847/1/2847 2846/1/2846 2837/1/2837 2836/1/2836 
f 2846/1/2846 2847/1/2847 1160/1/1160 
f 1731/1/1731 2846/1/2846 1156/1/1156 1155/1/1155 
f 2836/1/2836 2848/1/2848 2849/1/2849 2847/1/2847 
f 2850/1/2850 2849/1/2849 2848/1/2848 2845/1/2845 
f 2851/1/2851 2852/1/2852 2849/1/2849 2850/1/2850 
f 2847/1/2847 2849/1/2849 2852/1/2852 1160/1/1160 
f 2845/1/2845 2848/1/2848 2853/1/2853 2844/1/2844 
f 2839/1/2839 2853/1/2853 2848/1/2848 2836/1/2836 
f 1091/1/1091 2699/1/2699 2853/1/2853 2839/1/2839 
f 2844/1/2844 2853/1/2853 2699/1/2699 2694/1/2694 
f 2854/1/2854 2855/1/2855 2856/1/2856 2857/1/2857 
f 1122/1/1122 2856/1/2856 2855/1/2855 1119/1/1119 
f 1112/1/1112 1108/1/1108 2856/1/2856 1122/1/1122 
f 2857/1/2857 2856/1/2856 1108/1/1108 1107/1/1107 
f 2539/1/2539 2858/1/2858 2859/1/2859 2540/1/2540 
f 2858/1/2858 2851/1/2851 2850/1/2850 
f 2845/1/2845 2842/1/2842 2859/1/2859 2850/1/2850 
f 2540/1/2540 2859/1/2859 2842/1/2842 2543/1/2543 
f 2537/1/2537 2860/1/2860 2861/1/2861 2664/1/2664 
f 2862/1/2862 2861/1/2861 2860/1/2860 2863/1/2863 
f 2677/1/2677 2674/1/2674 2861/1/2861 2862/1/2862 
f 2664/1/2664 2861/1/2861 2674/1/2674 2667/1/2667 
f 1119/1/1119 2855/1/2855 2864/1/2864 1278/1/1278 
f 2865/1/2865 2864/1/2864 2855/1/2855 2854/1/2854 
f 2866/1/2866 2867/1/2867 2864/1/2864 2865/1/2865 
f 1278/1/1278 2864/1/2864 2867/1/2867 1275/1/1275 
f 2865/1/2865 2868/1/2868 2869/1/2869 2866/1/2866 
f 2854/1/2854 2870/1/2870 2868/1/2868 2865/1/2865 
f 2871/1/2871 2868/1/2868 2870/1/2870 2863/1/2863 
f 2869/1/2869 2868/1/2868 2871/1/2871 2872/1/2872 
f 2863/1/2863 2870/1/2870 2873/1/2873 2862/1/2862 
f 2857/1/2857 2873/1/2873 2870/1/2870 2854/1/2854 
f 1107/1/1107 2686/1/2686 2873/1/2873 2857/1/2857 
f 2862/1/2862 2873/1/2873 2686/1/2686 2677/1/2677 
f 2874/1/2874 2875/1/2875 2876/1/2876 2877/1/2877 
f 2878/1/2878 2876/1/2876 2875/1/2875 2879/1/2879 
f 2880/1/2880 2881/1/2881 2876/1/2876 2878/1/2878 
f 2882/1/2882 2877/1/2877 2876/1/2876 2881/1/2881 
f 2872/1/2872 2871/1/2871 2883/1/2883 2884/1/2884 
f 2860/1/2860 2883/1/2883 2871/1/2871 2863/1/2863 
f 2537/1/2537 2536/1/2536 2883/1/2883 2860/1/2860 
f 2536/1/2536 2533/1/2533 2884/1/2884 
f 1140/1/1140 2885/1/2885 2886/1/2886 1367/1/1367 
f 2877/1/2877 2886/1/2886 2885/1/2885 2874/1/2874 
f 2887/1/2887 2886/1/2886 2877/1/2877 2882/1/2882 
f 1369/1/1369 1367/1/1367 2886/1/2886 2887/1/2887 
f 1153/1/1153 2888/1/2888 2889/1/2889 1152/1/1152 
f 2890/1/2890 2889/1/2889 2888/1/2888 2879/1/2879 
f 2726/1/2726 2724/1/2724 2889/1/2889 2890/1/2890 
f 1152/1/1152 2889/1/2889 2724/1/2724 1154/1/1154 
f 2879/1/2879 2875/1/2875 2891/1/2891 2890/1/2890 
f 2892/1/2892 2891/1/2891 2875/1/2875 2874/1/2874 
f 2733/1/2733 2732/1/2732 2891/1/2891 2892/1/2892 
f 2732/1/2732 2726/1/2726 2890/1/2890 
f 2879/1/2879 2888/1/2888 2893/1/2893 2878/1/2878 
f 1786/1/1786 2893/1/2893 2888/1/2888 1153/1/1153 
f 1790/1/1790 2894/1/2894 2893/1/2893 1786/1/1786 
f 2878/1/2878 2893/1/2893 2894/1/2894 2880/1/2880 
f 2822/1/2822 2895/1/2895 2896/1/2896 2820/1/2820 
f 2897/1/2897 2896/1/2896 2895/1/2895 2898/1/2898 
f 1183/1/1183 1187/1/1187 2896/1/2896 2897/1/2897 
f 2820/1/2820 2896/1/2896 1187/1/1187 1171/1/1171 
f 2740/1/2740 2899/1/2899 1143/1/1143 1145/1/1145 
f 2892/1/2892 2899/1/2899 2740/1/2740 2733/1/2733 
f 2874/1/2874 2885/1/2885 2899/1/2899 2892/1/2892 
f 1143/1/1143 2899/1/2899 2885/1/2885 1140/1/1140 
f 1160/1/1160 2852/1/2852 2900/1/2900 1159/1/1159 
f 2901/1/2901 2900/1/2900 2852/1/2852 2851/1/2851 
f 2902/1/2902 2903/1/2903 2900/1/2900 2901/1/2901 
f 1159/1/1159 2900/1/2900 2903/1/2903 1161/1/1161 
f 2897/1/2897 2904/1/2904 1184/1/1184 1183/1/1183 
f 2897/1/2897 2898/1/2898 2905/1/2905 2904/1/2904 
f 2539/1/2539 2538/1/2538 2904/1/2904 2905/1/2905 
f 1168/1/1168 1184/1/1184 2904/1/2904 2538/1/2538 
f 2898/1/2898 2906/1/2906 2907/1/2907 2905/1/2905 
f 2901/1/2901 2907/1/2907 2906/1/2906 2902/1/2902 
f 2851/1/2851 2858/1/2858 2907/1/2907 2901/1/2901 
f 2905/1/2905 2907/1/2907 2858/1/2858 2539/1/2539 
f 2823/1/2823 2908/1/2908 2909/1/2909 2835/1/2835 
f 2909/1/2909 2908/1/2908 2902/1/2902 
f 2898/1/2898 2895/1/2895 2909/1/2909 2906/1/2906 
f 2835/1/2835 2909/1/2909 2895/1/2895 2822/1/2822 
f 2910/1/2910 1270/1/1270 1269/1/1269 
f 2911/1/2911 2910/1/2910 1298/1/1298 1297/1/1297 
f 2911/1/2911 2912/1/2912 2913/1/2913 
f 1270/1/1270 2910/1/2910 2913/1/2913 1273/1/1273 
f 2908/1/2908 2914/1/2914 2903/1/2903 2902/1/2902 
f 2826/1/2826 2914/1/2914 2908/1/2908 2823/1/2823 
f 2914/1/2914 2826/1/2826 2578/1/2578 
f 1161/1/1161 2903/1/2903 2914/1/2914 2584/1/2584 
f 2721/1/2721 2729/1/2729 2915/1/2915 2720/1/2720 
f 2916/1/2916 2915/1/2915 2729/1/2729 2728/1/2728 
f 2917/1/2917 2918/1/2918 2915/1/2915 2916/1/2916 
f 2720/1/2720 2915/1/2915 2918/1/2918 2531/1/2531 
f 2912/1/2912 2911/1/2911 2919/1/2919 2920/1/2920 
f 1309/1/1309 2919/1/2919 2911/1/2911 1297/1/1297 
f 2919/1/2919 1309/1/1309 1275/1/1275 
f 2867/1/2867 2866/1/2866 2920/1/2920 
f 2917/1/2917 2921/1/2921 2922/1/2922 2923/1/2923 
f 2920/1/2920 2922/1/2922 2921/1/2921 2912/1/2912 
f 2922/1/2922 2920/1/2920 2866/1/2866 
f 2923/1/2923 2922/1/2922 2869/1/2869 2872/1/2872 
f 2912/1/2912 2921/1/2921 2924/1/2924 2913/1/2913 
f 2916/1/2916 2924/1/2924 2921/1/2921 2917/1/2917 
f 2728/1/2728 2739/1/2739 2924/1/2924 2916/1/2916 
f 2913/1/2913 2924/1/2924 2739/1/2739 1273/1/1273 
f 2801/1/2801 2790/1/2790 2925/1/2925 2926/1/2926 
f 2927/1/2927 2926/1/2926 2925/1/2925 2928/1/2928 
f 2929/1/2929 2930/1/2930 2926/1/2926 2927/1/2927 
f 2798/1/2798 2801/1/2801 2926/1/2926 2930/1/2930 
f 2531/1/2531 2918/1/2918 2931/1/2931 2528/1/2528 
f 2923/1/2923 2931/1/2931 2918/1/2918 2917/1/2917 
f 2872/1/2872 2884/1/2884 2931/1/2931 2923/1/2923 
f 2528/1/2528 2931/1/2931 2884/1/2884 2533/1/2533 
f 2932/1/2932 2933/1/2933 1374/1/1374 1373/1/1373 
f 2928/1/2928 2925/1/2925 2933/1/2933 2932/1/2932 
f 2793/1/2793 2933/1/2933 2925/1/2925 2790/1/2790 
f 2793/1/2793 1360/1/1360 1374/1/1374 2933/1/2933 
f 1792/1/1792 1388/1/1388 2934/1/2934 2935/1/2935 
f 2929/1/2929 2936/1/2936 2935/1/2935 2934/1/2934 
f 2880/1/2880 2894/1/2894 2935/1/2935 2936/1/2936 
f 1792/1/1792 2935/1/2935 2894/1/2894 1790/1/1790 
f 2880/1/2880 2936/1/2936 2937/1/2937 2881/1/2881 
f 2927/1/2927 2937/1/2937 2936/1/2936 2929/1/2929 
f 2928/1/2928 2938/1/2938 2937/1/2937 2927/1/2927 
f 2881/1/2881 2937/1/2937 2938/1/2938 2882/1/2882 
f 2930/1/2930 2939/1/2939 2799/1/2799 2798/1/2798 
f 2934/1/2934 2939/1/2939 2930/1/2930 2929/1/2929 
f 1388/1/1388 1387/1/1387 2939/1/2939 2934/1/2934 
f 2799/1/2799 2939/1/2939 1387/1/1387 1376/1/1376 
f 2940/1/2940 2941/1/2941 2942/1/2942 2943/1/2943 
f 1415/1/1415 2942/1/2942 2941/1/2941 1412/1/1412 
f 1395/1/1395 1393/1/1393 2942/1/2942 1415/1/1415 
f 2943/1/2943 2942/1/2942 1393/1/1393 1392/1/1392 
f 1412/1/1412 2941/1/2941 2944/1/2944 1420/1/1420 
f 2945/1/2945 2944/1/2944 2941/1/2941 2940/1/2940 
f 2818/1/2818 2817/1/2817 2944/1/2944 2945/1/2945 
f 1420/1/1420 2944/1/2944 2817/1/2817 1411/1/1411 
f 2882/1/2882 2938/1/2938 2946/1/2946 2887/1/2887 
f 2932/1/2932 2946/1/2946 2938/1/2938 2928/1/2928 
f 1373/1/1373 1370/1/1370 2946/1/2946 2932/1/2932 
f 2887/1/2887 2946/1/2946 1370/1/1370 1369/1/1369 
f 2594/1/2594 2841/1/2841 2947/1/2947 2595/1/2595 
f 2948/1/2948 2947/1/2947 2841/1/2841 2833/1/2833 
f 2949/1/2949 2950/1/2950 2947/1/2947 2948/1/2948 
f 2595/1/2595 2947/1/2947 2950/1/2950 2577/1/2577 
f 2949/1/2949 2951/1/2951 2952/1/2952 2953/1/2953 
f 2943/1/2943 2952/1/2952 2951/1/2951 2940/1/2940 
f 1392/1/1392 2954/1/2954 2952/1/2952 2943/1/2943 
f 2953/1/2953 2952/1/2952 2954/1/2954 2955/1/2955 
f 2940/1/2940 2951/1/2951 2956/1/2956 2945/1/2945 
f 2948/1/2948 2956/1/2956 2951/1/2951 2949/1/2949 
f 2833/1/2833 2832/1/2832 2956/1/2956 2948/1/2948 
f 2945/1/2945 2956/1/2956 2832/1/2832 2818/1/2818 
f 2957/1/2957 2958/1/2958 2959/1/2959 2960/1/2960 
f 2961/1/2961 2959/1/2959 2958/1/2958 2962/1/2962 
f 2963/1/2963 2964/1/2964 2959/1/2959 2961/1/2961 
f 2960/1/2960 2959/1/2959 2964/1/2964 2965/1/2965 
f 2577/1/2577 2950/1/2950 2966/1/2966 2575/1/2575 
f 2953/1/2953 2966/1/2966 2950/1/2950 2949/1/2949 
f 2955/1/2955 2967/1/2967 2966/1/2966 2953/1/2953 
f 2575/1/2575 2966/1/2966 2967/1/2967 2572/1/2572 
f 2965/1/2965 2964/1/2964 2968/1/2968 2969/1/2969 
f 2970/1/2970 2968/1/2968 2964/1/2964 2963/1/2963 
f 1477/1/1477 2592/1/2592 2968/1/2968 2970/1/2970 
f 2969/1/2969 2968/1/2968 2592/1/2592 2591/1/2591 
f 2809/1/2809 2971/1/2971 2972/1/2972 2810/1/2810 
f 2973/1/2973 2972/1/2972 2971/1/2971 2962/1/2962 
f 1484/1/1484 1480/1/1480 2972/1/2972 2973/1/2973 
f 2810/1/2810 2972/1/2972 1480/1/1480 1479/1/1479 
f 2347/1/2347 2346/1/2346 2974/1/2974 2975/1/2975 
f 2973/1/2973 2974/1/2974 2346/1/2346 1484/1/1484 
f 2962/1/2962 2958/1/2958 2974/1/2974 2973/1/2973 
f 2975/1/2975 2974/1/2974 2958/1/2958 2957/1/2957 
f 1499/1/1499 2976/1/2976 2977/1/2977 1497/1/1497 
f 2978/1/2978 2977/1/2977 2976/1/2976 2979/1/2979 
f 1517/1/1517 1516/1/1516 2977/1/2977 2978/1/2978 
f 1516/1/1516 1494/1/1494 1497/1/1497 
f 2980/1/2980 2981/1/2981 2982/1/2982 2983/1/2983 
f 2984/1/2984 2982/1/2982 2981/1/2981 2985/1/2985 
f 2436/1/2436 2433/1/2433 2982/1/2982 2984/1/2984 
f 2983/1/2983 2982/1/2982 2433/1/2433 2432/1/2432 
f 2804/1/2804 2789/1/2789 2986/1/2986 2987/1/2987 
f 2988/1/2988 2987/1/2987 2986/1/2986 2985/1/2985 
f 2979/1/2979 2976/1/2976 2987/1/2987 2988/1/2988 
f 2976/1/2976 1499/1/1499 2804/1/2804 
f 2452/1/2452 2456/1/2456 2989/1/2989 2990/1/2990 
f 2978/1/2978 2989/1/2989 2456/1/2456 1517/1/1517 
f 2979/1/2979 2991/1/2991 2989/1/2989 2978/1/2978 
f 2990/1/2990 2989/1/2989 2991/1/2991 2992/1/2992 
f 2992/1/2992 2991/1/2991 2993/1/2993 2994/1/2994 
f 2988/1/2988 2993/1/2993 2991/1/2991 2979/1/2979 
f 2985/1/2985 2981/1/2981 2993/1/2993 2988/1/2988 
f 2994/1/2994 2993/1/2993 2981/1/2981 2980/1/2980 
f 2436/1/2436 2984/1/2984 2995/1/2995 2553/1/2553 
f 2985/1/2985 2986/1/2986 2995/1/2995 2984/1/2984 
f 2995/1/2995 2986/1/2986 2789/1/2789 
f 2788/1/2788 2550/1/2550 2553/1/2553 
f 2996/1/2996 2997/1/2997 2998/1/2998 2999/1/2999 
f 3000/1/3000 2998/1/2998 2997/1/2997 3001/1/3001 
f 2421/1/2421 2418/1/2418 2998/1/2998 3000/1/3000 
f 2999/1/2999 2998/1/2998 2418/1/2418 1710/1/1710 
f 3002/1/3002 3003/1/3003 3004/1/3004 3005/1/3005 
f 3006/1/3006 3004/1/3004 3003/1/3003 3007/1/3007 
f 3004/1/3004 3006/1/3006 3001/1/3001 
f 3005/1/3005 3004/1/3004 2997/1/2997 2996/1/2996 
f 3001/1/3001 3008/1/3008 3009/1/3009 3000/1/3000 
f 2439/1/2439 3009/1/3009 3008/1/3008 2440/1/2440 
f 2428/1/2428 2430/1/2430 3009/1/3009 2439/1/2439 
f 3000/1/3000 3009/1/3009 2430/1/2430 2421/1/2421 
f 3010/1/3010 3011/1/3011 3012/1/3012 3013/1/3013 
f 2329/1/2329 2328/1/2328 3012/1/3012 3011/1/3011 
f 3012/1/3012 2328/1/2328 1581/1/1581 
f 3013/1/3013 3012/1/3012 3014/1/3014 3015/1/3015 
f 3007/1/3007 3003/1/3003 3016/1/3016 3017/1/3017 
f 3018/1/3018 3016/1/3016 3003/1/3003 3002/1/3002 
f 1682/1/1682 2447/1/2447 3016/1/3016 3018/1/3018 
f 2447/1/2447 2446/1/2446 3017/1/3017 
f 3019/1/3019 3020/1/3020 3021/1/3021 3022/1/3022 
f 3013/1/3013 3021/1/3021 3020/1/3020 3010/1/3010 
f 3015/1/3015 3023/1/3023 3021/1/3021 3013/1/3013 
f 3022/1/3022 3021/1/3021 3023/1/3023 3024/1/3024 
f 3025/1/3025 3026/1/3026 3011/1/3011 3010/1/3010 
f 2589/1/2589 3026/1/3026 3025/1/3025 2586/1/2586 
f 2341/1/2341 3026/1/3026 2589/1/2589 2338/1/2338 
f 3011/1/3011 3026/1/3026 2341/1/2341 2329/1/2329 
f 3027/1/3027 3028/1/3028 3029/1/3029 3030/1/3030 
f 1589/1/1589 3029/1/3029 3028/1/3028 1580/1/1580 
f 1681/1/1681 3029/1/3029 1589/1/1589 1588/1/1588 
f 3030/1/3030 3029/1/3029 1681/1/1681 1680/1/1680 
f 1580/1/1580 3028/1/3028 3031/1/3031 1579/1/1579 
f 3028/1/3028 3027/1/3027 3032/1/3032 
f 3031/1/3031 3032/1/3032 3015/1/3015 
f 3014/1/3014 1581/1/1581 1579/1/1579 
f 3022/1/3022 3033/1/3033 3034/1/3034 3019/1/3019 
f 3024/1/3024 3035/1/3035 3033/1/3033 3022/1/3022 
f 3035/1/3035 2567/1/2567 2569/1/2569 
f 2571/1/2571 3034/1/3034 3033/1/3033 2569/1/2569 
f 3036/1/3036 3037/1/3037 3038/1/3038 3039/1/3039 
f 3040/1/3040 3038/1/3038 3037/1/3037 3041/1/3041 
f 3042/1/3042 3043/1/3043 3038/1/3038 3040/1/3040 
f 3039/1/3039 3038/1/3038 3043/1/3043 2559/1/2559 
f 3041/1/3041 3037/1/3037 3044/1/3044 3045/1/3045 
f 3046/1/3046 3044/1/3044 3037/1/3037 3036/1/3036 
f 1678/1/1678 1688/1/1688 3044/1/3044 3046/1/3046 
f 3045/1/3045 3044/1/3044 1688/1/1688 1687/1/1687 
f 1710/1/1710 1709/1/1709 3047/1/3047 2999/1/2999 
f 3048/1/3048 3047/1/3047 1709/1/1709 1702/1/1702 
f 3042/1/3042 3049/1/3049 3047/1/3047 3048/1/3048 
f 3049/1/3049 2996/1/2996 2999/1/2999 
f 2996/1/2996 3049/1/3049 3050/1/3050 3005/1/3005 
f 3040/1/3040 3050/1/3050 3049/1/3049 3042/1/3042 
f 3041/1/3041 3051/1/3051 3050/1/3050 3040/1/3040 
f 3005/1/3005 3050/1/3050 3051/1/3051 3002/1/3002 
f 3043/1/3043 3042/1/3042 3048/1/3048 3052/1/3052 
f 1701/1/1701 3052/1/3052 3048/1/3048 1702/1/1702 
f 1698/1/1698 2555/1/2555 3052/1/3052 1701/1/1701 
f 2559/1/2559 3043/1/3043 3052/1/3052 2555/1/2555 
f 3053/1/3053 3054/1/3054 3055/1/3055 3056/1/3056 
f 3057/1/3057 3058/1/3058 3054/1/3054 3053/1/3053 
f 3019/1/3019 3034/1/3034 3054/1/3054 3058/1/3058 
f 3055/1/3055 3054/1/3054 3034/1/3034 2571/1/2571 
f 3002/1/3002 3051/1/3051 3059/1/3059 3018/1/3018 
f 3045/1/3045 3059/1/3059 3051/1/3051 3041/1/3041 
f 1687/1/1687 1683/1/1683 3059/1/3059 3045/1/3045 
f 3018/1/3018 3059/1/3059 1683/1/1683 1682/1/1682 
f 3058/1/3058 3060/1/3060 3020/1/3020 3019/1/3019 
f 3061/1/3061 3060/1/3060 3058/1/3058 3057/1/3057 
f 2586/1/2586 3025/1/3025 3060/1/3060 3061/1/3061 
f 3010/1/3010 3020/1/3020 3060/1/3060 3025/1/3025 
f 2957/1/2957 3062/1/3062 3063/1/3063 2975/1/2975 
f 3064/1/3064 3063/1/3063 3062/1/3062 3056/1/3056 
f 2357/1/2357 2354/1/2354 3063/1/3063 3064/1/3064 
f 2975/1/2975 3063/1/3063 2354/1/2354 2347/1/2347 
f 2965/1/2965 3065/1/3065 3066/1/3066 2960/1/2960 
f 3053/1/3053 3066/1/3066 3065/1/3065 3057/1/3057 
f 3056/1/3056 3062/1/3062 3066/1/3066 3053/1/3053 
f 2960/1/2960 3066/1/3066 3062/1/3062 2957/1/2957 
f 2353/1/2353 2362/1/2362 3067/1/3067 2570/1/2570 
f 3064/1/3064 3067/1/3067 2362/1/2362 2357/1/2357 
f 3056/1/3056 3055/1/3055 3067/1/3067 3064/1/3064 
f 3067/1/3067 3055/1/3055 2571/1/2571 2570/1/2570 
f 2446/1/2446 3068/1/3068 3069/1/3069 3017/1/3017 
f 3070/1/3070 3069/1/3069 3068/1/3068 3071/1/3071 
f 3072/1/3072 3073/1/3073 3069/1/3069 3070/1/3070 
f 3017/1/3017 3069/1/3069 3073/1/3073 3007/1/3007 
f 3057/1/3057 3065/1/3065 3074/1/3074 3061/1/3061 
f 2969/1/2969 3074/1/3074 3065/1/3065 2965/1/2965 
f 2591/1/2591 2587/1/2587 3074/1/3074 2969/1/2969 
f 3061/1/3061 3074/1/3074 2587/1/2587 2586/1/2586 
f 3007/1/3007 3073/1/3073 3075/1/3075 3006/1/3006 
f 3076/1/3076 3075/1/3075 3073/1/3073 3072/1/3072 
f 2440/1/2440 3008/1/3008 3075/1/3075 3076/1/3076 
f 3006/1/3006 3075/1/3075 3008/1/3008 3001/1/3001 
f 2992/1/2992 3077/1/3077 3078/1/3078 2990/1/2990 
f 3079/1/3079 3078/1/3078 3077/1/3077 3071/1/3071 
f 2454/1/2454 2453/1/2453 3078/1/3078 3079/1/3079 
f 2990/1/2990 3078/1/3078 2453/1/2453 2452/1/2452 
f 2980/1/2980 3080/1/3080 3081/1/3081 2994/1/2994 
f 3070/1/3070 3081/1/3081 3080/1/3080 3072/1/3072 
f 3071/1/3071 3077/1/3077 3081/1/3081 3070/1/3070 
f 2994/1/2994 3081/1/3081 3077/1/3077 2992/1/2992 
f 2454/1/2454 3079/1/3079 3082/1/3082 2450/1/2450 
f 3071/1/3071 3068/1/3068 3082/1/3082 3079/1/3079 
f 2445/1/2445 3082/1/3082 3068/1/3068 2446/1/2446 
f 2450/1/2450 3082/1/3082 2445/1/2445 2444/1/2444 
f 3072/1/3072 3080/1/3080 3083/1/3083 3076/1/3076 
f 2983/1/2983 3083/1/3083 3080/1/3080 2980/1/2980 
f 2432/1/2432 2441/1/2441 3083/1/3083 2983/1/2983 
f 3076/1/3076 3083/1/3083 2441/1/2441 2440/1/2440 
f 3084/1/3084 3085/1/3085 3086/1/3086 3087/1/3087 
f 3088/1/3088 3086/1/3086 3085/1/3085 3089/1/3089 
f 210/1/210 209/1/209 3086/1/3086 3088/1/3088 
f 3087/1/3087 3086/1/3086 209/1/209 204/1/204 
f 3089/1/3089 3085/1/3085 3090/1/3090 3091/1/3091 
f 3092/1/3092 3090/1/3090 3085/1/3085 3084/1/3084 
f 2735/1/2735 3090/1/3090 3092/1/3092 2736/1/2736 
f 2735/1/2735 2548/1/2548 3091/1/3091 3090/1/3090 
f 2661/1/2661 3093/1/3093 3094/1/3094 2662/1/2662 
f 3087/1/3087 3094/1/3094 3093/1/3093 3084/1/3084 
f 204/1/204 203/1/203 3094/1/3094 3087/1/3087 
f 2662/1/2662 3094/1/3094 203/1/203 202/1/202 
f 2747/1/2747 2736/1/2736 3092/1/3092 3095/1/3095 
f 3084/1/3084 3093/1/3093 3095/1/3095 3092/1/3092 
f 3093/1/3093 2661/1/2661 2668/1/2668 
f 2524/1/2524 2747/1/2747 3095/1/3095 2668/1/2668 
f 2548/1/2548 2546/1/2546 3096/1/3096 3091/1/3091 
f 2546/1/2546 2547/1/2547 3097/1/3097 
f 3098/1/3098 3099/1/3099 3096/1/3096 3097/1/3097 
f 3091/1/3091 3096/1/3096 3099/1/3099 3089/1/3089 
f 3100/1/3100 3101/1/3101 3102/1/3102 3103/1/3103 
f 2780/1/2780 3102/1/3102 3101/1/3101 2778/1/2778 
f 2712/1/2712 2715/1/2715 3102/1/3102 2780/1/2780 
f 3103/1/3103 3102/1/3102 2715/1/2715 2714/1/2714 
f 3104/1/3104 3105/1/3105 358/1/358 212/1/212 
f 3106/1/3106 3105/1/3105 3104/1/3104 3098/1/3098 
f 3100/1/3100 3107/1/3107 3105/1/3105 3106/1/3106 
f 361/1/361 358/1/358 3105/1/3105 3107/1/3107 
f 3089/1/3089 3099/1/3099 3108/1/3108 3088/1/3088 
f 3104/1/3104 3108/1/3108 3099/1/3099 3098/1/3098 
f 212/1/212 211/1/211 3108/1/3108 3104/1/3104 
f 3088/1/3088 3108/1/3108 211/1/211 210/1/210 
f 2778/1/2778 3101/1/3101 3109/1/3109 2779/1/2779 
f 3106/1/3106 3109/1/3109 3101/1/3101 3100/1/3100 
f 3109/1/3109 3106/1/3106 3098/1/3098 
f 2779/1/2779 3109/1/3109 3097/1/3097 2547/1/2547 
f 3107/1/3107 3110/1/3110 366/1/366 361/1/361 
f 3103/1/3103 3110/1/3110 3107/1/3107 3100/1/3100 
f 2714/1/2714 2722/1/2722 3110/1/3110 3103/1/3103 
f 2722/1/2722 266/1/266 366/1/366 3110/1/3110 
f 2962/1/2962 2971/1/2971 3111/1/3111 2961/1/2961 
f 2809/1/2809 3112/1/3112 3111/1/3111 2971/1/2971 
f 3113/1/3113 3111/1/3111 3112/1/3112 3114/1/3114 
f 2961/1/2961 3111/1/3111 3113/1/3113 2963/1/2963 
f 2955/1/2955 3115/1/3115 3116/1/3116 2967/1/2967 
f 3117/1/3117 3118/1/3118 3116/1/3116 3115/1/3115 
f 2812/1/2812 3116/1/3116 3118/1/3118 2808/1/2808 
f 2572/1/2572 2967/1/2967 3116/1/3116 2812/1/2812 
f 3119/1/3119 3120/1/3120 1474/1/1474 1473/1/1473 
f 3121/1/3121 3120/1/3120 3119/1/3119 3114/1/3114 
f 3117/1/3117 3122/1/3122 3120/1/3120 3121/1/3121 
f 1474/1/1474 3120/1/3120 3122/1/3122 1399/1/1399 
f 2963/1/2963 3113/1/3113 3123/1/3123 2970/1/2970 
f 3114/1/3114 3119/1/3119 3123/1/3123 3113/1/3113 
f 3123/1/3123 3119/1/3119 1473/1/1473 
f 1478/1/1478 1477/1/1477 2970/1/2970 
f 2808/1/2808 3118/1/3118 3124/1/3124 2806/1/2806 
f 3121/1/3121 3124/1/3124 3118/1/3118 3117/1/3117 
f 3114/1/3114 3112/1/3112 3124/1/3124 3121/1/3121 
f 2806/1/2806 3124/1/3124 3112/1/3112 2809/1/2809 
f 3117/1/3117 3115/1/3115 3125/1/3125 3122/1/3122 
f 2954/1/2954 3125/1/3125 3115/1/3115 2955/1/2955 
f 3125/1/3125 2954/1/2954 1392/1/1392 
f 1391/1/1391 1399/1/1399 3122/1/3122 3125/1/3125 
f 2559/1/2559 2558/1/2558 3126/1/3126 3039/1/3039 
f 3127/1/3127 3126/1/3126 2558/1/2558 2557/1/2557 
f 3128/1/3128 3129/1/3129 3126/1/3126 3127/1/3127 
f 3039/1/3039 3126/1/3126 3129/1/3129 3036/1/3036 
f 3036/1/3036 3129/1/3129 3130/1/3130 3046/1/3046 
f 3131/1/3131 3130/1/3130 3129/1/3129 3128/1/3128 
f 1679/1/1679 3130/1/3130 3131/1/3131 1680/1/1680 
f 3046/1/3046 3130/1/3130 1679/1/1679 1678/1/1678 
f 1680/1/1680 3131/1/3131 3132/1/3132 3030/1/3030 
f 3133/1/3133 3132/1/3132 3131/1/3131 3128/1/3128 
f 3134/1/3134 3135/1/3135 3132/1/3132 3133/1/3133 
f 3030/1/3030 3132/1/3132 3135/1/3135 3027/1/3027 
f 2563/1/2563 3136/1/3136 3137/1/3137 2561/1/2561 
f 3133/1/3133 3137/1/3137 3136/1/3136 3134/1/3134 
f 3128/1/3128 3127/1/3127 3137/1/3137 3133/1/3133 
f 2561/1/2561 3137/1/3137 3127/1/3127 2557/1/2557 
f 2567/1/2567 3035/1/3035 3138/1/3138 2566/1/2566 
f 3139/1/3139 3138/1/3138 3035/1/3035 3024/1/3024 
f 3134/1/3134 3136/1/3136 3138/1/3138 3139/1/3139 
f 2566/1/2566 3138/1/3138 3136/1/3136 2563/1/2563 
f 3027/1/3027 3135/1/3135 3140/1/3140 3032/1/3032 
f 3139/1/3139 3140/1/3140 3135/1/3135 3134/1/3134 
f 3024/1/3024 3023/1/3023 3140/1/3140 3139/1/3139 
f 3032/1/3032 3140/1/3140 3023/1/3023 3015/1/3015 
f 3141/1/3141 2400/1/2400 2392/1/2392 
f 3142/1/3142 3143/1/3143 3144/1/3144 
f 2405/1/2405 2417/1/2417 3141/1/3141 3144/1/3144 
f 2400/1/2400 3141/1/3141 2417/1/2417 2397/1/2397 
f 3145/1/3145 3146/1/3146 3147/1/3147 3148/1/3148 
f 2406/1/2406 3147/1/3147 3146/1/3146 2208/1/2208 
f 3144/1/3144 3147/1/3147 2406/1/2406 2405/1/2405 
f 3143/1/3143 3148/1/3148 3147/1/3147 3144/1/3144 
f 3149/1/3149 3150/1/3150 3151/1/3151 3152/1/3152 
f 2207/1/2207 3151/1/3151 3150/1/3150 2209/1/2209 
f 2208/1/2208 3146/1/3146 3151/1/3151 2207/1/2207 
f 3152/1/3152 3151/1/3151 3146/1/3146 3145/1/3145 
f 3150/1/3150 3149/1/3149 3153/1/3153 3154/1/3154 
f 3155/1/3155 3154/1/3154 3153/1/3153 3156/1/3156 
f 2214/1/2214 2211/1/2211 3154/1/3154 3155/1/3155 
f 2211/1/2211 2209/1/2209 3150/1/3150 3154/1/3154 
f 3156/1/3156 3157/1/3157 3158/1/3158 3155/1/3155 
f 3159/1/3159 3158/1/3158 3157/1/3157 3160/1/3160 
f 2218/1/2218 2215/1/2215 3158/1/3158 3159/1/3159 
f 3155/1/3155 3158/1/3158 2215/1/2215 2214/1/2214 
f 3161/1/3161 3162/1/3162 3163/1/3163 3164/1/3164 
f 2220/1/2220 3163/1/3163 3162/1/3162 2221/1/2221 
f 2218/1/2218 3159/1/3159 3163/1/3163 2220/1/2220 
f 3164/1/3164 3163/1/3163 3159/1/3159 3160/1/3160 
f 3165/1/3165 3166/1/3166 3162/1/3162 3161/1/3161 
f 3167/1/3167 3166/1/3166 3165/1/3165 3168/1/3168 
f 3167/1/3167 2225/1/2225 2224/1/2224 3166/1/3166 
f 2221/1/2221 3162/1/3162 3166/1/3166 2224/1/2224 
f 2367/1/2367 3169/1/3169 3170/1/3170 2374/1/2374 
f 3171/1/3171 3170/1/3170 3169/1/3169 3172/1/3172 
f 2384/1/2384 2381/1/2381 3170/1/3170 3171/1/3171 
f 2374/1/2374 3170/1/3170 2381/1/2381 2371/1/2371 
f 3168/1/3168 3173/1/3173 3174/1/3174 3167/1/3167 
f 3173/1/3173 3172/1/3172 3169/1/3169 3174/1/3174 
f 2370/1/2370 3174/1/3174 3169/1/3169 2367/1/2367 
f 3167/1/3167 3174/1/3174 2370/1/2370 2225/1/2225 
f 2392/1/2392 2389/1/2389 3175/1/3175 3142/1/3142 
f 2389/1/2389 2384/1/2384 3171/1/3171 
f 3175/1/3175 3171/1/3171 3172/1/3172 
f 3176/1/3176 3143/1/3143 3142/1/3142 
f 3177/1/3177 3178/1/3178 3179/1/3179 3180/1/3180 
f 3148/1/3148 3179/1/3179 3178/1/3178 3145/1/3145 
f 3148/1/3148 3143/1/3143 3181/1/3181 
f 3182/1/3182 3180/1/3180 3179/1/3179 3181/1/3181 
f 3177/1/3177 3183/1/3183 3184/1/3184 3178/1/3178 
f 3185/1/3185 3184/1/3184 3183/1/3183 3186/1/3186 
f 3149/1/3149 3152/1/3152 3184/1/3184 3185/1/3185 
f 3145/1/3145 3178/1/3178 3184/1/3184 3152/1/3152 
f 3186/1/3186 3187/1/3187 3188/1/3188 3185/1/3185 
f 3189/1/3189 3188/1/3188 3187/1/3187 3190/1/3190 
f 3156/1/3156 3153/1/3153 3188/1/3188 3189/1/3189 
f 3185/1/3185 3188/1/3188 3153/1/3153 3149/1/3149 
f 3190/1/3190 3191/1/3191 3192/1/3192 3189/1/3189 
f 3191/1/3191 3193/1/3193 3194/1/3194 3192/1/3192 
f 3157/1/3157 3192/1/3192 3194/1/3194 3160/1/3160 
f 3189/1/3189 3192/1/3192 3157/1/3157 3156/1/3156 
f 3195/1/3195 3196/1/3196 3197/1/3197 3198/1/3198 
f 3164/1/3164 3197/1/3197 3196/1/3196 3161/1/3161 
f 3160/1/3160 3194/1/3194 3197/1/3197 3164/1/3164 
f 3198/1/3198 3197/1/3197 3194/1/3194 3193/1/3193 
f 3177/1/3177 3199/1/3199 3200/1/3200 3183/1/3183 
f 3201/1/3201 3200/1/3200 3199/1/3199 3202/1/3202 
f 3203/1/3203 3204/1/3204 3200/1/3200 3201/1/3201 
f 3204/1/3204 3186/1/3186 3183/1/3183 3200/1/3200 
f 3203/1/3203 3205/1/3205 3206/1/3206 3204/1/3204 
f 3207/1/3207 3208/1/3208 3206/1/3206 3205/1/3205 
f 3190/1/3190 3187/1/3187 3206/1/3206 3208/1/3208 
f 3204/1/3204 3206/1/3206 3187/1/3187 3186/1/3186 
f 3209/1/3209 3210/1/3210 3211/1/3211 3212/1/3212 
f 3165/1/3165 3211/1/3211 3210/1/3210 3168/1/3168 
f 3161/1/3161 3196/1/3196 3211/1/3211 3165/1/3165 
f 3212/1/3212 3211/1/3211 3196/1/3196 3195/1/3195 
f 3207/1/3207 3213/1/3213 3214/1/3214 3208/1/3208 
f 3215/1/3215 3216/1/3216 3214/1/3214 3213/1/3213 
f 3193/1/3193 3191/1/3191 3214/1/3214 3216/1/3216 
f 3208/1/3208 3214/1/3214 3191/1/3191 3190/1/3190 
f 3202/1/3202 3217/1/3217 3218/1/3218 3201/1/3201 
f 3213/1/3213 3218/1/3218 3217/1/3217 3215/1/3215 
f 3207/1/3207 3205/1/3205 3218/1/3218 3213/1/3213 
f 3201/1/3201 3218/1/3218 3205/1/3205 3203/1/3203 
f 3219/1/3219 3220/1/3220 3221/1/3221 3222/1/3222 
f 3223/1/3223 3221/1/3221 3220/1/3220 3224/1/3224 
f 3215/1/3215 3217/1/3217 3221/1/3221 3223/1/3223 
f 3222/1/3222 3221/1/3221 3217/1/3217 3202/1/3202 
f 3193/1/3193 3216/1/3216 3225/1/3225 3198/1/3198 
f 3223/1/3223 3225/1/3225 3216/1/3216 3215/1/3215 
f 3224/1/3224 3226/1/3226 3225/1/3225 3223/1/3223 
f 3198/1/3198 3225/1/3225 3226/1/3226 3195/1/3195 
f 3227/1/3227 3228/1/3228 3229/1/3229 3230/1/3230 
f 3228/1/3228 3182/1/3182 3181/1/3181 
f 3229/1/3229 3181/1/3181 3143/1/3143 
f 3230/1/3230 3229/1/3229 3176/1/3176 3172/1/3172 
f 3231/1/3231 3232/1/3232 3180/1/3180 3182/1/3182 
f 3222/1/3222 3232/1/3232 3231/1/3231 3219/1/3219 
f 3202/1/3202 3199/1/3199 3232/1/3232 3222/1/3222 
f 3180/1/3180 3232/1/3232 3199/1/3199 3177/1/3177 
f 3233/1/3233 3227/1/3227 3230/1/3230 
f 3230/1/3230 3172/1/3172 3173/1/3173 
f 3173/1/3173 3168/1/3168 3210/1/3210 
f 3210/1/3210 3209/1/3209 3233/1/3233 
f 3234/1/3234 3235/1/3235 3236/1/3236 3237/1/3237 
f 3238/1/3238 3236/1/3236 3235/1/3235 3219/1/3219 
f 3227/1/3227 3233/1/3233 3236/1/3236 3238/1/3238 
f 3237/1/3237 3236/1/3236 3233/1/3233 3209/1/3209 
f 3238/1/3238 3219/1/3219 3231/1/3231 
f 3182/1/3182 3228/1/3228 3239/1/3239 3231/1/3231 
f 3238/1/3238 3239/1/3239 3228/1/3228 3227/1/3227 
f 3224/1/3224 3220/1/3220 3240/1/3240 3241/1/3241 
f 3235/1/3235 3240/1/3240 3220/1/3220 3219/1/3219 
f 3241/1/3241 3240/1/3240 3235/1/3235 3234/1/3234 
f 3195/1/3195 3226/1/3226 3242/1/3242 3212/1/3212 
f 3241/1/3241 3242/1/3242 3226/1/3226 3224/1/3224 
f 3234/1/3234 3237/1/3237 3242/1/3242 3241/1/3241 
f 3212/1/3212 3242/1/3242 3237/1/3237 3209/1/3209 
f 3243/1/3243 3244/1/3244 3245/1/3245 3246/1/3246 
f 2498/1/2498 3244/1/3244 3243/1/3243 9/1/9 
f 3244/1/3244 2498/1/2498 2495/1/2495 
f 3247/1/3247 3245/1/3245 3244/1/3244 3248/1/3248 
f 3249/1/3249 3250/1/3250 3251/1/3251 
f 3252/1/3252 1/1/1 4/1/4 
f 9/1/9 3243/1/3243 3249/1/3249 4/1/4 
f 3246/1/3246 3250/1/3250 3249/1/3249 3243/1/3243 
f 3253/1/3253 3254/1/3254 3255/1/3255 3256/1/3256 
f 3257/1/3257 3255/1/3255 3254/1/3254 3258/1/3258 
f 3251/1/3251 3250/1/3250 3255/1/3255 3257/1/3257 
f 3256/1/3256 3255/1/3255 3250/1/3250 3246/1/3246 
f 3259/1/3259 3260/1/3260 3254/1/3254 3253/1/3253 
f 43/1/43 38/1/38 3260/1/3260 3259/1/3259 
f 38/1/38 41/1/41 3261/1/3261 
f 3258/1/3258 3254/1/3254 3260/1/3260 3261/1/3261 
f 3262/1/3262 3263/1/3263 3264/1/3264 3265/1/3265 
f 3263/1/3263 3262/1/3262 25/1/25 
f 1/1/1 3252/1/3252 3263/1/3263 24/1/24 
f 3264/1/3264 3263/1/3263 3252/1/3252 3251/1/3251 
f 3265/1/3265 3264/1/3264 3266/1/3266 3267/1/3267 
f 3266/1/3266 3264/1/3264 3251/1/3251 
f 3257/1/3257 3258/1/3258 3268/1/3268 
f 3267/1/3267 3266/1/3266 3268/1/3268 3269/1/3269 
f 3270/1/3270 3268/1/3268 3258/1/3258 
f 3261/1/3261 41/1/41 75/1/75 
f 3271/1/3271 3270/1/3270 75/1/75 55/1/55 
f 3269/1/3269 3268/1/3268 3270/1/3270 3271/1/3271 
f 32/1/32 35/1/35 3272/1/3272 3273/1/3273 
f 3262/1/3262 3272/1/3272 35/1/35 25/1/25 
f 3265/1/3265 3274/1/3274 3272/1/3272 3262/1/3262 
f 3273/1/3273 3272/1/3272 3274/1/3274 3275/1/3275 
f 3275/1/3275 3274/1/3274 3276/1/3276 3277/1/3277 
f 3267/1/3267 3276/1/3276 3274/1/3274 3265/1/3265 
f 3269/1/3269 3278/1/3278 3276/1/3276 3267/1/3267 
f 3277/1/3277 3276/1/3276 3278/1/3278 3279/1/3279 
f 3271/1/3271 3280/1/3280 3278/1/3278 3269/1/3269 
f 55/1/55 53/1/53 3280/1/3280 3271/1/3271 
f 3281/1/3281 3280/1/3280 53/1/53 52/1/52 
f 3279/1/3279 3278/1/3278 3280/1/3280 3281/1/3281 
f 34/1/34 33/1/33 3282/1/3282 3283/1/3283 
f 3273/1/3273 3282/1/3282 33/1/33 32/1/32 
f 3275/1/3275 3284/1/3284 3282/1/3282 3273/1/3273 
f 3283/1/3283 3282/1/3282 3284/1/3284 3285/1/3285 
f 3285/1/3285 3284/1/3284 3286/1/3286 3287/1/3287 
f 3277/1/3277 3286/1/3286 3284/1/3284 3275/1/3275 
f 3279/1/3279 3288/1/3288 3286/1/3286 3277/1/3277 
f 3287/1/3287 3286/1/3286 3288/1/3288 3289/1/3289 
f 3281/1/3281 3290/1/3290 3288/1/3288 3279/1/3279 
f 52/1/52 69/1/69 3290/1/3290 3281/1/3281 
f 3291/1/3291 3290/1/3290 69/1/69 70/1/70 
f 3289/1/3289 3288/1/3288 3290/1/3290 3291/1/3291 
f 3292/1/3292 3293/1/3293 3294/1/3294 3295/1/3295 
f 62/1/62 60/1/60 3293/1/3293 3292/1/3292 
f 3296/1/3296 3293/1/3293 60/1/60 61/1/61 
f 3297/1/3297 3294/1/3294 3293/1/3293 3296/1/3296 
f 3298/1/3298 3299/1/3299 3300/1/3300 3301/1/3301 
f 3302/1/3302 3303/1/3303 3300/1/3300 3299/1/3299 
f 1805/1/1805 3300/1/3300 3303/1/3303 1808/1/1808 
f 1804/1/1804 3301/1/3301 3300/1/3300 1805/1/1805 
f 3295/1/3295 3294/1/3294 3304/1/3304 3305/1/3305 
f 3306/1/3306 3304/1/3304 3294/1/3294 3297/1/3297 
f 3302/1/3302 3299/1/3299 3304/1/3304 3306/1/3306 
f 3305/1/3305 3304/1/3304 3299/1/3299 3298/1/3298 
f 3301/1/3301 3307/1/3307 3308/1/3308 3298/1/3298 
f 2623/1/2623 3307/1/3307 3301/1/3301 1804/1/1804 
f 2623/1/2623 2612/1/2612 3309/1/3309 3307/1/3307 
f 3310/1/3310 3308/1/3308 3307/1/3307 3309/1/3309 
f 3311/1/3311 3312/1/3312 3313/1/3313 3314/1/3314 
f 2275/1/2275 3313/1/3313 3312/1/3312 2274/1/2274 
f 1808/1/1808 3303/1/3303 3313/1/3313 2275/1/2275 
f 3314/1/3314 3313/1/3313 3303/1/3303 3302/1/3302 
f 3315/1/3315 3316/1/3316 3317/1/3317 3318/1/3318 
f 1817/1/1817 2273/1/2273 3317/1/3317 3316/1/3316 
f 2274/1/2274 3312/1/3312 3317/1/3317 2273/1/2273 
f 3318/1/3318 3317/1/3317 3312/1/3312 3311/1/3311 
f 3314/1/3314 3319/1/3319 3320/1/3320 3311/1/3311 
f 3302/1/3302 3306/1/3306 3319/1/3319 3314/1/3314 
f 3297/1/3297 3321/1/3321 3319/1/3319 3306/1/3306 
f 3322/1/3322 3320/1/3320 3319/1/3319 3321/1/3321 
f 3296/1/3296 3323/1/3323 3321/1/3321 3297/1/3297 
f 61/1/61 2461/1/2461 3323/1/3323 3296/1/3296 
f 2463/1/2463 3324/1/3324 3323/1/3323 2461/1/2461 
f 3321/1/3321 3323/1/3323 3324/1/3324 3322/1/3322 
f 3325/1/3325 3326/1/3326 3327/1/3327 3328/1/3328 
f 1812/1/1812 1811/1/1811 3326/1/3326 3325/1/3325 
f 3316/1/3316 3326/1/3326 1811/1/1811 1817/1/1817 
f 3315/1/3315 3327/1/3327 3326/1/3326 3316/1/3316 
f 3318/1/3318 3329/1/3329 3330/1/3330 3315/1/3315 
f 3311/1/3311 3320/1/3320 3329/1/3329 3318/1/3318 
f 3331/1/3331 3329/1/3329 3320/1/3320 3322/1/3322 
f 3332/1/3332 3330/1/3330 3329/1/3329 3331/1/3331 
f 3322/1/3322 3324/1/3324 3333/1/3333 3331/1/3331 
f 2469/1/2469 3333/1/3333 3324/1/3324 2463/1/2463 
f 2468/1/2468 3334/1/3334 3333/1/3333 2469/1/2469 
f 3331/1/3331 3333/1/3333 3334/1/3334 3332/1/3332 
f 3328/1/3328 3327/1/3327 3335/1/3335 3336/1/3336 
f 3330/1/3330 3335/1/3335 3327/1/3327 3315/1/3315 
f 3337/1/3337 3335/1/3335 3330/1/3330 3332/1/3332 
f 3336/1/3336 3335/1/3335 3337/1/3337 3338/1/3338 
f 3332/1/3332 3334/1/3334 3339/1/3339 3337/1/3337 
f 2471/1/2471 3339/1/3339 3334/1/3334 2468/1/2468 
f 3340/1/3340 3339/1/3339 2471/1/2471 3341/1/3341 
f 3338/1/3338 3337/1/3337 3339/1/3339 3340/1/3340 
f 3342/1/3342 3343/1/3343 1827/1/1827 
f 3325/1/3325 3342/1/3342 1826/1/1826 1812/1/1812 
f 3328/1/3328 3344/1/3344 3342/1/3342 3325/1/3325 
f 3343/1/3343 3342/1/3342 3344/1/3344 3345/1/3345 
f 3345/1/3345 3344/1/3344 3346/1/3346 3347/1/3347 
f 3336/1/3336 3346/1/3346 3344/1/3344 3328/1/3328 
f 3338/1/3338 3348/1/3348 3346/1/3346 3336/1/3336 
f 3348/1/3348 3349/1/3349 3347/1/3347 
f 3340/1/3340 3350/1/3350 3348/1/3348 3338/1/3338 
f 3341/1/3341 3351/1/3351 3350/1/3350 3340/1/3340 
f 3352/1/3352 3350/1/3350 3351/1/3351 3353/1/3353 
f 3350/1/3350 3352/1/3352 3349/1/3349 
f 3354/1/3354 3355/1/3355 3356/1/3356 3357/1/3357 
f 1800/1/1800 2081/1/2081 3355/1/3355 3354/1/3354 
f 3358/1/3358 3355/1/3355 2081/1/2081 2080/1/2080 
f 3359/1/3359 3356/1/3356 3355/1/3355 3358/1/3358 
f 2080/1/2080 2269/1/2269 3360/1/3360 3358/1/3358 
f 3343/1/3343 3360/1/3360 2269/1/2269 1827/1/1827 
f 3345/1/3345 3361/1/3361 3360/1/3360 3343/1/3343 
f 3358/1/3358 3360/1/3360 3361/1/3361 3359/1/3359 
f 3359/1/3359 3361/1/3361 3362/1/3362 3363/1/3363 
f 3347/1/3347 3362/1/3362 3361/1/3361 3345/1/3345 
f 3349/1/3349 3364/1/3364 3362/1/3362 3347/1/3347 
f 3363/1/3363 3362/1/3362 3364/1/3364 3365/1/3365 
f 3352/1/3352 3366/1/3366 3364/1/3364 3349/1/3349 
f 3353/1/3353 3367/1/3367 3366/1/3366 3352/1/3352 
f 3368/1/3368 3366/1/3366 3367/1/3367 3369/1/3369 
f 3365/1/3365 3364/1/3364 3366/1/3366 3368/1/3368 
f 3370/1/3370 3371/1/3371 3372/1/3372 3373/1/3373 
f 3371/1/3371 1802/1/1802 1801/1/1801 3372/1/3372 
f 3354/1/3354 3372/1/3372 1801/1/1801 1800/1/1800 
f 3357/1/3357 3373/1/3373 3372/1/3372 3354/1/3354 
f 3357/1/3357 3356/1/3356 3374/1/3374 3375/1/3375 
f 3363/1/3363 3374/1/3374 3356/1/3356 3359/1/3359 
f 3365/1/3365 3376/1/3376 3374/1/3374 3363/1/3363 
f 3375/1/3375 3374/1/3374 3376/1/3376 3377/1/3377 
f 3368/1/3368 3378/1/3378 3376/1/3376 3365/1/3365 
f 3369/1/3369 3379/1/3379 3378/1/3378 3368/1/3368 
f 3380/1/3380 3378/1/3378 3379/1/3379 3381/1/3381 
f 3377/1/3377 3376/1/3376 3378/1/3378 3380/1/3380 
f 3373/1/3373 3382/1/3382 3383/1/3383 3370/1/3370 
f 3375/1/3375 3382/1/3382 3373/1/3373 3357/1/3357 
f 3377/1/3377 3384/1/3384 3382/1/3382 3375/1/3375 
f 3385/1/3385 3383/1/3383 3382/1/3382 3384/1/3384 
f 3380/1/3380 3386/1/3386 3384/1/3384 3377/1/3377 
f 3381/1/3381 3387/1/3387 3386/1/3386 3380/1/3380 
f 3388/1/3388 3389/1/3389 3386/1/3386 3387/1/3387 
f 3384/1/3384 3386/1/3386 3389/1/3389 3385/1/3385 
f 2636/1/2636 3390/1/3390 3391/1/3391 2633/1/2633 
f 1802/1/1802 3371/1/3371 3390/1/3390 2636/1/2636 
f 3392/1/3392 3390/1/3390 3371/1/3371 3370/1/3370 
f 3393/1/3393 3391/1/3391 3390/1/3390 3392/1/3392 
f 3392/1/3392 3394/1/3394 3395/1/3395 3393/1/3393 
f 3370/1/3370 3383/1/3383 3394/1/3394 3392/1/3392 
f 3396/1/3396 3394/1/3394 3383/1/3383 3385/1/3385 
f 3397/1/3397 3395/1/3395 3394/1/3394 3396/1/3396 
f 3398/1/3398 3399/1/3399 3400/1/3400 3401/1/3401 
f 2642/1/2642 3400/1/3400 3399/1/3399 2639/1/2639 
f 2633/1/2633 3391/1/3391 3400/1/3400 2642/1/2642 
f 3401/1/3401 3400/1/3400 3391/1/3391 3393/1/3393 
f 3385/1/3385 3389/1/3389 3402/1/3402 3396/1/3396 
f 3403/1/3403 3402/1/3402 3389/1/3389 3388/1/3388 
f 3404/1/3404 3405/1/3405 3402/1/3402 3403/1/3403 
f 3396/1/3396 3402/1/3402 3405/1/3405 3397/1/3397 
f 85/1/85 81/1/81 3406/1/3406 3407/1/3407 
f 3408/1/3408 3406/1/3406 81/1/81 80/1/80 
f 3408/1/3408 3409/1/3409 3410/1/3410 3406/1/3406 
f 3407/1/3407 3406/1/3406 3410/1/3410 3411/1/3411 
f 3412/1/3412 3413/1/3413 3414/1/3414 
f 3414/1/3414 2478/1/2478 2477/1/2477 
f 3415/1/3415 3416/1/3416 2477/1/2477 2476/1/2476 
f 3417/1/3417 3412/1/3412 3416/1/3416 3415/1/3415 
f 3415/1/3415 3418/1/3418 3419/1/3419 3417/1/3417 
f 2476/1/2476 3420/1/3420 3418/1/3418 3415/1/3415 
f 3421/1/3421 3418/1/3418 3420/1/3420 3422/1/3422 
f 3423/1/3423 3419/1/3419 3418/1/3418 3421/1/3421 
f 3424/1/3424 3425/1/3425 3426/1/3426 
f 3412/1/3412 3417/1/3417 3425/1/3425 
f 3422/1/3422 3427/1/3427 3428/1/3428 3421/1/3421 
f 3410/1/3410 3428/1/3428 3427/1/3427 3411/1/3411 
f 3409/1/3409 3429/1/3429 3428/1/3428 3410/1/3410 
f 3421/1/3421 3428/1/3428 3429/1/3429 3423/1/3423 
f 106/1/106 105/1/105 3430/1/3430 3431/1/3431 
f 3407/1/3407 3430/1/3430 105/1/105 85/1/85 
f 3411/1/3411 3432/1/3432 3430/1/3430 3407/1/3407 
f 3431/1/3431 3430/1/3430 3432/1/3432 3433/1/3433 
f 3434/1/3434 3433/1/3433 3432/1/3432 
f 3411/1/3411 3427/1/3427 3435/1/3435 3432/1/3432 
f 3436/1/3436 3435/1/3435 3427/1/3427 3422/1/3422 
f 3437/1/3437 3434/1/3434 3435/1/3435 3436/1/3436 
f 3422/1/3422 3420/1/3420 3438/1/3438 3436/1/3436 
f 2485/1/2485 3438/1/3438 3420/1/3420 2476/1/2476 
f 2484/1/2484 3439/1/3439 3438/1/3438 2485/1/2485 
f 3436/1/3436 3438/1/3438 3439/1/3439 3437/1/3437 
f 720/1/720 719/1/719 3440/1/3440 3441/1/3441 
f 3431/1/3431 3440/1/3440 719/1/719 106/1/106 
f 3433/1/3433 3442/1/3442 3440/1/3440 3431/1/3431 
f 3443/1/3443 3441/1/3441 3440/1/3440 3442/1/3442 
f 3442/1/3442 3444/1/3444 3445/1/3445 3443/1/3443 
f 3444/1/3444 3442/1/3442 3433/1/3433 
f 3446/1/3446 3444/1/3444 3434/1/3434 3437/1/3437 
f 3447/1/3447 3445/1/3445 3444/1/3444 3446/1/3446 
f 3448/1/3448 3449/1/3449 3450/1/3450 3451/1/3451 
f 3449/1/3449 726/1/726 725/1/725 3450/1/3450 
f 725/1/725 720/1/720 3441/1/3441 
f 3451/1/3451 3450/1/3450 3441/1/3441 3443/1/3443 
f 3437/1/3437 3439/1/3439 3452/1/3452 3446/1/3446 
f 2488/1/2488 3452/1/3452 3439/1/3439 2484/1/2484 
f 2492/1/2492 3453/1/3453 3452/1/3452 2488/1/2488 
f 3446/1/3446 3452/1/3452 3453/1/3453 3447/1/3447 
f 3454/1/3454 3455/1/3455 3456/1/3456 3457/1/3457 
f 42/1/42 3456/1/3456 3455/1/3455 44/1/44 
f 43/1/43 3458/1/3458 3456/1/3456 42/1/42 
f 3458/1/3458 3459/1/3459 3457/1/3457 
f 3460/1/3460 3461/1/3461 3459/1/3459 
f 3259/1/3259 3460/1/3460 3458/1/3458 43/1/43 
f 3253/1/3253 3462/1/3462 3460/1/3460 3259/1/3259 
f 3461/1/3461 3460/1/3460 3462/1/3462 3463/1/3463 
f 3464/1/3464 3465/1/3465 3466/1/3466 3467/1/3467 
f 3468/1/3468 3469/1/3469 3465/1/3465 3464/1/3464 
f 3469/1/3469 3454/1/3454 3457/1/3457 
f 3465/1/3465 3457/1/3457 3459/1/3459 
f 3470/1/3470 2492/1/2492 2491/1/2491 
f 2491/1/2491 2490/1/2490 3471/1/3471 
f 3472/1/3472 3473/1/3473 3471/1/3471 3474/1/3474 
f 3472/1/3472 3475/1/3475 3470/1/3470 
f 3256/1/3256 3476/1/3476 3462/1/3462 3253/1/3253 
f 3246/1/3246 3245/1/3245 3476/1/3476 3256/1/3256 
f 3477/1/3477 3476/1/3476 3245/1/3245 3247/1/3247 
f 3463/1/3463 3462/1/3462 3476/1/3476 3477/1/3477 
f 3478/1/3478 3479/1/3479 3475/1/3475 
f 3480/1/3480 3478/1/3478 3472/1/3472 3474/1/3474 
f 2506/1/2506 2503/1/2503 3478/1/3478 3480/1/3480 
f 2503/1/2503 2504/1/2504 3479/1/3479 
f 3481/1/3481 3482/1/3482 3483/1/3483 3484/1/3484 
f 3447/1/3447 3453/1/3453 3483/1/3483 3482/1/3482 
f 3470/1/3470 3483/1/3483 3453/1/3453 2492/1/2492 
f 3483/1/3483 3470/1/3470 3475/1/3475 
f 3485/1/3485 3486/1/3486 3487/1/3487 3488/1/3488 
f 3486/1/3486 2495/1/2495 2494/1/2494 3487/1/3487 
f 726/1/726 3449/1/3449 3487/1/3487 2494/1/2494 
f 3488/1/3488 3487/1/3487 3449/1/3449 3448/1/3448 
f 3481/1/3481 3489/1/3489 3490/1/3490 3482/1/3482 
f 3451/1/3451 3490/1/3490 3489/1/3489 3448/1/3448 
f 3443/1/3443 3445/1/3445 3490/1/3490 3451/1/3451 
f 3482/1/3482 3490/1/3490 3445/1/3445 3447/1/3447 
f 2509/1/2509 2508/1/2508 3491/1/3491 3492/1/3492 
f 2508/1/2508 2512/1/2512 3493/1/3493 
f 3494/1/3494 3495/1/3495 3491/1/3491 3493/1/3493 
f 3496/1/3496 3492/1/3492 3491/1/3491 3495/1/3495 
f 3488/1/3488 3497/1/3497 3498/1/3498 3485/1/3485 
f 3448/1/3448 3489/1/3489 3497/1/3497 3488/1/3488 
f 3499/1/3499 3497/1/3497 3489/1/3489 3481/1/3481 
f 3498/1/3498 3497/1/3497 3499/1/3499 3500/1/3500 
f 3484/1/3484 3501/1/3501 3499/1/3499 3481/1/3481 
f 3484/1/3484 3475/1/3475 3479/1/3479 
f 3502/1/3502 3501/1/3501 3479/1/3479 2504/1/2504 
f 3500/1/3500 3499/1/3499 3501/1/3501 3502/1/3502 
f 3495/1/3495 3503/1/3503 3504/1/3504 3496/1/3496 
f 3495/1/3495 3494/1/3494 3505/1/3505 
f 3467/1/3467 3466/1/3466 3503/1/3503 3505/1/3505 
f 3466/1/3466 3459/1/3459 3504/1/3504 
f 3496/1/3496 3504/1/3504 3506/1/3506 3507/1/3507 
f 3461/1/3461 3506/1/3506 3504/1/3504 3459/1/3459 
f 3463/1/3463 3508/1/3508 3506/1/3506 3461/1/3461 
f 3507/1/3507 3506/1/3506 3508/1/3508 3509/1/3509 
f 3510/1/3510 3511/1/3511 3512/1/3512 3513/1/3513 
f 3498/1/3498 3512/1/3512 3511/1/3511 3485/1/3485 
f 3500/1/3500 3514/1/3514 3512/1/3512 3498/1/3498 
f 3513/1/3513 3512/1/3512 3514/1/3514 3515/1/3515 
f 3500/1/3500 3502/1/3502 3516/1/3516 3514/1/3514 
f 2510/1/2510 3516/1/3516 3502/1/3502 2504/1/2504 
f 2509/1/2509 3517/1/3517 3516/1/3516 2510/1/2510 
f 3514/1/3514 3516/1/3516 3517/1/3517 3515/1/3515 
f 3518/1/3518 3519/1/3519 3247/1/3247 
f 3486/1/3486 3518/1/3518 3248/1/3248 2495/1/2495 
f 3485/1/3485 3511/1/3511 3518/1/3518 3486/1/3486 
f 3519/1/3519 3518/1/3518 3511/1/3511 3510/1/3510 
f 3509/1/3509 3508/1/3508 3520/1/3520 3521/1/3521 
f 3477/1/3477 3520/1/3520 3508/1/3508 3463/1/3463 
f 3247/1/3247 3519/1/3519 3520/1/3520 3477/1/3477 
f 3519/1/3519 3510/1/3510 3521/1/3521 
f 3515/1/3515 3522/1/3522 3523/1/3523 3513/1/3513 
f 3521/1/3521 3523/1/3523 3522/1/3522 3509/1/3509 
f 3513/1/3513 3523/1/3523 3521/1/3521 3510/1/3510 
f 3517/1/3517 3524/1/3524 3522/1/3522 3515/1/3515 
f 2509/1/2509 3492/1/3492 3524/1/3524 3517/1/3517 
f 3507/1/3507 3524/1/3524 3492/1/3492 3496/1/3496 
f 3509/1/3509 3522/1/3522 3524/1/3524 3507/1/3507 
f 2625/1/2625 3525/1/3525 3526/1/3526 2611/1/2611 
f 3283/1/3283 3525/1/3525 2625/1/2625 34/1/34 
f 3285/1/3285 3527/1/3527 3525/1/3525 3283/1/3283 
f 3527/1/3527 3528/1/3528 3526/1/3526 3525/1/3525 
f 3528/1/3528 3527/1/3527 3529/1/3529 3530/1/3530 
f 3287/1/3287 3529/1/3529 3527/1/3527 3285/1/3285 
f 3289/1/3289 3531/1/3531 3529/1/3529 3287/1/3287 
f 3530/1/3530 3529/1/3529 3531/1/3531 3532/1/3532 
f 3526/1/3526 3528/1/3528 3533/1/3533 3534/1/3534 
f 3309/1/3309 3534/1/3534 3533/1/3533 3310/1/3310 
f 2608/1/2608 3534/1/3534 3309/1/3309 2612/1/2612 
f 2611/1/2611 3526/1/3526 3534/1/3534 2608/1/2608 
f 3535/1/3535 3536/1/3536 3537/1/3537 
f 64/1/64 63/1/63 3535/1/3535 3538/1/3538 
f 3539/1/3539 3535/1/3535 63/1/63 62/1/62 
f 3540/1/3540 3536/1/3536 3535/1/3535 3539/1/3539 
f 3541/1/3541 3542/1/3542 3536/1/3536 3540/1/3540 
f 2632/1/2632 2627/1/2627 3542/1/3542 3541/1/3541 
f 3543/1/3543 3542/1/3542 2627/1/2627 2630/1/2630 
f 3536/1/3536 3542/1/3542 3543/1/3543 3537/1/3537 
f 3291/1/3291 3544/1/3544 3531/1/3531 3289/1/3289 
f 70/1/70 2631/1/2631 3544/1/3544 3291/1/3291 
f 3545/1/3545 3544/1/3544 2631/1/2631 2632/1/2632 
f 3532/1/3532 3531/1/3531 3544/1/3544 3545/1/3545 
f 3540/1/3540 3539/1/3539 3546/1/3546 3547/1/3547 
f 3292/1/3292 3546/1/3546 3539/1/3539 62/1/62 
f 3295/1/3295 3548/1/3548 3546/1/3546 3292/1/3292 
f 3547/1/3547 3546/1/3546 3548/1/3548 3549/1/3549 
f 3549/1/3549 3550/1/3550 3551/1/3551 3547/1/3547 
f 3545/1/3545 3551/1/3551 3550/1/3550 3532/1/3532 
f 2632/1/2632 3541/1/3541 3551/1/3551 3545/1/3545 
f 3547/1/3547 3551/1/3551 3541/1/3541 3540/1/3540 
f 3409/1/3409 3408/1/3408 3552/1/3552 3553/1/3553 
f 2602/1/2602 3552/1/3552 3408/1/3408 80/1/80 
f 2603/1/2603 3554/1/3554 3552/1/3552 2602/1/2602 
f 3553/1/3553 3552/1/3552 3554/1/3554 3555/1/3555 
f 3305/1/3305 3556/1/3556 3548/1/3548 3295/1/3295 
f 3298/1/3298 3308/1/3308 3556/1/3556 3305/1/3305 
f 3557/1/3557 3556/1/3556 3308/1/3308 3310/1/3310 
f 3549/1/3549 3548/1/3548 3556/1/3556 3557/1/3557 
f 3557/1/3557 3558/1/3558 3550/1/3550 3549/1/3549 
f 3310/1/3310 3533/1/3533 3558/1/3558 3557/1/3557 
f 3530/1/3530 3558/1/3558 3533/1/3533 3528/1/3528 
f 3532/1/3532 3550/1/3550 3558/1/3558 3530/1/3530 
f 2647/1/2647 3559/1/3559 3554/1/3554 2603/1/2603 
f 2639/1/2639 3399/1/3399 3559/1/3559 2647/1/2647 
f 3560/1/3560 3559/1/3559 3399/1/3399 3398/1/3398 
f 3555/1/3555 3554/1/3554 3559/1/3559 3560/1/3560 
f 3561/1/3561 3562/1/3562 3563/1/3563 3564/1/3564 
f 3423/1/3423 3429/1/3429 3562/1/3562 3561/1/3561 
f 3553/1/3553 3562/1/3562 3429/1/3429 3409/1/3409 
f 3555/1/3555 3563/1/3563 3562/1/3562 3553/1/3553 
f 3564/1/3564 3565/1/3565 3566/1/3566 3561/1/3561 
f 3425/1/3425 3566/1/3566 3565/1/3565 3426/1/3426 
f 3417/1/3417 3419/1/3419 3566/1/3566 3425/1/3425 
f 3561/1/3561 3566/1/3566 3419/1/3419 3423/1/3423 
f 3567/1/3567 3568/1/3568 3569/1/3569 
f 3426/1/3426 3565/1/3565 3570/1/3570 3569/1/3569 
f 3571/1/3571 3570/1/3570 3565/1/3565 3564/1/3564 
f 3572/1/3572 3567/1/3567 3570/1/3570 3571/1/3571 
f 3573/1/3573 3574/1/3574 3567/1/3567 3572/1/3572 
f 3397/1/3397 3405/1/3405 3574/1/3574 3573/1/3573 
f 3575/1/3575 3574/1/3574 3405/1/3405 3404/1/3404 
f 3574/1/3574 3575/1/3575 3568/1/3568 
f 3564/1/3564 3563/1/3563 3576/1/3576 3571/1/3571 
f 3560/1/3560 3576/1/3576 3563/1/3563 3555/1/3555 
f 3398/1/3398 3577/1/3577 3576/1/3576 3560/1/3560 
f 3571/1/3571 3576/1/3576 3577/1/3577 3572/1/3572 
f 3572/1/3572 3577/1/3577 3578/1/3578 3573/1/3573 
f 3401/1/3401 3578/1/3578 3577/1/3577 3398/1/3398 
f 3393/1/3393 3395/1/3395 3578/1/3578 3401/1/3401 
f 3573/1/3573 3578/1/3578 3395/1/3395 3397/1/3397 
f 20/1/20 21/1/21 18/1/18 
f 49/1/49 50/1/50 47/1/47 
f 51/1/51 54/1/54 47/1/47 
f 48/1/48 47/1/47 53/1/53 
f 59/1/59 58/1/58 63/1/63 
f 73/1/73 72/1/72 49/1/49 
f 78/1/78 79/1/79 76/1/76 
f 41/1/41 40/1/40 76/1/76 
f 127/1/127 124/1/124 123/1/123 
f 126/1/126 134/1/134 132/1/132 
f 17/1/17 136/1/136 139/1/139 
f 119/1/119 143/1/143 144/1/144 
f 125/1/125 144/1/144 147/1/147 
f 163/1/163 164/1/164 161/1/161 
f 169/1/169 171/1/171 167/1/167 
f 178/1/178 176/1/176 175/1/175 
f 179/1/179 180/1/180 176/1/176 
f 178/1/178 218/1/218 222/1/222 
f 255/1/255 1862/1/1862 253/1/253 
f 253/1/253 1862/1/1862 256/1/256 
f 254/1/254 253/1/253 258/1/258 
f 223/1/223 226/1/226 310/1/310 
f 311/1/311 310/1/310 226/1/226 
f 337/1/337 338/1/338 335/1/335 
f 357/1/357 355/1/355 257/1/257 
f 308/1/308 368/1/368 367/1/367 
f 405/1/405 404/1/404 408/1/408 
f 389/1/389 413/1/413 410/1/410 
f 425/1/425 429/1/429 428/1/428 
f 443/1/443 440/1/440 445/1/445 
f 431/1/431 453/1/453 428/1/428 
f 465/1/465 467/1/467 463/1/463 
f 491/1/491 493/1/493 489/1/489 
f 470/1/470 469/1/469 494/1/494 
f 515/1/515 519/1/519 518/1/518 
f 524/1/524 525/1/525 521/1/521 
f 530/1/530 538/1/538 534/1/534 
f 551/1/551 552/1/552 528/1/528 
f 522/1/522 552/1/552 551/1/551 
f 523/1/523 538/1/538 552/1/552 
f 528/1/528 552/1/552 538/1/538 
f 559/1/559 560/1/560 557/1/557 
f 562/1/562 557/1/557 560/1/560 
f 561/1/561 566/1/566 565/1/565 
f 566/1/566 568/1/568 495/1/495 
f 464/1/464 571/1/571 526/1/526 
f 576/1/576 581/1/581 579/1/579 
f 591/1/591 588/1/588 587/1/587 
f 601/1/601 602/1/602 597/1/597 
f 598/1/598 597/1/597 602/1/602 
f 560/1/560 617/1/617 616/1/616 
f 623/1/623 624/1/624 621/1/621 
f 567/1/567 621/1/621 624/1/624 
f 622/1/622 621/1/621 616/1/616 
f 622/1/622 627/1/627 625/1/625 
f 623/1/623 630/1/630 629/1/629 
f 624/1/624 629/1/629 573/1/573 
f 589/1/589 630/1/630 631/1/631 
f 634/1/634 631/1/631 632/1/632 
f 590/1/590 631/1/631 634/1/634 
f 642/1/642 640/1/640 639/1/639 
f 652/1/652 651/1/651 655/1/655 
f 641/1/641 658/1/658 657/1/657 
f 612/1/612 609/1/609 657/1/657 
f 647/1/647 666/1/666 658/1/658 
f 661/1/661 671/1/671 670/1/670 
f 669/1/669 670/1/670 644/1/644 
f 664/1/664 671/1/671 672/1/672 
f 659/1/659 672/1/672 671/1/671 
f 653/1/653 650/1/650 672/1/672 
f 665/1/665 672/1/672 650/1/650 
f 697/1/697 698/1/698 696/1/696 
f 227/1/227 696/1/696 698/1/698 
f 308/1/308 706/1/706 705/1/705 
f 703/1/703 706/1/706 707/1/707 
f 311/1/311 707/1/707 706/1/706 
f 228/1/228 698/1/698 707/1/707 
f 708/1/708 707/1/707 698/1/698 
f 716/1/716 721/1/721 732/1/732 
f 795/1/795 792/1/792 800/1/800 
f 840/1/840 842/1/842 525/1/525 
f 516/1/516 518/1/518 842/1/842 
f 525/1/525 842/1/842 518/1/518 
f 516/1/516 841/1/841 849/1/849 
f 854/1/854 855/1/855 852/1/852 
f 857/1/857 852/1/852 855/1/855 
f 858/1/858 859/1/859 852/1/852 
f 853/1/853 852/1/852 859/1/859 
f 863/1/863 861/1/861 860/1/860 
f 923/1/923 922/1/922 825/1/825 
f 926/1/926 921/1/921 929/1/929 
f 924/1/924 931/1/931 929/1/929 
f 901/1/901 937/1/937 936/1/936 
f 932/1/932 936/1/936 937/1/937 
f 905/1/905 902/1/902 936/1/936 
f 937/1/937 939/1/939 938/1/938 
f 938/1/938 941/1/941 940/1/940 
f 945/1/945 942/1/942 941/1/941 
f 950/1/950 951/1/951 947/1/947 
f 940/1/940 947/1/947 951/1/951 
f 969/1/969 965/1/965 976/1/976 
f 975/1/975 978/1/978 971/1/971 
f 978/1/978 979/1/979 458/1/458 
f 458/1/458 979/1/979 980/1/980 
f 402/1/402 986/1/986 985/1/985 
f 914/1/914 910/1/910 988/1/988 
f 1010/1/1010 1011/1/1011 1009/1/1009 
f 943/1/943 999/1/999 1011/1/1011 
f 1009/1/1009 1011/1/1011 999/1/999 
f 1016/1/1016 1005/1/1005 595/1/595 
f 585/1/585 1007/1/1007 1017/1/1017 
f 1013/1/1013 1017/1/1017 1007/1/1007 
f 996/1/996 1033/1/1033 1032/1/1032 
f 1035/1/1035 1032/1/1032 1033/1/1033 
f 1034/1/1034 1033/1/1033 1036/1/1036 
f 1004/1/1004 1036/1/1036 1033/1/1033 
f 990/1/990 989/1/989 1036/1/1036 
f 1037/1/1037 1036/1/1036 989/1/989 
f 1035/1/1035 1039/1/1039 1043/1/1043 
f 260/1/260 1096/1/1096 1095/1/1095 
f 1098/1/1098 1095/1/1095 1096/1/1096 
f 254/1/254 1095/1/1095 1100/1/1100 
f 1128/1/1128 1126/1/1126 1125/1/1125 
f 1136/1/1136 1133/1/1133 1132/1/1132 
f 1137/1/1137 1138/1/1138 1133/1/1133 
f 1134/1/1134 1133/1/1133 1138/1/1138 
f 1168/1/1168 1169/1/1169 1165/1/1165 
f 1172/1/1172 1174/1/1174 1170/1/1170 
f 1176/1/1176 1177/1/1177 1174/1/1174 
f 1167/1/1167 1182/1/1182 1179/1/1179 
f 1183/1/1183 1184/1/1184 1179/1/1179 
f 1180/1/1180 1186/1/1186 1185/1/1185 
f 1175/1/1175 1172/1/1172 1185/1/1185 
f 1181/1/1181 1185/1/1185 1187/1/1187 
f 926/1/926 1190/1/1190 1188/1/1188 
f 1192/1/1192 1193/1/1193 1189/1/1189 
f 1196/1/1196 1197/1/1197 1194/1/1194 
f 1182/1/1182 1194/1/1194 1197/1/1197 
f 1192/1/1192 1194/1/1194 1182/1/1182 
f 1191/1/1191 1195/1/1195 1194/1/1194 
f 1199/1/1199 1198/1/1198 1197/1/1197 
f 1186/1/1186 1198/1/1198 1201/1/1201 
f 1207/1/1207 1206/1/1206 1205/1/1205 
f 618/1/618 1209/1/1209 626/1/626 
f 1217/1/1217 1220/1/1220 1216/1/1216 
f 1221/1/1221 1224/1/1224 1223/1/1223 
f 1223/1/1223 1225/1/1225 1210/1/1210 
f 663/1/663 1225/1/1225 1223/1/1223 
f 1196/1/1196 1214/1/1214 1226/1/1226 
f 1218/1/1218 1227/1/1227 1226/1/1226 
f 1199/1/1199 1226/1/1226 1227/1/1227 
f 1235/1/1235 1238/1/1238 1242/1/1242 
f 1280/1/1280 1282/1/1282 1281/1/1281 
f 1286/1/1286 1284/1/1284 1283/1/1283 
f 1284/1/1284 1286/1/1286 1269/1/1269 
f 1289/1/1289 1291/1/1291 1287/1/1287 
f 1285/1/1285 1283/1/1283 1287/1/1287 
f 1288/1/1288 1287/1/1287 1283/1/1283 
f 1285/1/1285 1295/1/1295 1293/1/1293 
f 1300/1/1300 1302/1/1302 1296/1/1296 
f 1301/1/1301 1300/1/1300 1299/1/1299 
f 1282/1/1282 1300/1/1300 1301/1/1301 
f 1302/1/1302 1300/1/1300 1282/1/1282 
f 1304/1/1304 1303/1/1303 1301/1/1301 
f 1128/1/1128 1303/1/1303 886/1/886 
f 1297/1/1297 1294/1/1294 1308/1/1308 
f 1309/1/1309 1308/1/1308 1276/1/1276 
f 1289/1/1289 1318/1/1318 1316/1/1316 
f 1288/1/1288 1320/1/1320 1318/1/1318 
f 1323/1/1323 1317/1/1317 1319/1/1319 
f 1340/1/1340 1341/1/1341 1339/1/1339 
f 1344/1/1344 1347/1/1347 1335/1/1335 
f 1340/1/1340 1342/1/1342 1355/1/1355 
f 1356/1/1356 1359/1/1359 1341/1/1341 
f 1363/1/1363 1362/1/1362 1346/1/1346 
f 1376/1/1376 1387/1/1387 1385/1/1385 
f 1396/1/1396 1394/1/1394 1393/1/1393 
f 1417/1/1417 1414/1/1414 1413/1/1413 
f 1415/1/1415 1414/1/1414 1400/1/1400 
f 1175/1/1175 1201/1/1201 1432/1/1432 
f 1176/1/1176 1431/1/1431 1435/1/1435 
f 1440/1/1440 1439/1/1439 1227/1/1227 
f 1433/1/1433 1439/1/1439 1442/1/1442 
f 1445/1/1445 1446/1/1446 1443/1/1443 
f 1430/1/1430 1442/1/1442 1443/1/1443 
f 1448/1/1448 1450/1/1450 1426/1/1426 
f 1448/1/1448 1447/1/1447 1441/1/1441 
f 1450/1/1450 1448/1/1448 619/1/619 
f 1444/1/1444 1452/1/1452 1451/1/1451 
f 1426/1/1426 1422/1/1422 1452/1/1452 
f 1421/1/1421 1436/1/1436 1455/1/1455 
f 1446/1/1446 1456/1/1456 1434/1/1434 
f 1419/1/1419 1456/1/1456 1454/1/1454 
f 1409/1/1409 1434/1/1434 1456/1/1456 
f 1460/1/1460 1459/1/1459 1428/1/1428 
f 1397/1/1397 1405/1/1405 1462/1/1462 
f 1464/1/1464 1461/1/1461 1467/1/1467 
f 1471/1/1471 1474/1/1474 1399/1/1399 
f 1509/1/1509 1507/1/1507 1506/1/1506 
f 1510/1/1510 1511/1/1511 1507/1/1507 
f 1508/1/1508 1506/1/1506 1514/1/1514 
f 1514/1/1514 1516/1/1516 1517/1/1517 
f 1427/1/1427 1535/1/1535 1534/1/1534 
f 1532/1/1532 1534/1/1534 1535/1/1535 
f 1460/1/1460 1534/1/1534 1522/1/1522 
f 1547/1/1547 1550/1/1550 1545/1/1545 
f 1540/1/1540 1568/1/1568 1567/1/1567 
f 1560/1/1560 1567/1/1567 1568/1/1568 
f 1606/1/1606 1608/1/1608 1605/1/1605 
f 865/1/865 1608/1/1608 1607/1/1607 
f 858/1/858 1607/1/1607 1610/1/1610 
f 1611/1/1611 1610/1/1610 1607/1/1607 
f 1603/1/1603 1614/1/1614 1612/1/1612 
f 1450/1/1450 1612/1/1612 1614/1/1614 
f 559/1/559 558/1/558 1612/1/1612 
f 1613/1/1613 1612/1/1612 558/1/558 
f 1614/1/1614 1615/1/1615 1425/1/1425 
f 1619/1/1619 1616/1/1616 1617/1/1617 
f 549/1/549 1616/1/1616 1619/1/1619 
f 1595/1/1595 1602/1/1602 1620/1/1620 
f 1621/1/1621 1620/1/1620 1602/1/1602 
f 1593/1/1593 1620/1/1620 1623/1/1623 
f 532/1/532 545/1/545 1627/1/1627 
f 1619/1/1619 1627/1/1627 545/1/545 
f 533/1/533 1627/1/1627 1624/1/1624 
f 1609/1/1609 1630/1/1630 1628/1/1628 
f 1621/1/1621 1631/1/1631 1629/1/1629 
f 862/1/862 1635/1/1635 1633/1/1633 
f 1605/1/1605 1633/1/1633 1634/1/1634 
f 1642/1/1642 1638/1/1638 1637/1/1637 
f 872/1/872 1513/1/1513 1638/1/1638 
f 1646/1/1646 1644/1/1644 1643/1/1643 
f 1641/1/1641 1644/1/1644 1647/1/1647 
f 1636/1/1636 1635/1/1635 1647/1/1647 
f 1652/1/1652 1653/1/1653 1650/1/1650 
f 1652/1/1652 1651/1/1651 1640/1/1640 
f 1510/1/1510 1519/1/1519 1652/1/1652 
f 1716/1/1716 1715/1/1715 1718/1/1718 
f 1723/1/1723 1724/1/1724 1721/1/1721 
f 1736/1/1736 1734/1/1734 1733/1/1733 
f 1748/1/1748 1746/1/1746 1745/1/1745 
f 1747/1/1747 1753/1/1753 1751/1/1751 
f 1760/1/1760 1757/1/1757 1758/1/1758 
f 1263/1/1263 1757/1/1757 1760/1/1760 
f 1554/1/1554 1557/1/1557 1767/1/1767 
f 1764/1/1764 1769/1/1769 1767/1/1767 
f 1759/1/1759 1758/1/1758 1783/1/1783 
f 1813/1/1813 1823/1/1823 1821/1/1821 
f 172/1/172 171/1/171 1821/1/1821 
f 1812/1/1812 1826/1/1826 1825/1/1825 
f 1828/1/1828 1825/1/1825 1826/1/1826 
f 1841/1/1841 1839/1/1839 1838/1/1838 
f 1840/1/1840 1854/1/1854 1852/1/1852 
f 1841/1/1841 1852/1/1852 1100/1/1100 
f 1858/1/1858 1859/1/1859 1856/1/1856 
f 1855/1/1855 1861/1/1861 1860/1/1860 
f 1870/1/1870 1869/1/1869 1148/1/1148 
f 1774/1/1774 1901/1/1901 1902/1/1902 
f 1903/1/1903 1900/1/1900 1904/1/1904 
f 1905/1/1905 1904/1/1904 1768/1/1768 
f 1953/1/1953 1955/1/1955 1951/1/1951 
f 1952/1/1952 1951/1/1951 1958/1/1958 
f 1962/1/1962 1960/1/1960 1955/1/1955 
f 1961/1/1961 1960/1/1960 1784/1/1784 
f 1163/1/1163 1965/1/1965 1968/1/1968 
f 1728/1/1728 1727/1/1727 1968/1/1968 
f 1978/1/1978 1976/1/1976 1971/1/1971 
f 1979/1/1979 1981/1/1981 1958/1/1958 
f 1959/1/1959 1958/1/1958 1981/1/1981 
f 1980/1/1980 1987/1/1987 1985/1/1985 
f 1995/1/1995 1994/1/1994 1913/1/1913 
f 1999/1/1999 2000/1/2000 1997/1/1997 
f 2002/1/2002 1997/1/1997 2000/1/2000 
f 2029/1/2029 2030/1/2030 2027/1/2027 
f 2032/1/2032 2027/1/2027 2030/1/2030 
f 1719/1/1719 1724/1/1724 2027/1/2027 
f 2071/1/2071 2072/1/2072 2069/1/2069 
f 1992/1/1992 2076/1/2076 2075/1/2075 
f 2032/1/2032 2100/1/2100 1720/1/1720 
f 2026/1/2026 2025/1/2025 2100/1/2100 
f 1885/1/1885 2106/1/2106 2105/1/2105 
f 1950/1/1950 2149/1/2149 2150/1/2150 
f 2151/1/2151 2150/1/2150 2052/1/2052 
f 2153/1/2153 2152/1/2152 2146/1/2146 
f 2168/1/2168 2165/1/2165 2164/1/2164 
f 1149/1/1149 1871/1/1871 2165/1/2165 
f 2167/1/2167 2172/1/2172 2169/1/2169 
f 2177/1/2177 2176/1/2176 2164/1/2164 
f 2183/1/2183 2180/1/2180 2179/1/2179 
f 1381/1/1381 1390/1/1390 2180/1/2180 
f 2185/1/2185 2184/1/2184 2183/1/2183 
f 1491/1/1491 2193/1/2193 2196/1/2196 
f 2001/1/2001 2203/1/2203 2202/1/2202 
f 2013/1/2013 2223/1/2223 2226/1/2226 
f 1917/1/1917 2232/1/2232 2233/1/2233 
f 1995/1/1995 2240/1/2240 2078/1/2078 
f 2249/1/2249 2248/1/2248 1925/1/1925 
f 2250/1/2250 2251/1/2251 1963/1/1963 
f 1963/1/1963 2251/1/2251 2043/1/2043 
f 2253/1/2253 2252/1/2252 2247/1/2247 
f 2079/1/2079 2243/1/2243 2257/1/2257 
f 1924/1/1924 1928/1/1928 2258/1/2258 
f 1983/1/1983 2192/1/2192 2259/1/2259 
f 1959/1/1959 2262/1/2262 2263/1/2263 
f 2264/1/2264 2263/1/2263 2262/1/2262 
f 2264/1/2264 2266/1/2266 2171/1/2171 
f 1827/1/1827 2269/1/2269 2268/1/2268 
f 2085/1/2085 2270/1/2270 2268/1/2268 
f 2153/1/2153 2285/1/2285 1838/1/1838 
f 1741/1/1741 1859/1/1859 2288/1/2288 
f 349/1/349 2104/1/2104 2289/1/2289 
f 2110/1/2110 2107/1/2107 2289/1/2289 
f 356/1/356 2289/1/2289 2107/1/2107 
f 1888/1/1888 2291/1/2291 2106/1/2106 
f 2163/1/2163 2293/1/2293 2292/1/2292 
f 2298/1/2298 2296/1/2296 2295/1/2295 
f 874/1/874 873/1/873 2296/1/2296 
f 2315/1/2315 2316/1/2316 2314/1/2314 
f 860/1/860 2316/1/2316 2315/1/2315 
f 2309/1/2309 2314/1/2314 2316/1/2316 
f 2315/1/2315 2318/1/2318 1648/1/1648 
f 1648/1/1648 2318/1/2318 2295/1/2295 
f 1528/1/1528 1604/1/1604 2327/1/2327 
f 1594/1/1594 2327/1/2327 1604/1/1604 
f 2328/1/2328 2331/1/2331 1582/1/1582 
f 2330/1/2330 2331/1/2331 2328/1/2328 
f 2383/1/2383 2390/1/2390 2385/1/2385 
f 2388/1/2388 2395/1/2395 2393/1/2393 
f 2400/1/2400 2399/1/2399 2391/1/2391 
f 2455/1/2455 1520/1/1520 1508/1/1508 
f 1650/1/1650 1653/1/1653 2457/1/2457 
f 1521/1/1521 2448/1/2448 2457/1/2457 
f 2460/1/2460 2462/1/2462 2458/1/2458 
f 2459/1/2459 2458/1/2458 57/1/57 
f 2466/1/2466 2467/1/2467 2464/1/2464 
f 2469/1/2469 2464/1/2464 2467/1/2467 
f 2465/1/2465 2464/1/2464 2462/1/2462 
f 2474/1/2474 2475/1/2475 2472/1/2472 
f 2476/1/2476 2477/1/2477 2475/1/2475 
f 2478/1/2478 2479/1/2479 2475/1/2475 
f 2483/1/2483 2486/1/2486 2482/1/2482 
f 2495/1/2495 2496/1/2496 2493/1/2493 
f 2510/1/2510 2513/1/2513 2508/1/2508 
f 2500/1/2500 2513/1/2513 2510/1/2510 
f 2511/1/2511 2513/1/2513 2500/1/2500 
f 2516/1/2516 2518/1/2518 2514/1/2514 
f 2527/1/2527 2526/1/2526 180/1/180 
f 2533/1/2533 2536/1/2536 2534/1/2534 
f 2629/1/2629 2628/1/2628 66/1/66 
f 200/1/200 2656/1/2656 2658/1/2658 
f 2661/1/2661 2662/1/2662 2659/1/2659 
f 2660/1/2660 2669/1/2669 2668/1/2668 
f 2727/1/2727 2725/1/2725 2724/1/2724 
f 2726/1/2726 2732/1/2732 2730/1/2730 
f 2733/1/2733 2740/1/2740 2738/1/2738 
f 179/1/179 222/1/222 2748/1/2748 
f 2746/1/2746 2751/1/2751 2758/1/2758 
f 2750/1/2750 2765/1/2765 2755/1/2755 
f 2516/1/2516 2523/1/2523 2765/1/2765 
f 2757/1/2757 2766/1/2766 2772/1/2772 
f 2771/1/2771 2772/1/2772 2766/1/2766 
f 1891/1/1891 2774/1/2774 2769/1/2769 
f 2793/1/2793 2792/1/2792 1361/1/1361 
f 2803/1/2803 2804/1/2804 1499/1/1499 
f 1906/1/1906 2807/1/2807 2805/1/2805 
f 2826/1/2826 2825/1/2825 2579/1/2579 
f 2835/1/2835 2834/1/2834 2824/1/2824 
f 1160/1/1160 1156/1/1156 2846/1/2846 
f 2850/1/2850 2859/1/2859 2858/1/2858 
f 2884/1/2884 2883/1/2883 2536/1/2536 
f 2890/1/2890 2891/1/2891 2732/1/2732 
f 2902/1/2902 2906/1/2906 2909/1/2909 
f 1269/1/1269 1298/1/1298 2910/1/2910 
f 2913/1/2913 2910/1/2910 2911/1/2911 
f 2578/1/2578 2584/1/2584 2914/1/2914 
f 1275/1/1275 2867/1/2867 2919/1/2919 
f 2920/1/2920 2919/1/2919 2867/1/2867 
f 2866/1/2866 2869/1/2869 2922/1/2922 
f 1497/1/1497 2977/1/2977 1516/1/1516 
f 2804/1/2804 2987/1/2987 2976/1/2976 
f 2789/1/2789 2788/1/2788 2995/1/2995 
f 2553/1/2553 2995/1/2995 2788/1/2788 
f 3001/1/3001 2997/1/2997 3004/1/3004 
f 1581/1/1581 3014/1/3014 3012/1/3012 
f 3017/1/3017 3016/1/3016 2447/1/2447 
f 3032/1/3032 3031/1/3031 3028/1/3028 
f 3015/1/3015 3014/1/3014 3031/1/3031 
f 1579/1/1579 3031/1/3031 3014/1/3014 
f 2569/1/2569 3033/1/3033 3035/1/3035 
f 2999/1/2999 3047/1/3047 3049/1/3049 
f 2668/1/2668 3095/1/3095 3093/1/3093 
f 3097/1/3097 3096/1/3096 2546/1/2546 
f 3098/1/3098 3097/1/3097 3109/1/3109 
f 1473/1/1473 1478/1/1478 3123/1/3123 
f 2970/1/2970 3123/1/3123 1478/1/1478 
f 1392/1/1392 1391/1/1391 3125/1/3125 
f 2392/1/2392 3142/1/3142 3141/1/3141 
f 3144/1/3144 3141/1/3141 3142/1/3142 
f 3171/1/3171 3175/1/3175 2389/1/2389 
f 3172/1/3172 3176/1/3176 3175/1/3175 
f 3142/1/3142 3175/1/3175 3176/1/3176 
f 3181/1/3181 3179/1/3179 3148/1/3148 
f 3181/1/3181 3229/1/3229 3228/1/3228 
f 3143/1/3143 3176/1/3176 3229/1/3229 
f 3230/1/3230 3579/1/3579 3233/1/3233 
f 3173/1/3173 3579/1/3579 3230/1/3230 
f 3210/1/3210 3579/1/3579 3173/1/3173 
f 3233/1/3233 3579/1/3579 3210/1/3210 
f 3231/1/3231 3239/1/3239 3238/1/3238 
f 2495/1/2495 3248/1/3248 3244/1/3244 
f 3251/1/3251 3252/1/3252 3249/1/3249 
f 4/1/4 3249/1/3249 3252/1/3252 
f 3261/1/3261 3260/1/3260 38/1/38 
f 25/1/25 24/1/24 3263/1/3263 
f 3251/1/3251 3257/1/3257 3266/1/3266 
f 3268/1/3268 3266/1/3266 3257/1/3257 
f 3258/1/3258 3261/1/3261 3270/1/3270 
f 75/1/75 3270/1/3270 3261/1/3261 
f 1827/1/1827 1826/1/1826 3342/1/3342 
f 3347/1/3347 3346/1/3346 3348/1/3348 
f 3349/1/3349 3348/1/3348 3350/1/3350 
f 3414/1/3414 3416/1/3416 3412/1/3412 
f 2477/1/2477 3416/1/3416 3414/1/3414 
f 3413/1/3413 3412/1/3412 3424/1/3424 
f 3425/1/3425 3424/1/3424 3412/1/3412 
f 3432/1/3432 3435/1/3435 3434/1/3434 
f 3433/1/3433 3434/1/3434 3444/1/3444 
f 3441/1/3441 3450/1/3450 725/1/725 
f 3457/1/3457 3456/1/3456 3458/1/3458 
f 3459/1/3459 3458/1/3458 3460/1/3460 
f 3457/1/3457 3465/1/3465 3469/1/3469 
f 3459/1/3459 3466/1/3466 3465/1/3465 
f 2491/1/2491 3473/1/3473 3470/1/3470 
f 3471/1/3471 3473/1/3473 2491/1/2491 
f 3470/1/3470 3473/1/3473 3472/1/3472 
f 3475/1/3475 3472/1/3472 3478/1/3478 
f 3479/1/3479 3478/1/3478 2503/1/2503 
f 3475/1/3475 3484/1/3484 3483/1/3483 
f 3493/1/3493 3491/1/3491 2508/1/2508 
f 3479/1/3479 3501/1/3501 3484/1/3484 
f 3505/1/3505 3503/1/3503 3495/1/3495 
f 3504/1/3504 3503/1/3503 3466/1/3466 
f 3247/1/3247 3248/1/3248 3518/1/3518 
f 3521/1/3521 3520/1/3520 3519/1/3519 
f 3537/1/3537 3538/1/3538 3535/1/3535 
f 3569/1/3569 3570/1/3570 3567/1/3567 
f 3568/1/3568 3567/1/3567 3574/1/3574 
# 3093 polygons - 896 triangles

