# 3ds Max Wavefront OBJ Exporter v0.99 - (c)2007 guruware
# File Created: 04.04.2025 13:54:47

mtllib Flor1.mtl

#
# object part3
#

v  -0.5433 4.3692 6.1411
v  1.1030 3.1576 6.3946
v  1.1933 4.2308 6.1301
v  -0.6328 3.2888 6.4197
v  -0.4706 5.2206 5.5341
v  1.0086 2.0242 6.3478
v  1.2667 5.0785 5.5334
v  -0.7276 2.1597 6.3663
v  -0.4224 5.7604 4.6173
v  0.9222 0.9994 6.0030
v  1.3154 5.6195 4.6208
v  -0.8140 1.1365 6.0187
v  -0.4051 5.9252 3.4061
v  0.8457 0.1054 5.4878
v  1.3326 5.7814 3.4109
v  -0.8903 0.2389 5.5105
v  -0.4255 5.6474 2.1670
v  0.7799 -0.6321 4.9207
v  1.3120 5.5013 2.1719
v  -0.9554 -0.5052 4.9578
v  -0.4920 4.8400 1.1679
v  0.7221 -1.2580 4.3263
v  1.2455 4.6936 1.1728
v  -1.0126 -1.1312 4.3662
v  1.1605 3.6795 0.4728
v  0.6709 -1.8208 3.7412
v  -0.5772 3.8237 0.4678
v  -1.0630 -1.6928 3.7773
v  1.0842 2.7810 0.1321
v  0.6234 -2.3663 3.1581
v  -0.6536 2.9230 0.1262
v  -1.1101 -2.2223 3.1816
v  1.0089 1.9131 0.0005
v  -1.1576 -2.7265 2.5609
v  -0.7281 2.0568 -0.0114
v  0.5784 -2.9273 2.5555
v  0.5337 -3.4661 1.9258
v  -1.2047 -3.2137 1.9137
v  0.9256 0.9844 -0.0689
v  -0.8092 1.1323 -0.0962
v  0.8449 0.0896 -0.0904
v  -0.8892 0.2400 -0.1223
v  -0.9571 -0.5039 -0.1022
v  0.7780 -0.6689 -0.0806
v  -1.0199 -1.1536 -0.0487
v  0.7165 -1.3566 -0.0394
v  -1.0843 -1.8063 0.0218
v  0.6538 -2.0502 0.0269
v  -1.1476 -2.5203 0.0826
v  0.5914 -2.7576 0.1048
v  0.9988 1.6095 -7.5594
v  -0.8129 0.8978 -7.6708
v  -0.7337 1.8231 -7.5732
v  0.9178 0.6689 -7.6556
v  1.0712 2.4626 -7.2002
v  -0.8835 0.0769 -7.5402
v  -0.6630 2.6593 -7.2136
v  0.8487 -0.1376 -7.5241
v  -0.6146 3.2475 -6.5576
v  -0.9458 -0.6496 -7.1790
v  1.1188 3.0467 -6.5443
v  0.7878 -0.8456 -7.1659
v  -0.5895 3.5709 -5.7118
v  -1.0016 -1.3003 -6.5879
v  1.1415 3.3479 -5.6977
v  0.7314 -1.4930 -6.5795
v  -0.5884 3.6119 -4.7816
v  -1.0486 -1.8502 -5.8858
v  1.1426 3.3835 -4.7655
v  0.6827 -2.0528 -5.8812
v  -0.6137 3.3292 -3.8451
v  -1.0883 -2.3091 -5.1912
v  1.1171 3.1026 -3.8324
v  0.6454 -2.4893 -5.1873
v  -0.6691 2.6851 -2.9885
v  -1.1224 -2.6936 -4.5323
v  1.0618 2.4705 -2.9812
v  0.6138 -2.8511 -4.5279
v  -0.7417 1.8358 -2.2701
v  -1.1498 -2.9942 -3.9350
v  0.9900 1.6379 -2.2642
v  0.5873 -3.1441 -3.9300
v  -0.8273 0.8537 -1.7385
v  -1.1728 -3.2424 -3.3787
v  0.9073 0.6925 -1.7229
v  0.5643 -3.3923 -3.3723
v  -0.9133 -0.1068 -1.3501
v  0.5421 -3.6265 -2.8343
v  0.8205 -0.2582 -1.3175
v  -1.1949 -3.4685 -2.8408
v  0.5202 -3.8471 -2.3040
v  -1.2168 -3.6717 -2.3086
v  0.7528 -1.0078 -1.0500
v  -0.9815 -0.8426 -1.0777
v  -1.0395 -1.4368 -0.8748
v  0.6959 -1.6343 -0.8588
v  -1.0963 -2.0032 -0.6881
v  0.6404 -2.2407 -0.6812
v  -1.1512 -2.6031 -0.5250
v  0.5859 -2.8409 -0.5110
v  0.4033 -5.2478 -2.6206
v  -1.3538 -5.3268 -2.6055
v  -1.3340 -5.0946 -2.6245
v  0.4239 -5.0061 -2.6253
v  -1.3134 -4.8509 -2.6291
v  0.3835 -5.4785 -2.6014
v  -1.3719 -5.5365 -2.5581
v  0.3655 -5.6873 -2.5537
v  -1.3890 -5.7350 -2.4965
v  0.3483 -5.8851 -2.4920
v  0.4446 -4.5744 2.3168
v  -1.2943 -4.3649 2.3254
v  -1.3169 -4.6551 2.3695
v  0.4214 -4.8474 2.3598
v  -1.3398 -4.9448 2.3908
v  0.3980 -5.1236 2.3818
v  -1.3632 -5.2363 2.3630
v  0.3744 -5.4059 2.3562
v  -1.3870 -5.5283 2.3099
v  0.3507 -5.6906 2.3057
v  -1.2847 -4.6886 -7.7158
v  0.4652 -4.6822 -7.4220
v  -1.2721 -4.5332 -7.4268
v  0.4526 -4.8376 -7.7110
v  0.4697 -4.6126 -6.8980
v  -1.3019 -4.8936 -7.8604
v  -1.2676 -4.4633 -6.9029
v  0.4354 -5.0426 -7.8556
v  -1.2686 -4.4544 -6.2747
v  0.4170 -5.2612 -7.9461
v  0.4687 -4.6036 -6.2699
v  -1.3204 -5.1122 -7.9510
v  -1.3394 -5.3376 -8.0147
v  0.3978 -5.4866 -8.0099
v  -1.2726 -4.4817 -5.6734
v  0.4647 -4.6307 -5.6686
v  -1.2788 -4.5338 -5.0478
v  0.4585 -4.6828 -5.0429
v  0.4510 -4.7482 -4.3421
v  -1.2863 -4.5992 -4.3469
v  -1.2949 -4.6765 -3.6707
v  0.4424 -4.8255 -3.6659
v  0.4334 -4.9135 -3.1147
v  -1.3039 -4.7636 -3.1194
v  0.4792 -4.1187 1.2135
v  0.0209 -4.3488 1.4062
v  0.0444 -4.0368 1.2530
v  0.4561 -4.4259 1.3628
v  -0.0069 -4.7115 1.4708
v  0.4288 -4.7772 1.4270
v  -0.0372 -5.0882 1.4505
v  0.3989 -5.1385 1.4088
v  -0.0725 -5.5203 1.3896
v  0.3639 -5.5546 1.3503
v  -0.5110 -5.4697 1.4055
v  -0.4772 -5.0610 1.4631
v  -0.9506 -5.4264 1.3979
v  -0.4427 -4.6468 1.4830
v  -0.9169 -5.0081 1.4543
v  -1.3531 -4.9880 1.4095
v  -1.3885 -5.4216 1.3556
v  -1.3130 -4.5332 1.4206
v  -0.8794 -4.5939 1.4665
v  -0.4139 -4.2806 1.4171
v  -0.8490 -4.2230 1.3970
v  -1.2838 -4.1719 1.3476
v  -0.3898 -3.9695 1.2610
v  -0.8246 -3.9192 1.2393
v  -1.2598 -3.8731 1.1883
v  -0.3717 -3.7401 1.0092
v  -0.8068 -3.6946 0.9874
v  -1.2420 -3.6532 0.9392
v  0.0622 -3.8067 1.0041
v  0.4964 -3.8896 0.9715
v  -0.3588 -3.5807 0.6848
v  0.0749 -3.6478 0.6828
v  0.5090 -3.7315 0.6587
v  -0.7942 -3.5384 0.6639
v  -1.2295 -3.5014 0.6227
v  0.0835 -3.5492 0.3157
v  0.5173 -3.6347 0.3004
v  -0.3505 -3.4802 0.3141
v  -0.7861 -3.4386 0.2950
v  -1.2212 -3.4059 0.2643
v  0.0852 -3.5327 -0.1026
v  0.5192 -3.6213 -0.1084
v  -0.3488 -3.4610 -0.1075
v  -0.7841 -3.4195 -0.1217
v  -1.2187 -3.3898 -0.1392
v  0.0791 -3.6265 -0.5783
v  0.5132 -3.7172 -0.5749
v  0.5026 -3.8987 -1.0069
v  -0.3547 -3.5543 -0.5834
v  0.0685 -3.8130 -1.0201
v  0.4882 -4.1210 -1.3110
v  -0.7894 -3.5123 -0.5901
v  -1.2237 -3.4822 -0.5924
v  -1.2344 -3.6596 -1.0103
v  -0.7999 -3.6929 -1.0233
v  -1.2492 -3.8884 -1.3072
v  -0.3654 -3.7394 -1.0246
v  -0.8147 -3.9273 -1.3311
v  -1.2554 -4.1535 -2.5161
v  0.4819 -4.3179 -2.5122
v  0.6331 -2.4544 6.0158
v  -1.1287 -2.4269 5.3581
v  -1.1108 -2.3264 6.0645
v  0.6108 -2.5573 5.3167
v  0.6501 -2.4488 6.7259
v  -1.1509 -2.6407 4.6085
v  -1.0968 -2.3143 6.7589
v  0.5863 -2.7746 4.5778
v  -1.0965 -2.4302 7.3979
v  -1.1789 -2.9887 3.7830
v  0.6490 -2.5724 7.3847
v  0.5564 -3.1251 3.7549
v  -1.1158 -2.7182 7.9490
v  -1.2056 -3.3202 3.0474
v  0.6280 -2.8637 7.9444
v  0.5302 -3.4823 3.0184
v  -1.1523 -3.1613 8.3874
v  -1.2228 -3.4951 2.5250
v  0.5902 -3.3087 8.3876
v  0.5148 -3.7058 2.5111
v  0.5035 -3.8497 2.0984
v  -1.2353 -3.6025 2.0955
v  0.5385 -3.8913 8.6909
v  -1.2043 -3.7427 8.6879
v  0.4793 -4.5441 8.8416
v  -1.2657 -4.3946 8.8372
v  0.4174 -5.1989 8.8256
v  -1.3303 -5.0490 8.8209
v  0.3586 -5.7764 8.6673
v  -1.3905 -5.6263 8.6626
v  0.3128 -6.1971 8.3907
v  -1.4336 -6.0473 8.3859
v  0.2759 -6.5396 8.0549
v  -1.4671 -6.3901 8.0501
v  -1.2136 -3.3998 3.8514
v  -1.2354 -3.6787 3.1293
v  -1.2481 -3.8135 3.9264
v  -1.2324 -3.6178 4.6840
v  -1.2653 -4.0396 3.2165
v  -1.1916 -3.1276 4.6422
v  -1.2224 -3.5372 5.2811
v  -1.2514 -3.8544 2.6213
v  -1.2802 -4.2155 2.7217
v  -1.2639 -3.9679 2.2085
v  -1.1753 -2.9796 5.3136
v  -1.2154 -3.5267 5.7851
v  -1.1622 -2.9240 5.9183
v  -1.2074 -3.5430 6.2694
v  -1.1501 -2.9278 6.5118
v  -1.2034 -3.5970 6.6967
v  -1.1477 -3.0140 7.0479
v  -1.2073 -3.7014 7.0334
v  -1.1595 -3.2107 7.4931
v  -1.2204 -3.8803 7.2965
v  -1.1845 -3.5220 7.8445
v  -1.2441 -4.1579 7.5022
v  -1.2226 -3.9513 8.0973
v  -1.2774 -4.5173 7.6036
v  -1.2698 -4.4567 8.2219
v  -1.3230 -4.9960 8.1886
v  -1.3198 -4.9418 7.5542
v  -1.3755 -5.4947 8.0194
v  -1.3646 -5.3621 7.3745
v  -1.4162 -5.8785 7.7359
v  -1.4016 -5.7088 7.0842
v  -1.4492 -6.2049 7.3953
v  -1.4329 -6.0190 6.7390
v  -1.1452 -2.4791 0.4639
v  -1.1520 -2.6544 -0.8792
v  -1.1610 -2.8093 -1.2023
v  -1.1041 -2.1471 -1.0791
v  -1.1697 -2.9616 -1.4777
v  -1.1803 -3.1429 -1.7545
v  -1.1112 -2.3014 -1.4756
v  -1.0502 -1.6140 -1.3182
v  -1.0606 -1.7941 -1.7650
v  -1.1989 -3.4235 -2.0742
v  -0.9957 -1.0486 -1.5739
v  -1.0096 -1.2564 -2.0707
v  -1.1559 -2.9515 -2.2688
v  -1.2688 -4.1693 -1.5057
v  -0.9338 -0.3763 -1.8865
v  -0.9542 -0.6458 -2.4225
v  -0.8912 0.0711 -2.8531
v  -0.8594 0.4610 -2.2950
v  -0.8319 0.7702 -3.3506
v  -0.7874 1.2979 -2.8100
v  -0.7840 1.3533 -3.9040
v  -0.7275 2.0143 -3.4475
v  -0.7489 1.7688 -4.4689
v  -0.6824 2.5482 -4.1612
v  -0.7344 1.9270 -5.0114
v  -0.6626 2.7661 -4.8999
v  -0.6636 2.7262 -5.6090
v  -0.7367 1.8816 -5.5019
v  -0.6831 2.4702 -6.2346
v  -0.9659 -0.5754 0.3982
v  -1.0267 -1.1975 0.4171
v  -0.9001 0.1417 0.4082
v  -0.9742 -0.6509 0.8933
v  -0.9103 0.0433 0.9332
v  -1.0329 -1.2534 0.8767
v  -0.8328 0.9026 0.9729
v  -1.0895 -1.8442 0.4601
v  -1.0943 -1.8909 0.8934
v  -1.1553 -2.5940 0.9114
v  -0.8213 1.0173 0.4394
v  -0.7557 1.7731 1.0709
v  -1.1639 -2.6975 1.2028
v  -1.1742 -2.8259 1.4876
v  -0.7421 1.9145 0.5292
v  -0.6902 2.5303 1.2713
v  -0.6720 2.7262 0.6973
v  -0.6323 3.2127 1.5842
v  -0.6049 3.5182 1.0242
v  -0.5792 3.8443 2.0213
v  -0.5358 4.3426 1.5925
v  -0.5415 4.3005 2.5781
v  -0.4836 4.9746 2.3700
v  -1.0517 -1.8543 -4.1664
v  -1.1010 -2.4304 -4.0986
v  -1.0798 -2.1676 -3.6644
v  -1.1280 -2.7275 -3.5731
v  -1.1064 -2.4599 -3.2092
v  -1.1521 -2.9845 -3.0698
v  -1.1317 -2.7235 -2.7582
v  -1.1752 -3.2120 -2.5565
v  -1.2935 -4.5022 -1.6283
v  -1.2827 -4.4830 -2.5772
v  -1.3232 -4.8837 -1.6818
v  -1.2736 -4.4058 -3.0559
v  -1.2433 -4.0473 -2.9920
v  -1.3581 -5.3142 -1.6743
v  -1.3954 -5.7669 -1.6354
v  -1.2627 -4.3000 -3.5990
v  -1.2306 -3.9232 -3.5273
v  -1.2514 -4.1887 -4.2666
v  -1.2164 -3.7782 -4.1864
v  -1.2020 -3.6341 -4.9058
v  -1.2404 -4.0839 -4.9768
v  -1.2309 -3.9951 -5.6468
v  -1.1894 -3.5101 -5.6204
v  -1.2250 -3.9475 -6.3233
v  -1.1818 -3.4441 -6.3720
v  -1.2245 -3.9653 -7.0525
v  -1.1817 -3.4704 -7.2022
v  -1.2316 -4.0692 -7.6927
v  -1.1912 -3.6062 -7.9585
v  -1.2486 -4.2805 -8.1020
v  -1.2125 -3.8724 -8.4881
v  -1.2712 -4.5523 -8.3583
v  -1.2405 -4.2110 -8.8562
v  -1.2952 -4.8381 -8.5392
v  -1.2700 -4.5640 -9.1273
v  -1.3199 -5.1309 -8.6823
v  -1.3003 -4.9241 -9.3499
v  -0.7524 1.6792 -5.9098
v  -0.7202 2.0185 -6.7067
v  -0.7790 1.3581 -6.1983
v  -0.7725 1.4026 -6.9523
v  -0.8124 0.9659 -6.3291
v  -0.8324 0.7071 -6.9908
v  -0.8510 0.5172 -6.3072
v  -0.8890 0.0503 -6.8412
v  -0.8926 0.0320 -6.1373
v  -0.9419 -0.5699 -6.4933
v  -0.9357 -0.4798 -5.8023
v  -0.9914 -1.1596 -5.9399
v  -0.9793 -1.0066 -5.2889
v  -1.0341 -1.6664 -5.2982
v  -1.0192 -1.4815 -4.7096
v  -1.0700 -2.0815 -4.6789
v  -0.5294 4.4572 3.2535
v  -0.4675 5.1917 3.3267
v  -0.5399 4.3407 3.9343
v  -0.4816 5.0500 4.2720
v  -0.5702 3.9762 4.5087
v  -0.5207 4.5993 5.0179
v  -0.5781 3.9084 5.5259
v  -0.6137 3.4531 4.8991
v  -0.6480 3.0722 5.7300
v  -0.6638 2.8593 5.0304
v  -0.7244 2.1681 5.6616
v  -0.7216 2.1769 4.9523
v  -0.8012 1.2618 5.3673
v  -0.7887 1.3868 4.7134
v  -0.8729 0.4200 4.9435
v  -0.8557 0.6027 4.3726
v  -0.9345 -0.2835 4.4735
v  -0.9141 -0.0585 3.9847
v  -0.9904 -0.8931 3.9542
v  -0.9689 -0.6524 3.5387
v  -1.0430 -1.4729 3.4179
v  -1.0235 -1.2498 3.0565
v  -1.0933 -2.0211 2.8701
v  -1.0768 -1.8166 2.5559
v  -1.1424 -2.5177 2.3024
v  -1.1272 -2.3125 2.0384
v  -1.1847 -2.9623 1.7649
v  0.5351 -3.7849 -4.9010
v  0.5062 -4.1458 -5.6421
v  0.5470 -3.6662 -5.6159
v  0.5119 -4.1000 -6.3186
v  0.5540 -3.6051 -6.3678
v  0.5124 -4.1179 -7.0478
v  0.5541 -3.6307 -7.1980
v  0.5055 -4.2197 -7.6879
v  0.5455 -3.7606 -7.9539
v  0.4887 -4.4296 -8.0971
v  0.5247 -4.0223 -8.4834
v  0.4661 -4.7013 -8.3535
v  0.4968 -4.3600 -8.8514
v  0.4421 -4.9871 -8.5343
v  0.4673 -4.7130 -9.1225
v  0.4174 -5.2799 -8.6775
v  0.4369 -5.0731 -9.3451
v  0.5221 -3.5366 3.8240
v  0.5005 -3.8347 3.0960
v  0.4877 -3.9489 3.8963
v  0.5054 -3.7550 4.6589
v  0.4706 -4.1880 3.1789
v  0.5461 -3.2645 4.6174
v  0.5179 -3.6728 5.2513
v  0.4863 -4.0494 2.6006
v  0.4571 -4.3925 2.6960
v  0.4754 -4.2026 2.2045
v  0.5540 -3.2149 1.7805
v  0.5649 -3.0744 1.5076
v  0.5755 -2.9419 1.2263
v  0.5843 -2.8353 0.9370
v  0.6111 -2.5534 2.0496
v  0.5948 -2.7422 2.3081
v  0.6575 -1.9881 2.5636
v  0.6402 -2.1779 2.8630
v  0.7095 -1.3923 3.0621
v  0.6904 -1.6068 3.4008
v  0.7654 -0.7882 3.5308
v  0.7441 -1.0245 3.9299
v  0.8207 -0.1887 3.9617
v  0.8005 -0.4118 4.4426
v  0.8801 0.4681 4.3546
v  0.8631 0.2850 4.9240
v  0.9478 1.2487 4.7012
v  0.9353 1.1226 5.3559
v  1.0149 2.0395 4.9401
v  1.0120 2.0302 5.6486
v  1.0725 2.7260 5.0126
v  1.0881 2.9396 5.7089
v  1.1224 3.3249 4.8750
v  1.1579 3.7783 5.5025
v  1.1663 3.8485 4.4878
v  1.2164 4.4642 5.0086
v  1.2560 4.9114 4.2708
v  1.1973 4.2060 3.9253
v  1.2701 5.0488 3.3292
v  1.2079 4.3173 3.2510
v  1.2538 4.8291 2.3742
v  0.6090 -2.8770 -3.5666
v  0.5848 -3.1375 -3.0619
v  0.6303 -2.6103 -3.2002
v  0.6570 -2.3194 -3.6577
v  0.6049 -2.8818 -2.7481
v  0.6355 -2.5851 -4.0938
v  0.6841 -2.0160 -4.1611
v  0.5615 -3.3782 -2.5487
v  0.5804 -3.1278 -2.2589
v  0.5380 -3.6123 -2.0693
v  0.5561 -3.3538 -1.7483
v  0.4688 -4.3858 -1.5103
v  0.5664 -3.1894 -1.4696
v  0.5749 -3.0465 -1.1922
v  0.4442 -4.7002 -1.6310
v  0.4547 -4.6428 -2.5736
v  0.4144 -5.0660 -1.6828
v  0.4637 -4.5573 -3.0512
v  0.4939 -4.2009 -2.9869
v  0.3796 -5.4842 -1.6738
v  0.3421 -5.9273 -1.6333
v  0.4746 -4.4490 -3.5942
v  0.5066 -4.0724 -3.5223
v  0.4859 -4.3377 -4.2618
v  0.5209 -3.9272 -4.1816
v  0.4969 -4.2330 -4.9719
v  1.1959 4.1580 2.5785
v  1.2018 4.1969 1.5970
v  1.1582 3.7014 2.0227
v  1.1328 3.3742 1.0289
v  1.1053 3.0706 1.5862
v  1.0656 2.5842 0.7040
v  1.0472 2.3897 1.2766
v  0.9946 1.7710 0.5431
v  0.9808 1.6306 1.0845
v  0.9131 0.8694 0.4704
v  0.9013 0.7552 1.0043
v  0.8342 -0.0096 0.4375
v  0.8241 -0.1085 0.9612
v  0.7695 -0.7445 0.4163
v  0.7615 -0.8217 0.9107
v  0.7105 -1.4105 0.4233
v  0.7045 -1.4692 0.8843
v  0.6495 -2.0928 0.4687
v  0.6454 -2.1443 0.9062
v  0.5944 -2.7186 0.4884
v  0.5843 -2.8943 -0.8680
v  0.6318 -2.3758 -1.0677
v  0.6239 -2.5128 -1.4589
v  0.6845 -1.8019 -1.2955
v  0.6739 -1.9705 -1.7393
v  0.7384 -1.2108 -1.5432
v  0.7250 -1.4136 -2.0442
v  0.8007 -0.5284 -1.8592
v  0.7811 -0.7982 -2.4034
v  0.8434 -0.0985 -2.8412
v  0.8750 0.2938 -2.2813
v  0.8992 0.5583 -3.3407
v  0.9435 1.0896 -2.8022
v  0.9470 1.1265 -3.8885
v  1.0041 1.7973 -3.4349
v  0.9818 1.5378 -4.4540
v  1.0499 2.3283 -4.1445
v  0.9954 1.6934 -4.9996
v  1.0693 2.5483 -4.8858
v  1.0666 2.5003 -5.5983
v  0.9914 1.6362 -5.4928
v  1.0467 2.2429 -6.2257
v  0.9740 1.4211 -5.9020
v  1.0102 1.7941 -6.6972
v  0.9471 1.0956 -6.1900
v  0.9562 1.1600 -6.9417
v  0.9147 0.7107 -6.3190
v  0.8975 0.4745 -6.9775
v  0.8783 0.2795 -6.2944
v  0.8435 -0.1621 -6.8248
v  0.8387 -0.1908 -6.1215
v  0.7919 -0.7695 -6.4777
v  0.7962 -0.6945 -5.7869
v  0.7410 -1.3594 -5.9306
v  0.7520 -1.2164 -5.2800
v  0.6974 -1.8680 -5.2932
v  0.7140 -1.6680 -4.7039
v  0.6648 -2.2523 -4.6744
v  0.5844 -3.3529 7.4796
v  0.5243 -4.0216 7.2799
v  0.5377 -3.8383 7.0059
v  0.5587 -3.6673 7.8388
v  0.5009 -4.3021 7.4930
v  0.5973 -3.1504 7.0195
v  0.5424 -3.7290 6.6564
v  0.5961 -3.0578 6.4668
v  0.5390 -3.6734 6.2249
v  0.5209 -4.0986 8.0967
v  0.4686 -4.6632 7.5987
v  0.5823 -3.0549 5.8761
v  0.5286 -3.6596 5.7474
v  0.5650 -3.1140 5.2812
v  0.4752 -4.6054 8.2244
v  0.4244 -5.1455 8.1923
v  0.4281 -5.0889 7.5516
v  0.3736 -5.6445 8.0234
v  0.3842 -5.5097 7.3731
v  0.3307 -6.0281 7.7400
v  0.3440 -5.8562 7.0830
v  0.2939 -6.3541 7.3994
v  0.3090 -6.1661 6.7380
v  -0.3801 -3.9789 -1.3386
v  -0.8343 -4.2136 -1.5364
v  0.0541 -4.0483 -1.3335
v  -0.3999 -4.2669 -1.5468
v  -0.8593 -4.5506 -1.6624
v  0.0345 -4.3264 -1.5395
v  -0.8895 -4.9363 -1.7173
v  -0.4252 -4.6037 -1.6737
v  0.0095 -4.6525 -1.6644
v  -0.9250 -5.3722 -1.7093
v  -0.9631 -5.8313 -1.6691
v  -0.4494 -4.9543 -1.7242
v  -0.4916 -5.4282 -1.7204
v  -0.5302 -5.8908 -1.6797
v  -0.0943 -5.9121 -1.6682
v  -0.0188 -5.0031 -1.7213
v  -0.0562 -5.4582 -1.7093
v  0.5392 -3.7657 5.2045
v  -1.2366 -3.6170 5.6979
v  0.5547 -3.7538 5.7410
v  -1.2532 -3.6482 6.2053
v  0.6115 -3.7778 6.1595
v  0.5996 -3.8367 6.5746
v  -1.2628 -3.6946 6.6338
v  0.5771 -3.9481 6.9401
v  -1.2600 -3.7741 6.9605
v  -1.2695 -3.9432 7.2049
v  0.5954 -4.0989 7.2141
v  -1.3061 -4.2333 7.4412
v  0.5850 -4.3853 7.4309
v  -1.3008 -4.5633 7.5112
v  0.5340 -4.7311 7.5194
v  0.4461 -5.1408 7.4474
v  -1.3617 -4.9877 7.4662
v  -1.3945 -5.4203 7.2410
v  0.4285 -5.5588 7.2855
v  0.3985 -5.8151 7.0755
v  -1.4582 -5.6562 7.0758
v  -0.9518 -0.1002 3.8984
v  0.7939 -0.8335 3.4429
v  0.8626 -0.2138 3.8776
v  -1.0142 -0.6922 3.4277
v  -0.8936 0.5980 4.2967
v  -1.0384 -1.2564 2.9440
v  0.9309 0.4126 4.2575
v  0.7816 -1.4223 2.9665
v  -0.7898 1.3197 4.6102
v  0.6971 -2.0350 2.4787
v  1.0026 1.2441 4.6044
v  -1.1106 -1.8553 2.4487
v  -0.7257 2.1097 4.8863
v  -1.1623 -2.3581 1.9580
v  1.0682 1.9798 4.8299
v  0.6489 -2.5845 1.9664
v  -1.1998 -2.8124 1.4089
v  0.6376 -3.0796 1.4237
v  1.1004 2.6562 4.9148
v  -0.7383 2.8076 4.9138
v  -0.6394 3.3718 4.8092
v  1.1536 3.2567 4.7585
v  1.1885 3.7761 4.4438
v  -0.6194 3.8731 4.4062
v  -0.5687 4.2373 3.8653
v  -1.1157 -1.7999 3.7157
v  0.7543 -1.3482 4.2900
v  0.7100 -1.9047 3.6969
v  1.1130 2.7314 0.0603
v  -0.6138 3.8092 0.4026
v  -0.6993 2.8778 0.0422
v  -1.1330 -2.3205 3.1645
v  -0.7665 2.0203 -0.1422
v  0.6853 -2.4753 3.1202
v  1.0619 1.8528 -0.0942
v  0.6162 -3.0199 2.5250
v  -0.8108 1.0606 -0.1767
v  -1.2043 -2.7985 2.5240
v  0.9741 0.9218 -0.1668
v  0.5630 -3.5003 1.9047
v  0.8898 0.0570 -0.2386
v  -1.2720 -3.2833 1.8710
v  -0.9541 0.1619 -0.2550
v  -1.2663 -3.6397 2.0602
v  0.8157 -0.7394 -0.2047
v  0.5655 -3.9038 2.0249
v  -1.0156 -0.5242 -0.2051
v  0.5601 -3.7408 2.4472
v  -1.0855 -1.2279 -0.1434
v  -1.2730 -3.5358 2.4537
v  0.7743 -1.4182 -0.1554
v  0.5573 -3.4948 2.9534
v  -1.1267 -1.8576 -0.0436
v  -1.2500 -3.3480 2.9840
v  0.6969 -2.1107 -0.0649
v  -1.1865 -2.5769 0.0467
v  0.6045 -2.8239 0.0325
v  -1.2025 -3.0146 3.7219
v  0.6193 -3.1822 3.6765
v  0.6261 -2.8084 4.5074
v  -1.1919 -2.6626 4.5385
v  0.6560 -2.5820 5.2571
v  -1.1646 -2.3971 5.2830
v  0.6868 -2.4079 5.9582
v  -1.1478 -2.3222 6.0016
v  0.6916 -2.4174 6.6399
v  -1.1298 -2.2727 6.7032
v  -1.1246 -2.4106 7.3510
v  0.7295 -2.5890 7.3690
v  0.6795 -2.8739 7.9194
v  -1.1460 -2.6904 7.9335
v  0.6308 -3.3197 8.3444
v  -1.1826 -3.1651 8.3763
v  -1.2325 -3.7961 8.6647
v  0.5918 -3.9340 8.6859
v  0.5379 -4.5846 8.8392
v  -1.3061 -4.4502 8.8143
v  0.4454 -5.2719 8.8062
v  -1.3666 -5.1231 8.8184
v  0.3803 -5.8966 8.6560
v  -1.4684 -5.7388 8.6663
v  -0.9847 -1.0309 -5.3401
v  0.8479 -0.7279 -5.8310
v  0.8009 -1.2545 -5.3124
v  -0.9588 -0.4995 -5.8190
v  -1.0341 -1.5495 -4.7395
v  0.8760 -0.2386 -6.1301
v  0.7947 -1.7337 -4.7462
v  -0.9097 0.0183 -6.1637
v  0.7238 -2.0909 -4.2323
v  0.9008 0.2092 -6.3037
v  -1.0975 -1.8887 -4.2010
v  -0.8909 0.4589 -6.3345
v  0.6570 -2.3383 -3.6859
v  0.9838 0.6380 -6.3872
v  -1.1206 -2.2059 -3.7192
v  -0.8615 0.8871 -6.3799
v  -1.1403 -2.4775 -3.2733
v  1.0000 1.0290 -6.1744
v  0.6725 -2.6404 -3.2407
v  -0.8314 1.2834 -6.2001
v  -1.1514 -2.7531 -2.7909
v  0.9963 1.3127 -5.9270
v  0.6582 -2.9231 -2.7670
v  -0.7716 1.5616 -5.9471
v  0.6091 -3.1876 -2.3014
v  1.0296 1.5478 -5.5366
v  -1.1735 -2.9579 -2.3115
v  -0.7817 1.7936 -5.5508
v  0.5930 -3.3761 -1.8362
v  1.0248 1.5805 -5.0492
v  -1.2443 -3.1825 -1.8113
v  -0.7896 1.8477 -5.0583
v  -1.1847 -3.0071 -1.5098
v  -0.7503 1.6947 -4.5344
v  0.6051 -3.2713 -1.5718
v  0.6146 -3.0846 -1.2644
v  -1.2418 -2.8759 -1.2894
v  1.0414 1.4292 -4.5215
v  0.9769 1.0499 -3.9219
v  -0.8112 1.2970 -4.0165
v  -0.8619 0.6390 -3.4184
v  0.9178 0.4598 -3.3814
v  -0.9349 -0.0050 -2.9439
v  0.8649 -0.1889 -2.9688
v  -1.0030 -0.6735 -2.5441
v  0.8140 -0.8666 -2.4912
v  -1.0466 -1.3239 -2.1710
v  0.7568 -1.4944 -2.1579
v  -1.0810 -1.8657 -1.8160
v  0.7093 -2.0902 -1.8546
v  0.6401 -2.5937 -1.5783
v  -1.1541 -2.3807 -1.5510
v  1.2341 4.1111 3.8501
v  1.2444 4.2176 3.1895
v  -0.5759 4.3933 3.2133
v  -0.5803 4.2385 2.5177
v  1.2332 4.0630 2.5344
v  1.1792 3.6184 2.0063
v  -0.6199 3.7640 1.9960
v  -0.6509 3.1193 1.5145
v  1.1420 2.9811 1.5412
v  1.0838 2.3139 1.2517
v  -0.7285 2.4784 1.2500
v  -0.8006 1.7145 1.0524
v  1.0582 1.5583 1.0318
v  0.9400 0.6801 0.9845
v  -0.8380 0.8142 0.9450
v  0.8198 -0.1809 0.9293
v  -0.9495 -0.0201 0.9060
v  -1.0323 -0.6885 0.8699
v  0.7845 -0.8879 0.8995
v  -1.0764 -1.3153 0.8548
v  0.7430 -1.5261 0.8635
v  -1.1388 -1.9433 0.8664
v  0.6757 -2.1938 0.8675
v  -1.2178 -2.5875 0.8577
v  0.6616 -2.9005 0.8757
v  -1.1769 -2.7047 1.1248
v  0.6269 -2.9649 1.2144
v  -0.8033 -3.8029 -1.0611
v  -1.2687 -4.0024 -1.2989
v  -1.2820 -3.7550 -1.0447
v  -0.3557 -3.6547 -0.5959
v  0.0685 -3.6451 -0.1540
v  0.0647 -3.7387 -0.6222
v  0.5268 -3.7183 -0.1751
v  0.5603 -3.8319 -0.6259
v  0.5104 -4.0014 -1.0524
v  -0.8224 -4.0424 -1.3633
v  0.0519 -3.9207 -1.0255
v  -1.3009 -4.2544 -1.5085
v  0.0409 -4.1405 -1.3501
v  -0.3823 -3.8462 -1.0835
v  0.5558 -4.2127 -1.3429
v  -0.4104 -4.0995 -1.3605
v  -0.8140 -4.2879 -1.5281
v  -0.4250 -4.3712 -1.6004
v  0.0565 -4.4133 -1.5777
v  0.5014 -4.4374 -1.5592
v  0.4586 -4.7853 -1.6884
v  -0.8548 -4.6203 -1.6580
v  -1.3343 -4.5675 -1.6321
v  -1.3618 -4.9398 -1.6794
v  0.0105 -4.6948 -1.6829
v  -0.0194 -5.1289 -1.7270
v  0.4499 -5.1393 -1.6634
v  0.4251 -5.3565 -1.7000
v  -0.0222 -5.3159 -1.7443
v  -0.4888 -5.2762 -1.7385
v  -0.4380 -4.6888 -1.6766
v  -0.4852 -5.0919 -1.7137
v  -0.9414 -5.2375 -1.7373
v  -0.8983 -4.9830 -1.7242
v  -1.3997 -5.1996 -1.7131
v  0.5591 -3.9081 3.0328
v  0.6174 -3.6154 3.7556
v  0.5616 -4.1157 2.5612
v  0.5271 -4.0476 3.8452
v  0.5085 -4.2988 3.1307
v  0.5542 -3.8555 4.6302
v  0.5107 -4.4749 2.6209
v  0.5265 -4.2710 2.1484
v  0.4841 -4.6602 2.2758
v  0.5749 -3.3314 4.5630
v  0.6118 -3.1453 5.2050
v  0.6092 -3.1032 5.8215
v  0.6539 -3.1062 6.4026
v  0.6714 -3.1872 6.9553
v  0.6364 -3.4115 7.4179
v  0.5964 -3.7311 7.7699
v  0.5435 -4.1807 8.0082
v  0.5237 -4.6751 8.1674
v  0.4741 -5.2129 8.1336
v  0.4621 -5.7154 7.9717
v  0.4339 -5.8593 7.8594
v  1.0787 1.9805 5.6085
v  0.9707 0.9124 6.0069
v  1.0812 1.9736 6.3456
v  1.1348 2.8735 5.6562
v  1.1431 3.1014 6.4118
v  1.2203 3.7301 5.4663
v  1.2646 4.2258 6.1847
v  1.2956 4.4066 4.9980
v  1.3563 5.0713 5.5900
v  1.3745 5.6631 4.5573
v  1.2954 4.9076 4.2103
v  1.3594 5.7870 3.3347
v  1.3328 4.9604 3.2973
v  1.3611 5.5261 2.1189
v  1.3111 4.7754 2.3234
v  1.2793 4.7017 1.0860
v  1.2634 4.1342 1.5199
v  1.2011 3.6481 0.3893
v  1.1899 3.3120 0.9787
v  1.1444 2.5465 0.6451
v  1.0829 1.6670 0.4914
v  0.9651 0.7870 0.4168
v  0.5503 -4.7517 -8.4367
v  0.5738 -4.0452 -8.5917
v  0.5303 -4.4132 -8.9331
v  0.5062 -5.0006 -8.6081
v  0.5519 -4.7527 -9.2145
v  0.5063 -4.9622 -9.3403
v  0.4896 -5.0309 -8.0053
v  0.5316 -4.4939 -8.1540
v  0.6061 -3.7741 -8.0537
v  0.4781 -4.9051 -7.7433
v  0.4736 -5.0412 -7.7834
v  0.5902 -4.3149 -7.7476
v  0.6072 -3.5987 -7.2523
v  0.4599 -4.7586 -7.4945
v  0.5764 -4.1680 -7.1237
v  0.5963 -3.5432 -6.4488
v  0.5050 -4.6925 -6.9222
v  0.5626 -4.1193 -6.3623
v  0.5873 -3.6560 -5.6496
v  0.4982 -4.6806 -6.2844
v  0.5667 -4.1906 -5.6996
v  0.6010 -3.7855 -4.9493
v  0.5193 -4.7535 -5.6950
v  0.5590 -4.2917 -5.0285
v  0.5040 -4.8103 -5.0981
v  0.5879 -4.3908 -4.3316
v  0.5650 -3.9230 -4.2374
v  0.4786 -4.8802 -4.3717
v  0.5619 -4.0761 -3.5791
v  0.5409 -4.5307 -3.6800
v  0.4500 -4.9102 -3.7214
v  0.5175 -4.1925 -3.0529
v  0.4969 -4.6326 -3.1146
v  0.4641 -5.0046 -3.1941
v  0.5270 -4.3641 -2.5839
v  0.4478 -5.0903 -2.7378
v  0.5217 -4.7410 -2.6234
v  0.4587 -5.3129 -2.5858
v  0.4588 -5.3065 -2.7066
v  0.4399 -5.3342 -2.1493
v  0.8465 -0.8030 0.3254
v  0.7601 -1.4777 0.3642
v  0.9068 -0.0371 0.4000
v  0.7031 -2.1688 0.4126
v  0.6599 -2.7917 0.4301
v  0.5453 -3.7440 0.2425
v  0.5266 -3.8382 0.6053
v  0.5599 -3.9740 0.8845
v  0.5906 -3.2802 1.7436
v  0.5144 -4.2184 1.1274
v  0.6785 -2.7910 2.2481
v  0.5001 -4.5285 1.2754
v  0.4534 -4.8228 1.3424
v  0.4566 -4.9112 2.3333
v  0.4232 -5.1987 2.3641
v  0.4512 -5.1735 1.3265
v  0.4141 -5.4842 2.3315
v  0.4039 -5.5373 1.7765
v  0.3951 -5.5092 1.2563
v  0.4242 -5.5683 2.3340
v  0.7067 -2.2287 2.8190
v  0.7408 -1.6777 3.3409
v  0.8032 -1.0787 3.8317
v  0.8192 -0.4737 4.4086
v  0.8190 -0.7182 4.8852
v  0.9159 0.2222 4.8696
v  0.8470 0.0507 5.4863
v  0.9979 1.0265 5.3262
v  0.6407 -3.4707 -3.4402
v  0.6280 -3.1892 -3.1108
v  0.6545 -2.9488 -3.6313
v  0.5675 -3.7097 -2.9370
v  0.5966 -3.2568 -4.0147
v  0.6354 -3.4552 -2.5843
v  0.5719 -3.9175 -2.3869
v  0.6131 -3.7021 -2.1159
v  0.6323 -2.9795 -0.9329
v  0.6108 -2.8748 -0.5398
v  0.6656 -2.4300 -1.1116
v  0.6926 -2.2839 -0.6603
v  0.7464 -1.8583 -1.3349
v  0.7492 -1.6743 -0.8486
v  0.7782 -1.0540 -1.0488
v  0.8360 -1.2735 -1.6457
v  0.8244 -0.5621 -1.9044
v  0.9109 -0.2613 -1.3456
v  0.9328 0.2015 -2.3541
v  0.9880 0.6337 -1.7535
v  1.0099 1.0415 -2.8722
v  1.0543 1.6044 -2.2437
v  1.0619 1.7597 -3.4922
v  1.1272 2.4628 -2.9917
v  1.0915 2.2612 -4.1480
v  1.1711 3.1292 -3.8263
v  1.0997 2.5000 -4.9155
v  -0.7267 2.6627 -5.6241
v  -0.6302 3.2527 -6.6108
v  -0.6090 3.5847 -5.8158
v  -0.7084 2.4288 -6.2913
v  -0.7040 2.6699 -7.3121
v  -0.7702 1.9606 -6.7657
v  -0.7587 1.7830 -7.6617
v  -0.8062 1.3210 -7.0431
v  -0.8591 0.8368 -7.7660
v  -0.8868 0.6276 -7.0432
v  -0.9269 0.0172 -7.6300
v  -0.9241 0.0158 -6.8893
v  -0.9845 -0.7284 -7.2702
v  -0.9907 -0.6160 -6.5612
v  -1.0390 -1.3865 -6.6956
v  -1.0377 -1.2186 -5.9998
v  -1.1131 -1.9098 -6.0048
v  -1.0459 -1.7082 -5.3740
v  -1.1416 -2.4056 -5.3072
v  -1.1241 -2.1401 -4.7356
v  -1.0518 -0.6546 0.2962
v  -1.0412 -1.2257 0.3369
v  -0.9568 0.0781 0.3480
v  -0.8838 0.9634 0.3784
v  -0.7627 1.8409 0.4636
v  -0.7209 2.6738 0.6077
v  -0.6571 3.4530 0.9693
v  -0.6153 4.2946 1.5184
v  -0.5256 4.8060 1.0803
v  -0.5472 4.9032 2.3385
v  1.1792 3.4080 -4.7936
v  1.1843 3.3484 -5.7614
v  1.1496 2.4396 -5.6355
v  1.1341 3.0291 -6.6221
v  1.0898 2.1582 -6.2792
v  1.1127 2.4499 -7.2994
v  1.0667 1.7216 -6.7451
v  1.0301 1.5520 -7.6489
v  1.0033 1.1236 -6.9760
v  0.9396 0.5625 -7.7388
v  0.9444 0.3719 -7.0160
v  0.8823 -0.2125 -7.6036
v  0.8849 -0.1935 -6.8454
v  0.8544 -0.9386 -7.2806
v  0.8414 -0.8528 -6.5451
v  0.7679 -1.5813 -6.6659
v  0.7807 -1.4364 -5.9654
v  0.6707 -2.1422 -5.9407
v  0.7173 -1.9642 -5.3502
v  0.6750 -2.5936 -5.2866
v  0.6963 -2.3234 -4.7484
v  0.6245 -2.9580 -4.6172
v  0.6796 -2.6524 -4.1522
v  -1.1762 -2.7747 -4.6406
v  -1.1441 -2.4877 -4.1562
v  -1.2062 -3.1123 -4.0084
v  -1.1607 -2.7801 -3.6289
v  -1.1846 -3.3303 -3.4582
v  -1.2039 -3.0390 -3.1249
v  -1.2408 -3.5545 -2.9139
v  -1.2383 -3.2770 -2.5895
v  -1.2484 -3.7182 -2.3677
v  -1.2780 -3.4981 -2.0903
v  -1.2980 -4.1577 -2.6276
v  -1.3224 -4.5524 -2.6072
v  -1.3068 -4.4637 -3.1181
v  -1.3634 -5.1794 -2.1574
v  -1.3984 -5.1558 -2.5480
v  -1.2926 -4.0317 -3.0491
v  -1.3479 -4.9173 -2.6870
v  -1.3915 -5.1473 -2.7224
v  -1.3149 -4.8752 -3.1701
v  -1.3243 -4.7508 -3.7453
v  -1.2957 -4.3204 -3.6737
v  -1.2940 -3.9337 -3.5997
v  -1.2492 -3.7658 -4.2288
v  -1.3025 -4.2555 -4.3231
v  -1.3333 -4.6767 -4.4152
v  -1.3288 -4.1234 -5.0321
v  -1.2824 -4.6404 -5.0881
v  -1.2301 -3.6251 -4.9482
v  -1.3376 -4.5649 -5.7171
v  -1.2801 -4.0596 -5.6929
v  -1.2187 -3.5055 -5.6529
v  -1.3583 -4.5427 -6.3581
v  -1.2771 -3.9402 -6.3784
v  -1.2013 -3.4348 -6.4391
v  -1.3271 -4.5491 -6.9693
v  -1.2474 -4.0596 -7.1098
v  -1.2231 -3.4569 -7.2540
v  -1.3120 -4.6184 -7.4801
v  -1.3271 -4.1236 -7.7495
v  -1.2302 -3.6317 -8.0278
v  -1.3572 -4.7564 -7.7692
v  -1.2926 -4.3698 -8.1410
v  -1.2221 -3.9323 -8.5822
v  -1.3468 -4.6064 -8.4078
v  -1.3373 -4.8852 -7.8002
v  -1.3756 -4.8378 -8.6402
v  -1.2861 -4.2522 -8.9486
v  -1.3049 -4.6068 -9.2097
v  -1.3106 -4.8064 -9.3451
v  -0.4662 5.6416 2.0497
v  -0.5464 5.1321 3.2339
v  -0.4573 5.9569 3.3367
v  -0.5400 5.0677 4.1911
v  -0.4564 5.7972 4.6104
v  -0.5781 4.5863 4.9777
v  -0.4450 5.2557 5.5676
v  -0.5841 4.4276 6.1816
v  -0.6285 3.8866 5.4871
v  -0.6641 3.2511 6.3758
v  -0.6987 2.9947 5.6534
v  -0.7603 2.1075 6.3341
v  -0.7659 2.1033 5.5715
v  -0.8774 1.0560 5.9890
v  -0.8724 1.2086 5.3317
v  -0.8991 0.1742 5.4614
v  -0.9264 0.3607 4.8862
v  -0.9934 -0.5858 4.9267
v  -0.9871 -0.3418 4.4142
v  -1.1000 -1.2174 4.3375
v  -1.0421 -0.9491 3.8942
v  -1.0802 -1.5413 3.3233
v  -1.1400 -2.0838 2.8044
v  -1.2424 -2.5700 2.2436
v  -1.2524 -3.0510 1.7471
v  -1.2851 -3.7510 0.8671
v  -1.2979 -3.9568 1.0939
v  -1.2664 -3.6322 0.5161
v  -1.3264 -4.2840 1.2185
v  -1.3281 -4.0310 2.1652
v  -1.3346 -3.9085 2.5376
v  -1.3202 -4.2746 2.6419
v  -1.3453 -4.4349 2.2940
v  -1.3465 -4.5724 1.3368
v  -1.3467 -4.7101 2.3512
v  -1.3540 -5.0270 2.3433
v  -1.3737 -4.9588 1.3186
v  -1.3871 -5.2976 2.3329
v  -1.4469 -5.3520 1.2656
v  -1.4175 -5.4108 2.3373
v  -1.2076 -2.5371 0.4090
v  -1.2603 -3.5026 0.2017
v  -1.1420 -1.8677 0.3864
v  -1.2881 -3.5196 -0.1837
v  -1.2027 -2.6495 -0.5185
v  -1.2893 -3.5753 -0.6292
v  -1.2040 -2.7073 -0.9262
v  -1.1534 -2.0478 -0.6367
v  -1.1295 -2.1639 -1.1040
v  -1.1000 -1.4903 -0.8847
v  -1.0643 -1.6758 -1.3309
v  -1.0125 -0.8466 -1.1178
v  -1.0428 -1.0723 -1.6876
v  -0.9809 -0.4233 -1.9687
v  -0.9482 -0.0901 -1.3794
v  -0.9341 0.4335 -2.3200
v  -0.8822 0.8389 -1.7244
v  -0.8712 1.2627 -2.8522
v  -0.7764 1.8080 -2.2210
v  -0.8024 1.9242 -3.5358
v  -0.7090 2.6914 -3.0439
v  -0.7646 2.4726 -4.2473
v  -0.6636 3.3862 -3.8578
v  -0.6251 3.5920 -4.8112
v  -0.6918 2.7426 -4.9730
v  -1.2670 -3.4594 3.7935
v  -1.2966 -3.6977 3.0851
v  -1.2475 -3.1781 4.5888
v  -1.2867 -3.9192 3.8766
v  -1.2922 -3.7037 4.6372
v  -1.3440 -4.1078 3.1794
v  -1.2387 -3.6319 5.2718
v  -1.2475 -3.0063 5.2350
v  -1.2152 -2.9750 5.8590
v  -1.2168 -3.0116 6.4591
v  -1.1959 -3.0646 6.9964
v  -1.2081 -3.2625 7.4074
v  -1.2140 -3.5310 7.8171
v  -1.2438 -3.9754 8.0391
v  -1.3245 -4.5209 8.1556
v  -1.3493 -5.0662 8.1100
v  -1.4271 -5.5896 7.9790
v  -1.4645 -5.6977 7.8771
v  -0.0048 -4.4197 1.3157
v  -0.0401 -4.8158 1.3751
v  -0.0442 -5.1868 1.3437
v  -0.0628 -5.4716 1.2873
v  -0.5020 -5.4343 1.2933
v  -0.4645 -5.1184 1.3425
v  -0.9291 -5.3968 1.2739
v  -0.4175 -4.7128 1.3760
v  -0.9167 -5.0256 1.3205
v  -0.8697 -4.6522 1.3536
v  -0.4192 -4.3585 1.3123
v  -0.8434 -4.3090 1.2999
v  -0.8001 -4.0266 1.1846
v  0.0427 -4.1400 1.1536
v  -0.8014 -3.8051 0.9056
v  -0.4038 -4.0191 1.1830
v  0.0365 -3.9432 0.9261
v  -0.3554 -3.8506 0.9125
v  0.0772 -3.7675 0.6288
v  -0.3588 -3.6928 0.6177
v  0.0842 -3.6463 0.2607
v  -0.7557 -3.6375 0.5796
v  -0.3328 -3.5609 0.2460
v  -0.7965 -3.5566 0.2266
v  -0.3524 -3.5792 -0.1541
v  -0.7452 -3.5430 -0.2118
v  -0.8358 -3.6146 -0.6445
# 1151 vertices

vn 0.0368 0.3592 0.9325
vn 0.0232 0.1487 0.9886
vn 0.0417 0.4694 0.8820
vn 0.0171 0.0528 0.9985
vn 0.0573 0.6825 0.7286
vn 0.0011 -0.1371 0.9906
vn 0.0632 0.7777 0.6254
vn -0.0083 -0.2306 0.9730
vn 0.0742 0.9169 0.3922
vn -0.0211 -0.3800 0.9247
vn 0.0779 0.9611 0.2648
vn -0.0250 -0.4378 0.8987
vn 0.0819 0.9965 0.0167
vn -0.0314 -0.5327 0.8457
vn 0.0827 0.9912 -0.1038
vn -0.0297 -0.5653 0.8244
vn 0.0786 0.9276 -0.3652
vn -0.0325 -0.6303 0.7756
vn 0.0738 0.8598 -0.5053
vn -0.0315 -0.6564 0.7538
vn 0.0588 0.6759 -0.7346
vn -0.0349 -0.6968 0.7164
vn 0.0591 0.6761 -0.7345
vn -0.0363 -0.7085 0.7048
vn 0.0439 0.4966 -0.8669
vn -0.0383 -0.7227 0.6901
vn 0.0379 0.4253 -0.9042
vn -0.0437 -0.7314 0.6805
vn 0.0266 0.2856 -0.9580
vn -0.0575 -0.7433 0.6665
vn 0.0225 0.2196 -0.9753
vn -0.0542 -0.7588 0.6491
vn 0.0160 0.1258 -0.9919
vn -0.0854 -0.7613 0.6427
vn 0.0186 0.1060 -0.9942
vn -0.0836 -0.7404 0.6670
vn -0.1020 -0.7721 0.6273
vn -0.1188 -0.7891 0.6027
vn 0.0180 0.0617 -0.9979
vn 0.0206 0.0464 -0.9987
vn 0.0164 0.0019 -0.9999
vn 0.0184 -0.0005 -0.9998
vn 0.0106 -0.0416 -0.9991
vn 0.0047 -0.0520 -0.9986
vn -0.0014 -0.0829 -0.9966
vn -0.0064 -0.0868 -0.9962
vn -0.0088 -0.0950 -0.9954
vn -0.0072 -0.0959 -0.9954
vn -0.0056 -0.0967 -0.9953
vn -0.0023 -0.1093 -0.9940
vn 0.0327 0.1974 -0.9798
vn 0.0103 0.0158 -0.9998
vn 0.0427 0.2954 -0.9544
vn -0.0002 -0.0727 -0.9974
vn 0.0732 0.5771 -0.8133
vn -0.0232 -0.2551 -0.9666
vn 0.0719 0.5781 -0.8128
vn -0.0339 -0.3534 -0.9348
vn 0.0981 0.8140 -0.5725
vn -0.0538 -0.5233 -0.8505
vn 0.1098 0.8809 -0.4603
vn -0.0619 -0.5987 -0.7986
vn 0.1217 0.9610 -0.2484
vn -0.0750 -0.7074 -0.7028
vn 0.1287 0.9817 -0.1405
vn -0.0814 -0.7430 -0.6644
vn 0.1288 0.9892 0.0703
vn -0.0895 -0.7953 -0.5996
vn 0.1268 0.9750 0.1826
vn -0.0903 -0.8154 -0.5717
vn 0.1162 0.9095 0.3992
vn -0.0899 -0.8428 -0.5307
vn 0.1073 0.8576 0.5030
vn -0.0841 -0.8576 -0.5074
vn 0.0910 0.7471 0.6584
vn -0.0818 -0.8736 -0.4798
vn 0.0817 0.6985 0.7109
vn -0.0778 -0.8853 -0.4584
vn 0.0665 0.5894 0.8051
vn -0.0776 -0.8976 -0.4339
vn 0.0538 0.5402 0.8398
vn -0.0767 -0.9045 -0.4195
vn 0.0385 0.4470 0.8937
vn -0.0784 -0.9124 -0.4017
vn 0.0272 0.4200 0.9071
vn -0.0772 -0.9113 -0.4043
vn 0.0182 0.3612 0.9323
vn -0.0805 -0.9165 -0.3918
vn 0.0142 0.3632 0.9316
vn -0.0857 -0.9219 -0.3778
vn -0.0875 -0.9240 -0.3721
vn -0.0929 -0.9289 -0.3585
vn 0.0173 0.3232 0.9462
vn 0.0167 0.3337 0.9425
vn 0.0221 0.3074 0.9513
vn 0.0283 0.2928 0.9558
vn 0.0308 0.2827 0.9587
vn 0.0317 0.2693 0.9625
vn 0.0305 0.2649 0.9638
vn 0.0292 0.2704 0.9623
vn -0.0031 -0.0610 -0.9981
vn -0.0089 -0.1278 -0.9918
vn -0.0013 -0.0399 -0.9992
vn 0.0005 -0.0193 -0.9998
vn 0.0005 -0.0191 -0.9998
vn -0.0128 -0.1747 -0.9845
vn -0.0189 -0.2452 -0.9693
vn -0.0210 -0.2708 -0.9624
vn -0.0231 -0.2954 -0.9551
vn -0.0231 -0.2960 -0.9549
vn 0.0226 0.1512 0.9882
vn 0.0228 0.1485 0.9886
vn 0.0196 0.1250 0.9920
vn 0.0164 0.1014 0.9947
vn 0.0074 0.0186 0.9998
vn 0.0013 -0.0356 0.9994
vn -0.0077 -0.1208 0.9926
vn -0.0108 -0.1471 0.9891
vn -0.0137 -0.1756 0.9844
vn -0.0138 -0.1735 0.9847
vn -0.0698 -0.7943 0.6035
vn -0.0806 -0.9272 0.3658
vn -0.0835 -0.9646 0.2500
vn -0.0612 -0.6905 0.7208
vn -0.0855 -0.9936 0.0732
vn -0.0435 -0.4793 0.8766
vn -0.0856 -0.9936 0.0733
vn -0.0435 -0.4792 0.8766
vn -0.0856 -0.9963 -0.0059
vn -0.0306 -0.3256 0.9450
vn -0.0854 -0.9960 -0.0257
vn -0.0258 -0.2700 0.9625
vn -0.0258 -0.2702 0.9625
vn -0.0852 -0.9947 -0.0582
vn -0.0851 -0.9939 -0.0708
vn -0.0849 -0.9925 -0.0885
vn -0.0849 -0.9925 -0.0884
vn -0.0847 -0.9910 -0.1039
vn -0.0844 -0.9871 -0.1360
vn -0.0843 -0.9871 -0.1364
vn -0.0841 -0.9823 -0.1674
vn -0.0852 -0.9812 -0.1733
vn -0.0856 -0.9797 -0.1815
vn -0.0872 -0.9805 -0.1761
vn -0.1794 -0.5760 -0.7975
vn -0.1088 -0.3013 -0.9473
vn -0.1317 -0.5880 -0.7981
vn -0.1391 -0.2536 -0.9572
vn -0.0739 -0.0568 -0.9956
vn -0.1017 -0.0170 -0.9947
vn -0.0536 0.1004 -0.9935
vn -0.0812 0.1161 -0.9899
vn -0.0582 0.1440 -0.9879
vn -0.0774 0.1452 -0.9864
vn -0.0029 0.1399 -0.9902
vn 0.0044 0.0935 -0.9956
vn 0.0675 0.1268 -0.9896
vn -0.0072 -0.0674 -0.9977
vn 0.0701 0.0602 -0.9957
vn 0.1024 0.0849 -0.9911
vn 0.0968 0.1149 -0.9886
vn 0.0942 -0.0903 -0.9915
vn 0.0527 -0.1023 -0.9934
vn -0.0352 -0.3131 -0.9491
vn 0.0343 -0.3285 -0.9439
vn 0.0625 -0.3836 -0.9214
vn -0.0587 -0.5722 -0.8180
vn -0.0012 -0.6139 -0.7894
vn 0.0181 -0.6657 -0.7460
vn -0.0931 -0.7932 -0.6017
vn -0.0367 -0.8299 -0.5567
vn -0.0237 -0.8571 -0.5145
vn -0.1654 -0.8075 -0.5662
vn -0.1951 -0.8260 -0.5289
vn -0.1146 -0.9237 -0.3657
vn -0.1765 -0.9112 -0.3722
vn -0.1961 -0.9255 -0.3240
vn -0.0598 -0.9348 -0.3501
vn -0.0491 -0.9465 -0.3190
vn -0.1748 -0.9666 -0.1876
vn -0.1981 -0.9738 -0.1114
vn -0.1214 -0.9806 -0.1538
vn -0.0754 -0.9852 -0.1542
vn -0.0645 -0.9912 -0.1155
vn -0.1794 -0.9830 0.0382
vn -0.1999 -0.9724 0.1203
vn -0.1299 -0.9888 0.0739
vn -0.0844 -0.9936 0.0754
vn -0.0705 -0.9904 0.1189
vn -0.1807 -0.9435 0.2776
vn -0.1977 -0.9354 0.2933
vn -0.1863 -0.8708 0.4549
vn -0.1243 -0.9442 0.3050
vn -0.1602 -0.8450 0.5103
vn -0.1602 -0.7268 0.6679
vn -0.0771 -0.9529 0.2932
vn -0.0675 -0.9524 0.2971
vn -0.0561 -0.8830 0.4661
vn -0.0695 -0.8625 0.5012
vn -0.0292 -0.7277 0.6852
vn -0.1131 -0.8452 0.5223
vn -0.0451 -0.6938 0.7188
vn 0.0410 0.3969 -0.9169
vn 0.0421 0.3924 -0.9188
vn 0.0400 0.4015 -0.9150
vn 0.0708 0.9925 -0.1000
vn 0.0682 0.9796 -0.1888
vn 0.0727 0.9957 -0.0570
vn 0.0683 0.9693 -0.2360
vn 0.0777 0.9935 0.0837
vn 0.0661 0.9462 -0.3167
vn 0.0780 0.9937 0.0799
vn 0.0662 0.9322 -0.3559
vn 0.0793 0.9573 0.2780
vn 0.0648 0.9150 -0.3982
vn 0.0780 0.9242 0.3738
vn 0.0690 0.9076 -0.4142
vn 0.0710 0.8307 0.5521
vn 0.0748 0.9178 -0.3899
vn 0.0655 0.7698 0.6350
vn 0.0889 0.9177 -0.3872
vn 0.0495 0.5858 0.8090
vn 0.1097 0.9394 -0.3247
vn 0.0495 0.5870 0.8081
vn 0.1091 0.9238 -0.3670
vn 0.1241 0.9498 -0.2872
vn 0.1369 0.9601 -0.2440
vn 0.0314 0.3821 0.9236
vn 0.0239 0.3026 0.9528
vn 0.0099 0.1414 0.9899
vn 0.0024 0.0582 0.9983
vn -0.0115 -0.1041 0.9945
vn -0.0184 -0.1839 0.9828
vn -0.0334 -0.3602 0.9323
vn -0.0415 -0.4556 0.8892
vn -0.0534 -0.5976 0.8000
vn -0.0576 -0.6480 0.7595
vn -0.0616 -0.6953 0.7161
vn -0.0616 -0.6953 0.7160
vn 0.0554 0.4126 0.9092
vn 0.0545 0.4193 0.9062
vn 0.0562 0.4058 0.9122
vn -0.9965 0.0831 -0.0013
vn -0.9965 0.0834 0.0004
vn -0.9966 0.0824 0.0009
vn -0.9965 0.0838 -0.0014
vn -0.9966 0.0816 0.0062
vn -0.9966 0.0825 -0.0015
vn -0.9965 0.0830 0.0013
vn -0.9967 0.0816 0.0007
vn -0.9965 0.0835 0.0023
vn -0.9965 0.0835 0.0078
vn -0.9965 0.0833 -0.0013
vn -0.9965 0.0836 0.0022
vn -0.9967 0.0812 0.0046
vn -0.9968 0.0799 0.0051
vn -0.9968 0.0801 0.0064
vn -0.9968 0.0800 0.0065
vn -0.9969 0.0783 0.0061
vn -0.9964 0.0837 0.0095
vn -0.9965 0.0837 0.0056
vn -0.9965 0.0833 0.0098
vn -0.9964 0.0839 0.0151
vn -0.9964 0.0831 0.0170
vn -0.9965 0.0824 0.0135
vn -0.9965 0.0815 0.0172
vn -0.9962 0.0843 0.0201
vn -0.9964 0.0822 0.0193
vn -0.9967 0.0790 0.0188
vn -0.9967 0.0793 0.0180
vn -0.9962 0.0851 0.0177
vn -0.9965 0.0827 0.0144
vn -0.9968 0.0785 0.0146
vn -0.9967 0.0800 0.0121
vn -0.9962 0.0866 0.0123
vn -0.9963 0.0850 0.0084
vn -0.9965 0.0830 0.0058
vn -0.9967 0.0813 0.0076
vn -0.9960 0.0887 0.0079
vn -0.9961 0.0879 0.0042
vn -0.9964 0.0848 0.0028
vn -0.9962 0.0866 0.0016
vn -0.9958 0.0913 0.0049
vn -0.9958 0.0912 0.0015
vn -0.9959 0.0906 -0.0012
vn -0.9960 0.0888 -0.0006
vn -0.9954 0.0960 0.0032
vn -0.9954 0.0957 -0.0009
vn -0.9957 0.0930 -0.0028
vn -0.9951 0.0985 -0.0033
vn -0.9951 0.0984 -0.0033
vn -0.9948 0.1014 0.0004
vn -0.9948 0.1022 0.0039
vn -0.9945 0.1043 -0.0027
vn -0.9945 0.1047 -0.0022
vn -0.9946 0.1039 0.0016
vn -0.9947 0.1030 0.0044
vn -0.9946 0.1041 -0.0007
vn -0.9947 0.1032 -0.0020
vn -0.9949 0.1009 0.0020
vn -0.9951 0.0984 -0.0011
vn -0.9951 0.0990 -0.0001
vn -0.9951 0.0990 0.0035
vn -0.9952 0.0981 0.0023
vn -0.9953 0.0973 0.0029
vn -0.9966 0.0826 -0.0041
vn -0.9964 0.0846 -0.0036
vn -0.9964 0.0842 -0.0079
vn -0.9966 0.0822 -0.0021
vn -0.9965 0.0827 -0.0091
vn -0.9966 0.0827 -0.0059
vn -0.9964 0.0846 -0.0017
vn -0.9962 0.0862 -0.0119
vn -0.9958 0.0907 -0.0129
vn -0.9963 0.0852 -0.0134
vn -0.9965 0.0828 -0.0133
vn -0.9964 0.0838 -0.0101
vn -0.9957 0.0913 -0.0152
vn -0.9956 0.0933 -0.0129
vn -0.9965 0.0824 -0.0150
vn -0.9964 0.0832 -0.0152
vn -0.9957 0.0909 -0.0161
vn -0.9964 0.0835 -0.0145
vn -0.9965 0.0826 -0.0153
vn -0.9957 0.0918 -0.0141
vn -0.9958 0.0903 -0.0120
vn -0.9964 0.0836 -0.0138
vn -0.9959 0.0898 -0.0103
vn -0.9959 0.0904 -0.0085
vn -0.9961 0.0879 -0.0080
vn -0.9963 0.0850 -0.0123
vn -0.9965 0.0820 -0.0132
vn -0.9962 0.0871 -0.0062
vn -0.9963 0.0859 -0.0052
vn -0.9961 0.0877 -0.0055
vn -0.9964 0.0850 -0.0033
vn -0.9964 0.0845 -0.0113
vn -0.9963 0.0855 -0.0030
vn -0.9963 0.0860 -0.0026
vn -0.9965 0.0838 -0.0005
vn -0.9964 0.0844 -0.0002
vn -0.9964 0.0854 0.0002
vn -0.9965 0.0840 0.0009
vn -0.9964 0.0850 0.0009
vn -0.9963 0.0864 0.0012
vn -0.9964 0.0851 -0.0003
vn -0.9963 0.0862 -0.0002
vn -0.9962 0.0875 -0.0001
vn -0.9963 0.0857 -0.0025
vn -0.9962 0.0869 -0.0021
vn -0.9962 0.0876 -0.0016
vn -0.9962 0.0872 -0.0032
vn -0.9963 0.0862 -0.0037
vn -0.9963 0.0857 -0.0038
vn -0.9963 0.0864 -0.0039
vn -0.9963 0.0859 -0.0039
vn -0.9956 0.0936 -0.0042
vn -0.9953 0.0968 -0.0049
vn -0.9956 0.0941 -0.0034
vn -0.9953 0.0970 -0.0032
vn -0.9956 0.0940 -0.0044
vn -0.9959 0.0905 -0.0032
vn -0.9959 0.0908 -0.0037
vn -0.9959 0.0903 -0.0038
vn -0.9954 0.0953 -0.0020
vn -0.9958 0.0910 -0.0024
vn -0.9953 0.0965 -0.0013
vn -0.9960 0.0894 -0.0024
vn -0.9958 0.0919 -0.0025
vn -0.9960 0.0899 -0.0009
vn -0.9965 0.0833 -0.0008
vn -0.9960 0.0890 -0.0029
vn -0.9961 0.0879 -0.0023
vn -0.9960 0.0888 -0.0033
vn -0.9960 0.0893 -0.0032
vn -0.9967 0.0817 -0.0006
vn -0.9967 0.0813 -0.0000
vn -0.9966 0.0824 0.0017
vn -0.9967 0.0812 0.0012
vn -0.9962 0.0873 -0.0026
vn -0.9961 0.0877 -0.0027
vn -0.9962 0.0871 -0.0028
vn -0.9963 0.0862 -0.0022
vn -0.9963 0.0859 -0.0025
vn -0.9963 0.0859 -0.0026
vn -0.9963 0.0861 -0.0025
vn -0.9963 0.0854 -0.0023
vn -0.9963 0.0854 -0.0024
vn -0.9963 0.0855 -0.0026
vn -0.9963 0.0854 -0.0027
vn -0.9964 0.0851 -0.0022
vn -0.9964 0.0852 -0.0024
vn -0.9963 0.0855 -0.0027
vn -0.9964 0.0849 -0.0020
vn -0.9964 0.0850 -0.0024
vn -0.9964 0.0848 -0.0022
vn -0.9964 0.0852 -0.0026
vn -0.9964 0.0853 -0.0030
vn -0.9963 0.0854 -0.0029
vn -0.9963 0.0854 -0.0034
vn -0.9963 0.0854 -0.0045
vn -0.9963 0.0854 -0.0040
vn -0.9963 0.0854 -0.0056
vn -0.9963 0.0852 -0.0076
vn -0.9963 0.0854 -0.0069
vn -0.9963 0.0851 -0.0093
vn -0.9965 0.0833 -0.0090
vn -0.9967 0.0805 -0.0105
vn -0.9965 0.0834 -0.0069
vn -0.9966 0.0825 -0.0075
vn -0.9964 0.0848 -0.0047
vn -0.9963 0.0853 -0.0045
vn -0.9964 0.0843 -0.0074
vn -0.9964 0.0842 -0.0074
vn -0.9964 0.0847 -0.0043
vn -0.9965 0.0839 -0.0043
vn -0.9965 0.0832 -0.0062
vn -0.9966 0.0828 -0.0053
vn -0.9964 0.0844 -0.0056
vn -0.9965 0.0830 -0.0050
vn -0.9966 0.0819 -0.0044
vn -0.9963 0.0853 -0.0031
vn -0.9963 0.0856 -0.0028
vn -0.9963 0.0856 -0.0027
vn -0.9963 0.0854 -0.0028
vn -0.9963 0.0855 -0.0028
vn -0.9964 0.0853 -0.0028
vn -0.9964 0.0853 -0.0029
vn -0.9963 0.0853 -0.0027
vn -0.9963 0.0853 -0.0028
vn -0.9964 0.0852 -0.0027
vn -0.9964 0.0852 -0.0028
vn -0.9963 0.0855 -0.0029
vn -0.9963 0.0855 -0.0025
vn -0.9963 0.0857 -0.0039
vn -0.9963 0.0860 -0.0039
vn -0.9963 0.0859 -0.0038
vn -0.9963 0.0859 -0.0036
vn -0.9963 0.0859 -0.0040
vn -0.9963 0.0860 -0.0038
vn -0.9963 0.0859 -0.0034
vn -0.9963 0.0856 -0.0044
vn -0.9964 0.0850 -0.0032
vn -0.9964 0.0843 -0.0047
vn -0.9965 0.0839 -0.0037
vn -0.9965 0.0835 -0.0025
vn -0.9966 0.0824 -0.0027
vn -0.9966 0.0822 -0.0015
vn -0.9966 0.0820 -0.0027
vn -0.9966 0.0824 -0.0008
vn -0.9966 0.0828 -0.0017
vn -0.9965 0.0838 -0.0013
vn -0.9965 0.0842 -0.0018
vn -0.9964 0.0845 -0.0019
vn -0.9964 0.0849 -0.0022
vn -0.9964 0.0853 -0.0027
vn -0.9964 0.0853 -0.0026
vn -0.9964 0.0843 -0.0017
vn -0.9964 0.0844 -0.0022
vn -0.9964 0.0850 -0.0027
vn -0.9965 0.0833 -0.0020
vn -0.9964 0.0843 -0.0028
vn -0.9965 0.0840 -0.0022
vn -0.9967 0.0815 -0.0021
vn -0.9966 0.0821 -0.0028
vn -0.9965 0.0832 -0.0034
vn -0.9967 0.0816 -0.0033
vn -0.9966 0.0829 -0.0031
vn -0.9967 0.0814 -0.0034
vn -0.9966 0.0824 -0.0028
vn -0.9966 0.0818 -0.0042
vn -0.9967 0.0814 -0.0045
vn -0.9965 0.0835 -0.0035
vn -0.9964 0.0842 -0.0030
vn -0.9965 0.0839 -0.0044
vn -0.9964 0.0842 -0.0039
vn -0.9964 0.0852 -0.0029
vn -0.9963 0.0854 -0.0033
vn -0.9963 0.0858 -0.0029
vn -0.9963 0.0863 -0.0030
vn -0.9962 0.0874 -0.0023
vn -0.9961 0.0877 -0.0016
vn -0.9960 0.0888 -0.0023
vn -0.9960 0.0888 -0.0022
vn -0.9959 0.0900 -0.0010
vn -0.9959 0.0902 0.0001
vn -0.9958 0.0917 -0.0007
vn -0.9958 0.0918 -0.0010
vn -0.9959 0.0908 0.0000
vn -0.9959 0.0902 0.0011
vn -0.9959 0.0905 -0.0006
vn -0.9959 0.0906 -0.0011
vn -0.9960 0.0896 0.0010
vn -0.9960 0.0894 0.0030
vn -0.9960 0.0888 0.0012
vn -0.9960 0.0894 -0.0007
vn -0.9960 0.0888 0.0053
vn -0.9960 0.0894 0.0081
vn -0.9961 0.0877 0.0073
vn -0.9960 0.0893 0.0038
vn -0.9962 0.0865 0.0093
vn -0.9962 0.0866 0.0083
vn -0.9966 0.0827 0.0052
vn -0.9964 0.0841 0.0091
vn -0.9965 0.0832 0.0051
vn -0.9967 0.0810 0.0023
vn -0.9968 0.0797 0.0032
vn -0.9967 0.0807 0.0029
vn -0.9967 0.0808 0.0036
vn -0.9967 0.0810 0.0064
vn -0.9969 0.0786 0.0061
vn -0.9965 0.0835 0.0079
vn -0.9968 0.0793 0.0062
vn -0.9966 0.0821 0.0100
vn -0.9968 0.0790 0.0101
vn -0.9968 0.0794 0.0102
vn -0.9968 0.0796 0.0104
vn -0.9968 0.0794 0.0104
vn 0.9964 -0.0852 0.0027
vn 0.9964 -0.0847 0.0026
vn 0.9963 -0.0855 0.0027
vn 0.9963 -0.0853 0.0027
vn 0.9964 -0.0849 0.0027
vn 0.9964 -0.0845 0.0027
vn 0.9964 -0.0853 0.0028
vn 0.9964 -0.0847 0.0028
vn 0.9964 -0.0851 0.0028
vn 0.9964 -0.0851 0.0030
vn 0.9963 -0.0854 0.0027
vn 0.9963 -0.0853 0.0029
vn 0.9963 -0.0855 0.0028
vn 0.9963 -0.0854 0.0028
vn 0.9963 -0.0856 0.0027
vn 0.9966 -0.0826 0.0044
vn 0.9966 -0.0828 0.0013
vn 0.9966 -0.0825 0.0054
vn 0.9966 -0.0825 0.0005
vn 0.9966 -0.0818 0.0064
vn 0.9966 -0.0825 0.0062
vn 0.9965 -0.0830 0.0021
vn 0.9965 -0.0832 -0.0044
vn 0.9965 -0.0829 0.0061
vn 0.9965 -0.0829 -0.0056
vn 0.9966 -0.0822 -0.0055
vn 0.9964 -0.0833 -0.0127
vn 0.9966 -0.0818 0.0050
vn 0.9966 -0.0823 0.0060
vn 0.9968 -0.0794 -0.0003
vn 0.9966 -0.0825 0.0013
vn 0.9967 -0.0811 0.0022
vn 0.9967 -0.0814 0.0016
vn 0.9968 -0.0799 -0.0022
vn 0.9969 -0.0786 -0.0036
vn 0.9970 -0.0776 -0.0000
vn 0.9966 -0.0821 0.0010
vn 0.9964 -0.0843 0.0016
vn 0.9965 -0.0833 0.0020
vn 0.9966 -0.0825 0.0022
vn 0.9966 -0.0829 0.0022
vn 0.9965 -0.0837 0.0020
vn 0.9965 -0.0838 0.0019
vn 0.9964 -0.0842 0.0020
vn 0.9965 -0.0835 0.0019
vn 0.9967 -0.0808 -0.0032
vn 0.9968 -0.0799 -0.0031
vn 0.9967 -0.0814 -0.0026
vn 0.9965 -0.0834 -0.0024
vn 0.9965 -0.0831 -0.0023
vn 0.9965 -0.0832 -0.0007
vn 0.9965 -0.0833 -0.0009
vn 0.9964 -0.0849 0.0000
vn 0.9964 -0.0848 -0.0005
vn 0.9965 -0.0839 0.0009
vn 0.9964 -0.0842 0.0014
vn 0.9963 -0.0854 0.0026
vn 0.9964 -0.0851 0.0021
vn 0.9964 -0.0843 0.0027
vn 0.9963 -0.0860 0.0022
vn 0.9960 -0.0891 0.0002
vn 0.9965 -0.0835 0.0034
vn 0.9963 -0.0858 0.0019
vn 0.9960 -0.0897 -0.0000
vn 0.9958 -0.0911 -0.0010
vn 0.9961 -0.0884 0.0016
vn 0.9960 -0.0899 0.0006
vn 0.9958 -0.0915 -0.0001
vn 0.9959 -0.0909 -0.0004
vn 0.9958 -0.0918 0.0011
vn 0.9958 -0.0921 0.0009
vn 0.9958 -0.0911 0.0005
vn 0.9960 -0.0891 0.0009
vn 0.9957 -0.0923 0.0003
vn 0.9958 -0.0913 0.0008
vn 0.9961 -0.0887 0.0018
vn 0.9962 -0.0865 0.0023
vn 0.9959 -0.0903 0.0019
vn 0.9960 -0.0888 0.0024
vn 0.9963 -0.0863 0.0030
vn 0.9964 -0.0848 0.0029
vn 0.9962 -0.0872 0.0035
vn 0.9963 -0.0864 0.0036
vn 0.9964 -0.0846 0.0036
vn 0.9965 -0.0833 0.0031
vn 0.9963 -0.0854 0.0042
vn 0.9964 -0.0845 0.0042
vn 0.9966 -0.0828 0.0038
vn 0.9966 -0.0820 0.0029
vn 0.9966 -0.0825 0.0046
vn 0.9965 -0.0832 0.0048
vn 0.9966 -0.0824 0.0032
vn 0.9965 -0.0830 0.0024
vn 0.9965 -0.0830 0.0036
vn 0.9966 -0.0828 0.0034
vn 0.9965 -0.0837 0.0028
vn 0.9965 -0.0841 0.0030
vn 0.9964 -0.0843 0.0032
vn 0.9964 -0.0844 0.0024
vn 0.9964 -0.0843 0.0020
vn 0.9964 -0.0851 0.0027
vn 0.9964 -0.0850 0.0028
vn 0.9964 -0.0850 0.0025
vn 0.9964 -0.0850 0.0022
vn 0.9964 -0.0853 0.0026
vn 0.9964 -0.0851 0.0036
vn 0.9964 -0.0851 0.0035
vn 0.9964 -0.0848 0.0047
vn 0.9964 -0.0852 0.0028
vn 0.9964 -0.0847 0.0049
vn 0.9964 -0.0850 0.0042
vn 0.9964 -0.0849 0.0044
vn 0.9964 -0.0850 0.0031
vn 0.9964 -0.0846 0.0060
vn 0.9964 -0.0850 0.0024
vn 0.9964 -0.0848 0.0022
vn 0.9964 -0.0846 0.0018
vn 0.9964 -0.0843 0.0067
vn 0.9964 -0.0838 0.0087
vn 0.9965 -0.0838 0.0073
vn 0.9964 -0.0846 0.0058
vn 0.9965 -0.0830 0.0093
vn 0.9965 -0.0823 0.0111
vn 0.9966 -0.0825 0.0085
vn 0.9966 -0.0817 0.0111
vn 0.9966 -0.0818 0.0118
vn 0.9966 -0.0820 0.0117
vn 0.9964 -0.0844 0.0073
vn 0.9965 -0.0839 0.0057
vn 0.9964 -0.0839 0.0108
vn 0.9966 -0.0825 0.0065
vn 0.9966 -0.0823 0.0102
vn 0.9964 -0.0843 0.0045
vn 0.9965 -0.0840 0.0047
vn 0.9964 -0.0850 0.0035
vn 0.9964 -0.0853 0.0035
vn 0.9964 -0.0851 0.0047
vn 0.9964 -0.0852 0.0031
vn 0.9965 -0.0840 0.0041
vn 0.9964 -0.0851 0.0046
vn 0.9964 -0.0843 0.0035
vn 0.9964 -0.0848 0.0036
vn 0.9964 -0.0847 0.0034
vn 0.9963 -0.0855 0.0038
vn 0.9965 -0.0840 0.0030
vn 0.9963 -0.0854 0.0029
vn 0.9963 -0.0853 0.0028
vn 0.9964 -0.0853 0.0025
vn 0.9963 -0.0856 0.0026
vn 0.9963 -0.0858 0.0025
vn 0.9963 -0.0858 0.0028
vn 0.9963 -0.0855 0.0026
vn 0.9962 -0.0866 0.0027
vn 0.9962 -0.0871 0.0025
vn 0.9962 -0.0868 0.0026
vn 0.9962 -0.0872 0.0030
vn 0.9960 -0.0888 0.0028
vn 0.9960 -0.0896 0.0024
vn 0.9959 -0.0899 0.0033
vn 0.9960 -0.0895 0.0028
vn 0.9959 -0.0900 0.0031
vn 0.9960 -0.0898 0.0026
vn 0.9959 -0.0899 0.0040
vn 0.9960 -0.0897 0.0036
vn 0.9961 -0.0886 0.0031
vn 0.9961 -0.0882 0.0026
vn 0.9961 -0.0878 0.0036
vn 0.9961 -0.0881 0.0029
vn 0.9961 -0.0879 0.0022
vn 0.9960 -0.0888 0.0034
vn 0.9961 -0.0887 0.0020
vn 0.9961 -0.0879 0.0008
vn 0.9960 -0.0894 0.0018
vn 0.9960 -0.0899 0.0026
vn 0.9961 -0.0880 0.0005
vn 0.9961 -0.0877 -0.0008
vn 0.9963 -0.0854 0.0014
vn 0.9961 -0.0878 0.0011
vn 0.9963 -0.0863 0.0001
vn 0.9965 -0.0835 0.0029
vn 0.9964 -0.0845 0.0058
vn 0.9965 -0.0829 0.0073
vn 0.9963 -0.0857 0.0094
vn 0.9961 -0.0880 0.0085
vn 0.9961 -0.0873 0.0100
vn 0.9962 -0.0869 0.0101
vn 0.9961 -0.0877 0.0089
vn 0.9960 -0.0889 0.0081
vn 0.9961 -0.0882 0.0079
vn 0.9962 -0.0869 0.0090
vn 0.9961 -0.0874 0.0080
vn 0.9961 -0.0880 0.0071
vn 0.9961 -0.0882 0.0072
vn 0.9962 -0.0868 0.0080
vn 0.9962 -0.0868 0.0068
vn 0.9963 -0.0858 0.0066
vn 0.9961 -0.0875 0.0071
vn 0.9962 -0.0870 0.0069
vn 0.9964 -0.0851 0.0044
vn 0.9963 -0.0858 0.0039
vn 0.9962 -0.0865 0.0040
vn 0.9961 -0.0886 0.0055
vn 0.9965 -0.0838 0.0013
vn 0.9964 -0.0848 0.0011
vn 0.9963 -0.0861 0.0017
vn 0.9963 -0.0855 0.0011
vn 0.9964 -0.0844 0.0001
vn 0.9964 -0.0852 0.0002
vn 0.9963 -0.0856 0.0003
vn 0.9963 -0.0854 0.0001
vn 0.9963 -0.0861 0.0003
vn 0.9962 -0.0866 0.0004
vn 0.9963 -0.0862 0.0012
vn 0.9962 -0.0870 0.0013
vn 0.9962 -0.0876 0.0009
vn 0.9961 -0.0878 0.0022
vn 0.9962 -0.0870 0.0031
vn 0.9962 -0.0865 0.0030
vn 0.9961 -0.0876 0.0045
vn 0.9962 -0.0868 0.0046
vn 0.9962 -0.0865 0.0044
vn 0.9962 -0.0870 0.0054
vn 0.9962 -0.0872 0.0054
vn 0.9962 -0.0867 0.0051
vn 0.9963 -0.0862 0.0047
vn 0.9962 -0.0869 0.0055
vn 0.9962 -0.0868 0.0055
vn 0.9963 -0.0861 0.0051
vn 0.9964 -0.0849 0.0045
vn 0.9962 -0.0865 0.0059
vn 0.9963 -0.0860 0.0056
vn 0.9964 -0.0844 0.0047
vn 0.9965 -0.0834 0.0039
vn 0.9965 -0.0840 0.0050
vn 0.9964 -0.0845 0.0055
vn 0.9965 -0.0831 0.0039
vn 0.9966 -0.0826 0.0032
vn 0.9965 -0.0832 0.0038
vn 0.9965 -0.0835 0.0044
vn 0.9965 -0.0831 0.0030
vn 0.9966 -0.0829 0.0023
vn 0.9965 -0.0837 0.0029
vn 0.9965 -0.0837 0.0033
vn 0.9965 -0.0835 0.0020
vn 0.9965 -0.0834 0.0010
vn 0.9965 -0.0837 0.0019
vn 0.9965 -0.0837 0.0025
vn 0.9965 -0.0836 0.0009
vn 0.9965 -0.0838 0.0006
vn 0.9965 -0.0833 0.0010
vn 0.9965 -0.0833 0.0012
vn 0.9964 -0.0842 0.0012
vn 0.9964 -0.0845 0.0013
vn 0.9963 -0.0855 -0.0071
vn 0.9961 -0.0874 -0.0068
vn 0.9962 -0.0863 -0.0108
vn 0.9962 -0.0872 -0.0032
vn 0.9960 -0.0888 -0.0039
vn 0.9964 -0.0837 -0.0129
vn 0.9964 -0.0849 -0.0036
vn 0.9965 -0.0834 -0.0073
vn 0.9962 -0.0870 -0.0001
vn 0.9962 -0.0852 -0.0163
vn 0.9966 -0.0811 -0.0146
vn 0.9967 -0.0806 -0.0134
vn 0.9964 -0.0819 -0.0203
vn 0.9962 -0.0839 -0.0222
vn 0.9966 -0.0787 -0.0235
vn 0.9966 -0.0785 -0.0232
vn 0.9960 -0.0890 -0.0009
vn 0.9960 -0.0890 0.0016
vn 0.9958 -0.0920 -0.0023
vn 0.9964 -0.0816 -0.0222
vn 0.9966 -0.0802 -0.0205
vn 0.9966 -0.0797 -0.0200
vn 0.9963 -0.0835 -0.0213
vn 0.9965 -0.0826 -0.0148
vn 0.9966 -0.0814 -0.0091
vn 0.9958 -0.0919 0.0009
vn 0.9958 -0.0920 0.0025
vn 0.9953 -0.0967 0.0027
vn 0.9952 -0.0976 0.0001
vn 0.9951 -0.0987 -0.0034
vn 0.9945 -0.1043 0.0019
vn 0.9945 -0.1050 -0.0020
vn 0.9944 -0.1057 -0.0063
vn 0.9941 -0.1086 -0.0003
vn 0.9942 -0.1076 -0.0044
vn 0.9942 -0.1076 -0.0019
vn 0.9943 -0.1059 -0.0074
vn 0.9944 -0.1059 -0.0058
vn 0.9945 -0.1046 -0.0070
vn -0.0767 -0.9926 -0.0945
vn -0.0785 -0.9740 -0.2123
vn -0.0780 -0.9186 -0.3874
vn -0.0771 -0.9889 -0.1268
vn -0.0762 -0.9939 -0.0796
vn -0.0794 -0.9519 -0.2959
vn -0.0774 -0.8991 -0.4309
vn -0.0758 -0.9970 -0.0126
vn -0.0647 -0.7208 -0.6901
vn -0.0765 -0.9967 -0.0272
vn -0.0760 -0.9971 -0.0027
vn -0.0720 -0.8230 -0.5635
vn -0.0759 -0.9952 0.0616
vn -0.0465 -0.4975 -0.8662
vn -0.0555 -0.5915 -0.8044
vn -0.0772 -0.9966 0.0282
vn -0.0761 -0.9938 0.0816
vn -0.0416 -0.4472 -0.8934
vn -0.0745 -0.9817 0.1750
vn -0.0159 -0.1486 -0.9888
vn -0.0760 -0.9874 0.1386
vn -0.0744 -0.9780 0.1950
vn -0.0252 -0.2693 -0.9627
vn -0.0096 -0.0815 -0.9966
vn -0.0709 -0.9609 0.2676
vn 0.0154 0.2057 -0.9785
vn -0.0711 -0.9663 0.2474
vn -0.0700 -0.9586 0.2760
vn 0.0082 0.1146 -0.9934
vn 0.0199 0.2536 -0.9671
vn -0.0720 -0.9450 0.3191
vn 0.0393 0.4762 -0.8784
vn -0.0740 -0.9456 0.3169
vn -0.0735 -0.9423 0.3265
vn 0.0322 0.3901 -0.9202
vn 0.0432 0.5193 -0.8535
vn -0.0834 -0.9291 0.3603
vn 0.0563 0.6730 -0.7375
vn -0.0876 -0.9164 0.3905
vn -0.0886 -0.9238 0.3724
vn -0.0978 -0.9139 0.3939
vn -0.1057 -0.8952 0.4329
vn 0.0533 0.6376 -0.7685
vn 0.0578 0.6903 -0.7212
vn 0.0620 0.7395 -0.6703
vn 0.0621 0.7396 -0.6702
vn -0.0724 -0.9036 -0.4222
vn -0.0641 -0.7688 -0.6362
vn -0.0683 -0.8407 -0.5372
vn -0.0740 -0.9297 -0.3607
vn -0.0795 -0.9962 -0.0360
vn -0.0794 -0.9833 -0.1636
vn -0.0802 -0.9963 0.0322
vn -0.0753 -0.9248 0.3729
vn -0.0796 -0.9697 0.2311
vn -0.0733 -0.8928 0.4445
vn -0.0559 -0.6741 0.7365
vn -0.0638 -0.7690 0.6360
vn -0.0472 -0.5657 0.8233
vn -0.0395 -0.4652 0.8843
vn -0.0355 -0.4126 0.9102
vn -0.0347 -0.4112 0.9109
vn -0.0292 -0.3047 0.9520
vn -0.0255 -0.2484 0.9683
vn -0.0227 -0.2434 0.9697
vn -0.0237 -0.1514 0.9882
vn -0.0152 -0.0899 0.9958
vn -0.0213 -0.0997 0.9948
vn -0.0232 -0.0672 0.9975
vn -0.0210 -0.0492 0.9986
vn -0.0222 -0.0478 0.9986
vn -0.0205 -0.0499 0.9985
vn -0.0168 -0.0503 0.9986
vn -0.0168 -0.0691 0.9975
vn -0.0147 -0.0477 0.9988
vn -0.0077 -0.0134 0.9999
vn -0.0093 -0.0400 0.9992
vn -0.0052 -0.0069 1.0000
vn -0.0024 0.0282 0.9996
vn -0.0026 0.0326 0.9995
vn -0.0031 0.0293 0.9996
vn -0.0060 0.0356 0.9993
vn -0.0084 0.0453 0.9989
vn 0.1195 0.8743 -0.4704
vn 0.1213 0.8671 -0.4832
vn 0.1117 0.8559 -0.5049
vn 0.1085 0.8422 -0.5281
vn 0.1113 0.8293 -0.5476
vn 0.1056 0.8547 -0.5083
vn 0.1222 0.8996 0.4192
vn 0.1231 0.8959 0.4268
vn 0.1235 0.9103 0.3951
vn 0.1237 0.9170 0.3791
vn 0.1253 0.9318 0.3407
vn 0.1246 0.9338 0.3353
vn 0.0074 -0.5063 0.8623
vn -0.0952 -0.6920 0.7156
vn -0.0108 -0.4700 0.8826
vn 0.0425 -0.2825 0.9583
vn -0.1276 -0.6720 0.7295
vn -0.0590 -0.4706 0.8804
vn 0.0215 -0.2487 0.9683
vn 0.0694 -0.0930 0.9932
vn -0.1011 -0.4729 0.8753
vn -0.1343 -0.5896 0.7964
vn -0.1235 -0.4734 0.8722
vn 0.0439 -0.0654 0.9969
vn -0.0269 -0.2477 0.9685
vn 0.0852 0.0334 0.9958
vn -0.0726 -0.2516 0.9651
vn -0.1096 -0.3489 0.9307
vn -0.1014 -0.2519 0.9624
vn 0.0569 0.0460 0.9973
vn 0.0899 0.0786 0.9928
vn 0.0539 0.0828 0.9951
vn -0.0025 -0.0687 0.9976
vn 0.0041 0.0561 0.9984
vn 0.0071 0.0871 0.9962
vn -0.0391 0.0925 0.9949
vn -0.0563 -0.0622 0.9965
vn -0.1065 -0.1308 0.9857
vn -0.0954 -0.0490 0.9942
vn -0.0596 0.0624 0.9963
vn -0.0756 0.0966 0.9925
vn -0.0795 0.0281 0.9964
vn -0.0751 0.0970 0.9924
vn 0.1356 0.9816 -0.1343
vn 0.1357 0.9817 -0.1340
vn 0.1355 0.9816 -0.1346
vn 0.0893 0.9808 -0.1734
vn 0.0920 0.9925 -0.0800
vn 0.0829 0.9300 -0.3581
vn 0.0922 0.9957 0.0086
vn 0.0920 0.9953 -0.0307
vn 0.0793 0.8910 -0.4471
vn 0.0803 0.8893 -0.4502
vn 0.0923 0.9953 0.0283
vn 0.0700 0.7929 -0.6054
vn 0.0896 0.9894 0.1139
vn 0.0615 0.6923 -0.7190
vn 0.0650 0.7319 -0.6783
vn 0.0891 0.9927 0.0815
vn 0.0885 0.9880 0.1268
vn 0.0596 0.6715 -0.7386
vn 0.0856 0.9803 0.1779
vn 0.0519 0.5783 -0.8142
vn 0.0846 0.9798 0.1810
vn 0.0849 0.9827 0.1645
vn 0.0542 0.6054 -0.7941
vn 0.0507 0.5646 -0.8238
vn 0.0472 0.5223 -0.8515
vn 0.0471 0.5222 -0.8515
vn 0.0835 0.9757 0.2027
vn 0.0831 0.9751 0.2055
vn 0.0833 0.9773 0.1949
vn 0.0833 0.9712 0.2234
vn 0.0829 0.9728 0.2161
vn 0.0825 0.9686 0.2344
vn 0.0838 0.9694 0.2307
vn 0.0871 0.9696 0.2288
vn 0.0848 0.9669 0.2405
vn 0.0914 0.9714 0.2191
vn 0.0342 0.5616 -0.8267
vn 0.0436 0.6036 -0.7961
vn 0.0509 0.6241 -0.7797
vn 0.0329 0.5813 -0.8130
vn 0.0297 0.5433 -0.8390
vn 0.0538 0.6242 -0.7794
vn 0.0543 0.6311 -0.7738
vn 0.0262 0.4716 -0.8814
vn 0.0736 0.6697 -0.7390
vn 0.0260 0.4550 -0.8901
vn 0.0307 0.5111 -0.8590
vn 0.0683 0.6569 -0.7509
vn 0.0211 0.3636 -0.9313
vn 0.0855 0.6913 -0.7175
vn 0.0739 0.7164 -0.6938
vn 0.0210 0.3467 -0.9378
vn 0.0257 0.4039 -0.9145
vn 0.1038 0.7005 -0.7061
vn 0.1046 0.7231 -0.6828
vn 0.1097 0.7118 -0.6938
vn 0.0114 0.2307 -0.9730
vn 0.0090 0.2015 -0.9794
vn 0.0160 0.2879 -0.9575
vn -0.0090 0.0017 -1.0000
vn -0.0145 -0.0550 -0.9984
vn -0.0021 0.1053 -0.9944
vn -0.0378 -0.3500 -0.9360
vn -0.0434 -0.4168 -0.9080
vn -0.0299 -0.2216 -0.9747
vn -0.0541 -0.5926 -0.8037
vn -0.0532 -0.5909 -0.8050
vn 0.0737 0.6465 0.7593
vn 0.0850 0.7302 0.6779
vn 0.0861 0.7898 0.6072
vn 0.0795 0.6924 0.7172
vn 0.0704 0.6233 0.7788
vn 0.0842 0.8008 0.5930
vn 0.0821 0.7818 0.6182
vn 0.0531 0.4808 0.8752
vn 0.0799 0.8336 0.5466
vn 0.0492 0.4454 0.8940
vn 0.0623 0.5429 0.8375
vn 0.0764 0.8375 0.5411
vn 0.0767 0.8406 0.5361
vn 0.0249 0.2444 0.9694
vn 0.0735 0.8446 0.5303
vn 0.0194 0.1941 0.9808
vn 0.0380 0.3274 0.9441
vn 0.0718 0.8450 0.5299
vn 0.0725 0.8525 0.5177
vn -0.0170 -0.0704 0.9974
vn 0.0709 0.8458 0.5288
vn -0.0257 -0.1347 0.9905
vn 0.0014 0.0486 0.9988
vn 0.0709 0.8499 0.5222
vn 0.0699 0.8400 0.5381
vn -0.0703 -0.4343 0.8980
vn 0.0786 0.8765 0.4750
vn -0.0792 -0.4930 0.8664
vn -0.0520 -0.3118 0.9487
vn 0.0748 0.8530 0.5165
vn -0.1186 -0.7824 0.6114
vn 0.0784 0.8891 0.4510
vn 0.0838 0.8952 0.4377
vn -0.1021 -0.6603 0.7441
vn 0.0970 0.9138 0.3943
vn 0.0900 0.9091 0.4067
vn 0.1117 0.9296 0.3513
vn -0.1306 -0.8807 0.4553
vn -0.1344 -0.8855 0.4447
vn -0.1359 -0.9641 0.2280
vn -0.1371 -0.9851 0.1036
vn -0.1405 -0.9858 0.0919
vn -0.1307 -0.9801 -0.1495
vn -0.1266 -0.9513 -0.2809
vn -0.1257 -0.9523 -0.2780
vn -0.1102 -0.8631 -0.4928
vn -0.1006 -0.8001 -0.5914
vn -0.1014 -0.7984 -0.5935
vn -0.0879 -0.7267 -0.6813
vn -0.0815 -0.6853 -0.7236
vn -0.0829 -0.6824 -0.7262
vn -0.0665 -0.6229 -0.7795
vn -0.0595 -0.5883 -0.8064
vn -0.0657 -0.5749 -0.8156
vn -0.0449 -0.5476 -0.8356
vn -0.0386 -0.5136 -0.8572
vn -0.0441 -0.5115 -0.8582
vn -0.0358 -0.5146 -0.8567
vn -0.0333 -0.4919 -0.8700
vn -0.0317 -0.4968 -0.8673
vn -0.0334 -0.4846 -0.8741
vn -0.0312 -0.4918 -0.8701
vn -0.0399 -0.4751 -0.8790
vn -0.0421 -0.4739 -0.8795
vn -0.0372 -0.4923 -0.8696
vn -0.0503 -0.4558 -0.8887
vn -0.0487 -0.4696 -0.8815
vn -0.0552 -0.4423 -0.8952
vn 0.0752 0.9967 -0.0297
vn 0.0756 0.9969 0.0196
vn 0.0739 0.9968 0.0289
vn 0.0741 0.9931 0.0907
vn 0.0714 0.9929 0.0950
vn 0.0780 0.9800 0.1828
vn 0.0854 0.9732 0.2136
vn 0.0836 0.9134 0.3984
vn 0.0906 0.9082 0.4087
vn 0.0687 0.7844 0.6164
vn 0.0584 0.7148 0.6969
vn 0.0421 0.4900 0.8707
vn 0.0316 0.3586 0.9330
vn 0.0055 0.0455 0.9990
vn -0.0009 0.0392 0.9992
vn -0.0248 -0.2765 0.9607
vn -0.0144 -0.2877 0.9576
vn -0.0490 -0.5063 0.8610
vn -0.0590 -0.4994 0.8644
vn -0.0574 -0.5965 0.8005
vn -0.0482 -0.5644 0.8241
vn -0.0342 -0.5625 0.8261
vn -0.0513 -0.6168 0.7855
vn -0.0271 -0.5276 0.8490
vn -0.0560 -0.6333 0.7719
vn -0.0252 -0.4693 0.8827
vn -0.0663 -0.6304 0.7735
vn -0.0226 -0.4328 0.9012
vn -0.0663 -0.6214 0.7807
vn -0.0148 -0.3698 0.9290
vn -0.0775 -0.6538 0.7527
vn -0.0051 -0.3359 0.9419
vn -0.0781 -0.6615 0.7458
vn 0.0041 -0.1985 0.9801
vn -0.0891 -0.7113 0.6972
vn 0.0155 -0.2105 0.9775
vn -0.0995 -0.7249 0.6816
vn -0.1052 -0.7484 0.6548
vn -0.1120 -0.7330 0.6710
vn 0.0192 0.0665 0.9976
vn 0.0053 0.0707 0.9975
vn 0.0337 0.4005 0.9157
vn 0.0508 0.3854 0.9214
vn 0.0440 0.7248 0.6876
vn 0.0253 0.7350 0.6776
vn 0.0672 0.9276 0.3675
vn 0.0344 0.7275 -0.6853
vn 0.0347 0.7275 -0.6852
vn 0.0375 0.7210 -0.6919
vn -0.0324 -0.2690 0.9626
vn -0.0382 -0.3576 0.9331
vn -0.0325 -0.2837 0.9584
vn 0.0552 0.7417 -0.6685
vn -0.0326 -0.1382 0.9899
vn 0.0446 0.7219 -0.6905
vn -0.0275 -0.0941 0.9952
vn 0.0795 0.7708 -0.6321
vn -0.0166 -0.0694 0.9975
vn 0.0990 0.7896 -0.6055
vn -0.0117 -0.0791 0.9968
vn 0.1002 0.7882 -0.6072
vn -0.0107 -0.0411 0.9991
vn 0.1048 0.7933 -0.5998
vn -0.0040 0.0101 0.9999
vn -0.0497 -0.3791 -0.9240
vn -0.0393 -0.4691 -0.8823
vn 0.0064 0.0682 0.9976
vn -0.0596 -0.2853 -0.9566
vn 0.0091 0.0791 0.9968
vn -0.1168 -0.9453 0.3045
vn -0.1267 -0.9259 0.3559
vn -0.1110 -0.9307 0.3486
vn 0.0153 0.1045 0.9944
vn -0.0923 -0.9352 0.3419
vn 0.0217 0.1178 0.9928
vn -0.0776 -0.9146 0.3967
vn 0.0266 0.1345 0.9906
vn -0.0687 -0.9243 0.3754
vn 0.0279 0.1268 0.9915
vn 0.0273 0.1270 0.9915
vn 0.0260 0.1319 0.9909
vn -0.0702 -0.9115 0.4052
vn -0.0737 -0.9112 0.4054
vn -0.0707 -0.9279 0.3660
vn -0.0763 -0.9367 0.3418
vn -0.0856 -0.9529 0.2910
vn -0.0767 -0.9702 0.2298
vn -0.0622 -0.9917 0.1123
vn -0.0559 -0.9970 0.0544
vn -0.0754 -0.9927 -0.0937
vn -0.0813 -0.9944 -0.0680
vn -0.0881 -0.9382 -0.3347
vn -0.0865 -0.9340 -0.3467
vn -0.0838 -0.8319 -0.5486
vn -0.0807 -0.7639 -0.6402
vn -0.0563 -0.5705 -0.8194
vn -0.0617 -0.5517 -0.8317
vn -0.0218 -0.3395 -0.9404
vn -0.0164 -0.3601 -0.9328
vn 0.0026 -0.1364 -0.9906
vn 0.0022 -0.0612 -0.9981
vn 0.0075 0.0914 -0.9958
vn 0.0068 0.1559 -0.9878
vn 0.0137 0.2350 -0.9719
vn 0.0149 0.2374 -0.9713
vn -0.0831 -0.7047 -0.7046
vn -0.0791 -0.6290 -0.7733
vn -0.0797 -0.7364 -0.6718
vn -0.0747 -0.5788 -0.8121
vn -0.0874 -0.7915 -0.6049
vn -0.0564 -0.4774 -0.8769
vn -0.0815 -0.7873 -0.6111
vn -0.0441 -0.4250 -0.9041
vn -0.0981 -0.8524 -0.5136
vn -0.0260 -0.3040 -0.9523
vn -0.0873 -0.8588 -0.5048
vn -0.0206 -0.2191 -0.9755
vn -0.0694 -0.8550 -0.5140
vn 0.0116 0.0636 -0.9979
vn -0.0527 -0.8425 -0.5361
vn 0.0388 0.2693 -0.9623
vn -0.0623 -0.8485 -0.5256
vn 0.0778 0.5166 -0.8527
vn -0.0689 -0.8497 -0.5228
vn 0.0915 0.5789 -0.8102
vn -0.0832 -0.8754 -0.4763
vn 0.1102 0.7262 -0.6786
vn -0.0740 -0.8596 -0.5056
vn 0.1167 0.7954 -0.5948
vn -0.1022 -0.8998 -0.4241
vn 0.1298 0.9198 -0.3703
vn -0.1108 -0.9111 -0.3970
vn 0.1364 0.9640 -0.2282
vn -0.1085 -0.9109 -0.3981
vn 0.1419 0.9855 0.0930
vn -0.1008 -0.9022 -0.4193
vn 0.1448 0.9860 0.0826
vn -0.1034 -0.8903 0.4435
vn -0.1046 -0.8744 0.4739
vn -0.0831 -0.8542 0.5133
vn 0.1204 0.8953 0.4290
vn -0.1156 -0.8875 0.4461
vn -0.1056 -0.8574 0.5036
vn -0.1040 -0.8663 0.4885
vn 0.1309 0.9031 0.4089
vn 0.0759 0.7451 0.6626
vn 0.0651 0.7308 0.6795
vn 0.0495 0.6443 0.7631
vn 0.0538 0.5992 0.7988
vn 0.0575 0.5433 0.8375
vn 0.0557 0.5379 0.8411
vn 0.0429 0.5262 0.8493
vn 0.0342 0.5126 0.8579
vn 0.0369 0.5028 0.8636
vn 0.0529 0.4869 0.8718
vn 0.0665 0.4789 0.8754
vn 0.0767 0.4595 0.8849
vn 0.0654 0.4788 0.8755
vn 0.0673 0.4529 0.8890
vn 0.0584 0.4971 0.8657
vn 0.0489 0.5364 0.8426
vn 0.0687 0.9407 0.3323
vn 0.0905 0.9958 -0.0145
vn 0.0962 0.9953 0.0070
vn 0.0850 0.8859 -0.4560
vn 0.0901 0.8880 -0.4509
vn 0.0636 0.6731 -0.7368
vn 0.0584 0.6689 -0.7411
vn 0.0477 0.4921 -0.8693
vn 0.0510 0.4934 -0.8683
vn 0.0289 0.3255 -0.9451
vn 0.0294 0.3136 -0.9491
vn 0.0152 0.1756 -0.9844
vn 0.0032 0.1679 -0.9858
vn 0.0171 0.0774 -0.9969
vn 0.0250 0.0740 -0.9969
vn 0.0207 0.0493 -0.9986
vn 0.0176 0.0480 -0.9987
vn 0.0192 0.0385 -0.9991
vn 0.0169 0.0398 -0.9991
vn 0.0109 0.0199 -0.9997
vn 0.0045 0.0103 -0.9999
vn 0.0016 -0.0038 -1.0000
vn 0.0033 -0.0015 -1.0000
vn 0.0050 0.0007 -1.0000
vn 0.0076 -0.0118 -0.9999
vn -0.1485 -0.9138 -0.3780
vn -0.1400 -0.9469 -0.2893
vn -0.1320 -0.9404 -0.3133
vn -0.1239 -0.9300 -0.3460
vn -0.1196 -0.9010 -0.4171
vn -0.1231 -0.8729 -0.4721
vn 0.0583 0.8488 -0.5255
vn -0.0080 0.7176 -0.6964
vn 0.0635 0.8267 -0.5591
vn 0.1384 0.9486 -0.2845
vn 0.1659 0.9807 -0.1033
vn 0.1611 0.9386 -0.3050
vn 0.1621 0.9638 -0.2115
vn 0.1737 0.9362 -0.3055
vn 0.1347 0.8651 -0.4832
vn 0.0285 0.6820 -0.7308
vn 0.1642 0.8712 -0.4626
vn -0.0176 0.4883 -0.8725
vn 0.1148 0.7359 -0.6673
vn 0.1230 0.8249 -0.5518
vn 0.0972 0.7165 -0.6908
vn 0.0702 0.6701 -0.7389
vn -0.0028 0.5083 -0.8612
vn 0.0201 0.4594 -0.8880
vn 0.0760 0.5064 -0.8589
vn 0.0638 0.5231 -0.8499
vn 0.0649 0.1805 -0.9814
vn -0.0359 0.2639 -0.9639
vn -0.0248 0.2503 -0.9678
vn -0.0620 0.1296 -0.9896
vn 0.0234 0.2246 -0.9742
vn 0.0411 0.0865 -0.9954
vn 0.1351 0.0384 -0.9901
vn 0.1212 0.1198 -0.9854
vn 0.0510 0.0912 -0.9945
vn -0.0044 0.1200 -0.9928
vn -0.0025 0.1554 -0.9879
vn 0.0111 0.0986 -0.9951
vn -0.0213 0.0952 -0.9952
vn -0.0192 0.1137 -0.9933
vn -0.0411 0.1347 -0.9900
vn -0.9993 0.0025 0.0366
vn -0.9973 0.0740 -0.0012
vn -0.9970 0.0772 0.0034
vn -1.0000 -0.0058 -0.0054
vn -0.9968 0.0187 0.0775
vn -0.9999 0.0070 0.0133
vn -0.9965 0.0832 -0.0083
vn -0.9842 0.1765 -0.0123
vn -0.9915 0.1236 -0.0412
vn -0.9953 0.0896 -0.0369
vn -0.9915 0.1302 -0.0015
vn -0.9973 0.0724 0.0096
vn -0.9921 0.1248 0.0136
vn -0.9935 0.1127 0.0140
vn -0.9978 0.0621 -0.0215
vn -0.9960 0.0892 0.0060
vn -0.9950 0.0939 -0.0341
vn -0.9953 0.0973 -0.0030
vn -0.9953 0.0956 0.0124
vn -0.9947 0.0890 0.0514
vn -0.9969 0.0768 0.0165
vn -0.9969 0.0780 0.0035
vn -0.9958 0.0781 0.0482
vn -0.9962 0.0570 0.0655
vn -0.9940 0.1076 0.0169
vn -0.9937 0.1017 0.0469
vn -0.9973 0.0631 0.0374
vn -0.9957 0.0926 0.0006
vn -0.9986 0.0519 0.0077
vn -0.9986 0.0468 0.0227
vn -0.9959 0.0895 0.0143
vn -0.9955 0.0938 0.0156
vn -0.9966 0.0524 0.0642
vn -0.9964 0.0819 0.0215
vn -0.9957 0.0922 -0.0089
vn -0.9990 0.0443 0.0080
vn -0.9941 0.1054 -0.0276
vn -0.9933 0.1104 -0.0332
vn -0.9963 0.0786 -0.0345
vn -0.9948 0.0695 -0.0741
vn -0.9951 0.0983 -0.0108
vn -0.9946 0.1030 -0.0142
vn -0.9966 0.0779 -0.0256
vn -0.9935 0.1112 -0.0237
vn -0.9965 0.0708 0.0453
vn -0.9956 0.0853 0.0399
vn -0.9966 0.0827 -0.0023
vn -0.9963 0.0849 0.0096
vn -0.9934 0.1136 -0.0156
vn -0.9911 0.1333 0.0030
vn -0.9954 0.0945 -0.0154
vn -0.9956 0.0772 0.0523
vn -0.9932 0.1113 -0.0326
vn -0.9889 0.1341 -0.0638
vn -0.9958 0.0913 0.0032
vn -0.9952 0.0767 0.0606
vn -0.9887 0.1477 0.0245
vn -0.9959 0.0764 0.0493
vn -0.9972 0.0740 0.0065
vn -0.9933 0.1148 -0.0115
vn -0.9973 0.0733 0.0009
vn -0.9983 0.0535 0.0209
vn -0.9979 0.0632 0.0134
vn -0.9969 0.0786 0.0086
vn -0.9963 0.0852 -0.0115
vn -0.9949 0.0988 0.0213
vn -0.9955 0.0931 0.0189
vn -0.9944 0.1054 0.0094
vn -0.9946 0.1031 -0.0107
vn -0.9928 0.1106 0.0469
vn -0.9955 0.0880 0.0349
vn -0.9946 0.0999 0.0266
vn -0.9963 0.0856 0.0061
vn -0.9961 0.0819 0.0321
vn -0.9965 0.0831 0.0069
vn -0.9957 0.0886 -0.0266
vn -0.9954 0.0906 -0.0310
vn -0.9985 0.0536 -0.0085
vn -0.9969 0.0774 -0.0118
vn -0.9930 0.1180 0.0016
vn -0.9930 0.1177 0.0035
vn -0.9983 0.0579 0.0074
vn -0.9963 0.0856 0.0038
vn -0.9943 0.1064 -0.0080
vn -0.9944 0.1043 -0.0152
vn -0.9981 0.0569 0.0255
vn -0.9960 0.0895 -0.0015
vn -0.9895 0.1432 -0.0194
vn -0.9908 0.1310 -0.0326
vn -0.9971 0.0706 0.0283
vn -0.9969 0.0784 -0.0008
vn -0.9958 0.0839 -0.0354
vn -0.9961 0.0802 -0.0376
vn -0.9971 0.0543 0.0538
vn -0.9977 0.0679 0.0037
vn -0.9922 0.1111 -0.0565
vn -0.9934 0.0963 -0.0623
vn -0.9959 0.0650 0.0623
vn -0.9959 0.0902 0.0018
vn -0.9983 0.0445 -0.0366
vn -0.9956 0.0894 -0.0275
vn -0.9940 0.1056 0.0286
vn -0.9943 0.1063 -0.0015
vn -0.9968 0.0803 -0.0050
vn -0.9984 0.0557 0.0006
vn -0.9981 0.0500 0.0358
vn -0.9923 0.1240 0.0065
vn -0.9941 0.1035 -0.0327
vn -0.9784 0.2066 0.0106
vn -0.9940 0.0865 -0.0670
vn -0.9964 0.0833 -0.0149
vn -0.9967 0.0724 0.0360
vn -0.9905 0.1208 -0.0652
vn -0.9962 0.0533 -0.0692
vn -0.9914 0.1293 -0.0218
vn -0.9990 0.0411 -0.0181
vn -0.9788 0.1941 -0.0657
vn -0.9934 0.1127 -0.0194
vn -0.9984 0.0544 -0.0139
vn -0.9913 0.1316 0.0069
vn -0.9964 0.0841 -0.0058
vn -0.9990 0.0438 0.0111
vn -0.9944 0.1043 0.0174
vn -0.9971 0.0735 0.0172
vn -0.9992 0.0391 0.0054
vn -0.9957 0.0918 0.0106
vn -0.9958 0.0893 0.0188
vn -0.9899 0.1417 0.0089
vn -0.9964 0.0844 -0.0088
vn -0.9985 -0.0416 -0.0365
vn -0.9741 0.2249 -0.0227
vn -0.9985 0.0251 -0.0484
vn -0.9882 0.1454 -0.0477
vn -0.9828 0.1844 -0.0080
vn -0.9980 0.0532 -0.0342
vn -0.9950 0.0992 0.0142
vn -0.9963 0.0853 0.0112
vn -0.9981 0.0614 -0.0022
vn -0.9970 0.0752 0.0156
vn -0.9962 0.0867 0.0040
vn -0.9972 0.0563 -0.0495
vn -0.9966 0.0790 -0.0229
vn -0.9998 0.0133 -0.0133
vn -0.9987 -0.0511 -0.0037
vn -0.9912 0.1287 -0.0313
vn -0.9927 0.1177 -0.0268
vn -0.9954 0.0687 0.0660
vn -0.9949 0.1004 0.0129
vn -0.9955 0.0886 -0.0345
vn -0.9949 0.0980 -0.0245
vn -0.9940 0.1085 0.0126
vn -0.9956 0.0908 -0.0245
vn -0.9947 0.0942 0.0404
vn -0.9959 0.0820 0.0386
vn -0.9917 0.0877 -0.0942
vn -0.9881 0.0966 -0.1196
vn -0.9974 0.0664 -0.0278
vn -0.9969 0.0734 -0.0271
vn -0.9915 0.1170 -0.0572
vn -0.9960 0.0895 0.0079
vn -0.9936 0.0929 0.0643
vn -0.9935 0.0998 -0.0544
vn -0.9950 0.0836 -0.0553
vn -0.9908 0.1344 -0.0186
vn -0.9953 0.0965 0.0069
vn -0.9961 0.0735 0.0493
vn -0.9998 0.0201 0.0087
vn -0.9956 0.0933 0.0090
vn -0.9930 0.1071 0.0493
vn -0.9950 0.0946 0.0309
vn -0.9843 0.1619 -0.0701
vn -0.9968 0.0651 0.0468
vn -0.9950 0.0569 0.0822
vn -0.9958 0.0905 -0.0100
vn -0.9946 0.1034 -0.0042
vn -0.9968 0.0746 0.0280
vn -0.9911 0.1080 -0.0778
vn -0.9933 0.1142 -0.0155
vn -0.9977 0.0670 0.0106
vn -0.9957 0.0895 0.0232
vn -0.9984 0.0362 0.0442
vn -0.9977 0.0038 0.0680
vn -0.9950 -0.0061 0.1001
vn -0.9942 0.1072 0.0062
vn -0.9876 0.1492 -0.0482
vn -0.9949 0.1005 -0.0005
vn -0.9934 0.1143 0.0134
vn -0.9985 0.0531 -0.0131
vn -0.9964 0.0845 -0.0056
vn -0.9998 0.0173 0.0030
vn -0.9980 0.0592 0.0202
vn -0.9869 0.1594 0.0251
vn -0.9925 -0.1188 0.0297
vn -0.9962 0.0871 -0.0040
vn -0.9962 0.0864 -0.0099
vn -0.9959 0.0895 0.0163
vn -0.9942 0.0790 0.0729
vn -0.9965 0.0819 -0.0170
vn -0.9942 0.1038 -0.0284
vn -0.9980 0.0629 -0.0009
vn -0.9957 0.0700 -0.0607
vn -0.9964 0.0844 -0.0051
vn -0.9958 0.0897 -0.0199
vn -0.9976 0.0681 0.0090
vn -0.9958 0.0650 0.0647
vn -0.9954 0.0958 -0.0039
vn -0.9958 0.0913 0.0016
vn -0.9922 0.1244 -0.0031
vn -0.9924 0.1213 -0.0217
vn -0.9941 0.1081 -0.0105
vn -0.9898 0.1309 -0.0561
vn -0.9961 0.0874 0.0114
vn -0.9964 0.0850 0.0021
vn -0.9943 0.1062 -0.0095
vn -0.9964 0.0832 0.0186
vn -0.9985 0.0509 -0.0178
vn -0.9971 0.0758 -0.0029
vn -0.9987 0.0502 0.0107
vn -0.9914 0.1301 0.0168
vn -0.9918 0.1161 0.0527
vn -0.9965 0.0826 0.0113
vn -0.9983 0.0569 0.0153
vn -0.9969 0.0716 0.0320
vn -1.0000 0.0037 -0.0042
vn -0.9966 -0.0111 -0.0819
vn -0.9949 0.0083 -0.1001
vn -0.9888 0.1466 0.0260
vn -0.9971 0.0752 -0.0132
vn -0.9987 -0.0236 -0.0443
vn -0.9964 -0.0185 -0.0828
vn -0.9880 0.1534 0.0179
vn -0.9973 0.0524 -0.0512
vn -0.9963 0.0817 -0.0259
vn -0.9921 0.1258 -0.0042
vn -0.9948 0.0991 0.0217
vn -0.9939 0.1053 -0.0334
vn -0.9917 0.1277 -0.0157
vn -0.9962 0.0850 -0.0176
vn -0.9977 0.0654 -0.0202
vn -0.9959 0.0780 -0.0459
vn -0.9969 0.0756 -0.0198
vn -0.9948 0.1013 0.0044
vn -0.9970 0.0708 0.0296
vn -0.9942 0.1063 0.0170
vn -0.9924 0.1231 0.0001
vn -0.9934 0.1132 -0.0195
vn -0.9978 0.0638 -0.0184
vn -0.9901 0.1404 0.0081
vn -0.9892 0.1466 0.0052
vn -0.9969 0.0669 -0.0413
vn -0.9971 0.0755 0.0013
vn -0.9869 0.1282 0.0974
vn -0.9963 0.0825 0.0241
vn -0.9859 0.1391 0.0926
vn -0.9964 0.0845 0.0022
vn -0.9875 0.1515 0.0446
vn -0.9928 0.1171 0.0265
vn -0.9935 0.1049 0.0432
vn -0.9958 0.0899 0.0155
vn -0.9927 0.1129 0.0429
vn -0.9933 0.1074 0.0416
vn -0.9948 0.0993 0.0227
vn -0.9969 0.0784 0.0048
vn -0.9929 0.1143 0.0322
vn -0.9911 0.1288 0.0322
vn -0.9960 0.0895 0.0058
vn -0.9963 0.0850 0.0125
vn -0.9909 0.1326 -0.0228
vn -0.9953 0.0962 -0.0111
vn -0.9973 0.0719 0.0177
vn -0.9962 0.0853 0.0160
vn -0.9975 0.0707 -0.0065
vn -0.9982 0.0408 0.0431
vn -0.9969 0.0765 -0.0188
vn 0.9956 -0.0925 0.0119
vn 0.9979 -0.0613 0.0226
vn 0.9975 -0.0570 0.0419
vn 0.9949 -0.0993 0.0193
vn 0.9937 -0.1124 0.0014
vn 0.9967 -0.0808 0.0123
vn 0.9952 -0.0961 -0.0190
vn 0.9955 -0.0946 -0.0047
vn 0.9957 -0.0924 -0.0089
vn 0.9949 -0.1012 -0.0060
vn 0.9965 -0.0817 0.0171
vn 0.9955 -0.0931 0.0147
vn 0.9958 -0.0908 0.0075
vn 0.9949 -0.1002 0.0058
vn 0.9964 -0.0843 0.0005
vn 0.9980 -0.0610 -0.0132
vn 0.9973 -0.0736 0.0024
vn 0.9970 -0.0770 -0.0054
vn 0.9955 -0.0920 -0.0215
vn 0.9968 -0.0792 0.0129
vn 0.9958 -0.0920 -0.0025
vn 0.9941 -0.1031 -0.0349
vn 0.9966 -0.0798 0.0191
vn 0.9951 -0.0945 -0.0280
vn 0.9952 -0.0911 -0.0345
vn 0.9922 -0.1194 -0.0357
vn 0.9927 -0.1184 -0.0220
vn 0.9913 -0.1304 0.0150
vn 0.9929 -0.1185 -0.0073
vn 0.9936 -0.1130 0.0085
vn 0.9941 -0.1053 0.0255
vn 0.9970 -0.0743 -0.0195
vn 0.9989 -0.0415 -0.0225
vn 0.9973 -0.0715 -0.0148
vn 0.9927 -0.0794 -0.0913
vn 0.9940 -0.1065 -0.0250
vn 0.9983 -0.0588 -0.0062
vn 0.9916 -0.1234 -0.0381
vn 0.9926 -0.1118 0.0483
vn 0.9921 -0.1046 -0.0685
vn 0.9908 -0.1307 -0.0361
vn 0.9932 -0.1126 0.0285
vn 0.9942 -0.1075 0.0069
vn 0.9959 -0.0856 -0.0276
vn 0.9956 -0.0308 -0.0886
vn 0.9910 -0.1192 0.0616
vn 0.9958 -0.0888 0.0227
vn 0.9968 -0.0770 0.0191
vn 0.9937 -0.1044 0.0414
vn 0.9983 -0.0574 -0.0101
vn 0.9973 -0.0720 -0.0128
vn 0.9957 -0.0854 -0.0350
vn 0.9936 -0.1112 -0.0221
vn 0.9961 -0.0874 0.0106
vn 0.9980 -0.0620 -0.0079
vn 0.9992 -0.0297 -0.0272
vn 0.9992 -0.0271 -0.0280
vn 0.9946 -0.0978 0.0344
vn 0.9968 -0.0801 0.0024
vn 0.9984 -0.0423 -0.0373
vn 0.9980 -0.0512 -0.0378
vn 0.9915 -0.1247 0.0364
vn 0.9965 -0.0829 0.0089
vn -0.9962 0.0868 0.0027
vn -0.9985 0.0536 -0.0135
vn -0.9964 0.0846 -0.0054
vn -0.9912 0.1313 -0.0184
vn -0.9909 0.1341 0.0068
vn -0.9980 0.0552 0.0310
vn -0.9961 0.0879 0.0089
vn -0.9944 0.1050 -0.0120
vn -0.9931 0.1159 0.0147
vn -0.9980 0.0627 0.0035
vn -0.9968 0.0796 -0.0089
vn -0.9970 0.0431 -0.0642
vn -0.9969 0.0729 -0.0281
vn -0.9958 0.0895 0.0215
vn -0.9966 0.0806 0.0175
vn -0.9992 0.0410 0.0007
vn -0.9982 0.0587 0.0154
vn -0.9964 0.0815 0.0238
vn -0.9947 0.1028 0.0047
vn -0.9822 0.1868 -0.0174
vn -0.9897 0.1399 -0.0286
vn -0.9972 0.0743 0.0101
vn -0.9976 0.0676 -0.0130
vn -0.9983 0.0568 -0.0087
vn -0.9986 0.0517 -0.0091
vn -0.9976 0.0665 -0.0172
vn -0.9968 0.0793 -0.0123
vn -0.9984 0.0568 -0.0008
vn -0.9971 0.0764 -0.0043
vn -0.9927 0.1199 -0.0154
vn -0.9928 0.1194 0.0016
vn -0.9944 0.1053 0.0014
vn -0.9956 0.0936 0.0047
vn -0.9916 0.1272 0.0248
vn -0.9926 0.1149 0.0399
vn -0.9901 0.1121 0.0841
vn -0.9877 0.1381 0.0738
vn -0.9964 0.0832 0.0156
vn -0.9929 0.1179 0.0146
vn -0.9924 0.1228 -0.0025
vn -0.9861 0.1645 -0.0216
vn -0.9922 0.1237 0.0158
vn -0.9957 0.0921 -0.0044
vn -0.9936 0.0651 -0.0920
vn 0.9947 -0.1023 0.0019
vn 0.9961 -0.0885 -0.0051
vn 0.9962 -0.0862 -0.0123
vn 0.9974 -0.0727 -0.0032
vn 0.9954 -0.0897 -0.0326
vn 0.9974 -0.0723 0.0015
vn 0.9950 -0.0996 -0.0051
vn 0.9987 -0.0397 0.0331
vn 0.9960 -0.0848 0.0292
vn 0.9873 -0.1559 -0.0297
vn 0.9983 -0.0364 0.0455
vn 0.9950 -0.0983 0.0149
vn 0.9841 -0.1771 0.0098
vn 0.9989 -0.0183 0.0429
vn 0.9971 -0.0739 0.0195
vn 0.9936 -0.1127 0.0076
vn 0.9979 -0.0643 0.0018
vn 0.9952 -0.0769 -0.0606
vn 0.9973 -0.0733 0.0042
vn 0.9968 -0.0799 0.0053
vn 0.9975 -0.0686 0.0144
vn 0.9931 -0.1167 0.0107
vn 0.9989 -0.0449 0.0143
vn 0.9855 -0.1532 0.0735
vn 1.0000 -0.0009 -0.0029
vn 0.9966 -0.0815 -0.0138
vn 0.9997 -0.0239 0.0036
vn 0.9932 -0.1137 0.0268
vn 0.9813 -0.1905 0.0293
vn 0.9995 -0.0226 0.0229
vn 0.9984 -0.0540 -0.0138
vn 0.9988 -0.0484 0.0065
vn 0.9994 -0.0104 0.0317
vn 0.9947 -0.1032 -0.0053
vn 0.9963 -0.0792 -0.0325
vn 0.9999 -0.0167 0.0033
vn 0.9975 -0.0710 0.0005
vn 0.9960 0.0892 0.0021
vn 0.9856 -0.1686 0.0128
vn 0.9989 -0.0435 -0.0166
vn 0.9914 -0.1306 0.0070
vn 0.9925 -0.1222 -0.0029
vn 0.9921 -0.1257 -0.0010
vn 0.9906 -0.1343 0.0256
vn 0.9936 -0.1116 0.0155
vn 0.9886 -0.1403 0.0548
vn 0.9952 -0.0970 -0.0144
vn 0.9946 -0.0973 -0.0371
vn 0.9948 -0.0753 -0.0687
vn 0.9967 -0.0807 -0.0113
vn 0.9885 -0.1260 0.0834
vn 0.9993 -0.0367 0.0013
vn 0.9903 -0.1272 0.0559
vn 0.9877 -0.1564 0.0080
vn 0.9941 -0.1077 -0.0089
vn 0.9994 0.0333 -0.0003
vn 0.9940 -0.1038 0.0337
vn 0.9889 -0.1457 0.0287
vn 0.9916 -0.0991 0.0830
vn 0.9923 -0.0880 0.0876
vn 0.9990 -0.0444 0.0070
vn 0.9988 -0.0486 0.0045
vn 0.9944 -0.1029 0.0231
vn 0.9975 -0.0710 0.0018
vn 0.9993 -0.0379 -0.0025
vn 0.9990 -0.0393 -0.0205
vn 0.9942 -0.1071 -0.0026
vn 0.9969 -0.0782 -0.0061
vn 0.9930 -0.1117 -0.0374
vn 0.9953 -0.0970 -0.0079
vn 0.9871 -0.1518 -0.0504
vn 0.9957 -0.0861 0.0354
vn 0.9969 -0.0757 0.0223
vn 0.9941 -0.1081 -0.0111
vn 0.9978 -0.0660 0.0038
vn 0.9994 -0.0328 0.0088
vn 0.9984 -0.0521 0.0234
vn 0.9968 -0.0782 -0.0155
vn 0.9956 -0.0929 -0.0083
vn 0.9847 -0.1741 -0.0086
vn 0.9921 -0.1232 -0.0219
vn 0.9960 -0.0887 -0.0106
vn 0.9967 -0.0811 0.0080
vn 0.9982 0.0157 0.0587
vn 0.9966 -0.0588 0.0579
vn 0.9966 -0.0825 -0.0080
vn 0.9956 -0.0889 0.0290
vn 0.9889 -0.1135 0.0958
vn 0.9889 -0.1137 0.0958
vn 0.9981 -0.0440 -0.0425
vn 0.9961 -0.0885 -0.0067
vn 0.9899 -0.1416 -0.0018
vn 0.9928 -0.1193 0.0073
vn 0.9949 -0.0896 -0.0465
vn 0.9945 -0.1044 0.0065
vn 0.9947 -0.1010 0.0207
vn 0.9951 -0.0961 0.0230
vn 0.9926 -0.1188 0.0239
vn 0.9943 -0.1026 0.0305
vn 0.9944 -0.1058 0.0012
vn 0.9957 -0.0926 0.0085
vn 0.9949 -0.0894 0.0461
vn 0.9962 -0.0852 0.0153
vn 0.9941 -0.1039 0.0315
vn 0.9954 -0.0831 0.0473
vn 0.9975 -0.0657 -0.0262
vn 0.9943 -0.0950 -0.0477
vn 0.9925 -0.1225 0.0034
vn 0.9889 -0.1478 -0.0132
vn 0.9960 -0.0320 -0.0828
vn 0.9945 -0.1051 -0.0015
vn 0.9727 -0.1917 0.1307
vn 0.9705 -0.2120 0.1150
vn 0.9953 -0.0923 0.0288
vn 0.9984 -0.0561 -0.0075
vn 0.9882 -0.1443 0.0519
vn 0.9912 -0.1242 0.0450
vn 0.9957 -0.0880 0.0287
vn 0.9989 -0.0467 -0.0084
vn 0.9941 -0.1051 0.0249
vn 0.9978 -0.0647 -0.0165
vn 0.9923 -0.1188 0.0351
vn 0.9950 -0.0985 0.0185
vn 0.9975 -0.0245 -0.0669
vn 0.9886 0.0031 -0.1503
vn 0.9976 -0.0674 0.0142
vn 0.9965 -0.0814 0.0209
vn 0.9999 0.0104 -0.0040
vn 0.9993 -0.0344 -0.0138
vn 0.9992 -0.0400 -0.0008
vn 0.9999 -0.0141 -0.0016
vn 0.9973 -0.0709 -0.0180
vn 0.9920 -0.1224 -0.0324
vn 0.9818 -0.1862 -0.0381
vn 0.9748 -0.2187 -0.0435
vn 0.9647 -0.2601 -0.0408
vn 0.9964 -0.0816 0.0225
vn 0.9975 -0.0710 -0.0017
vn 0.9939 -0.1100 -0.0065
vn 0.9925 -0.1218 0.0089
vn 0.9960 -0.0873 0.0169
vn 0.9934 -0.1127 0.0217
vn 0.9948 -0.0993 -0.0222
vn 0.9927 -0.1157 0.0325
vn 0.9951 -0.0961 -0.0247
vn 0.9957 -0.0930 0.0031
vn 0.9964 -0.0850 0.0007
vn 0.9928 -0.1194 0.0065
vn 0.9950 -0.0853 0.0514
vn 0.9956 -0.0788 0.0515
vn 0.9970 -0.0491 0.0592
vn 0.9709 0.0219 0.2383
vn 0.9957 -0.0906 -0.0188
vn 0.9794 -0.1819 -0.0877
vn 0.9895 -0.1442 0.0044
vn 0.9996 -0.0299 -0.0002
vn 0.9931 -0.1036 0.0552
vn 0.9919 -0.0792 0.0991
vn 0.9954 -0.0889 0.0346
vn 0.9971 -0.0762 0.0066
vn 0.9964 -0.0835 0.0166
vn 0.9978 -0.0663 -0.0018
vn 0.9976 -0.0675 0.0150
vn 0.9970 -0.0775 0.0030
vn 0.9964 -0.0849 -0.0014
vn 0.9968 -0.0772 -0.0190
vn 0.9970 -0.0721 0.0283
vn 0.9978 -0.0654 0.0106
vn 0.9944 -0.1005 -0.0313
vn 0.9974 -0.0481 0.0535
vn 0.9968 -0.0795 0.0107
vn 0.9920 -0.1220 -0.0329
vn 0.9972 -0.0495 0.0558
vn 0.9970 -0.0768 0.0136
vn 0.9944 -0.1014 -0.0280
vn 0.9998 -0.0083 0.0189
vn 0.9976 -0.0690 0.0104
vn 0.9942 -0.1072 -0.0066
vn 0.9981 -0.0592 -0.0153
vn 0.9948 -0.0961 0.0325
vn 0.9944 -0.1050 0.0126
vn 0.9952 -0.0977 0.0045
vn 0.9905 -0.1373 0.0019
vn 0.9915 -0.1290 0.0194
vn 0.9926 -0.1201 -0.0159
vn 0.9890 -0.1478 -0.0009
vn 0.9914 -0.1311 0.0034
vn 0.9964 -0.0851 0.0022
vn 0.9973 -0.0709 -0.0183
vn 0.9973 -0.0718 -0.0165
vn 0.9977 -0.0663 -0.0137
vn 0.9931 -0.1148 0.0240
vn 0.9994 -0.0212 -0.0275
vn 0.9981 -0.0609 -0.0108
vn 0.9924 -0.1224 -0.0152
vn 0.9998 -0.0159 -0.0086
vn 0.9870 -0.1506 0.0564
vn 0.9971 -0.0753 -0.0137
vn 0.9987 -0.0488 0.0147
vn 0.9945 -0.1044 -0.0113
vn 0.9962 -0.0855 -0.0170
vn 0.9973 -0.0711 -0.0156
vn 0.9979 -0.0632 0.0155
vn 0.9943 -0.1019 -0.0314
vn 0.9953 -0.0917 -0.0307
vn 0.9958 -0.0890 -0.0216
vn 0.9956 -0.0885 -0.0299
vn 0.9951 -0.0968 -0.0188
vn 0.9959 -0.0875 -0.0223
vn 0.9963 -0.0814 -0.0284
vn 0.9963 -0.0841 -0.0195
vn 0.9963 -0.0848 -0.0165
vn 0.9957 -0.0887 -0.0251
vn 0.9914 -0.1264 -0.0339
vn 0.9918 -0.1280 -0.0037
vn 0.9971 -0.0763 -0.0029
vn 0.9940 -0.1083 -0.0161
vn 0.9938 -0.1113 0.0037
vn 0.9966 -0.0820 0.0069
vn 0.9946 -0.1025 -0.0168
vn 0.9991 0.0233 0.0351
vn 0.9992 -0.0127 0.0375
vn 0.9949 -0.1010 0.0044
vn 0.9933 -0.1154 0.0042
vn 0.9771 -0.2128 0.0084
vn 0.9897 -0.1382 -0.0360
vn 0.9898 -0.1382 -0.0360
vn 0.9796 -0.2011 -0.0052
vn 0.9958 -0.0879 0.0238
vn 0.9804 -0.1971 -0.0020
vn 0.9560 -0.2928 -0.0151
vn 0.9664 -0.2570 -0.0057
vn 0.1390 0.5944 0.7921
vn 0.0875 0.2981 0.9505
vn 0.1616 0.4190 0.8935
vn 0.0943 0.1724 0.9805
vn 0.1211 0.2022 0.9718
vn 0.0294 -0.0013 0.9996
vn 0.0511 -0.0653 0.9966
vn 0.0653 -0.0457 0.9968
vn 0.0133 -0.1539 0.9880
vn 0.0448 -0.2040 0.9779
vn 0.0395 -0.2108 0.9767
vn 0.0235 -0.1957 0.9804
vn -0.0294 -0.1640 0.9860
vn -0.0430 -0.1098 0.9930
vn -0.0525 -0.1310 0.9900
vn -0.0182 0.0442 0.9989
vn -0.0439 -0.1028 0.9937
vn -0.0248 -0.1266 0.9916
vn -0.0199 -0.1078 0.9940
vn -0.0275 0.0465 0.9985
vn -0.0426 -0.0439 0.9981
vn -0.0259 0.0560 0.9981
vn 0.0312 0.2998 0.9535
vn -0.0648 0.3064 0.9497
vn -0.1340 0.3840 0.9135
vn -0.0866 0.5281 0.8448
vn -0.1365 0.3629 0.9218
vn -0.0236 0.5559 0.8309
vn 0.1568 0.6193 0.7693
vn 0.0450 0.8319 0.5531
vn 0.0292 0.7394 0.6726
vn 0.0460 0.8185 0.5726
vn 0.0985 0.6563 0.7481
vn 0.1373 0.7798 0.6108
vn 0.1186 0.8229 0.5556
vn 0.1480 0.8335 0.5323
vn 0.1486 0.8928 0.4253
vn 0.1793 0.9274 0.3284
vn 0.1214 0.9085 0.3998
vn 0.1836 0.9660 0.1823
vn 0.2106 0.9653 0.1542
vn 0.1833 0.9828 0.0238
vn 0.0319 0.9394 0.3414
vn -0.0297 0.9472 0.3192
vn -0.0238 0.9618 0.2727
vn 0.1089 0.9848 0.1356
vn 0.0476 0.9920 0.1170
vn 0.0867 0.9205 0.3811
vn 0.0659 0.9959 -0.0623
vn 0.1183 0.9916 -0.0523
vn 0.1043 0.9914 -0.0791
vn 0.0764 0.9931 -0.0893
vn 0.0799 0.9560 -0.2822
vn 0.0815 0.9889 -0.1240
vn 0.0660 0.9163 -0.3951
vn -0.0372 -0.2347 0.9714
vn -0.0133 -0.0109 0.9999
vn -0.0683 -0.5057 0.8600
vn -0.0284 -0.0879 0.9957
vn -0.0093 0.0378 0.9992
vn -0.0505 -0.3635 0.9302
vn -0.0755 -0.5764 0.8137
vn 0.0198 0.2576 0.9661
vn -0.1101 -0.8509 0.5137
vn 0.0073 0.1714 0.9852
vn 0.0247 0.3044 0.9522
vn -0.0923 -0.7610 0.6421
vn 0.0590 0.5496 0.8333
vn -0.1136 -0.9157 0.3854
vn -0.1232 -0.9214 0.3685
vn 0.0513 0.4043 0.9132
vn -0.1233 -0.9823 0.1408
vn 0.0821 0.6830 0.7258
vn 0.0701 0.6686 0.7403
vn -0.1308 -0.9914 0.0051
vn -0.1164 -0.9927 0.0329
vn 0.0715 0.7459 0.6622
vn -0.1104 -0.9833 -0.1445
vn 0.0801 0.7951 0.6012
vn 0.0744 0.7840 0.6163
vn -0.0970 -0.9721 -0.2137
vn -0.1130 -0.9630 -0.2449
vn 0.0830 0.8005 0.5935
vn -0.1027 -0.8440 -0.5265
vn 0.0827 0.8446 0.5289
vn -0.0868 -0.7659 -0.6371
vn -0.0946 -0.7545 -0.6494
vn 0.0785 0.8208 0.5659
vn -0.0750 -0.7040 -0.7062
vn 0.0848 0.8724 0.4814
vn 0.0834 0.8733 0.4800
vn -0.0636 -0.6776 -0.7327
vn -0.0727 -0.6643 -0.7439
vn 0.0827 0.8738 0.4793
vn -0.0690 -0.5192 -0.8519
vn 0.0774 0.9004 0.4282
vn -0.0611 -0.4499 -0.8910
vn -0.0620 -0.4482 -0.8918
vn 0.0730 0.8922 0.4458
vn 0.0744 0.9110 0.4057
vn -0.0456 -0.4018 -0.9146
vn 0.0733 0.9208 0.3830
vn -0.0524 -0.3444 -0.9374
vn -0.0297 -0.3689 -0.9290
vn 0.0687 0.9366 0.3435
vn -0.0183 -0.3810 -0.9244
vn 0.0648 0.8978 0.4357
vn 0.0782 0.9254 0.3707
vn -0.0079 -0.3305 -0.9438
vn 0.0848 0.9375 0.3375
vn -0.0014 -0.3267 -0.9451
vn 0.0956 0.9429 0.3191
vn -0.0031 -0.3400 -0.9404
vn -0.0075 -0.3234 -0.9462
vn 0.1056 0.9305 0.3507
vn -0.0279 -0.3345 -0.9420
vn -0.0566 -0.4515 0.8905
vn -0.0461 -0.5045 0.8622
vn -0.0224 -0.4046 -0.9142
vn -0.0359 -0.3483 -0.9367
vn -0.0668 -0.3969 0.9154
vn -0.0407 -0.2253 -0.9734
vn -0.0915 -0.9452 -0.3135
vn -0.0904 -0.9592 -0.2678
vn -0.0976 -0.9352 -0.3404
vn -0.0368 -0.1897 -0.9812
vn -0.0363 -0.1923 -0.9807
vn -0.0865 -0.9691 -0.2308
vn -0.0357 -0.1949 -0.9802
vn -0.1281 -0.9858 0.1083
vn -0.1218 -0.9888 0.0865
vn -0.1344 -0.9824 0.1300
vn -0.0769 -0.9726 -0.2193
vn -0.0716 -0.9677 -0.2416
vn -0.0722 -0.9726 -0.2212
vn -0.0806 -0.9705 -0.2272
vn -0.0852 -0.9704 -0.2260
vn -0.0854 -0.9740 -0.2098
vn -0.0847 -0.9793 -0.1836
vn -0.0858 -0.9774 -0.1931
vn -0.0834 -0.9857 -0.1463
vn -0.0860 -0.9800 -0.1796
vn -0.0821 -0.9882 -0.1296
vn -0.0678 -0.9954 -0.0677
vn -0.0604 -0.9966 -0.0560
vn -0.0603 -0.9883 -0.1402
vn -0.0712 -0.9918 0.1060
vn -0.0772 -0.9947 0.0677
vn -0.0766 -0.9865 0.1445
vn -0.0705 -0.9496 0.3055
vn -0.0726 -0.9743 0.2134
vn -0.0677 -0.9352 0.3476
vn -0.0570 -0.8069 0.5879
vn -0.0536 -0.8905 0.4518
vn -0.0567 -0.6732 0.7373
vn -0.0387 -0.6771 0.7349
vn -0.0658 -0.6712 0.7384
vn -0.0489 -0.5753 0.8165
vn -0.0482 -0.6393 0.7675
vn -0.0440 -0.5343 0.8441
vn -0.0377 -0.5084 0.8603
vn -0.0502 -0.5598 0.8271
vn 0.0769 0.8617 -0.5016
vn 0.0722 0.8796 -0.4703
vn 0.0749 0.9290 -0.3625
vn 0.0331 0.2390 -0.9705
vn 0.0331 0.2602 -0.9650
vn 0.0332 0.2813 -0.9590
vn 0.0732 0.9546 -0.2888
vn 0.0787 0.9931 -0.0864
vn 0.0805 0.9894 -0.1207
vn 0.0795 0.9948 -0.0637
vn 0.0753 0.9972 0.0027
vn 0.0748 0.9970 -0.0177
vn 0.0738 0.9972 0.0073
vn 0.0903 0.9921 0.0870
vn 0.0989 0.9880 0.1186
vn 0.0990 0.9885 0.1143
vn 0.0997 0.9908 0.0918
vn 0.0948 0.9908 0.0966
vn 0.0947 0.9906 0.0987
vn 0.1044 0.9905 0.0895
vn 0.1092 0.9904 0.0849
vn 0.0942 0.9880 0.1226
vn 0.0887 0.9948 0.0497
vn 0.0870 0.9877 0.1300
vn 0.0827 0.9827 0.1659
vn 0.0738 0.9820 0.1739
vn 0.0861 0.9864 0.1399
vn 0.0738 0.9797 0.1865
vn 0.0981 0.9908 0.0929
vn 0.0130 -0.1548 0.9879
vn 0.0085 -0.0060 0.9999
vn 0.0038 0.1430 0.9897
vn 0.0852 0.9950 0.0523
vn -0.0134 -0.1011 -0.9948
vn -0.0345 -0.2114 -0.9768
vn -0.0348 -0.2030 -0.9786
vn -0.0072 0.0248 -0.9997
vn -0.0029 -0.0411 -0.9992
vn 0.0970 0.9199 -0.3800
vn 0.1066 0.9001 -0.4225
vn 0.0092 0.0145 -0.9999
vn 0.0902 0.8745 -0.4765
vn 0.0131 0.0751 -0.9971
vn 0.0152 0.0368 -0.9992
vn 0.0939 0.9510 -0.2944
vn 0.0992 0.9407 -0.3245
vn 0.0006 0.0151 -0.9999
vn -0.0047 -0.0378 -0.9993
vn -0.0044 -0.0304 -0.9995
vn 0.0912 0.9559 -0.2793
vn 0.0738 0.9578 -0.2777
vn 0.0609 0.9412 -0.3324
vn 0.0712 0.9642 -0.2554
vn 0.0644 0.9688 -0.2393
vn 0.0763 0.9806 -0.1808
vn 0.0804 0.9851 -0.1519
vn 0.0753 0.9880 -0.1350
vn 0.0720 0.9945 -0.0766
vn 0.0737 0.9967 -0.0351
vn -0.0405 -0.3852 -0.9219
vn -0.0258 -0.3232 -0.9460
vn -0.0065 -0.1801 -0.9836
vn -0.0694 -0.7401 -0.6689
vn 0.0122 -0.0355 -0.9993
vn -0.0483 -0.5711 -0.8194
vn 0.0228 0.0345 -0.9991
vn 0.0205 0.1322 -0.9910
vn -0.0800 -0.8661 -0.4934
vn -0.0823 -0.8641 -0.4966
vn 0.0193 0.1810 -0.9833
vn -0.0834 -0.9666 -0.2422
vn 0.0366 0.3759 -0.9259
vn -0.0840 -0.9902 -0.1117
vn -0.0755 -0.9922 -0.0996
vn 0.0332 0.3083 -0.9507
vn 0.0409 0.4125 -0.9100
vn -0.0857 -0.9903 0.1091
vn 0.0505 0.5467 -0.8358
vn -0.0805 -0.9714 0.2234
vn -0.0908 -0.9737 0.2088
vn 0.0484 0.5120 -0.8576
vn 0.0516 0.5639 -0.8242
vn -0.0644 -0.8532 0.5177
vn 0.0371 0.6250 -0.7797
vn -0.0592 -0.7662 0.6399
vn -0.0728 -0.7767 0.6257
vn 0.0231 0.5733 -0.8190
vn 0.0283 0.6306 -0.7756
vn -0.0416 -0.6263 0.7785
vn 0.0321 0.6979 -0.7154
vn -0.0390 -0.5543 0.8314
vn -0.0344 -0.5495 0.8348
vn 0.0291 0.6792 -0.7333
vn -0.0335 -0.4510 0.8919
vn 0.0339 0.7289 -0.6837
vn -0.0229 -0.3357 0.9417
# 2169 vertex normals

vt 0.4133 0.7784 0.0000
vt 0.4438 0.8270 0.0000
vt 0.4133 0.8270 0.0000
vt 0.4438 0.7784 0.0000
vt 0.3845 0.7784 0.0000
vt 0.4751 0.8270 0.0000
vt 0.3845 0.8270 0.0000
vt 0.4752 0.7784 0.0000
vt 0.3547 0.7784 0.0000
vt 0.5053 0.8270 0.0000
vt 0.3547 0.8270 0.0000
vt 0.5053 0.7785 0.0000
vt 0.3207 0.7784 0.0000
vt 0.5342 0.8270 0.0000
vt 0.3207 0.8270 0.0000
vt 0.5342 0.7785 0.0000
vt 0.2853 0.7784 0.0000
vt 0.5599 0.8270 0.0000
vt 0.2853 0.8270 0.0000
vt 0.5599 0.7785 0.0000
vt 0.2495 0.7784 0.0000
vt 0.5836 0.8270 0.0000
vt 0.2495 0.8270 0.0000
vt 0.5836 0.7785 0.0000
vt 0.2149 0.8270 0.0000
vt 0.6062 0.8270 0.0000
vt 0.2149 0.7784 0.0000
vt 0.6062 0.7785 0.0000
vt 0.1876 0.8270 0.0000
vt 0.6289 0.8270 0.0000
vt 0.1877 0.7784 0.0000
vt 0.6289 0.7785 0.0000
vt 0.1625 0.8270 0.0000
vt 0.6531 0.7785 0.0000
vt 0.1626 0.7784 0.0000
vt 0.6531 0.8271 0.0000
vt 0.6780 0.8271 0.0000
vt 0.6780 0.7785 0.0000
vt 0.1361 0.8270 0.0000
vt 0.1361 0.7784 0.0000
vt 0.1109 0.8270 0.0000
vt 0.1110 0.7784 0.0000
vt 0.0896 0.7784 0.0000
vt 0.0896 0.8270 0.0000
vt 0.0698 0.7784 0.0000
vt 0.0698 0.8270 0.0000
vt 0.0493 0.7784 0.0000
vt 0.0493 0.8270 0.0000
vt 0.0284 0.7784 0.0000
vt 0.0284 0.8270 0.0000
vt 0.5650 0.9298 0.0000
vt 0.5363 0.8723 0.0000
vt 0.5650 0.8723 0.0000
vt 0.5363 0.9298 0.0000
vt 0.5941 0.9298 0.0000
vt 0.5107 0.8723 0.0000
vt 0.5941 0.8723 0.0000
vt 0.5107 0.9298 0.0000
vt 0.6232 0.8723 0.0000
vt 0.4851 0.8723 0.0000
vt 0.6232 0.9298 0.0000
vt 0.4851 0.9298 0.0000
vt 0.6533 0.8723 0.0000
vt 0.4565 0.8723 0.0000
vt 0.6533 0.9298 0.0000
vt 0.4564 0.9298 0.0000
vt 0.6838 0.8723 0.0000
vt 0.4267 0.8723 0.0000
vt 0.6838 0.9298 0.0000
vt 0.4267 0.9298 0.0000
vt 0.7153 0.8723 0.0000
vt 0.3988 0.8723 0.0000
vt 0.7153 0.9298 0.0000
vt 0.3988 0.9298 0.0000
vt 0.7495 0.8723 0.0000
vt 0.3734 0.8723 0.0000
vt 0.7495 0.9298 0.0000
vt 0.3734 0.9298 0.0000
vt 0.7862 0.8723 0.0000
vt 0.3513 0.8723 0.0000
vt 0.7862 0.9298 0.0000
vt 0.3513 0.9298 0.0000
vt 0.8234 0.8724 0.0000
vt 0.3312 0.8723 0.0000
vt 0.8233 0.9298 0.0000
vt 0.3312 0.9298 0.0000
vt 0.8575 0.8724 0.0000
vt 0.3120 0.9298 0.0000
vt 0.8575 0.9299 0.0000
vt 0.3120 0.8723 0.0000
vt 0.2932 0.9298 0.0000
vt 0.2932 0.8723 0.0000
vt 0.8837 0.9299 0.0000
vt 0.8837 0.8724 0.0000
vt 0.9058 0.8724 0.0000
vt 0.9058 0.9299 0.0000
vt 0.9277 0.8724 0.0000
vt 0.9276 0.9299 0.0000
vt 0.9493 0.8724 0.0000
vt 0.9493 0.9299 0.0000
vt 0.6573 0.4131 0.0000
vt 0.5601 0.4260 0.0000
vt 0.5601 0.4131 0.0000
vt 0.6573 0.3996 0.0000
vt 0.5601 0.3996 0.0000
vt 0.6573 0.4260 0.0000
vt 0.5601 0.4380 0.0000
vt 0.6573 0.4380 0.0000
vt 0.5601 0.4496 0.0000
vt 0.6573 0.4496 0.0000
vt 0.7640 0.1361 0.0000
vt 0.6779 0.1361 0.0000
vt 0.6779 0.1224 0.0000
vt 0.7640 0.1224 0.0000
vt 0.6779 0.1088 0.0000
vt 0.7640 0.1088 0.0000
vt 0.6779 0.0950 0.0000
vt 0.7640 0.0950 0.0000
vt 0.6779 0.0808 0.0000
vt 0.7640 0.0808 0.0000
vt 0.5601 0.1121 0.0000
vt 0.6573 0.1304 0.0000
vt 0.5601 0.1304 0.0000
vt 0.6573 0.1121 0.0000
vt 0.6573 0.1599 0.0000
vt 0.5601 0.0981 0.0000
vt 0.5601 0.1599 0.0000
vt 0.6573 0.0981 0.0000
vt 0.5601 0.1949 0.0000
vt 0.6573 0.0849 0.0000
vt 0.6573 0.1949 0.0000
vt 0.5601 0.0849 0.0000
vt 0.5601 0.0718 0.0000
vt 0.6573 0.0718 0.0000
vt 0.5601 0.2285 0.0000
vt 0.6573 0.2285 0.0000
vt 0.5601 0.2635 0.0000
vt 0.6573 0.2635 0.0000
vt 0.6573 0.3028 0.0000
vt 0.5601 0.3028 0.0000
vt 0.5601 0.3407 0.0000
vt 0.6573 0.3407 0.0000
vt 0.6573 0.3718 0.0000
vt 0.5601 0.3718 0.0000
vt 0.8596 0.6083 0.0000
vt 0.8851 0.6411 0.0000
vt 0.8596 0.6411 0.0000
vt 0.8851 0.6083 0.0000
vt 0.9111 0.6411 0.0000
vt 0.9111 0.6083 0.0000
vt 0.9376 0.6411 0.0000
vt 0.9376 0.6083 0.0000
vt 0.9650 0.6411 0.0000
vt 0.9650 0.6083 0.0000
vt 0.9650 0.6739 0.0000
vt 0.9376 0.6739 0.0000
vt 0.9650 0.7067 0.0000
vt 0.9111 0.6739 0.0000
vt 0.9376 0.7067 0.0000
vt 0.9376 0.7395 0.0000
vt 0.9650 0.7395 0.0000
vt 0.9111 0.7395 0.0000
vt 0.9111 0.7067 0.0000
vt 0.8851 0.6739 0.0000
vt 0.8851 0.7067 0.0000
vt 0.8851 0.7395 0.0000
vt 0.8596 0.6739 0.0000
vt 0.8596 0.7067 0.0000
vt 0.8596 0.7395 0.0000
vt 0.8342 0.6739 0.0000
vt 0.8342 0.7067 0.0000
vt 0.8342 0.7395 0.0000
vt 0.8342 0.6411 0.0000
vt 0.8342 0.6083 0.0000
vt 0.8074 0.6739 0.0000
vt 0.8074 0.6411 0.0000
vt 0.8074 0.6083 0.0000
vt 0.8074 0.7067 0.0000
vt 0.8074 0.7395 0.0000
vt 0.7795 0.6411 0.0000
vt 0.7795 0.6083 0.0000
vt 0.7795 0.6739 0.0000
vt 0.7795 0.7067 0.0000
vt 0.7795 0.7395 0.0000
vt 0.7496 0.6411 0.0000
vt 0.7496 0.6083 0.0000
vt 0.7496 0.6739 0.0000
vt 0.7496 0.7067 0.0000
vt 0.7496 0.7395 0.0000
vt 0.7160 0.6411 0.0000
vt 0.7160 0.6083 0.0000
vt 0.6837 0.6083 0.0000
vt 0.7160 0.6739 0.0000
vt 0.6837 0.6411 0.0000
vt 0.6577 0.6083 0.0000
vt 0.7160 0.7067 0.0000
vt 0.7160 0.7395 0.0000
vt 0.6837 0.7395 0.0000
vt 0.6837 0.7067 0.0000
vt 0.6577 0.7395 0.0000
vt 0.6837 0.6739 0.0000
vt 0.6577 0.7067 0.0000
vt 0.2764 0.8723 0.0000
vt 0.2764 0.9298 0.0000
vt 0.8102 0.8270 0.0000
vt 0.7910 0.7784 0.0000
vt 0.8102 0.7785 0.0000
vt 0.7910 0.8270 0.0000
vt 0.8289 0.8271 0.0000
vt 0.7697 0.7784 0.0000
vt 0.8290 0.7785 0.0000
vt 0.7696 0.8270 0.0000
vt 0.8467 0.7785 0.0000
vt 0.7444 0.7784 0.0000
vt 0.8466 0.8271 0.0000
vt 0.7444 0.8270 0.0000
vt 0.8638 0.7785 0.0000
vt 0.7206 0.7785 0.0000
vt 0.8638 0.8271 0.0000
vt 0.7206 0.8271 0.0000
vt 0.8812 0.7785 0.0000
vt 0.7036 0.7785 0.0000
vt 0.8811 0.8271 0.0000
vt 0.7035 0.8271 0.0000
vt 0.6899 0.8271 0.0000
vt 0.6899 0.7785 0.0000
vt 0.8994 0.8271 0.0000
vt 0.8995 0.7785 0.0000
vt 0.9182 0.8270 0.0000
vt 0.9182 0.7785 0.0000
vt 0.9365 0.8270 0.0000
vt 0.9365 0.7785 0.0000
vt 0.9533 0.8270 0.0000
vt 0.9533 0.7785 0.0000
vt 0.9674 0.8270 0.0000
vt 0.9674 0.7785 0.0000
vt 0.9808 0.8270 0.0000
vt 0.9808 0.7785 0.0000
vt 0.3728 0.1234 0.0000
vt 0.3486 0.1240 0.0000
vt 0.3517 0.1142 0.0000
vt 0.3701 0.1349 0.0000
vt 0.3329 0.1170 0.0000
vt 0.3755 0.1119 0.0000
vt 0.3969 0.1184 0.0000
vt 0.3548 0.1043 0.0000
vt 0.3950 0.1322 0.0000
vt 0.4134 0.1217 0.0000
vt 0.3931 0.1460 0.0000
vt 0.3365 0.1076 0.0000
vt 0.3402 0.0981 0.0000
vt 0.3243 0.1026 0.0000
vt 0.3200 0.1121 0.0000
vt 0.3286 0.0925 0.0000
vt 0.4134 0.1375 0.0000
vt 0.4135 0.1533 0.0000
vt 0.4271 0.1229 0.0000
vt 0.4298 0.1401 0.0000
vt 0.4324 0.1574 0.0000
vt 0.4402 0.1233 0.0000
vt 0.4457 0.1412 0.0000
vt 0.4513 0.1590 0.0000
vt 0.4517 0.1226 0.0000
vt 0.4604 0.1397 0.0000
vt 0.4690 0.1569 0.0000
vt 0.4610 0.1203 0.0000
vt 0.4729 0.1350 0.0000
vt 0.4848 0.1496 0.0000
vt 0.4684 0.1157 0.0000
vt 0.4831 0.1267 0.0000
vt 0.4977 0.1378 0.0000
vt 0.4745 0.1082 0.0000
vt 0.4908 0.1150 0.0000
vt 0.5070 0.1218 0.0000
vt 0.4778 0.0983 0.0000
vt 0.4950 0.1009 0.0000
vt 0.5122 0.1036 0.0000
vt 0.5127 0.0851 0.0000
vt 0.4948 0.0856 0.0000
vt 0.4770 0.0862 0.0000
vt 0.5091 0.0685 0.0000
vt 0.4908 0.0713 0.0000
vt 0.4725 0.0741 0.0000
vt 0.5019 0.0562 0.0000
vt 0.4834 0.0600 0.0000
vt 0.4930 0.0460 0.0000
vt 0.4649 0.0638 0.0000
vt 0.4743 0.0503 0.0000
vt 0.4556 0.0546 0.0000
vt 0.2558 0.1133 0.0000
vt 0.2600 0.1382 0.0000
vt 0.2434 0.1353 0.0000
vt 0.2669 0.1135 0.0000
vt 0.2436 0.1102 0.0000
vt 0.2705 0.1400 0.0000
vt 0.2339 0.1337 0.0000
vt 0.2380 0.1530 0.0000
vt 0.2256 0.1294 0.0000
vt 0.2326 0.1052 0.0000
vt 0.2277 0.1489 0.0000
vt 0.2324 0.1708 0.0000
vt 0.2185 0.1250 0.0000
vt 0.2114 0.1207 0.0000
vt 0.2174 0.1448 0.0000
vt 0.2250 0.0991 0.0000
vt 0.2207 0.1655 0.0000
vt 0.2090 0.1603 0.0000
vt 0.2033 0.1133 0.0000
vt 0.2132 0.1823 0.0000
vt 0.2264 0.1887 0.0000
vt 0.2000 0.1759 0.0000
vt 0.1972 0.1269 0.0000
vt 0.2202 0.0918 0.0000
vt 0.2040 0.2012 0.0000
vt 0.1896 0.1928 0.0000
vt 0.2184 0.2096 0.0000
vt 0.1768 0.2125 0.0000
vt 0.1973 0.1065 0.0000
vt 0.1918 0.2244 0.0000
vt 0.2067 0.2363 0.0000
vt 0.1622 0.2317 0.0000
vt 0.1764 0.2477 0.0000
vt 0.1907 0.2637 0.0000
vt 0.1462 0.2472 0.0000
vt 0.1578 0.2670 0.0000
vt 0.1694 0.2867 0.0000
vt 0.1301 0.2572 0.0000
vt 0.1374 0.2798 0.0000
vt 0.1448 0.3023 0.0000
vt 0.1147 0.2602 0.0000
vt 0.1166 0.2839 0.0000
vt 0.1184 0.3076 0.0000
vt 0.0925 0.3040 0.0000
vt 0.0968 0.2808 0.0000
vt 0.1011 0.2576 0.0000
vt 0.0693 0.2930 0.0000
vt 0.0796 0.2720 0.0000
vt 0.2529 0.1997 0.0000
vt 0.2548 0.1797 0.0000
vt 0.2669 0.1982 0.0000
vt 0.2678 0.1788 0.0000
vt 0.2572 0.1592 0.0000
vt 0.2667 0.2192 0.0000
vt 0.2518 0.2212 0.0000
vt 0.2808 0.1967 0.0000
vt 0.2815 0.2171 0.0000
vt 0.2808 0.1778 0.0000
vt 0.2822 0.2418 0.0000
vt 0.2695 0.1585 0.0000
vt 0.2818 0.1579 0.0000
vt 0.2833 0.1375 0.0000
vt 0.2672 0.2442 0.0000
vt 0.2843 0.2670 0.0000
vt 0.2521 0.2466 0.0000
vt 0.2772 0.1114 0.0000
vt 0.2917 0.1348 0.0000
vt 0.3002 0.1321 0.0000
vt 0.2865 0.1076 0.0000
vt 0.2690 0.2701 0.0000
vt 0.2536 0.2733 0.0000
vt 0.2890 0.2892 0.0000
vt 0.2727 0.2939 0.0000
vt 0.2563 0.2985 0.0000
vt 0.2968 0.3092 0.0000
vt 0.2807 0.3170 0.0000
vt 0.2646 0.3248 0.0000
vt 0.3081 0.3278 0.0000
vt 0.2955 0.3412 0.0000
vt 0.4516 0.3035 0.0000
vt 0.4790 0.3143 0.0000
vt 0.4664 0.3277 0.0000
vt 0.2828 0.3547 0.0000
vt 0.3231 0.3415 0.0000
vt 0.3164 0.3602 0.0000
vt 0.1427 0.1562 0.0000
vt 0.1455 0.1400 0.0000
vt 0.1573 0.1480 0.0000
vt 0.1509 0.1243 0.0000
vt 0.1337 0.1320 0.0000
vt 0.1607 0.1324 0.0000
vt 0.1705 0.1404 0.0000
vt 0.1669 0.1181 0.0000
vt 0.1751 0.1257 0.0000
vt 0.1834 0.1334 0.0000
vt 0.1823 0.1122 0.0000
vt 0.1897 0.1196 0.0000
vt 0.1924 0.0931 0.0000
vt 0.2175 0.0831 0.0000
vt 0.1912 0.0839 0.0000
vt 0.2168 0.0729 0.0000
vt 0.1777 0.0857 0.0000
vt 0.1790 0.0958 0.0000
vt 0.1903 0.0736 0.0000
vt 0.1908 0.0668 0.0000
vt 0.1765 0.0755 0.0000
vt 0.1917 0.0603 0.0000
vt 0.2178 0.0613 0.0000
vt 0.1934 0.0545 0.0000
vt 0.1954 0.0490 0.0000
vt 0.2196 0.0490 0.0000
vt 0.1623 0.0879 0.0000
vt 0.1608 0.0772 0.0000
vt 0.1637 0.0987 0.0000
vt 0.1434 0.0901 0.0000
vt 0.1450 0.1018 0.0000
vt 0.1417 0.0784 0.0000
vt 0.1246 0.1048 0.0000
vt 0.1232 0.0920 0.0000
vt 0.1219 0.0792 0.0000
vt 0.1042 0.0798 0.0000
vt 0.1042 0.0936 0.0000
vt 0.1043 0.1073 0.0000
vt 0.0873 0.0797 0.0000
vt 0.0852 0.0939 0.0000
vt 0.0830 0.1082 0.0000
vt 0.0696 0.0785 0.0000
vt 0.0647 0.0923 0.0000
vt 0.0597 0.1062 0.0000
vt 0.0550 0.0758 0.0000
vt 0.0468 0.0885 0.0000
vt 0.0387 0.1012 0.0000
vt 0.0471 0.0709 0.0000
vt 0.0356 0.0819 0.0000
vt 0.0242 0.0929 0.0000
vt 0.0288 0.0739 0.0000
vt 0.0433 0.0649 0.0000
vt 0.0143 0.0828 0.0000
vt 0.0241 0.0655 0.0000
vt 0.0411 0.0586 0.0000
vt 0.0072 0.0724 0.0000
vt 0.0206 0.0570 0.0000
vt 0.0396 0.0522 0.0000
vt 0.0015 0.0619 0.0000
vt 0.0899 0.2510 0.0000
vt 0.0517 0.2755 0.0000
vt 0.0670 0.2586 0.0000
vt 0.0822 0.2418 0.0000
vt 0.0428 0.2523 0.0000
vt 0.0609 0.2418 0.0000
vt 0.0791 0.2313 0.0000
vt 0.0413 0.2279 0.0000
vt 0.0608 0.2238 0.0000
vt 0.0803 0.2197 0.0000
vt 0.0459 0.2065 0.0000
vt 0.0658 0.2068 0.0000
vt 0.0856 0.2071 0.0000
vt 0.0568 0.1875 0.0000
vt 0.0761 0.1905 0.0000
vt 0.0955 0.1936 0.0000
vt 0.0741 0.1702 0.0000
vt 0.0922 0.1748 0.0000
vt 0.1103 0.1794 0.0000
vt 0.0945 0.1550 0.0000
vt 0.1107 0.1606 0.0000
vt 0.1270 0.1663 0.0000
vt 0.1146 0.1422 0.0000
vt 0.1287 0.1492 0.0000
vt 0.3097 0.3789 0.0000
vt 0.3417 0.3469 0.0000
vt 0.3429 0.3677 0.0000
vt 0.3442 0.3884 0.0000
vt 0.3606 0.3446 0.0000
vt 0.3695 0.3648 0.0000
vt 0.3784 0.3850 0.0000
vt 0.3766 0.3351 0.0000
vt 0.3907 0.3529 0.0000
vt 0.4048 0.3706 0.0000
vt 0.4226 0.3475 0.0000
vt 0.4051 0.3342 0.0000
vt 0.3877 0.3209 0.0000
vt 0.4309 0.3179 0.0000
vt 0.4114 0.3111 0.0000
vt 0.3919 0.3043 0.0000
vt 0.4306 0.2862 0.0000
vt 0.4106 0.2855 0.0000
vt 0.3906 0.2848 0.0000
vt 0.4222 0.2568 0.0000
vt 0.4036 0.2594 0.0000
vt 0.3851 0.2621 0.0000
vt 0.4094 0.2306 0.0000
vt 0.3931 0.2349 0.0000
vt 0.3768 0.2393 0.0000
vt 0.3958 0.2084 0.0000
vt 0.3816 0.2141 0.0000
vt 0.3674 0.2197 0.0000
vt 0.3815 0.1892 0.0000
vt 0.3690 0.1955 0.0000
vt 0.3566 0.2017 0.0000
vt 0.3665 0.1721 0.0000
vt 0.3553 0.1779 0.0000
vt 0.3442 0.1837 0.0000
vt 0.3503 0.1558 0.0000
vt 0.3403 0.1609 0.0000
vt 0.3304 0.1660 0.0000
vt 0.3324 0.1391 0.0000
vt 0.3240 0.1440 0.0000
vt 0.3156 0.1489 0.0000
vt 0.3136 0.1223 0.0000
vt 0.3086 0.1289 0.0000
vt 0.2941 0.1020 0.0000
vt 0.2995 0.0941 0.0000
vt 0.3025 0.0848 0.0000
vt 0.3305 0.0849 0.0000
vt 0.3316 0.0773 0.0000
vt 0.3031 0.0749 0.0000
vt 0.3313 0.0694 0.0000
vt 0.3025 0.0647 0.0000
vt 0.3302 0.0614 0.0000
vt 0.4042 0.4615 0.0000
vt 0.4237 0.4498 0.0000
vt 0.4242 0.4633 0.0000
vt 0.4233 0.4363 0.0000
vt 0.4399 0.4356 0.0000
vt 0.4425 0.4495 0.0000
vt 0.4450 0.4634 0.0000
vt 0.4572 0.4338 0.0000
vt 0.4625 0.4472 0.0000
vt 0.4678 0.4606 0.0000
vt 0.4714 0.4306 0.0000
vt 0.4798 0.4428 0.0000
vt 0.4883 0.4550 0.0000
vt 0.4790 0.4257 0.0000
vt 0.4906 0.4360 0.0000
vt 0.5022 0.4464 0.0000
vt 0.4970 0.4279 0.0000
vt 0.4825 0.4197 0.0000
vt 0.5115 0.4361 0.0000
vt 0.5013 0.4196 0.0000
vt 0.4844 0.4134 0.0000
vt 0.5181 0.4257 0.0000
vt 0.5045 0.4111 0.0000
vt 0.4856 0.4070 0.0000
vt 0.5234 0.4152 0.0000
vt 0.1853 0.4879 0.0000
vt 0.1615 0.4881 0.0000
vt 0.1819 0.4784 0.0000
vt 0.1646 0.4994 0.0000
vt 0.2004 0.4806 0.0000
vt 0.1585 0.4769 0.0000
vt 0.1378 0.4841 0.0000
vt 0.1785 0.4688 0.0000
vt 0.1401 0.4975 0.0000
vt 0.1424 0.5110 0.0000
vt 0.1217 0.4878 0.0000
vt 0.1965 0.4714 0.0000
vt 0.1926 0.4622 0.0000
vt 0.2129 0.4753 0.0000
vt 0.2084 0.4661 0.0000
vt 0.2038 0.4563 0.0000
vt 0.2324 0.4570 0.0000
vt 0.2379 0.4645 0.0000
vt 0.2291 0.4480 0.0000
vt 0.2017 0.4490 0.0000
vt 0.2003 0.4415 0.0000
vt 0.2282 0.4383 0.0000
vt 0.2004 0.4338 0.0000
vt 0.2284 0.4283 0.0000
vt 0.2012 0.4259 0.0000
vt 0.2195 0.4850 0.0000
vt 0.2456 0.4698 0.0000
vt 0.2246 0.4914 0.0000
vt 0.2330 0.4942 0.0000
vt 0.2549 0.4731 0.0000
vt 0.2414 0.4965 0.0000
vt 0.2498 0.4989 0.0000
vt 0.2185 0.5111 0.0000
vt 0.2649 0.4748 0.0000
vt 0.2101 0.5067 0.0000
vt 0.2045 0.5284 0.0000
vt 0.2017 0.5022 0.0000
vt 0.1946 0.5238 0.0000
vt 0.1916 0.5462 0.0000
vt 0.1847 0.5191 0.0000
vt 0.1805 0.5409 0.0000
vt 0.1801 0.5643 0.0000
vt 0.1694 0.5356 0.0000
vt 0.1677 0.5586 0.0000
vt 0.1701 0.5823 0.0000
vt 0.1553 0.5529 0.0000
vt 0.1560 0.5773 0.0000
vt 0.1615 0.6018 0.0000
vt 0.1418 0.5722 0.0000
vt 0.1454 0.5982 0.0000
vt 0.1542 0.6245 0.0000
vt 0.1293 0.5945 0.0000
vt 0.1359 0.6225 0.0000
vt 0.1496 0.6470 0.0000
vt 0.1176 0.6206 0.0000
vt 0.1300 0.6483 0.0000
vt 0.1489 0.6661 0.0000
vt 0.1105 0.6496 0.0000
vt 0.1301 0.6734 0.0000
vt 0.1536 0.6822 0.0000
vt 0.1112 0.6807 0.0000
vt 0.1370 0.6958 0.0000
vt 0.1650 0.6958 0.0000
vt 0.1204 0.7095 0.0000
vt 0.1518 0.7137 0.0000
vt 0.1385 0.7315 0.0000
vt 0.1649 0.7447 0.0000
vt 0.1729 0.7246 0.0000
vt 0.1810 0.7045 0.0000
vt 0.1986 0.7469 0.0000
vt 0.1991 0.7265 0.0000
vt 0.1996 0.7062 0.0000
vt 0.2320 0.7364 0.0000
vt 0.2249 0.7183 0.0000
vt 0.3631 0.4759 0.0000
vt 0.3697 0.4897 0.0000
vt 0.3553 0.4837 0.0000
vt 0.3790 0.4815 0.0000
vt 0.3479 0.4707 0.0000
vt 0.3604 0.4979 0.0000
vt 0.3736 0.5050 0.0000
vt 0.3475 0.4915 0.0000
vt 0.3849 0.4967 0.0000
vt 0.3962 0.4884 0.0000
vt 0.3881 0.5125 0.0000
vt 0.3408 0.4782 0.0000
vt 0.3338 0.4856 0.0000
vt 0.3330 0.4656 0.0000
vt 0.3273 0.4725 0.0000
vt 0.3196 0.4800 0.0000
vt 0.3101 0.4520 0.0000
vt 0.3056 0.4593 0.0000
vt 0.2984 0.4655 0.0000
vt 0.3128 0.4845 0.0000
vt 0.3373 0.4523 0.0000
vt 0.3061 0.4890 0.0000
vt 0.3124 0.4433 0.0000
vt 0.2878 0.4708 0.0000
vt 0.3382 0.4433 0.0000
vt 0.3128 0.4334 0.0000
vt 0.3515 0.4445 0.0000
vt 0.3506 0.4545 0.0000
vt 0.3387 0.4331 0.0000
vt 0.3379 0.4265 0.0000
vt 0.3523 0.4346 0.0000
vt 0.3369 0.4202 0.0000
vt 0.3114 0.4220 0.0000
vt 0.3350 0.4145 0.0000
vt 0.3329 0.4092 0.0000
vt 0.3092 0.4100 0.0000
vt 0.3666 0.4462 0.0000
vt 0.3677 0.4357 0.0000
vt 0.3656 0.4568 0.0000
vt 0.3853 0.4477 0.0000
vt 0.3841 0.4592 0.0000
vt 0.3865 0.4362 0.0000
vt 0.4051 0.4489 0.0000
vt 0.4059 0.4363 0.0000
vt 0.2177 0.7002 0.0000
vt 0.2576 0.7117 0.0000
vt 0.2447 0.6990 0.0000
vt 0.2319 0.6863 0.0000
vt 0.2744 0.6819 0.0000
vt 0.2584 0.6748 0.0000
vt 0.2423 0.6677 0.0000
vt 0.2816 0.6558 0.0000
vt 0.2655 0.6518 0.0000
vt 0.2493 0.6478 0.0000
vt 0.2834 0.6310 0.0000
vt 0.2683 0.6284 0.0000
vt 0.2531 0.6258 0.0000
vt 0.2840 0.6048 0.0000
vt 0.2692 0.6029 0.0000
vt 0.2543 0.6011 0.0000
vt 0.2834 0.5799 0.0000
vt 0.2688 0.5784 0.0000
vt 0.2542 0.5769 0.0000
vt 0.2817 0.5588 0.0000
vt 0.2679 0.5578 0.0000
vt 0.2541 0.5569 0.0000
vt 0.2791 0.5393 0.0000
vt 0.2663 0.5389 0.0000
vt 0.2536 0.5384 0.0000
vt 0.2760 0.5193 0.0000
vt 0.2640 0.5191 0.0000
vt 0.2519 0.5189 0.0000
vt 0.2726 0.4988 0.0000
vt 0.2624 0.5009 0.0000
vt 0.2759 0.4743 0.0000
vt 0.2887 0.4954 0.0000
vt 0.2980 0.4935 0.0000
vt 0.2946 0.5125 0.0000
vt 0.3046 0.5082 0.0000
vt 0.3146 0.5039 0.0000
vt 0.3120 0.5243 0.0000
vt 0.3007 0.5298 0.0000
vt 0.3233 0.5188 0.0000
vt 0.3199 0.5404 0.0000
vt 0.3072 0.5471 0.0000
vt 0.3327 0.5337 0.0000
vt 0.3296 0.5586 0.0000
vt 0.3434 0.5499 0.0000
vt 0.3158 0.5673 0.0000
vt 0.3567 0.5688 0.0000
vt 0.3424 0.5810 0.0000
vt 0.3281 0.5931 0.0000
vt 0.3716 0.5872 0.0000
vt 0.3582 0.6033 0.0000
vt 0.3448 0.6195 0.0000
vt 0.3878 0.6018 0.0000
vt 0.3771 0.6215 0.0000
vt 0.3664 0.6413 0.0000
vt 0.4040 0.6111 0.0000
vt 0.3975 0.6334 0.0000
vt 0.3911 0.6557 0.0000
vt 0.4191 0.6135 0.0000
vt 0.4181 0.6367 0.0000
vt 0.4171 0.6600 0.0000
vt 0.4424 0.6556 0.0000
vt 0.4374 0.6330 0.0000
vt 0.4324 0.6105 0.0000
vt 0.4647 0.6441 0.0000
vt 0.4539 0.6238 0.0000
vt 0.4431 0.6036 0.0000
vt 0.4814 0.6263 0.0000
vt 0.4659 0.6103 0.0000
vt 0.4503 0.5943 0.0000
vt 0.4894 0.6033 0.0000
vt 0.4712 0.5936 0.0000
vt 0.4531 0.5839 0.0000
vt 0.4900 0.5793 0.0000
vt 0.4708 0.5759 0.0000
vt 0.4515 0.5726 0.0000
vt 0.4848 0.5585 0.0000
vt 0.4653 0.5594 0.0000
vt 0.4458 0.5604 0.0000
vt 0.4734 0.5402 0.0000
vt 0.4546 0.5439 0.0000
vt 0.4357 0.5475 0.0000
vt 0.4559 0.5239 0.0000
vt 0.4383 0.5290 0.0000
vt 0.4207 0.5341 0.0000
vt 0.4354 0.5097 0.0000
vt 0.4196 0.5157 0.0000
vt 0.4039 0.5218 0.0000
vt 0.4152 0.4978 0.0000
vt 0.4017 0.5052 0.0000
vt 0.0639 0.5029 0.0000
vt 0.0675 0.4839 0.0000
vt 0.0750 0.4881 0.0000
vt 0.0536 0.4952 0.0000
vt 0.0614 0.4767 0.0000
vt 0.0763 0.5071 0.0000
vt 0.0527 0.5177 0.0000
vt 0.0684 0.5242 0.0000
vt 0.0396 0.5065 0.0000
vt 0.0842 0.4901 0.0000
vt 0.0859 0.5258 0.0000
vt 0.0907 0.5081 0.0000
vt 0.0955 0.4904 0.0000
vt 0.1043 0.5235 0.0000
vt 0.0457 0.4839 0.0000
vt 0.0300 0.4911 0.0000
vt 0.0578 0.4671 0.0000
vt 0.1063 0.5065 0.0000
vt 0.1228 0.5188 0.0000
vt 0.1083 0.4894 0.0000
vt 0.1222 0.5033 0.0000
vt 0.0410 0.4703 0.0000
vt 0.0242 0.4735 0.0000
vt 0.0231 0.4553 0.0000
vt 0.0406 0.4553 0.0000
vt 0.0582 0.4552 0.0000
vt 0.0261 0.4390 0.0000
vt 0.0441 0.4411 0.0000
vt 0.0621 0.4432 0.0000
vt 0.0327 0.4267 0.0000
vt 0.0510 0.4298 0.0000
vt 0.0411 0.4164 0.0000
vt 0.0693 0.4329 0.0000
vt 0.0596 0.4199 0.0000
vt 0.0780 0.4235 0.0000
vt 0.6779 0.3409 0.0000
vt 0.7640 0.3612 0.0000
vt 0.6779 0.3612 0.0000
vt 0.7640 0.3779 0.0000
vt 0.7640 0.3409 0.0000
vt 0.6779 0.3779 0.0000
vt 0.6779 0.3180 0.0000
vt 0.7640 0.3933 0.0000
vt 0.7640 0.3180 0.0000
vt 0.6779 0.3933 0.0000
vt 0.6779 0.2938 0.0000
vt 0.6779 0.4101 0.0000
vt 0.7640 0.2938 0.0000
vt 0.7640 0.4101 0.0000
vt 0.6779 0.2643 0.0000
vt 0.7640 0.4286 0.0000
vt 0.7640 0.2643 0.0000
vt 0.6779 0.4286 0.0000
vt 0.6779 0.2252 0.0000
vt 0.7640 0.4497 0.0000
vt 0.7640 0.2252 0.0000
vt 0.6779 0.4497 0.0000
vt 0.6779 0.1865 0.0000
vt 0.7640 0.4724 0.0000
vt 0.7640 0.1865 0.0000
vt 0.6779 0.4724 0.0000
vt 0.6779 0.1586 0.0000
vt 0.7640 0.4948 0.0000
vt 0.7640 0.1586 0.0000
vt 0.6779 0.4948 0.0000
vt 0.7640 0.5178 0.0000
vt 0.6779 0.5178 0.0000
vt 0.8509 0.2916 0.0000
vt 0.7917 0.2711 0.0000
vt 0.8509 0.2711 0.0000
vt 0.7917 0.2916 0.0000
vt 0.8509 0.3127 0.0000
vt 0.7917 0.3127 0.0000
vt 0.8509 0.3340 0.0000
vt 0.7917 0.3340 0.0000
vt 0.8509 0.3564 0.0000
vt 0.7917 0.3564 0.0000
vt 0.7917 0.3804 0.0000
vt 0.8509 0.3804 0.0000
vt 0.7917 0.4041 0.0000
vt 0.8509 0.4041 0.0000
vt 0.7917 0.4291 0.0000
vt 0.8509 0.4291 0.0000
vt 0.7917 0.4570 0.0000
vt 0.8509 0.4570 0.0000
vt 0.7917 0.4841 0.0000
vt 0.8509 0.4841 0.0000
vt 0.8509 0.5067 0.0000
vt 0.7917 0.5067 0.0000
vt 0.8509 0.5275 0.0000
vt 0.7917 0.5275 0.0000
vt 0.8509 0.5494 0.0000
vt 0.7917 0.5494 0.0000
vt 0.8509 0.5720 0.0000
vt 0.7917 0.5720 0.0000
vt 0.9324 0.0140 0.0000
vt 0.8630 0.0245 0.0000
vt 0.8630 0.0140 0.0000
vt 0.9324 0.0245 0.0000
vt 0.8630 0.0355 0.0000
vt 0.9324 0.0355 0.0000
vt 0.8509 0.5916 0.0000
vt 0.7917 0.5916 0.0000
vt 0.7917 0.5817 0.0000
vt 0.8509 0.5817 0.0000
vt 0.6343 0.7395 0.0000
vt 0.6577 0.6739 0.0000
vt 0.6343 0.7067 0.0000
vt 0.6099 0.7395 0.0000
vt 0.6577 0.6411 0.0000
vt 0.6343 0.6739 0.0000
vt 0.6099 0.7067 0.0000
vt 0.5827 0.7395 0.0000
vt 0.6343 0.6411 0.0000
vt 0.6343 0.6083 0.0000
vt 0.5827 0.7067 0.0000
vt 0.6099 0.6739 0.0000
vt 0.5516 0.7395 0.0000
vt 0.6099 0.6411 0.0000
vt 0.6099 0.6083 0.0000
vt 0.5516 0.7067 0.0000
vt 0.5184 0.7395 0.0000
vt 0.5184 0.7067 0.0000
vt 0.5827 0.6739 0.0000
vt 0.5516 0.6739 0.0000
vt 0.5184 0.6739 0.0000
vt 0.5184 0.6411 0.0000
vt 0.5827 0.6411 0.0000
vt 0.5827 0.6083 0.0000
vt 0.5516 0.6411 0.0000
vt 0.5184 0.6083 0.0000
vt 0.5516 0.6083 0.0000
vt 0.9690 0.8724 0.0000
vt 0.9690 0.9299 0.0000
vt 0.1196 0.9297 0.0000
vt 0.0943 0.8722 0.0000
vt 0.1196 0.8722 0.0000
vt 0.0942 0.9297 0.0000
vt 0.1470 0.9297 0.0000
vt 0.0747 0.8722 0.0000
vt 0.1470 0.8722 0.0000
vt 0.0747 0.9297 0.0000
vt 0.1719 0.8723 0.0000
vt 0.0582 0.8722 0.0000
vt 0.1719 0.9297 0.0000
vt 0.0582 0.9297 0.0000
vt 0.1958 0.8723 0.0000
vt 0.0434 0.9297 0.0000
vt 0.1958 0.9298 0.0000
vt 0.0435 0.8722 0.0000
vt 0.0294 0.9297 0.0000
vt 0.0295 0.8722 0.0000
vt 0.2200 0.8723 0.0000
vt 0.2200 0.9298 0.0000
vt 0.2423 0.8723 0.0000
vt 0.2423 0.9298 0.0000
vt 0.2604 0.9298 0.0000
vt 0.2604 0.8723 0.0000
vt 0.8509 0.1344 0.0000
vt 0.7917 0.1113 0.0000
vt 0.8509 0.1113 0.0000
vt 0.7917 0.0871 0.0000
vt 0.7917 0.1344 0.0000
vt 0.8509 0.0871 0.0000
vt 0.8509 0.1583 0.0000
vt 0.7917 0.0624 0.0000
vt 0.7917 0.1583 0.0000
vt 0.8509 0.0624 0.0000
vt 0.8509 0.1851 0.0000
vt 0.8509 0.0375 0.0000
vt 0.7917 0.1851 0.0000
vt 0.7917 0.0375 0.0000
vt 0.8509 0.0124 0.0000
vt 0.7917 0.0124 0.0000
vt 0.8509 0.2109 0.0000
vt 0.7917 0.2109 0.0000
vt 0.8509 0.2324 0.0000
vt 0.7917 0.2324 0.0000
vt 0.8509 0.2512 0.0000
vt 0.7917 0.2512 0.0000
vt 0.9324 0.2136 0.0000
vt 0.8630 0.1871 0.0000
vt 0.9324 0.1871 0.0000
vt 0.8630 0.1596 0.0000
vt 0.8630 0.2136 0.0000
vt 0.9324 0.1596 0.0000
vt 0.9324 0.2352 0.0000
vt 0.8630 0.1355 0.0000
vt 0.8630 0.2352 0.0000
vt 0.9324 0.1355 0.0000
vt 0.9324 0.2529 0.0000
vt 0.8630 0.1139 0.0000
vt 0.8630 0.2529 0.0000
vt 0.9324 0.1139 0.0000
vt 0.9324 0.2679 0.0000
vt 0.8630 0.0943 0.0000
vt 0.8630 0.2679 0.0000
vt 0.9324 0.0943 0.0000
vt 0.9324 0.2821 0.0000
vt 0.8630 0.0752 0.0000
vt 0.8630 0.2821 0.0000
vt 0.9324 0.0752 0.0000
vt 0.9324 0.2976 0.0000
vt 0.9324 0.0555 0.0000
vt 0.8630 0.2976 0.0000
vt 0.8630 0.0555 0.0000
vt 0.8630 0.3144 0.0000
vt 0.9324 0.3144 0.0000
vt 0.8630 0.3323 0.0000
vt 0.9324 0.3323 0.0000
vt 0.8630 0.3525 0.0000
vt 0.9324 0.3525 0.0000
vt 0.8630 0.3771 0.0000
vt 0.9324 0.3771 0.0000
vt 0.8630 0.4058 0.0000
vt 0.9324 0.4058 0.0000
vt 0.8630 0.4370 0.0000
vt 0.9324 0.4370 0.0000
vt 0.8630 0.4674 0.0000
vt 0.9324 0.4674 0.0000
vt 0.9324 0.4931 0.0000
vt 0.8630 0.4931 0.0000
vt 0.8630 0.5163 0.0000
vt 0.9324 0.5163 0.0000
vt 0.8630 0.5391 0.0000
vt 0.9324 0.5391 0.0000
vt 0.8630 0.5617 0.0000
vt 0.9324 0.5617 0.0000
vt 0.5958 0.5186 0.0000
vt 0.5897 0.5203 0.0000
vt 0.5958 0.5203 0.0000
vt 0.5897 0.5219 0.0000
vt 0.5958 0.5219 0.0000
vt 0.5958 0.5234 0.0000
vt 0.5897 0.5234 0.0000
vt 0.5958 0.5246 0.0000
vt 0.5897 0.5246 0.0000
vt 0.5897 0.5257 0.0000
vt 0.5958 0.5257 0.0000
vt 0.5897 0.5269 0.0000
vt 0.5958 0.5269 0.0000
vt 0.5897 0.5282 0.0000
vt 0.5958 0.5282 0.0000
vt 0.5958 0.5298 0.0000
vt 0.5897 0.5298 0.0000
vt 0.5897 0.5314 0.0000
vt 0.5958 0.5314 0.0000
vt 0.5958 0.5326 0.0000
vt 0.5897 0.5325 0.0000
vt 0.6021 0.5071 0.0000
vt 0.5978 0.5055 0.0000
vt 0.5978 0.5071 0.0000
vt 0.6021 0.5055 0.0000
vt 0.6021 0.5088 0.0000
vt 0.6021 0.5037 0.0000
vt 0.5978 0.5088 0.0000
vt 0.5978 0.5037 0.0000
vt 0.6021 0.5108 0.0000
vt 0.5978 0.5020 0.0000
vt 0.5978 0.5108 0.0000
vt 0.6021 0.5020 0.0000
vt 0.6021 0.5126 0.0000
vt 0.6021 0.5002 0.0000
vt 0.5978 0.5126 0.0000
vt 0.5978 0.5002 0.0000
vt 0.6021 0.4984 0.0000
vt 0.5978 0.4984 0.0000
vt 0.5978 0.5142 0.0000
vt 0.6021 0.5142 0.0000
vt 0.6021 0.5155 0.0000
vt 0.5978 0.5155 0.0000
vt 0.5978 0.5169 0.0000
vt 0.6021 0.5169 0.0000
vt 0.6021 0.5184 0.0000
vt 0.5840 0.5533 0.0000
vt 0.5824 0.5568 0.0000
vt 0.5840 0.5568 0.0000
vt 0.5540 0.5568 0.0000
vt 0.5560 0.5533 0.0000
vt 0.5540 0.5533 0.0000
vt 0.5857 0.5533 0.0000
vt 0.5522 0.5533 0.0000
vt 0.5857 0.5568 0.0000
vt 0.5522 0.5568 0.0000
vt 0.5874 0.5568 0.0000
vt 0.5503 0.5533 0.0000
vt 0.5874 0.5533 0.0000
vt 0.5503 0.5568 0.0000
vt 0.5892 0.5568 0.0000
vt 0.5485 0.5568 0.0000
vt 0.5892 0.5533 0.0000
vt 0.5485 0.5533 0.0000
vt 0.5900 0.5533 0.0000
vt 0.5470 0.5568 0.0000
vt 0.5900 0.5568 0.0000
vt 0.5470 0.5533 0.0000
vt 0.5910 0.5568 0.0000
vt 0.5456 0.5533 0.0000
vt 0.5910 0.5533 0.0000
vt 0.5456 0.5568 0.0000
vt 0.5922 0.5568 0.0000
vt 0.5441 0.5533 0.0000
vt 0.5922 0.5533 0.0000
vt 0.5441 0.5568 0.0000
vt 0.5426 0.5533 0.0000
vt 0.5426 0.5568 0.0000
vt 0.5940 0.5533 0.0000
vt 0.5940 0.5568 0.0000
vt 0.5958 0.5568 0.0000
vt 0.5958 0.5533 0.0000
vt 0.5973 0.5568 0.0000
vt 0.5973 0.5533 0.0000
vt 0.5987 0.5568 0.0000
vt 0.5987 0.5533 0.0000
vt 0.6000 0.5568 0.0000
vt 0.6000 0.5533 0.0000
vt 0.6013 0.5533 0.0000
vt 0.6013 0.5568 0.0000
vt 0.6025 0.5568 0.0000
vt 0.6025 0.5533 0.0000
vt 0.6038 0.5568 0.0000
vt 0.6038 0.5533 0.0000
vt 0.6051 0.5533 0.0000
vt 0.6051 0.5568 0.0000
vt 0.6064 0.5568 0.0000
vt 0.6064 0.5533 0.0000
vt 0.6077 0.5568 0.0000
vt 0.6077 0.5533 0.0000
vt 0.6089 0.5568 0.0000
vt 0.6089 0.5533 0.0000
vt 0.6029 0.5109 0.0000
vt 0.6079 0.5128 0.0000
vt 0.6079 0.5109 0.0000
vt 0.6029 0.5128 0.0000
vt 0.6029 0.5089 0.0000
vt 0.6079 0.5144 0.0000
vt 0.6079 0.5089 0.0000
vt 0.6029 0.5144 0.0000
vt 0.6079 0.5072 0.0000
vt 0.6079 0.5156 0.0000
vt 0.6029 0.5072 0.0000
vt 0.6029 0.5156 0.0000
vt 0.6079 0.5057 0.0000
vt 0.6079 0.5167 0.0000
vt 0.6029 0.5057 0.0000
vt 0.6029 0.5167 0.0000
vt 0.6029 0.5043 0.0000
vt 0.6079 0.5177 0.0000
vt 0.6079 0.5043 0.0000
vt 0.6029 0.5177 0.0000
vt 0.6029 0.5029 0.0000
vt 0.6079 0.5188 0.0000
vt 0.6079 0.5029 0.0000
vt 0.6029 0.5188 0.0000
vt 0.6079 0.5015 0.0000
vt 0.6079 0.5200 0.0000
vt 0.6029 0.5015 0.0000
vt 0.6029 0.5200 0.0000
vt 0.6079 0.5000 0.0000
vt 0.6079 0.5213 0.0000
vt 0.6029 0.5000 0.0000
vt 0.6029 0.5213 0.0000
vt 0.6029 0.4992 0.0000
vt 0.6029 0.5228 0.0000
vt 0.6079 0.4992 0.0000
vt 0.6079 0.4985 0.0000
vt 0.6029 0.4985 0.0000
vt 0.6079 0.5228 0.0000
vt 0.6079 0.5245 0.0000
vt 0.6029 0.5245 0.0000
vt 0.6029 0.5266 0.0000
vt 0.6079 0.5266 0.0000
vt 0.6029 0.5288 0.0000
vt 0.6079 0.5288 0.0000
vt 0.6029 0.5310 0.0000
vt 0.6079 0.5310 0.0000
vt 0.6029 0.5329 0.0000
vt 0.6079 0.5329 0.0000
vt 0.6029 0.5345 0.0000
vt 0.6079 0.5345 0.0000
vt 0.6079 0.5362 0.0000
vt 0.6029 0.5362 0.0000
vt 0.6029 0.5378 0.0000
vt 0.6079 0.5378 0.0000
vt 0.5978 0.5184 0.0000
vt 0.5978 0.5199 0.0000
vt 0.6021 0.5199 0.0000
vt 0.6021 0.5215 0.0000
vt 0.5978 0.5215 0.0000
vt 0.5978 0.5231 0.0000
vt 0.6021 0.5231 0.0000
vt 0.6021 0.5248 0.0000
vt 0.5978 0.5248 0.0000
vt 0.5978 0.5265 0.0000
vt 0.6021 0.5265 0.0000
vt 0.6021 0.5283 0.0000
vt 0.5978 0.5283 0.0000
vt 0.5978 0.5303 0.0000
vt 0.6021 0.5303 0.0000
vt 0.5978 0.5322 0.0000
vt 0.6021 0.5322 0.0000
vt 0.6021 0.5338 0.0000
vt 0.5978 0.5338 0.0000
vt 0.6021 0.5353 0.0000
vt 0.5978 0.5353 0.0000
vt 0.6021 0.5369 0.0000
vt 0.5978 0.5369 0.0000
vt 0.6021 0.5385 0.0000
vt 0.5978 0.5385 0.0000
vt 0.6021 0.5392 0.0000
vt 0.5978 0.5392 0.0000
vt 0.6021 0.5399 0.0000
vt 0.5978 0.5399 0.0000
vt 0.5901 0.5482 0.0000
vt 0.5882 0.5505 0.0000
vt 0.5901 0.5505 0.0000
vt 0.5924 0.5458 0.0000
vt 0.5948 0.5435 0.0000
vt 0.5924 0.5435 0.0000
vt 0.5948 0.5411 0.0000
vt 0.5924 0.5411 0.0000
vt 0.5901 0.5411 0.0000
vt 0.5882 0.5482 0.0000
vt 0.5901 0.5435 0.0000
vt 0.5865 0.5505 0.0000
vt 0.5882 0.5435 0.0000
vt 0.5901 0.5458 0.0000
vt 0.5882 0.5411 0.0000
vt 0.5882 0.5458 0.0000
vt 0.5865 0.5482 0.0000
vt 0.5865 0.5458 0.0000
vt 0.5865 0.5435 0.0000
vt 0.5865 0.5411 0.0000
vt 0.5848 0.5411 0.0000
vt 0.5848 0.5482 0.0000
vt 0.5848 0.5505 0.0000
vt 0.5828 0.5505 0.0000
vt 0.5848 0.5435 0.0000
vt 0.5828 0.5435 0.0000
vt 0.5828 0.5411 0.0000
vt 0.5816 0.5411 0.0000
vt 0.5819 0.5435 0.0000
vt 0.5818 0.5458 0.0000
vt 0.5848 0.5458 0.0000
vt 0.5828 0.5458 0.0000
vt 0.5814 0.5482 0.0000
vt 0.5828 0.5482 0.0000
vt 0.5816 0.5505 0.0000
vt 0.5543 0.5325 0.0000
vt 0.5541 0.5318 0.0000
vt 0.5526 0.5325 0.0000
vt 0.5554 0.5320 0.0000
vt 0.5528 0.5333 0.0000
vt 0.5551 0.5313 0.0000
vt 0.5524 0.5317 0.0000
vt 0.5538 0.5311 0.0000
vt 0.5509 0.5322 0.0000
vt 0.5549 0.5306 0.0000
vt 0.5563 0.5316 0.0000
vt 0.5560 0.5309 0.0000
vt 0.5557 0.5302 0.0000
vt 0.5511 0.5332 0.0000
vt 0.5498 0.5325 0.0000
vt 0.5513 0.5341 0.0000
vt 0.5498 0.5336 0.0000
vt 0.5488 0.5326 0.0000
vt 0.5498 0.5347 0.0000
vt 0.5487 0.5338 0.0000
vt 0.5479 0.5327 0.0000
vt 0.5485 0.5350 0.0000
vt 0.5475 0.5339 0.0000
vt 0.5471 0.5326 0.0000
vt 0.5472 0.5352 0.0000
vt 0.5465 0.5339 0.0000
vt 0.5464 0.5325 0.0000
vt 0.5459 0.5351 0.0000
vt 0.5456 0.5336 0.0000
vt 0.5459 0.5322 0.0000
vt 0.5448 0.5346 0.0000
vt 0.5449 0.5330 0.0000
vt 0.5454 0.5317 0.0000
vt 0.5439 0.5338 0.0000
vt 0.5443 0.5322 0.0000
vt 0.5452 0.5310 0.0000
vt 0.5432 0.5327 0.0000
vt 0.5440 0.5312 0.0000
vt 0.5428 0.5315 0.0000
vt 0.5427 0.5302 0.0000
vt 0.5440 0.5301 0.0000
vt 0.5452 0.5301 0.0000
vt 0.5429 0.5290 0.0000
vt 0.5442 0.5291 0.0000
vt 0.5455 0.5293 0.0000
vt 0.5444 0.5288 0.0000
vt 0.5459 0.5287 0.0000
vt 0.5504 0.5440 0.0000
vt 0.5495 0.5420 0.0000
vt 0.5490 0.5441 0.0000
vt 0.5517 0.5453 0.0000
vt 0.5518 0.5439 0.0000
vt 0.5504 0.5458 0.0000
vt 0.5490 0.5463 0.0000
vt 0.5521 0.5464 0.0000
vt 0.5509 0.5474 0.0000
vt 0.5497 0.5484 0.0000
vt 0.5529 0.5474 0.0000
vt 0.5519 0.5487 0.0000
vt 0.5510 0.5500 0.0000
vt 0.5529 0.5509 0.0000
vt 0.5534 0.5495 0.0000
vt 0.5540 0.5480 0.0000
vt 0.5553 0.5511 0.0000
vt 0.5553 0.5496 0.0000
vt 0.5554 0.5481 0.0000
vt 0.5577 0.5503 0.0000
vt 0.5572 0.5490 0.0000
vt 0.5567 0.5477 0.0000
vt 0.5595 0.5485 0.0000
vt 0.5586 0.5476 0.0000
vt 0.5577 0.5467 0.0000
vt 0.5607 0.5464 0.0000
vt 0.5596 0.5459 0.0000
vt 0.5584 0.5454 0.0000
vt 0.5612 0.5445 0.0000
vt 0.5601 0.5442 0.0000
vt 0.5589 0.5440 0.0000
vt 0.5614 0.5428 0.0000
vt 0.5603 0.5426 0.0000
vt 0.5592 0.5424 0.0000
vt 0.5614 0.5409 0.0000
vt 0.5603 0.5407 0.0000
vt 0.5767 0.5282 0.0000
vt 0.5771 0.5295 0.0000
vt 0.5777 0.5288 0.0000
vt 0.5770 0.5277 0.0000
vt 0.5782 0.5280 0.0000
vt 0.5784 0.5276 0.0000
vt 0.5772 0.5277 0.0000
vt 0.5759 0.5277 0.0000
vt 0.5762 0.5288 0.0000
vt 0.5761 0.5301 0.0000
vt 0.5754 0.5280 0.0000
vt 0.5756 0.5277 0.0000
vt 0.5755 0.5293 0.0000
vt 0.5746 0.5305 0.0000
vt 0.5749 0.5284 0.0000
vt 0.5742 0.5296 0.0000
vt 0.5730 0.5307 0.0000
vt 0.5738 0.5286 0.0000
vt 0.5728 0.5297 0.0000
vt 0.5715 0.5307 0.0000
vt 0.5726 0.5287 0.0000
vt 0.5714 0.5298 0.0000
vt 0.5700 0.5306 0.0000
vt 0.5714 0.5288 0.0000
vt 0.5701 0.5297 0.0000
vt 0.5702 0.5288 0.0000
vt 0.5687 0.5296 0.0000
vt 0.5686 0.5304 0.0000
vt 0.5688 0.5288 0.0000
vt 0.5673 0.5303 0.0000
vt 0.5673 0.5295 0.0000
vt 0.5674 0.5287 0.0000
vt 0.5662 0.5301 0.0000
vt 0.5663 0.5294 0.0000
vt 0.5663 0.5287 0.0000
vt 0.5652 0.5299 0.0000
vt 0.5653 0.5286 0.0000
vt 0.5653 0.5293 0.0000
vt 0.5634 0.5293 0.0000
vt 0.5635 0.5286 0.0000
vt 0.5652 0.5281 0.0000
vt 0.5653 0.5281 0.0000
vt 0.5643 0.5281 0.0000
vt 0.5634 0.5281 0.0000
vt 0.5612 0.5376 0.0000
vt 0.5611 0.5362 0.0000
vt 0.5603 0.5375 0.0000
vt 0.5601 0.5361 0.0000
vt 0.5608 0.5347 0.0000
vt 0.5603 0.5390 0.0000
vt 0.5614 0.5391 0.0000
vt 0.5593 0.5374 0.0000
vt 0.5593 0.5389 0.0000
vt 0.5592 0.5361 0.0000
vt 0.5593 0.5406 0.0000
vt 0.5600 0.5347 0.0000
vt 0.5606 0.5333 0.0000
vt 0.5591 0.5347 0.0000
vt 0.5599 0.5334 0.0000
vt 0.5590 0.5333 0.0000
vt 0.5600 0.5315 0.0000
vt 0.5593 0.5314 0.0000
vt 0.5584 0.5331 0.0000
vt 0.5578 0.5329 0.0000
vt 0.5587 0.5312 0.0000
vt 0.5572 0.5327 0.0000
vt 0.5567 0.5342 0.0000
vt 0.5568 0.5323 0.0000
vt 0.5581 0.5308 0.0000
vt 0.5561 0.5338 0.0000
vt 0.5557 0.5354 0.0000
vt 0.5577 0.5303 0.0000
vt 0.5555 0.5335 0.0000
vt 0.5575 0.5296 0.0000
vt 0.5555 0.5297 0.0000
vt 0.5554 0.5292 0.0000
vt 0.5574 0.5289 0.0000
vt 0.5554 0.5286 0.0000
vt 0.5565 0.5284 0.0000
vt 0.5574 0.5283 0.0000
vt 0.5554 0.5284 0.0000
vt 0.5550 0.5351 0.0000
vt 0.5543 0.5347 0.0000
vt 0.5548 0.5367 0.0000
vt 0.5540 0.5363 0.0000
vt 0.5532 0.5359 0.0000
vt 0.5540 0.5380 0.0000
vt 0.5531 0.5376 0.0000
vt 0.5522 0.5372 0.0000
vt 0.5532 0.5393 0.0000
vt 0.5522 0.5389 0.0000
vt 0.5512 0.5385 0.0000
vt 0.5526 0.5407 0.0000
vt 0.5515 0.5404 0.0000
vt 0.5503 0.5401 0.0000
vt 0.5521 0.5423 0.0000
vt 0.5508 0.5421 0.0000
vt 0.5671 0.5316 0.0000
vt 0.5665 0.5322 0.0000
vt 0.5676 0.5326 0.0000
vt 0.5660 0.5313 0.0000
vt 0.5682 0.5320 0.0000
vt 0.5655 0.5318 0.0000
vt 0.5669 0.5332 0.0000
vt 0.5660 0.5327 0.0000
vt 0.5678 0.5337 0.0000
vt 0.5650 0.5323 0.0000
vt 0.5649 0.5309 0.0000
vt 0.5645 0.5314 0.0000
vt 0.5640 0.5319 0.0000
vt 0.5633 0.5299 0.0000
vt 0.5630 0.5304 0.0000
vt 0.5624 0.5309 0.0000
vt 0.5635 0.5322 0.0000
vt 0.5630 0.5326 0.0000
vt 0.5617 0.5313 0.0000
vt 0.5624 0.5329 0.0000
vt 0.5618 0.5330 0.0000
vt 0.5608 0.5315 0.0000
vt 0.5629 0.5339 0.0000
vt 0.5636 0.5336 0.0000
vt 0.5622 0.5343 0.0000
vt 0.5634 0.5351 0.0000
vt 0.5626 0.5355 0.0000
vt 0.5642 0.5347 0.0000
vt 0.5631 0.5367 0.0000
vt 0.5640 0.5363 0.0000
vt 0.5649 0.5358 0.0000
vt 0.5657 0.5369 0.0000
vt 0.5647 0.5376 0.0000
vt 0.5637 0.5382 0.0000
vt 0.5656 0.5392 0.0000
vt 0.5666 0.5383 0.0000
vt 0.5646 0.5400 0.0000
vt 0.5677 0.5396 0.0000
vt 0.5667 0.5408 0.0000
vt 0.5658 0.5419 0.0000
vt 0.5689 0.5407 0.0000
vt 0.5681 0.5421 0.0000
vt 0.5673 0.5435 0.0000
vt 0.5700 0.5413 0.0000
vt 0.5696 0.5429 0.0000
vt 0.5691 0.5445 0.0000
vt 0.5711 0.5415 0.0000
vt 0.5710 0.5432 0.0000
vt 0.5483 0.5176 0.0000
vt 0.5496 0.5162 0.0000
vt 0.5487 0.5160 0.0000
vt 0.5464 0.5185 0.0000
vt 0.5480 0.5193 0.0000
vt 0.5471 0.5170 0.0000
vt 0.5479 0.5155 0.0000
vt 0.5451 0.5173 0.0000
vt 0.5462 0.5160 0.0000
vt 0.5473 0.5148 0.0000
vt 0.5445 0.5156 0.0000
vt 0.5458 0.5148 0.0000
vt 0.5471 0.5141 0.0000
vt 0.5444 0.5138 0.0000
vt 0.5458 0.5135 0.0000
vt 0.5472 0.5132 0.0000
vt 0.5447 0.5123 0.0000
vt 0.5461 0.5123 0.0000
vt 0.5475 0.5123 0.0000
vt 0.5455 0.5109 0.0000
vt 0.5469 0.5112 0.0000
vt 0.5483 0.5114 0.0000
vt 0.5467 0.5097 0.0000
vt 0.5480 0.5100 0.0000
vt 0.5493 0.5104 0.0000
vt 0.5482 0.5086 0.0000
vt 0.5493 0.5090 0.0000
vt 0.5505 0.5094 0.0000
vt 0.5496 0.5077 0.0000
vt 0.5506 0.5082 0.0000
vt 0.5595 0.5118 0.0000
vt 0.5605 0.5117 0.0000
vt 0.5597 0.5104 0.0000
vt 0.5606 0.5103 0.0000
vt 0.5599 0.5089 0.0000
vt 0.5605 0.5132 0.0000
vt 0.5616 0.5116 0.0000
vt 0.5616 0.5131 0.0000
vt 0.5615 0.5102 0.0000
vt 0.5616 0.5148 0.0000
vt 0.5595 0.5134 0.0000
vt 0.5606 0.5150 0.0000
vt 0.5618 0.5166 0.0000
vt 0.5595 0.5152 0.0000
vt 0.5607 0.5169 0.0000
vt 0.5621 0.5182 0.0000
vt 0.5596 0.5171 0.0000
vt 0.5610 0.5186 0.0000
vt 0.5627 0.5197 0.0000
vt 0.5598 0.5189 0.0000
vt 0.5615 0.5202 0.0000
vt 0.5635 0.5210 0.0000
vt 0.5604 0.5208 0.0000
vt 0.5626 0.5220 0.0000
vt 0.5646 0.5220 0.0000
vt 0.5617 0.5229 0.0000
vt 0.5641 0.5233 0.0000
vt 0.5710 0.5448 0.0000
vt 0.5728 0.5445 0.0000
vt 0.5724 0.5429 0.0000
vt 0.5721 0.5413 0.0000
vt 0.5744 0.5437 0.0000
vt 0.5736 0.5422 0.0000
vt 0.5728 0.5408 0.0000
vt 0.5756 0.5424 0.0000
vt 0.5745 0.5413 0.0000
vt 0.5733 0.5401 0.0000
vt 0.5761 0.5408 0.0000
vt 0.5748 0.5401 0.0000
vt 0.5735 0.5394 0.0000
vt 0.5762 0.5390 0.0000
vt 0.5748 0.5388 0.0000
vt 0.5734 0.5386 0.0000
vt 0.5758 0.5375 0.0000
vt 0.5744 0.5376 0.0000
vt 0.5730 0.5377 0.0000
vt 0.5750 0.5362 0.0000
vt 0.5736 0.5365 0.0000
vt 0.5723 0.5368 0.0000
vt 0.5737 0.5351 0.0000
vt 0.5725 0.5354 0.0000
vt 0.5712 0.5358 0.0000
vt 0.5723 0.5340 0.0000
vt 0.5711 0.5345 0.0000
vt 0.5700 0.5349 0.0000
vt 0.5708 0.5332 0.0000
vt 0.5699 0.5337 0.0000
vt 0.5689 0.5343 0.0000
vt 0.5695 0.5325 0.0000
vt 0.5687 0.5331 0.0000
vt 0.5516 0.5087 0.0000
vt 0.5510 0.5070 0.0000
vt 0.5518 0.5075 0.0000
vt 0.5527 0.5081 0.0000
vt 0.5522 0.5064 0.0000
vt 0.5529 0.5070 0.0000
vt 0.5536 0.5076 0.0000
vt 0.5534 0.5060 0.0000
vt 0.5540 0.5065 0.0000
vt 0.5546 0.5071 0.0000
vt 0.5545 0.5055 0.0000
vt 0.5550 0.5061 0.0000
vt 0.5555 0.5066 0.0000
vt 0.5556 0.5051 0.0000
vt 0.5560 0.5056 0.0000
vt 0.5566 0.5061 0.0000
vt 0.5572 0.5041 0.0000
vt 0.5575 0.5046 0.0000
vt 0.5552 0.5042 0.0000
vt 0.5570 0.5034 0.0000
vt 0.5551 0.5035 0.0000
vt 0.5570 0.5027 0.0000
vt 0.5542 0.5036 0.0000
vt 0.5570 0.5022 0.0000
vt 0.5561 0.5023 0.0000
vt 0.5554 0.5024 0.0000
vt 0.5542 0.5044 0.0000
vt 0.5551 0.5028 0.0000
vt 0.5551 0.5024 0.0000
vt 0.5541 0.5029 0.0000
vt 0.5529 0.5030 0.0000
vt 0.5530 0.5038 0.0000
vt 0.5532 0.5046 0.0000
vt 0.5518 0.5048 0.0000
vt 0.5517 0.5040 0.0000
vt 0.5516 0.5031 0.0000
vt 0.5502 0.5041 0.0000
vt 0.5501 0.5032 0.0000
vt 0.5503 0.5050 0.0000
vt 0.5489 0.5032 0.0000
vt 0.5489 0.5042 0.0000
vt 0.5489 0.5052 0.0000
vt 0.5477 0.5032 0.0000
vt 0.5475 0.5042 0.0000
vt 0.5474 0.5052 0.0000
vt 0.5464 0.5031 0.0000
vt 0.5460 0.5041 0.0000
vt 0.5457 0.5051 0.0000
vt 0.5453 0.5029 0.0000
vt 0.5448 0.5038 0.0000
vt 0.5442 0.5047 0.0000
vt 0.5448 0.5026 0.0000
vt 0.5440 0.5034 0.0000
vt 0.5431 0.5042 0.0000
vt 0.5435 0.5028 0.0000
vt 0.5443 0.5023 0.0000
vt 0.5432 0.5023 0.0000
vt 0.5424 0.5034 0.0000
vt 0.5429 0.5023 0.0000
vt 0.5419 0.5027 0.0000
vt 0.5417 0.5023 0.0000
vt 0.5659 0.5224 0.0000
vt 0.5636 0.5247 0.0000
vt 0.5660 0.5239 0.0000
vt 0.5673 0.5222 0.0000
vt 0.5661 0.5253 0.0000
vt 0.5679 0.5237 0.0000
vt 0.5685 0.5251 0.0000
vt 0.5694 0.5228 0.0000
vt 0.5704 0.5241 0.0000
vt 0.5684 0.5215 0.0000
vt 0.5717 0.5224 0.0000
vt 0.5705 0.5215 0.0000
vt 0.5692 0.5205 0.0000
vt 0.5723 0.5203 0.0000
vt 0.5709 0.5198 0.0000
vt 0.5695 0.5193 0.0000
vt 0.5723 0.5180 0.0000
vt 0.5709 0.5180 0.0000
vt 0.5694 0.5179 0.0000
vt 0.5717 0.5159 0.0000
vt 0.5704 0.5161 0.0000
vt 0.5690 0.5163 0.0000
vt 0.5708 0.5140 0.0000
vt 0.5696 0.5143 0.0000
vt 0.5684 0.5147 0.0000
vt 0.5698 0.5124 0.0000
vt 0.5688 0.5128 0.0000
vt 0.5678 0.5132 0.0000
vt 0.5688 0.5111 0.0000
vt 0.5679 0.5115 0.0000
vt 0.5670 0.5120 0.0000
vt 0.5677 0.5098 0.0000
vt 0.5669 0.5102 0.0000
vt 0.5661 0.5107 0.0000
vt 0.5665 0.5087 0.0000
vt 0.5658 0.5090 0.0000
vt 0.5651 0.5094 0.0000
vt 0.5652 0.5075 0.0000
vt 0.5646 0.5078 0.0000
vt 0.5640 0.5082 0.0000
vt 0.5635 0.5067 0.0000
vt 0.5639 0.5063 0.0000
vt 0.5629 0.5070 0.0000
vt 0.5620 0.5052 0.0000
vt 0.5625 0.5048 0.0000
vt 0.5644 0.5055 0.0000
vt 0.5613 0.5055 0.0000
vt 0.5623 0.5072 0.0000
vt 0.5629 0.5042 0.0000
vt 0.5617 0.5074 0.0000
vt 0.5647 0.5048 0.0000
vt 0.5655 0.5052 0.0000
vt 0.5658 0.5045 0.0000
vt 0.5650 0.5041 0.0000
vt 0.5631 0.5036 0.0000
vt 0.5651 0.5036 0.0000
vt 0.5652 0.5030 0.0000
vt 0.5631 0.5029 0.0000
vt 0.5652 0.5025 0.0000
vt 0.5631 0.5022 0.0000
vt 0.5651 0.5023 0.0000
vt 0.5608 0.5075 0.0000
vt 0.5606 0.5056 0.0000
vt 0.5616 0.5088 0.0000
vt 0.5601 0.5074 0.0000
vt 0.5607 0.5089 0.0000
vt 0.5598 0.5056 0.0000
vt 0.5589 0.5072 0.0000
vt 0.5589 0.5054 0.0000
vt 0.5582 0.5071 0.0000
vt 0.5585 0.5085 0.0000
vt 0.5576 0.5068 0.0000
vt 0.5581 0.5050 0.0000
vt 0.5571 0.5065 0.0000
vt 0.5570 0.5079 0.0000
vt 0.5577 0.5082 0.0000
vt 0.5581 0.5097 0.0000
vt 0.5572 0.5094 0.0000
vt 0.5564 0.5090 0.0000
vt 0.5576 0.5110 0.0000
vt 0.5567 0.5106 0.0000
vt 0.5558 0.5101 0.0000
vt 0.5560 0.5119 0.0000
vt 0.5550 0.5113 0.0000
vt 0.5571 0.5125 0.0000
vt 0.5541 0.5127 0.0000
vt 0.5552 0.5136 0.0000
vt 0.5562 0.5144 0.0000
vt 0.5530 0.5141 0.0000
vt 0.5541 0.5153 0.0000
vt 0.5551 0.5164 0.0000
vt 0.5519 0.5152 0.0000
vt 0.5527 0.5166 0.0000
vt 0.5536 0.5181 0.0000
vt 0.5507 0.5159 0.0000
vt 0.5513 0.5176 0.0000
vt 0.5518 0.5192 0.0000
vt 0.5499 0.5196 0.0000
vt 0.5498 0.5179 0.0000
vt 0.5681 0.5063 0.0000
vt 0.5664 0.5064 0.0000
vt 0.5680 0.5072 0.0000
vt 0.5666 0.5057 0.0000
vt 0.5653 0.5059 0.0000
vt 0.5697 0.5070 0.0000
vt 0.5683 0.5055 0.0000
vt 0.5699 0.5060 0.0000
vt 0.5669 0.5050 0.0000
vt 0.5696 0.5080 0.0000
vt 0.5711 0.5062 0.0000
vt 0.5711 0.5074 0.0000
vt 0.5711 0.5085 0.0000
vt 0.5720 0.5063 0.0000
vt 0.5722 0.5075 0.0000
vt 0.5730 0.5063 0.0000
vt 0.5724 0.5088 0.0000
vt 0.5734 0.5076 0.0000
vt 0.5738 0.5063 0.0000
vt 0.5738 0.5089 0.0000
vt 0.5744 0.5075 0.0000
vt 0.5745 0.5061 0.0000
vt 0.5750 0.5087 0.0000
vt 0.5753 0.5072 0.0000
vt 0.5750 0.5058 0.0000
vt 0.5762 0.5082 0.0000
vt 0.5761 0.5066 0.0000
vt 0.5754 0.5053 0.0000
vt 0.5771 0.5074 0.0000
vt 0.5766 0.5057 0.0000
vt 0.5778 0.5062 0.0000
vt 0.5769 0.5047 0.0000
vt 0.5781 0.5049 0.0000
vt 0.5757 0.5045 0.0000
vt 0.5782 0.5036 0.0000
vt 0.5769 0.5036 0.0000
vt 0.5779 0.5024 0.0000
vt 0.5756 0.5037 0.0000
vt 0.5766 0.5026 0.0000
vt 0.5753 0.5028 0.0000
vt 0.5764 0.5023 0.0000
vt 0.5749 0.5023 0.0000
vt 0.6027 0.5411 0.0000
vt 0.6045 0.5435 0.0000
vt 0.6045 0.5411 0.0000
vt 0.6064 0.5411 0.0000
vt 0.6064 0.5435 0.0000
vt 0.6083 0.5411 0.0000
vt 0.6083 0.5435 0.0000
vt 0.6099 0.5411 0.0000
vt 0.6100 0.5435 0.0000
vt 0.6100 0.5458 0.0000
vt 0.6083 0.5458 0.0000
vt 0.6101 0.5482 0.0000
vt 0.6064 0.5458 0.0000
vt 0.6083 0.5482 0.0000
vt 0.6101 0.5505 0.0000
vt 0.6083 0.5505 0.0000
vt 0.6064 0.5482 0.0000
vt 0.6064 0.5505 0.0000
vt 0.6045 0.5458 0.0000
vt 0.6045 0.5482 0.0000
vt 0.6045 0.5505 0.0000
vt 0.6027 0.5505 0.0000
vt 0.6027 0.5482 0.0000
vt 0.6027 0.5435 0.0000
vt 0.6009 0.5482 0.0000
vt 0.6009 0.5505 0.0000
vt 0.6027 0.5458 0.0000
vt 0.6009 0.5435 0.0000
vt 0.6009 0.5411 0.0000
vt 0.6009 0.5458 0.0000
vt 0.5990 0.5435 0.0000
vt 0.5990 0.5411 0.0000
vt 0.5990 0.5458 0.0000
vt 0.5970 0.5435 0.0000
vt 0.5970 0.5411 0.0000
vt 0.5990 0.5482 0.0000
vt 0.5990 0.5505 0.0000
vt 0.5970 0.5458 0.0000
vt 0.5970 0.5482 0.0000
vt 0.5970 0.5505 0.0000
vt 0.5948 0.5505 0.0000
vt 0.5948 0.5458 0.0000
vt 0.5948 0.5482 0.0000
vt 0.5924 0.5482 0.0000
vt 0.5924 0.5505 0.0000
vt 0.5817 0.5644 0.0000
vt 0.5817 0.5603 0.0000
vt 0.5796 0.5603 0.0000
vt 0.5838 0.5644 0.0000
vt 0.5796 0.5644 0.0000
vt 0.5838 0.5603 0.0000
vt 0.5778 0.5603 0.0000
vt 0.5859 0.5644 0.0000
vt 0.5778 0.5644 0.0000
vt 0.5859 0.5603 0.0000
vt 0.5760 0.5603 0.0000
vt 0.5880 0.5603 0.0000
vt 0.5760 0.5644 0.0000
vt 0.5880 0.5644 0.0000
vt 0.5739 0.5644 0.0000
vt 0.5902 0.5603 0.0000
vt 0.5739 0.5603 0.0000
vt 0.5902 0.5644 0.0000
vt 0.5718 0.5644 0.0000
vt 0.5925 0.5603 0.0000
vt 0.5718 0.5603 0.0000
vt 0.5925 0.5644 0.0000
vt 0.5698 0.5603 0.0000
vt 0.5949 0.5603 0.0000
vt 0.5698 0.5644 0.0000
vt 0.5949 0.5644 0.0000
vt 0.5679 0.5644 0.0000
vt 0.5976 0.5603 0.0000
vt 0.5679 0.5603 0.0000
vt 0.5976 0.5644 0.0000
vt 0.5664 0.5603 0.0000
vt 0.6002 0.5603 0.0000
vt 0.5664 0.5644 0.0000
vt 0.6002 0.5644 0.0000
vt 0.5649 0.5603 0.0000
vt 0.6027 0.5603 0.0000
vt 0.5649 0.5644 0.0000
vt 0.6027 0.5644 0.0000
vt 0.5635 0.5644 0.0000
vt 0.6046 0.5644 0.0000
vt 0.5635 0.5603 0.0000
vt 0.6046 0.5603 0.0000
vt 0.5622 0.5603 0.0000
vt 0.6061 0.5603 0.0000
vt 0.5622 0.5644 0.0000
vt 0.6061 0.5644 0.0000
vt 0.5610 0.5603 0.0000
vt 0.6077 0.5603 0.0000
vt 0.5610 0.5644 0.0000
vt 0.6077 0.5644 0.0000
vt 0.5598 0.5644 0.0000
vt 0.6093 0.5603 0.0000
vt 0.5598 0.5603 0.0000
vt 0.6093 0.5644 0.0000
vt 0.6107 0.5644 0.0000
vt 0.6107 0.5603 0.0000
vt 0.5585 0.5603 0.0000
vt 0.5585 0.5644 0.0000
vt 0.5569 0.5603 0.0000
vt 0.5569 0.5644 0.0000
vt 0.5552 0.5603 0.0000
vt 0.5552 0.5644 0.0000
vt 0.5535 0.5644 0.0000
vt 0.5535 0.5603 0.0000
vt 0.5517 0.5603 0.0000
vt 0.5517 0.5644 0.0000
vt 0.5497 0.5603 0.0000
vt 0.5497 0.5644 0.0000
vt 0.5479 0.5603 0.0000
vt 0.5479 0.5644 0.0000
vt 0.5465 0.5603 0.0000
vt 0.5465 0.5644 0.0000
vt 0.5453 0.5644 0.0000
vt 0.5453 0.5603 0.0000
vt 0.5443 0.5603 0.0000
vt 0.5443 0.5644 0.0000
vt 0.5437 0.5644 0.0000
vt 0.5437 0.5603 0.0000
vt 0.5883 0.5059 0.0000
vt 0.5813 0.5059 0.0000
vt 0.5883 0.5072 0.0000
vt 0.5813 0.5052 0.0000
vt 0.5883 0.5053 0.0000
vt 0.5813 0.5072 0.0000
vt 0.5813 0.5093 0.0000
vt 0.5883 0.5093 0.0000
vt 0.5813 0.5118 0.0000
vt 0.5883 0.5118 0.0000
vt 0.5813 0.5142 0.0000
vt 0.5883 0.5142 0.0000
vt 0.5813 0.5168 0.0000
vt 0.5883 0.5168 0.0000
vt 0.5883 0.5196 0.0000
vt 0.5813 0.5196 0.0000
vt 0.5813 0.5223 0.0000
vt 0.5883 0.5223 0.0000
vt 0.5813 0.5245 0.0000
vt 0.5883 0.5245 0.0000
vt 0.5883 0.5265 0.0000
vt 0.5813 0.5265 0.0000
vt 0.5813 0.5273 0.0000
vt 0.5883 0.5274 0.0000
vt 0.6626 0.5755 0.0000
vt 0.6323 0.5646 0.0000
vt 0.6312 0.5776 0.0000
vt 0.6625 0.5644 0.0000
vt 0.6624 0.5866 0.0000
vt 0.6321 0.5892 0.0000
vt 0.6622 0.5895 0.0000
vt 0.6781 0.5810 0.0000
vt 0.6633 0.5738 0.0000
vt 0.6708 0.5811 0.0000
vt 0.6628 0.5816 0.0000
vt 0.6626 0.5670 0.0000
vt 0.6627 0.5644 0.0000
vt 0.6936 0.5650 0.0000
vt 0.6936 0.5662 0.0000
vt 0.6855 0.5809 0.0000
vt 0.6934 0.5738 0.0000
vt 0.6932 0.5816 0.0000
vt 0.6931 0.5557 0.0000
vt 0.6780 0.5387 0.0000
vt 0.6631 0.5556 0.0000
vt 0.6928 0.5467 0.0000
vt 0.6710 0.5384 0.0000
vt 0.6626 0.5382 0.0000
vt 0.6852 0.5387 0.0000
vt 0.6926 0.5382 0.0000
vt 0.6626 0.5516 0.0000
vt 0.6314 0.5515 0.0000
vt 0.6616 0.5644 0.0000
vt 0.6318 0.5644 0.0000
vt 0.6621 0.5386 0.0000
vt 0.6312 0.5382 0.0000
vt 0.5958 0.5063 0.0000
vt 0.5897 0.5063 0.0000
vt 0.5958 0.5073 0.0000
vt 0.5897 0.5073 0.0000
vt 0.5897 0.5053 0.0000
vt 0.5897 0.5089 0.0000
vt 0.5958 0.5053 0.0000
vt 0.5958 0.5089 0.0000
vt 0.5897 0.5043 0.0000
vt 0.5958 0.5109 0.0000
vt 0.5958 0.5043 0.0000
vt 0.5897 0.5039 0.0000
vt 0.5958 0.5040 0.0000
vt 0.5897 0.5109 0.0000
vt 0.5897 0.5136 0.0000
vt 0.5958 0.5136 0.0000
vt 0.5958 0.5165 0.0000
vt 0.5897 0.5165 0.0000
vt 0.5897 0.5186 0.0000
vt 0.5702 0.5533 0.0000
vt 0.5702 0.5568 0.0000
vt 0.5724 0.5533 0.0000
vt 0.5681 0.5533 0.0000
vt 0.5724 0.5568 0.0000
vt 0.5681 0.5568 0.0000
vt 0.5746 0.5533 0.0000
vt 0.5660 0.5568 0.0000
vt 0.5746 0.5568 0.0000
vt 0.5660 0.5533 0.0000
vt 0.5768 0.5568 0.0000
vt 0.5636 0.5568 0.0000
vt 0.5768 0.5533 0.0000
vt 0.5636 0.5533 0.0000
vt 0.5789 0.5568 0.0000
vt 0.5610 0.5568 0.0000
vt 0.5789 0.5533 0.0000
vt 0.5610 0.5533 0.0000
vt 0.5807 0.5568 0.0000
vt 0.5585 0.5568 0.0000
vt 0.5807 0.5533 0.0000
vt 0.5585 0.5533 0.0000
vt 0.5560 0.5568 0.0000
vt 0.5824 0.5533 0.0000
# 1930 texture coords

o part3
g part3
usemtl 02___Default
s 1
f 1/1/1 2/2/2 3/3/3 
f 2/2/2 1/1/1 4/4/4 
f 3/3/3 5/5/5 1/1/1 
f 4/4/4 6/6/6 2/2/2 
f 5/5/5 3/3/3 7/7/7 
f 6/6/6 4/4/4 8/8/8 
f 7/7/7 9/9/9 5/5/5 
f 6/6/6 8/8/8 10/10/10 
f 11/11/11 9/9/9 7/7/7 
f 8/8/8 12/12/12 10/10/10 
f 11/11/11 13/13/13 9/9/9 
f 12/12/12 14/14/14 10/10/10 
f 13/13/13 11/11/11 15/15/15 
f 14/14/14 12/12/12 16/16/16 
f 15/15/15 17/17/17 13/13/13 
f 16/16/16 18/18/18 14/14/14 
f 15/15/15 19/19/19 17/17/17 
f 18/18/18 16/16/16 20/20/20 
f 19/19/19 21/21/21 17/17/17 
f 20/20/20 22/22/22 18/18/18 
f 21/21/21 19/19/19 23/23/23 
f 22/22/22 20/20/20 24/24/24 
f 25/25/25 21/21/21 23/23/23 
f 22/22/22 24/24/24 26/26/26 
f 21/21/21 25/25/25 27/27/27 
f 28/28/28 26/26/26 24/24/24 
f 27/27/27 25/25/25 29/29/29 
f 28/28/28 30/30/30 26/26/26 
f 27/27/27 29/29/29 31/31/31 
f 30/30/30 28/28/28 32/32/32 
f 31/31/31 29/29/29 33/33/33 
f 34/34/34 30/30/30 32/32/32 
f 31/31/31 33/33/33 35/35/35 
f 30/30/30 34/34/34 36/36/36 
f 34/34/34 37/37/37 36/36/36 
f 37/37/37 34/34/34 38/38/38 
f 35/35/35 33/33/33 39/39/39 
f 35/35/35 39/39/39 40/40/40 
f 41/41/41 40/40/40 39/39/39 
f 40/40/40 41/41/41 42/42/42 
f 41/41/41 43/43/43 42/42/42 
f 43/43/43 41/41/41 44/44/44 
f 44/44/44 45/45/45 43/43/43 
f 45/45/45 44/44/44 46/46/46 
f 46/46/46 47/47/47 45/45/45 
f 47/47/47 46/46/46 48/48/48 
f 48/48/48 49/49/49 47/47/47 
f 49/49/49 48/48/48 50/50/50 
f 51/51/51 52/52/52 53/53/53 
f 52/52/52 51/51/51 54/54/54 
f 53/53/53 55/55/55 51/51/51 
f 54/54/54 56/56/56 52/52/52 
f 55/55/55 53/53/53 57/57/57 
f 56/56/56 54/54/54 58/58/58 
f 55/55/55 57/57/57 59/59/59 
f 58/58/58 60/60/60 56/56/56 
f 59/59/59 61/61/61 55/55/55 
f 60/60/60 58/58/58 62/62/62 
f 61/61/61 59/59/59 63/63/63 
f 62/62/62 64/64/64 60/60/60 
f 63/63/63 65/65/65 61/61/61 
f 64/64/64 62/62/62 66/66/66 
f 65/65/65 63/63/63 67/67/67 
f 64/64/64 66/66/66 68/68/68 
f 67/67/67 69/69/69 65/65/65 
f 68/68/68 66/66/66 70/70/70 
f 69/69/69 67/67/67 71/71/71 
f 70/70/70 72/72/72 68/68/68 
f 71/71/71 73/73/73 69/69/69 
f 72/72/72 70/70/70 74/74/74 
f 75/75/75 73/73/73 71/71/71 
f 74/74/74 76/76/76 72/72/72 
f 73/73/73 75/75/75 77/77/77 
f 76/76/76 74/74/74 78/78/78 
f 77/77/77 75/75/75 79/79/79 
f 78/78/78 80/80/80 76/76/76 
f 77/77/77 79/79/79 81/81/81 
f 80/80/80 78/78/78 82/82/82 
f 81/81/81 79/79/79 83/83/83 
f 82/82/82 84/84/84 80/80/80 
f 81/81/81 83/83/83 85/85/85 
f 84/84/84 82/82/82 86/86/86 
f 85/85/85 83/83/83 87/87/87 
f 88/88/88 84/84/84 86/86/86 
f 85/85/85 87/87/87 89/89/89 
f 84/84/84 88/88/88 90/90/90 
f 91/91/91 90/90/90 88/88/88 
f 90/90/90 91/91/91 92/92/92 
f 89/89/89 87/87/87 93/93/93 
f 94/94/94 93/93/93 87/87/87 
f 93/93/93 94/94/94 95/95/95 
f 93/93/93 95/95/95 96/96/96 
f 96/96/96 95/95/95 97/97/97 
f 96/96/96 97/97/97 98/98/98 
f 98/98/98 97/97/97 99/99/99 
f 98/98/98 99/99/99 100/100/100 
f 101/101/101 102/102/102 103/103/103 
f 103/103/103 104/104/104 101/101/101 
f 104/104/104 103/103/103 105/105/105 
f 102/102/102 101/101/101 106/106/106 
f 106/106/106 107/107/107 102/102/102 
f 107/107/107 106/106/106 108/108/108 
f 108/108/108 109/109/109 107/107/107 
f 109/109/109 108/108/108 110/110/110 
f 111/111/111 112/112/112 113/113/113 
f 111/111/111 113/113/113 114/114/114 
f 114/114/114 113/113/113 115/115/115 
f 114/114/114 115/115/115 116/116/116 
f 117/117/117 116/116/116 115/115/115 
f 116/116/116 117/117/117 118/118/118 
f 118/118/118 117/117/117 119/119/119 
f 118/118/118 119/119/119 120/120/120 
f 121/121/121 122/122/122 123/123/123 
f 122/122/122 121/121/121 124/124/124 
f 125/125/125 123/123/123 122/122/122 
f 126/126/126 124/124/124 121/121/121 
f 123/123/123 125/125/125 127/127/127 
f 124/124/124 126/126/126 128/128/128 
f 127/127/127 125/125/125 129/129/129 
f 128/128/128 126/126/126 130/130/130 
f 129/129/129 125/125/125 131/131/131 
f 132/132/130 130/130/130 126/126/126 
f 130/130/130 132/132/130 133/133/132 
f 130/130/130 133/133/132 134/134/133 
f 131/131/131 135/135/134 129/129/129 
f 135/135/134 131/131/131 136/136/135 
f 136/136/135 137/137/136 135/135/134 
f 137/137/136 136/136/135 138/138/137 
f 139/139/138 137/137/136 138/138/137 
f 137/137/136 139/139/138 140/140/138 
f 140/140/138 139/139/138 141/141/139 
f 141/141/139 139/139/138 142/142/140 
f 143/143/141 141/141/139 142/142/140 
f 141/141/139 143/143/141 144/144/142 
f 104/104/143 144/144/142 143/143/141 
f 144/144/142 104/104/143 105/105/144 
f 145/145/145 146/146/146 147/147/147 
f 146/146/146 145/145/145 148/148/148 
f 148/148/148 149/149/149 146/146/146 
f 149/149/149 148/148/148 150/150/150 
f 150/150/150 151/151/151 149/149/149 
f 151/151/151 150/150/150 152/152/152 
f 152/152/152 153/153/153 151/151/151 
f 153/153/153 152/152/152 154/154/154 
f 155/155/155 151/151/151 153/153/153 
f 151/151/151 155/155/155 156/156/156 
f 156/156/156 149/149/149 151/151/151 
f 157/157/157 156/156/156 155/155/155 
f 158/158/158 146/146/146 149/149/149 
f 149/149/149 156/156/156 158/158/158 
f 156/156/156 157/157/157 159/159/159 
f 159/159/159 158/158/158 156/156/156 
f 160/160/160 159/159/159 157/157/157 
f 160/160/160 157/157/157 161/161/161 
f 162/162/162 159/159/159 160/160/160 
f 158/158/158 159/159/159 163/163/163 
f 162/162/162 163/163/163 159/159/159 
f 146/146/146 158/158/158 164/164/164 
f 163/163/163 164/164/164 158/158/158 
f 164/164/164 147/147/147 146/146/146 
f 162/162/162 165/165/165 163/163/163 
f 164/164/164 163/163/163 165/165/165 
f 165/165/165 162/162/162 166/166/166 
f 147/147/147 164/164/164 167/167/167 
f 165/165/165 167/167/167 164/164/164 
f 166/166/166 168/168/168 165/165/165 
f 167/167/167 165/165/165 168/168/168 
f 168/168/168 166/166/166 169/169/169 
f 170/170/170 147/147/147 167/167/167 
f 168/168/168 170/170/170 167/167/167 
f 169/169/169 171/171/171 168/168/168 
f 171/171/171 170/170/170 168/168/168 
f 172/172/172 171/171/171 169/169/169 
f 147/147/147 170/170/170 173/173/173 
f 173/173/173 145/145/145 147/147/147 
f 145/145/145 173/173/173 174/174/174 
f 175/175/175 173/173/173 170/170/170 
f 171/171/171 175/175/175 170/170/170 
f 176/176/176 174/174/174 173/173/173 
f 173/173/173 175/175/175 176/176/176 
f 174/174/174 176/176/176 177/177/177 
f 172/172/172 178/178/178 171/171/171 
f 175/175/175 171/171/171 178/178/178 
f 178/178/178 172/172/172 179/179/179 
f 180/180/180 177/177/177 176/176/176 
f 175/175/175 180/180/180 176/176/176 
f 177/177/177 180/180/180 181/181/181 
f 178/178/178 182/182/182 175/175/175 
f 180/180/180 175/175/175 182/182/182 
f 179/179/179 183/183/183 178/178/178 
f 182/182/182 178/178/178 183/183/183 
f 183/183/183 179/179/179 184/184/184 
f 185/185/185 181/181/181 180/180/180 
f 182/182/182 185/185/185 180/180/180 
f 181/181/181 185/185/185 186/186/186 
f 183/183/183 187/187/187 182/182/182 
f 185/185/185 182/182/182 187/187/187 
f 184/184/184 188/188/188 183/183/183 
f 187/187/187 183/183/183 188/188/188 
f 188/188/188 184/184/184 189/189/189 
f 190/190/190 186/186/186 185/185/185 
f 187/187/187 190/190/190 185/185/185 
f 186/186/186 190/190/190 191/191/191 
f 190/190/190 192/192/192 191/191/191 
f 193/193/193 190/190/190 187/187/187 
f 188/188/188 193/193/193 187/187/187 
f 192/192/192 190/190/190 194/194/194 
f 193/193/193 194/194/194 190/190/190 
f 194/194/194 195/195/195 192/192/192 
f 196/196/196 193/193/193 188/188/188 
f 189/189/189 196/196/196 188/188/188 
f 197/197/197 196/196/196 189/189/189 
f 198/198/198 196/196/196 197/197/197 
f 196/196/196 198/198/198 199/199/199 
f 199/199/199 193/193/193 196/196/196 
f 200/200/200 199/199/199 198/198/198 
f 194/194/194 193/193/193 201/201/201 
f 193/193/193 199/199/199 201/201/201 
f 199/199/199 200/200/200 202/202/202 
f 202/202/202 201/201/201 199/199/199 
f 91/91/203 203/203/203 92/92/204 
f 203/203/203 91/91/203 204/204/205 
f 205/205/206 206/206/207 207/207/208 
f 206/206/207 205/205/206 208/208/209 
f 205/205/206 207/207/208 209/209/210 
f 208/208/209 210/210/211 206/206/207 
f 209/209/210 207/207/208 211/211/212 
f 210/210/211 208/208/209 212/212/213 
f 209/209/210 211/211/212 213/213/214 
f 212/212/213 214/214/215 210/210/211 
f 213/213/214 215/215/216 209/209/210 
f 214/214/215 212/212/213 216/216/217 
f 217/217/218 215/215/216 213/213/214 
f 216/216/217 218/218/219 214/214/215 
f 215/215/216 217/217/218 219/219/220 
f 218/218/219 216/216/217 220/220/221 
f 219/219/220 217/217/218 221/221/222 
f 220/220/221 222/222/223 218/218/219 
f 221/221/222 223/223/224 219/219/220 
f 222/222/223 220/220/221 224/224/225 
f 225/225/226 222/222/223 224/224/225 
f 222/222/223 225/225/226 226/226/227 
f 221/221/222 227/227/228 223/223/224 
f 227/227/228 221/221/222 228/228/229 
f 228/228/229 229/229/230 227/227/228 
f 229/229/230 228/228/229 230/230/231 
f 229/229/230 230/230/231 231/231/232 
f 232/232/233 231/231/232 230/230/231 
f 232/232/233 233/233/234 231/231/232 
f 233/233/234 232/232/233 234/234/235 
f 234/234/235 235/235/236 233/233/234 
f 235/235/236 234/234/235 236/236/237 
f 236/236/237 237/237/238 235/235/236 
f 237/237/238 236/236/237 238/238/239 
f 37/37/240 38/38/241 226/226/240 
f 37/37/240 226/226/240 225/225/242 
f 239/239/243 218/240/244 240/241/245 
f 218/240/244 239/239/243 214/242/246 
f 222/243/247 240/241/245 218/240/244 
f 240/241/245 241/244/248 239/239/243 
f 241/244/248 242/245/249 239/239/243 
f 241/244/248 240/241/245 243/246/250 
f 244/247/251 239/239/243 242/245/249 
f 244/247/251 214/242/246 239/239/243 
f 245/248/252 244/247/251 242/245/249 
f 214/242/253 244/247/251 210/249/254 
f 246/250/255 243/246/250 240/241/245 
f 240/241/245 222/243/247 246/250/255 
f 247/251/256 243/246/250 246/250/255 
f 222/243/247 248/252/257 246/250/255 
f 248/252/257 247/251/256 246/250/255 
f 248/252/257 222/243/247 226/253/258 
f 247/251/256 248/252/257 112/254/259 
f 249/255/260 210/249/254 244/247/251 
f 244/247/251 245/248/252 249/255/260 
f 210/249/261 249/255/260 206/256/262 
f 249/255/260 245/248/252 250/257/263 
f 251/258/264 206/256/262 249/255/260 
f 251/258/264 249/255/260 250/257/263 
f 206/256/265 251/258/264 207/259/266 
f 252/260/267 251/258/264 250/257/263 
f 253/261/268 207/259/266 251/258/264 
f 251/258/264 252/260/267 253/261/268 
f 207/259/269 253/261/268 211/262/270 
f 253/261/268 252/260/267 254/263/271 
f 255/264/272 211/262/270 253/261/268 
f 254/263/271 255/264/272 253/261/268 
f 211/262/273 255/264/272 213/265/274 
f 256/266/275 255/264/272 254/263/271 
f 257/267/276 213/265/274 255/264/272 
f 255/264/272 256/266/275 257/267/276 
f 217/268/277 213/265/278 257/267/276 
f 258/269/279 257/267/276 256/266/275 
f 259/270/280 217/268/277 257/267/276 
f 257/267/276 258/269/279 259/270/280 
f 217/268/281 259/270/280 221/271/282 
f 260/272/283 259/270/280 258/269/279 
f 261/273/284 221/271/282 259/270/280 
f 259/270/280 260/272/283 261/273/284 
f 261/273/284 228/274/285 221/271/286 
f 262/275/287 261/273/284 260/272/283 
f 263/276/288 228/274/285 261/273/284 
f 261/273/284 262/275/287 263/276/288 
f 228/274/289 263/276/288 230/277/289 
f 263/276/288 232/278/290 230/277/291 
f 262/275/287 264/279/292 263/276/288 
f 232/278/290 263/276/288 264/279/292 
f 264/279/292 262/275/287 265/280/293 
f 232/278/294 264/279/292 234/281/295 
f 265/280/293 266/282/296 264/279/292 
f 264/279/292 266/282/296 234/281/295 
f 266/282/296 265/280/293 267/283/297 
f 266/282/296 236/284/298 234/281/299 
f 266/282/296 267/283/297 268/285/300 
f 236/284/298 266/282/296 268/285/300 
f 236/284/301 268/285/300 238/286/302 
f 268/285/300 267/283/297 269/287/303 
f 268/285/300 270/288/304 238/286/302 
f 269/287/303 270/288/304 268/285/300 
f 270/288/304 269/287/303 271/289/305 
f 189/290/306 49/291/307 99/292/308 
f 184/293/309 49/291/307 189/290/306 
f 99/292/308 197/294/310 189/290/311 
f 49/291/307 184/293/309 272/295/312 
f 197/294/310 99/292/308 273/296/313 
f 97/297/314 273/296/313 99/292/308 
f 274/298/315 197/294/310 273/296/313 
f 274/298/315 198/299/316 197/294/317 
f 273/296/313 97/297/314 275/300/318 
f 275/300/318 274/298/315 273/296/313 
f 275/300/318 97/297/314 95/301/319 
f 198/299/316 274/298/315 276/302/320 
f 198/299/316 276/302/320 277/303/321 
f 274/298/315 275/300/318 278/304/322 
f 198/299/323 277/303/321 200/305/324 
f 279/306/325 278/304/322 275/300/318 
f 279/306/325 275/300/318 95/301/319 
f 278/304/322 279/306/325 280/307/326 
f 200/305/324 277/303/321 281/308/327 
f 279/306/325 95/301/319 282/309/328 
f 282/309/328 280/307/326 279/306/325 
f 282/309/328 95/301/319 94/310/329 
f 280/307/326 282/309/328 283/311/330 
f 284/312/331 281/308/327 277/303/321 
f 281/308/327 285/313/332 200/305/324 
f 286/314/333 283/311/330 282/309/328 
f 94/310/329 286/314/333 282/309/328 
f 283/311/330 286/314/333 287/315/334 
f 286/314/333 94/310/329 87/316/335 
f 286/314/333 288/317/336 287/315/334 
f 285/313/332 281/308/327 92/318/337 
f 286/314/333 87/316/335 289/319/338 
f 288/317/336 286/314/333 289/319/338 
f 289/319/338 87/316/335 83/320/339 
f 290/321/340 288/317/336 289/319/338 
f 83/320/339 291/322/341 289/319/338 
f 289/319/338 291/322/341 290/321/340 
f 291/322/341 83/320/339 79/323/342 
f 291/322/341 292/324/343 290/321/340 
f 79/323/342 293/325/344 291/322/341 
f 292/324/343 291/322/341 293/325/344 
f 293/325/344 79/323/342 75/326/345 
f 292/324/343 293/325/344 294/327/346 
f 75/326/345 295/328/347 293/325/344 
f 293/325/344 295/328/347 294/327/346 
f 295/328/347 75/326/345 71/329/348 
f 295/328/347 296/330/349 294/327/346 
f 71/329/348 297/331/350 295/328/347 
f 296/330/349 295/328/347 297/331/350 
f 71/329/348 67/332/351 297/331/350 
f 63/333/352 297/331/350 67/332/351 
f 298/334/353 296/330/349 297/331/350 
f 297/331/350 63/333/352 298/334/353 
f 296/330/349 298/334/353 299/335/354 
f 59/336/355 298/334/353 63/333/352 
f 300/337/356 299/335/354 298/334/353 
f 298/334/353 59/336/355 300/337/356 
f 43/338/357 45/339/358 301/340/359 
f 301/340/359 45/339/358 302/341/360 
f 47/342/361 302/341/360 45/339/358 
f 303/343/362 43/338/357 301/340/359 
f 43/338/363 303/343/362 42/344/364 
f 302/341/360 304/345/365 301/340/359 
f 305/346/366 301/340/359 304/345/365 
f 305/346/366 303/343/362 301/340/359 
f 304/345/365 302/341/360 306/347/367 
f 307/348/368 303/343/362 305/346/366 
f 302/341/360 47/342/361 308/349/369 
f 306/347/367 302/341/360 308/349/369 
f 47/342/361 49/291/307 308/349/369 
f 306/347/367 308/349/369 309/350/370 
f 308/349/369 49/291/307 272/295/312 
f 272/295/312 309/350/370 308/349/369 
f 309/350/370 272/295/312 310/351/371 
f 303/343/362 307/348/368 311/352/372 
f 311/352/372 42/344/364 303/343/362 
f 312/353/373 311/352/372 307/348/368 
f 40/354/374 42/344/375 311/352/372 
f 272/295/312 179/355/376 310/351/371 
f 179/355/376 272/295/312 184/293/309 
f 179/355/376 313/356/377 310/351/371 
f 179/355/376 314/357/378 313/356/377 
f 172/358/379 314/357/378 179/355/376 
f 315/359/380 40/354/374 311/352/372 
f 312/353/373 315/359/380 311/352/372 
f 40/354/381 315/359/380 35/360/382 
f 316/361/383 315/359/380 312/353/373 
f 317/362/384 35/360/382 315/359/380 
f 315/359/380 316/361/383 317/362/384 
f 31/363/385 35/360/386 317/362/384 
f 318/364/387 317/362/384 316/361/383 
f 319/365/388 31/363/385 317/362/384 
f 317/362/384 318/364/387 319/365/388 
f 31/363/389 319/365/388 27/366/390 
f 320/367/391 319/365/388 318/364/387 
f 319/365/388 321/368/392 27/366/390 
f 319/369/388 320/370/391 321/371/392 
f 321/368/392 21/372/393 27/366/390 
f 322/373/394 321/368/392 320/367/391 
f 323/374/395 21/372/393 321/368/392 
f 321/368/392 322/373/394 323/374/395 
f 324/375/396 325/376/397 326/377/398 
f 80/378/399 325/376/397 76/379/390 
f 325/376/397 327/380/400 326/377/398 
f 325/376/397 80/378/399 327/380/400 
f 328/381/401 326/377/398 327/380/400 
f 327/380/400 80/378/399 84/382/402 
f 329/383/403 328/381/401 327/380/400 
f 84/382/402 329/383/403 327/380/400 
f 328/381/401 329/383/403 330/384/404 
f 90/385/405 329/383/403 84/382/402 
f 331/386/406 330/384/404 329/383/403 
f 329/383/403 90/385/405 331/386/406 
f 284/312/331 330/384/404 331/386/406 
f 281/308/327 284/312/331 331/386/406 
f 331/386/406 90/385/405 92/318/337 
f 281/308/327 331/386/406 92/318/337 
f 203/387/407 285/313/332 92/318/337 
f 285/313/332 203/387/407 332/388/408 
f 333/389/409 332/388/408 203/387/407 
f 333/389/409 334/390/410 332/388/408 
f 203/387/407 335/391/411 333/389/409 
f 203/387/407 336/392/412 335/391/411 
f 334/390/410 333/389/409 105/393/413 
f 334/390/410 105/393/413 103/394/414 
f 333/389/409 144/395/415 105/393/416 
f 144/395/415 333/389/409 335/391/411 
f 334/390/410 103/394/414 102/396/417 
f 334/390/410 102/396/417 337/397/418 
f 107/398/419 337/397/418 102/396/417 
f 109/399/420 337/397/418 107/398/419 
f 337/397/418 109/399/420 338/400/421 
f 339/401/422 144/395/415 335/391/411 
f 336/392/412 339/401/422 335/391/411 
f 144/395/423 339/401/422 141/402/424 
f 339/401/422 336/392/412 340/403/338 
f 339/401/422 341/404/425 141/402/424 
f 340/403/338 341/404/425 339/401/422 
f 340/403/338 342/405/426 341/404/425 
f 341/404/425 140/406/427 141/402/428 
f 343/407/426 341/404/425 342/405/426 
f 344/408/425 140/406/427 341/404/425 
f 341/404/425 343/407/426 344/408/425 
f 140/406/429 344/408/425 137/409/429 
f 344/408/425 135/410/425 137/409/430 
f 343/407/426 345/411/426 344/408/425 
f 135/410/425 344/408/425 345/411/426 
f 343/407/426 346/412/429 345/411/426 
f 345/411/426 129/413/390 135/410/393 
f 346/412/429 347/414/390 345/411/426 
f 347/414/390 129/413/390 345/411/426 
f 347/414/390 346/412/429 348/415/431 
f 347/414/390 127/416/426 129/413/390 
f 348/415/431 349/417/427 347/414/390 
f 127/416/426 347/414/390 349/417/427 
f 348/415/431 350/418/432 349/417/427 
f 349/417/427 123/419/425 127/416/433 
f 350/418/432 351/420/390 349/417/427 
f 123/419/425 349/417/427 351/420/390 
f 351/420/390 350/418/432 352/421/425 
f 351/420/390 121/422/390 123/419/434 
f 353/423/425 351/420/390 352/421/425 
f 121/422/390 351/420/390 353/423/425 
f 354/424/425 353/423/425 352/421/425 
f 355/425/426 121/422/390 353/423/425 
f 354/424/425 355/425/426 353/423/425 
f 121/422/423 355/425/426 126/426/424 
f 355/425/426 354/424/425 356/427/426 
f 357/428/426 126/426/424 355/425/426 
f 356/427/426 357/428/426 355/425/426 
f 126/426/390 357/428/426 132/429/430 
f 357/428/426 356/427/426 358/430/426 
f 359/431/427 132/429/430 357/428/426 
f 358/430/426 359/431/427 357/428/426 
f 132/429/432 359/431/427 133/432/432 
f 359/431/427 358/430/426 360/433/393 
f 300/337/356 361/434/435 299/335/354 
f 300/337/356 59/336/355 57/435/436 
f 362/436/437 361/434/435 300/337/356 
f 57/435/436 362/436/437 300/337/356 
f 361/434/435 362/436/437 363/437/438 
f 53/438/439 362/436/437 57/435/436 
f 364/439/440 363/437/438 362/436/437 
f 362/436/437 53/438/439 364/439/440 
f 363/437/438 364/439/440 365/440/441 
f 53/438/439 52/441/442 364/439/440 
f 366/442/402 365/440/441 364/439/440 
f 364/439/440 52/441/442 366/442/402 
f 365/440/441 366/442/402 367/443/443 
f 56/444/444 366/442/402 52/441/442 
f 367/443/443 366/442/402 368/445/445 
f 366/442/402 56/444/444 368/445/445 
f 368/445/445 369/446/446 367/443/443 
f 56/444/444 60/447/306 368/445/445 
f 370/448/447 369/446/446 368/445/445 
f 368/445/445 60/447/306 370/448/447 
f 369/446/446 370/448/447 371/449/448 
f 64/450/449 370/448/447 60/447/306 
f 370/448/447 372/451/448 371/449/448 
f 370/448/447 64/450/449 372/451/448 
f 372/451/448 373/452/450 371/449/448 
f 68/453/451 372/451/448 64/450/449 
f 374/454/253 373/452/450 372/451/448 
f 372/451/448 68/453/451 374/454/253 
f 373/452/450 374/454/253 375/455/452 
f 72/456/453 374/454/253 68/453/451 
f 374/454/253 376/457/454 375/455/452 
f 374/454/253 72/456/453 376/457/454 
f 324/375/396 375/455/452 376/457/454 
f 76/379/455 376/457/454 72/456/453 
f 325/376/397 324/375/396 376/457/454 
f 76/379/455 325/376/397 376/457/454 
f 21/372/456 323/374/395 17/458/457 
f 377/459/458 323/374/395 322/373/394 
f 378/460/459 17/458/457 323/374/395 
f 323/374/395 377/459/458 378/460/459 
f 17/458/460 378/460/459 13/461/395 
f 378/460/459 377/459/458 379/462/243 
f 380/463/461 13/461/395 378/460/459 
f 380/463/461 378/460/459 379/462/243 
f 13/461/462 380/463/461 9/464/463 
f 381/465/464 380/463/461 379/462/243 
f 382/466/465 9/464/463 380/463/461 
f 380/463/461 381/465/464 382/466/465 
f 5/467/466 9/464/466 382/466/465 
f 382/466/465 1/468/467 5/467/468 
f 381/465/464 383/469/469 382/466/465 
f 1/468/467 382/466/465 383/469/469 
f 383/469/469 381/465/464 384/470/470 
f 383/469/469 4/471/471 1/468/472 
f 385/472/473 383/469/469 384/470/470 
f 4/471/471 383/469/469 385/472/473 
f 385/472/473 384/470/470 386/473/474 
f 4/471/475 385/472/473 8/474/476 
f 386/473/474 387/475/443 385/472/473 
f 385/472/473 387/475/443 8/474/476 
f 387/475/443 386/473/474 388/476/477 
f 387/475/443 12/477/478 8/474/400 
f 388/476/477 389/478/479 387/475/443 
f 12/477/478 387/475/443 389/478/479 
f 389/478/479 388/476/477 390/479/384 
f 16/480/480 12/477/480 389/478/479 
f 390/479/384 391/481/481 389/478/479 
f 389/478/479 391/481/481 16/480/480 
f 391/481/481 390/479/384 392/482/482 
f 391/481/481 20/483/483 16/480/484 
f 391/481/481 392/482/482 393/484/485 
f 20/483/483 391/481/481 393/484/485 
f 393/484/485 392/482/482 394/485/486 
f 24/486/487 20/483/488 393/484/485 
f 394/485/486 395/487/489 393/484/485 
f 24/486/487 393/484/485 395/487/489 
f 395/487/489 394/485/486 396/488/490 
f 395/487/489 28/489/491 24/486/492 
f 397/490/493 395/487/489 396/488/490 
f 28/489/491 395/487/489 397/490/493 
f 397/490/493 396/488/490 398/491/494 
f 32/492/495 28/489/496 397/490/493 
f 398/491/494 399/493/497 397/490/493 
f 32/492/495 397/490/493 399/493/497 
f 399/493/497 398/491/494 400/494/498 
f 399/493/497 34/495/499 32/492/500 
f 401/496/501 399/493/497 400/494/498 
f 34/495/499 399/493/497 401/496/501 
f 401/496/501 400/494/498 402/497/502 
f 38/498/503 34/495/504 401/496/501 
f 402/497/502 403/499/505 401/496/501 
f 38/498/503 401/496/501 403/499/505 
f 403/499/505 402/497/502 314/357/378 
f 314/357/378 172/358/379 403/499/505 
f 38/498/503 403/499/505 172/358/379 
f 169/500/506 38/498/503 172/358/379 
f 38/498/507 169/500/506 226/253/508 
f 166/501/509 226/253/508 169/500/506 
f 226/253/258 166/501/509 248/252/257 
f 162/502/510 248/252/257 166/501/509 
f 248/252/257 162/502/510 112/254/259 
f 162/502/510 113/503/511 112/254/259 
f 162/502/510 115/504/512 113/503/513 
f 115/504/512 162/502/510 160/505/514 
f 115/504/515 160/505/514 117/506/516 
f 117/506/516 160/505/514 161/507/517 
f 117/506/518 161/507/517 119/508/518 
f 404/509/519 405/510/519 406/511/520 
f 405/510/519 136/512/521 131/513/522 
f 407/514/523 406/511/520 405/510/519 
f 407/514/523 405/510/519 131/513/522 
f 406/511/520 407/514/523 408/515/524 
f 125/516/525 407/514/523 131/513/522 
f 409/517/523 408/515/524 407/514/523 
f 407/514/523 125/516/525 409/517/523 
f 408/515/524 409/517/523 410/518/526 
f 409/517/523 125/516/525 122/519/519 
f 411/520/527 410/518/526 409/517/523 
f 411/520/527 409/517/523 122/519/519 
f 410/518/526 411/520/527 412/521/528 
f 124/522/529 411/520/527 122/519/519 
f 413/523/525 412/521/528 411/520/527 
f 411/520/527 124/522/529 413/523/525 
f 414/524/530 412/521/528 413/523/525 
f 124/522/529 415/525/531 413/523/525 
f 415/525/531 414/524/530 413/523/525 
f 415/525/531 124/522/529 128/526/531 
f 414/524/530 415/525/531 416/527/531 
f 128/526/531 417/528/532 415/525/531 
f 415/525/531 417/528/532 416/527/531 
f 130/529/525 417/528/532 128/526/531 
f 417/528/532 418/530/531 416/527/531 
f 130/529/525 419/531/532 417/528/532 
f 419/531/532 418/530/531 417/528/532 
f 419/531/532 130/529/525 134/532/525 
f 418/530/531 419/531/532 420/533/533 
f 220/534/534 421/535/535 422/536/536 
f 421/535/535 220/534/534 216/537/537 
f 422/536/536 224/538/538 220/534/539 
f 423/539/540 422/536/536 421/535/535 
f 421/535/535 424/540/541 423/539/540 
f 422/536/536 423/539/540 425/541/542 
f 216/537/537 426/542/543 421/535/535 
f 421/535/535 426/542/543 424/540/541 
f 426/542/543 216/537/537 212/543/544 
f 426/542/543 427/544/545 424/540/541 
f 428/545/546 422/536/536 425/541/542 
f 224/538/538 422/536/536 428/545/546 
f 429/546/547 428/545/546 425/541/542 
f 428/545/546 225/547/548 224/538/549 
f 429/546/547 430/548/550 428/545/546 
f 225/547/548 428/545/546 430/548/550 
f 430/548/550 429/546/547 111/549/551 
f 148/550/552 225/547/548 430/548/550 
f 111/549/551 148/550/552 430/548/550 
f 225/547/548 148/550/552 145/551/553 
f 148/550/554 111/549/551 150/552/555 
f 150/552/555 111/549/551 114/553/556 
f 150/552/555 114/553/556 116/554/557 
f 150/552/558 116/554/557 152/555/559 
f 118/556/560 152/555/559 116/554/557 
f 118/556/560 154/557/561 152/555/562 
f 154/557/561 118/556/560 120/558/563 
f 145/551/553 37/559/564 225/547/565 
f 174/560/566 37/559/564 145/551/553 
f 37/559/564 174/560/566 431/561/567 
f 174/560/566 432/562/568 431/561/567 
f 432/562/568 174/560/566 177/563/569 
f 177/563/569 433/564/570 432/562/568 
f 177/563/569 434/565/571 433/564/570 
f 435/566/572 431/561/567 432/562/568 
f 434/565/571 177/563/569 181/567/573 
f 431/561/567 435/566/572 436/568/574 
f 436/568/574 37/559/564 431/561/567 
f 435/566/572 437/569/575 436/568/574 
f 37/559/576 436/568/574 36/570/577 
f 438/571/578 436/568/574 437/569/575 
f 438/571/578 36/570/577 436/568/574 
f 439/572/579 438/571/578 437/569/575 
f 36/570/580 438/571/578 30/573/581 
f 438/571/578 439/572/579 440/574/582 
f 440/574/582 30/573/581 438/571/578 
f 439/572/579 441/575/583 440/574/582 
f 30/573/584 440/574/582 26/576/585 
f 442/577/586 440/574/582 441/575/583 
f 442/577/586 26/576/585 440/574/582 
f 443/578/587 442/577/586 441/575/583 
f 26/576/588 442/577/586 22/579/589 
f 442/577/586 443/578/587 444/580/590 
f 444/580/590 22/579/589 442/577/586 
f 444/580/590 443/578/587 445/581/591 
f 22/579/592 444/580/590 18/582/593 
f 446/583/594 444/580/590 445/581/591 
f 446/583/594 18/582/593 444/580/590 
f 447/584/595 446/583/594 445/581/591 
f 18/582/596 446/583/594 14/585/597 
f 446/583/594 447/584/595 448/586/598 
f 448/586/598 14/585/597 446/583/594 
f 448/586/598 447/584/595 449/587/599 
f 14/585/600 448/586/598 10/588/601 
f 450/589/602 448/586/598 449/587/599 
f 450/589/602 10/588/601 448/586/598 
f 451/590/603 450/589/602 449/587/599 
f 10/588/604 450/589/602 6/591/605 
f 450/589/602 451/590/603 452/592/606 
f 452/592/606 6/591/605 450/589/602 
f 453/593/607 452/592/606 451/590/603 
f 2/594/608 6/591/609 452/592/606 
f 452/592/606 453/593/607 454/595/610 
f 454/595/610 2/594/608 452/592/606 
f 455/596/611 454/595/610 453/593/607 
f 2/594/612 454/595/610 3/597/613 
f 454/595/610 456/598/614 3/597/613 
f 454/595/610 455/596/611 456/598/614 
f 456/598/614 7/599/615 3/597/615 
f 7/599/616 456/598/614 11/600/524 
f 455/596/611 457/601/617 456/598/614 
f 456/598/614 457/601/617 11/600/524 
f 457/601/617 455/596/611 458/602/618 
f 457/601/617 15/603/619 11/600/620 
f 458/602/618 459/604/621 457/601/617 
f 15/603/619 457/601/617 459/604/621 
f 459/604/621 458/602/618 460/605/622 
f 19/606/529 15/603/522 459/604/621 
f 460/605/622 461/607/623 459/604/621 
f 19/606/529 459/604/621 461/607/623 
f 86/608/624 462/609/625 463/610/626 
f 462/609/625 86/608/624 82/611/627 
f 463/610/626 88/612/628 86/608/629 
f 464/613/630 463/610/626 462/609/625 
f 464/613/630 462/609/625 465/614/631 
f 463/610/626 464/613/630 466/615/632 
f 82/611/627 467/616/633 462/609/625 
f 462/609/625 467/616/633 465/614/631 
f 467/616/633 82/611/627 78/617/634 
f 467/616/633 468/618/635 465/614/631 
f 469/619/636 463/610/626 466/615/632 
f 88/612/628 463/610/626 469/619/636 
f 470/620/637 469/619/636 466/615/632 
f 469/619/636 91/621/638 88/612/639 
f 470/620/637 471/622/640 469/619/636 
f 91/621/638 469/619/636 471/622/640 
f 471/622/640 470/620/637 472/623/641 
f 471/622/640 473/624/642 91/621/638 
f 472/623/641 195/625/643 471/622/640 
f 473/624/642 471/622/640 195/625/643 
f 195/625/643 472/623/641 192/626/644 
f 192/626/644 472/623/641 474/627/645 
f 91/621/646 473/624/642 204/628/647 
f 192/626/644 474/627/645 475/629/648 
f 476/630/649 204/628/647 473/624/642 
f 192/626/650 475/629/648 191/631/650 
f 204/628/647 476/630/649 477/632/651 
f 478/633/652 477/632/651 476/630/649 
f 479/634/653 204/628/647 477/632/651 
f 204/628/647 479/634/653 480/635/654 
f 477/632/651 478/633/652 104/636/629 
f 478/633/652 101/637/655 104/636/629 
f 143/638/656 477/632/651 104/636/629 
f 477/632/651 143/638/656 479/634/653 
f 478/633/652 106/639/657 101/637/658 
f 106/639/657 478/633/652 481/640/659 
f 481/640/659 108/641/660 106/639/660 
f 481/640/659 110/642/661 108/641/662 
f 110/642/661 481/640/659 482/643/663 
f 143/638/656 483/644/664 479/634/653 
f 483/644/664 480/635/654 479/634/653 
f 483/644/664 143/638/656 142/645/521 
f 480/635/654 483/644/664 484/646/664 
f 142/645/521 485/647/532 483/644/664 
f 485/647/532 484/646/664 483/644/664 
f 484/646/664 485/647/532 486/648/521 
f 485/647/532 142/645/521 139/649/665 
f 404/509/519 486/648/521 485/647/532 
f 139/649/665 487/650/532 485/647/532 
f 404/509/519 485/647/532 487/650/532 
f 487/650/532 139/649/665 138/651/529 
f 136/512/532 487/650/532 138/651/529 
f 405/510/519 404/509/519 487/650/532 
f 487/650/532 136/512/532 405/510/519 
f 461/607/623 460/605/622 488/652/666 
f 461/607/623 23/653/532 19/606/532 
f 489/654/529 461/607/623 488/652/666 
f 23/653/532 461/607/623 489/654/529 
f 488/652/666 490/655/575 489/654/529 
f 489/654/529 25/656/529 23/653/529 
f 490/655/575 491/657/667 489/654/529 
f 25/656/529 489/654/529 491/657/667 
f 491/657/667 490/655/575 492/658/668 
f 491/657/667 29/659/669 25/656/670 
f 492/658/668 493/660/671 491/657/667 
f 29/659/669 491/657/667 493/660/671 
f 493/660/671 492/658/668 494/661/672 
f 29/659/673 493/660/671 33/662/674 
f 494/661/672 495/663/675 493/660/671 
f 493/660/671 495/663/675 33/662/674 
f 495/663/675 494/661/672 496/664/676 
f 495/663/675 39/665/677 33/662/678 
f 496/664/676 497/666/679 495/663/675 
f 39/665/677 495/663/675 497/666/679 
f 497/666/679 496/664/676 498/667/680 
f 39/665/681 497/666/679 41/668/682 
f 498/667/680 499/669/683 497/666/679 
f 497/666/679 499/669/683 41/668/682 
f 499/669/683 498/667/680 500/670/684 
f 499/669/683 44/671/685 41/668/685 
f 500/670/684 501/672/686 499/669/683 
f 44/671/685 499/669/683 501/672/686 
f 501/672/686 500/670/684 502/673/687 
f 44/671/688 501/672/686 46/674/683 
f 502/673/687 503/675/689 501/672/686 
f 501/672/686 503/675/689 46/674/683 
f 503/675/689 502/673/687 504/676/690 
f 503/675/689 48/677/691 46/674/692 
f 504/676/690 505/678/693 503/675/689 
f 48/677/691 503/675/689 505/678/693 
f 505/678/693 504/676/690 506/679/694 
f 50/680/695 48/677/696 505/678/693 
f 506/679/694 507/681/697 505/678/693 
f 505/678/693 507/681/697 50/680/695 
f 507/681/697 506/679/694 434/565/571 
f 434/565/571 181/567/573 507/681/697 
f 181/567/573 50/680/695 507/681/697 
f 50/680/695 181/567/573 186/682/698 
f 186/682/698 100/683/699 50/680/695 
f 191/631/700 100/683/699 186/682/698 
f 100/683/699 191/631/700 508/684/701 
f 508/684/701 191/631/700 475/629/648 
f 508/684/701 98/685/702 100/683/699 
f 475/629/648 509/686/703 508/684/701 
f 98/685/702 508/684/701 509/686/703 
f 475/629/648 510/687/704 509/686/703 
f 511/688/705 98/685/702 509/686/703 
f 510/687/704 511/688/705 509/686/703 
f 98/685/706 511/688/705 96/689/707 
f 511/688/705 510/687/704 512/690/708 
f 511/688/705 513/691/709 96/689/707 
f 512/690/708 513/691/709 511/688/705 
f 513/691/709 93/692/710 96/689/711 
f 512/690/708 514/693/712 513/691/709 
f 515/694/713 93/692/710 513/691/709 
f 514/693/712 515/694/713 513/691/709 
f 515/694/713 514/693/712 516/695/714 
f 93/692/715 515/694/713 89/696/716 
f 517/697/717 515/694/713 516/695/714 
f 515/694/713 518/698/718 89/696/716 
f 515/694/713 517/697/717 518/698/718 
f 518/698/718 85/699/719 89/696/720 
f 519/700/721 518/698/718 517/697/717 
f 520/701/722 85/699/719 518/698/718 
f 518/698/718 519/700/721 520/701/722 
f 85/699/723 520/701/722 81/702/724 
f 521/703/725 520/701/722 519/700/721 
f 520/701/722 522/704/726 81/702/724 
f 520/701/722 521/703/725 522/704/726 
f 522/704/726 77/705/727 81/702/727 
f 521/703/725 523/706/728 522/704/726 
f 524/707/729 77/705/727 522/704/726 
f 522/704/726 523/706/728 524/707/729 
f 77/705/730 524/707/729 73/708/730 
f 525/709/731 524/707/729 523/706/728 
f 526/710/732 73/708/730 524/707/729 
f 524/707/729 525/709/731 526/710/732 
f 73/708/733 526/710/732 69/711/733 
f 65/712/734 69/711/734 526/710/732 
f 525/709/731 527/713/735 526/710/732 
f 65/712/734 526/710/732 527/713/735 
f 527/713/735 525/709/731 528/714/736 
f 527/713/735 61/715/737 65/712/737 
f 527/713/735 528/714/736 529/716/738 
f 61/715/737 527/713/735 529/716/738 
f 530/717/739 529/716/738 528/714/736 
f 529/716/738 55/718/740 61/715/741 
f 530/717/739 531/719/742 529/716/738 
f 55/718/740 529/716/738 531/719/742 
f 531/719/742 530/717/739 532/720/743 
f 531/719/742 51/721/744 55/718/745 
f 533/722/746 531/719/742 532/720/743 
f 51/721/744 531/719/742 533/722/746 
f 534/723/747 533/722/746 532/720/743 
f 51/721/748 533/722/746 54/724/749 
f 534/723/747 535/725/750 533/722/746 
f 533/722/746 535/725/750 54/724/749 
f 535/725/750 534/723/747 536/726/751 
f 535/725/750 58/727/752 54/724/753 
f 536/726/751 537/728/754 535/725/750 
f 58/727/752 535/725/750 537/728/754 
f 537/728/754 536/726/751 538/729/755 
f 62/730/756 58/727/757 537/728/754 
f 538/729/755 539/731/758 537/728/754 
f 537/728/754 539/731/758 62/730/756 
f 539/731/758 538/729/755 540/732/759 
f 539/731/758 66/733/760 62/730/761 
f 539/731/758 540/732/759 541/734/762 
f 66/733/760 539/731/758 541/734/762 
f 541/734/762 540/732/759 542/735/763 
f 70/736/764 66/733/765 541/734/762 
f 542/735/763 543/737/766 541/734/762 
f 541/734/762 543/737/766 70/736/764 
f 543/737/766 542/735/763 544/738/767 
f 543/737/766 74/739/768 70/736/769 
f 545/740/770 543/737/766 544/738/767 
f 74/739/768 543/737/766 545/740/770 
f 468/618/635 545/740/770 544/738/767 
f 78/617/771 74/739/771 545/740/770 
f 468/618/635 467/616/633 545/740/770 
f 78/617/634 545/740/770 467/616/633 
f 546/741/772 547/742/773 548/743/774 
f 547/742/773 546/741/772 549/744/775 
f 549/744/775 550/745/776 547/742/773 
f 548/743/774 551/746/777 546/741/772 
f 219/747/778 549/744/775 546/741/772 
f 219/747/778 546/741/772 215/748/779 
f 546/741/772 551/746/777 215/748/779 
f 549/744/775 219/747/778 223/749/780 
f 551/746/777 548/743/774 552/750/781 
f 551/746/777 209/751/782 215/748/783 
f 552/750/781 553/752/784 551/746/777 
f 209/751/782 551/746/777 553/752/784 
f 553/752/784 552/750/781 554/753/785 
f 205/754/786 209/751/787 553/752/784 
f 549/744/775 223/749/780 555/755/788 
f 550/745/776 549/744/775 555/755/788 
f 555/755/788 223/749/780 227/756/789 
f 550/745/776 555/755/788 556/757/790 
f 553/752/784 557/758/791 205/754/786 
f 554/753/785 557/758/791 553/752/784 
f 557/758/791 208/759/792 205/754/793 
f 557/758/791 554/753/785 558/760/794 
f 208/759/792 557/758/791 559/761/795 
f 557/758/791 558/760/794 559/761/795 
f 212/543/796 208/759/796 559/761/795 
f 559/761/795 558/760/794 427/544/545 
f 212/543/544 559/761/795 426/542/543 
f 427/544/545 426/542/543 559/761/795 
f 227/756/789 560/762/797 555/755/788 
f 555/755/788 560/762/797 556/757/790 
f 560/762/797 227/756/789 229/763/798 
f 231/764/799 560/762/797 229/763/798 
f 556/757/790 560/762/797 561/765/800 
f 560/762/797 231/764/799 561/765/800 
f 556/757/790 561/765/800 562/766/801 
f 231/764/799 233/767/802 561/765/800 
f 563/768/803 562/766/801 561/765/800 
f 561/765/800 233/767/802 563/768/803 
f 562/766/801 563/768/803 564/769/804 
f 235/770/805 563/768/803 233/767/802 
f 564/769/804 563/768/803 565/771/806 
f 563/768/803 235/770/805 565/771/806 
f 237/772/807 565/771/806 235/770/805 
f 565/771/806 566/773/808 564/769/804 
f 565/771/806 237/772/807 567/774/809 
f 567/774/809 566/773/808 565/771/806 
f 566/773/808 567/774/809 568/775/810 
f 252/776/811 552/777/812 254/778/812 
f 548/779/813 254/778/812 552/777/812 
f 552/777/814 252/776/811 554/780/815 
f 254/778/816 548/779/813 256/781/817 
f 250/782/818 554/780/815 252/776/811 
f 547/783/819 256/781/817 548/779/813 
f 554/780/820 250/782/818 558/784/821 
f 256/781/822 547/783/819 258/785/822 
f 245/786/823 558/784/821 250/782/818 
f 547/783/819 260/787/824 258/785/825 
f 558/784/826 245/786/823 427/788/827 
f 260/787/824 547/783/819 550/789/828 
f 242/790/829 427/788/827 245/786/823 
f 260/787/824 550/789/828 556/791/830 
f 427/788/831 242/790/829 424/792/832 
f 260/787/833 556/791/830 262/793/834 
f 241/794/835 424/792/832 242/790/829 
f 262/793/834 556/791/830 562/795/836 
f 424/792/837 241/794/835 423/796/838 
f 262/793/839 562/795/836 265/797/840 
f 243/798/841 423/796/838 241/794/835 
f 564/799/842 265/797/840 562/795/836 
f 423/796/843 243/798/841 425/800/844 
f 265/797/845 564/799/842 267/801/846 
f 247/802/847 425/800/844 243/798/841 
f 267/801/846 564/799/842 566/803/848 
f 425/800/849 247/802/847 429/804/850 
f 112/112/851 429/804/850 247/802/847 
f 429/804/852 112/112/851 111/111/852 
f 267/801/853 566/803/848 269/805/854 
f 269/805/854 566/803/848 568/806/855 
f 269/805/856 568/806/855 271/807/856 
f 379/808/857 455/809/858 381/810/859 
f 455/809/858 379/808/857 458/811/860 
f 377/812/861 458/811/860 379/808/857 
f 458/811/862 377/812/861 460/813/863 
f 322/814/864 460/813/863 377/812/861 
f 460/813/865 322/814/864 488/815/866 
f 320/816/867 488/815/866 322/814/864 
f 488/815/868 320/816/867 490/817/868 
f 320/816/867 492/818/869 490/817/869 
f 492/818/869 320/816/867 318/819/870 
f 318/819/870 494/820/871 492/818/872 
f 494/820/871 318/819/870 316/821/873 
f 316/821/873 496/822/874 494/820/875 
f 496/822/874 316/821/873 312/823/876 
f 496/822/877 312/823/876 498/824/878 
f 307/825/879 498/824/878 312/823/876 
f 307/825/879 500/826/880 498/824/881 
f 500/826/880 307/825/879 305/827/882 
f 500/826/880 305/827/882 304/828/883 
f 500/826/884 304/828/883 502/829/885 
f 502/829/885 304/828/883 306/830/886 
f 502/829/887 306/830/886 504/831/888 
f 504/831/888 306/830/886 309/832/889 
f 504/831/890 309/832/889 506/833/891 
f 506/833/891 309/832/889 310/834/892 
f 506/833/893 310/834/892 434/835/893 
f 475/836/894 276/837/894 274/838/895 
f 276/837/894 475/836/894 474/839/896 
f 474/839/896 277/840/897 276/837/898 
f 472/841/899 277/840/897 474/839/896 
f 314/842/900 432/843/901 433/844/902 
f 433/844/902 313/845/903 314/842/900 
f 313/845/903 433/844/902 434/835/904 
f 434/835/904 310/834/905 313/845/905 
f 200/200/200 285/846/906 202/202/202 
f 569/847/907 194/194/194 201/201/201 
f 201/201/201 202/202/202 569/847/907 
f 202/202/202 285/846/906 570/848/908 
f 202/202/202 570/848/908 569/847/907 
f 332/849/909 570/848/908 285/846/906 
f 194/194/194 569/847/907 571/850/910 
f 195/195/195 194/194/194 571/850/910 
f 569/847/907 570/848/908 572/851/911 
f 569/847/907 572/851/911 571/850/910 
f 570/848/908 332/849/909 573/852/912 
f 573/852/912 572/851/911 570/848/908 
f 332/849/909 334/853/913 573/852/912 
f 571/850/910 574/854/914 195/195/195 
f 571/850/910 572/851/911 574/854/914 
f 195/195/915 574/854/914 473/855/916 
f 573/852/912 334/853/913 575/856/917 
f 572/851/911 573/852/912 576/857/918 
f 576/857/918 574/854/914 572/851/911 
f 573/852/912 575/856/917 576/857/918 
f 334/853/913 337/858/919 575/856/917 
f 577/859/920 473/855/916 574/854/914 
f 574/854/914 576/857/918 577/859/920 
f 473/855/921 577/859/920 476/860/922 
f 575/856/917 337/858/919 578/861/923 
f 337/858/919 338/862/924 578/861/923 
f 578/861/923 338/862/924 579/863/925 
f 576/857/918 575/856/917 580/864/926 
f 578/861/923 580/864/926 575/856/917 
f 576/857/918 580/864/926 577/859/920 
f 578/861/923 579/863/925 581/865/927 
f 580/864/926 578/861/923 581/865/927 
f 581/865/927 579/863/925 582/866/928 
f 583/867/929 581/865/927 582/866/928 
f 577/859/920 580/864/926 584/868/930 
f 577/859/920 584/868/930 476/860/922 
f 580/864/926 581/865/927 584/868/930 
f 476/860/931 584/868/930 478/869/932 
f 581/865/927 583/867/929 585/870/933 
f 584/868/930 581/865/927 585/870/933 
f 584/868/930 585/870/933 478/869/932 
f 482/871/934 585/870/933 583/867/929 
f 478/869/935 585/870/933 481/872/935 
f 585/870/933 482/871/934 481/872/936 
f 100/100/937 49/873/938 50/874/938 
f 49/873/939 100/100/937 99/99/939 
f 410/875/940 352/876/940 350/877/941 
f 352/876/940 410/875/940 412/878/942 
f 350/877/941 408/879/943 410/875/944 
f 412/878/942 354/880/945 352/876/946 
f 408/879/943 350/877/941 348/881/947 
f 354/880/945 412/878/942 414/882/948 
f 346/883/949 408/879/943 348/881/947 
f 414/882/948 356/884/950 354/880/951 
f 408/879/952 346/883/949 406/885/953 
f 356/884/950 414/882/948 416/886/954 
f 406/885/953 346/883/949 343/887/955 
f 356/884/950 416/886/954 418/888/956 
f 343/887/955 404/889/957 406/885/958 
f 356/884/959 418/888/956 358/890/960 
f 358/890/960 418/888/956 420/891/961 
f 358/890/962 420/891/961 360/892/962 
f 404/889/957 343/887/955 342/893/963 
f 342/893/963 486/894/964 404/889/965 
f 486/894/964 342/893/963 340/895/966 
f 340/895/966 484/896/967 486/894/967 
f 484/896/968 340/895/966 480/897/969 
f 480/897/969 340/895/966 336/898/970 
f 336/898/970 204/204/971 480/897/971 
f 204/204/972 336/898/970 203/203/972 
f 394/899/973 441/900/974 396/901/974 
f 396/901/974 441/900/974 439/902/975 
f 441/900/976 394/899/973 443/903/977 
f 396/901/978 439/902/975 398/904/979 
f 392/905/980 443/903/977 394/899/973 
f 437/906/981 398/904/979 439/902/975 
f 392/905/980 445/907/982 443/903/983 
f 398/904/984 437/906/981 400/908/984 
f 390/909/985 445/907/982 392/905/980 
f 437/906/981 402/910/986 400/908/987 
f 390/909/985 447/911/988 445/907/989 
f 402/910/986 437/906/981 435/912/990 
f 435/912/990 314/913/991 402/910/991 
f 314/913/992 435/912/990 432/914/992 
f 388/915/993 447/911/988 390/909/985 
f 388/915/993 449/916/994 447/911/995 
f 386/917/996 449/916/994 388/915/993 
f 386/917/996 451/918/997 449/916/998 
f 384/919/999 451/918/997 386/917/996 
f 384/919/999 453/920/1000 451/918/1001 
f 381/810/1002 453/920/1000 384/919/999 
f 453/920/1003 381/810/1002 455/809/858 
f 540/921/1004 373/922/1005 542/923/1005 
f 542/923/1005 373/922/1005 375/924/1006 
f 373/922/1007 540/921/1004 371/925/1008 
f 375/924/1006 544/926/1009 542/923/1010 
f 538/927/1011 371/925/1008 540/921/1004 
f 324/928/1012 544/926/1009 375/924/1006 
f 538/927/1011 369/929/1013 371/925/1014 
f 544/926/1015 324/928/1012 468/930/1016 
f 536/931/1017 369/929/1013 538/927/1011 
f 468/930/1016 324/928/1012 326/932/1018 
f 536/931/1017 367/933/1019 369/929/1020 
f 326/932/1018 465/934/1021 468/930/1022 
f 534/935/1023 367/933/1019 536/931/1017 
f 465/934/1021 326/932/1018 328/936/1024 
f 534/935/1023 365/937/1025 367/933/1026 
f 328/936/1024 464/938/1027 465/934/1028 
f 532/939/1029 365/937/1025 534/935/1023 
f 464/938/1027 328/936/1024 330/940/1030 
f 532/939/1029 363/941/1031 365/937/1032 
f 330/940/1030 466/942/1033 464/938/1033 
f 530/943/1034 363/941/1031 532/939/1029 
f 466/942/1035 330/940/1030 470/944/1036 
f 530/943/1034 361/945/1037 363/941/1037 
f 470/944/1036 330/940/1030 284/946/1038 
f 284/946/1038 472/841/1039 470/944/1039 
f 472/841/1040 284/946/1038 277/840/1040 
f 530/943/1034 299/947/1041 361/945/1042 
f 299/947/1041 530/943/1034 528/948/1043 
f 528/948/1043 296/949/1044 299/947/1045 
f 296/949/1044 528/948/1043 525/950/1046 
f 296/949/1047 525/950/1046 294/951/1048 
f 294/951/1048 525/950/1046 523/952/1049 
f 523/952/1049 292/953/1050 294/951/1051 
f 292/953/1050 523/952/1049 521/954/1052 
f 521/954/1052 290/955/1053 292/953/1054 
f 290/955/1053 521/954/1052 519/956/1055 
f 519/956/1055 288/957/1056 290/955/1057 
f 288/957/1056 519/956/1055 517/958/1058 
f 517/958/1058 287/959/1059 288/957/1060 
f 287/959/1059 517/958/1058 516/960/1061 
f 287/959/1059 516/960/1061 514/961/1062 
f 287/959/1063 514/961/1062 283/962/1063 
f 514/961/1062 280/963/1064 283/962/1065 
f 280/963/1064 514/961/1062 512/964/1066 
f 512/964/1066 278/965/1067 280/963/1068 
f 278/965/1067 512/964/1066 510/966/1069 
f 510/966/1069 274/967/1070 278/965/1070 
f 274/967/1071 510/966/1069 475/968/1071 
f 586/969/1072 587/970/1073 588/971/1074 
f 589/972/1075 588/971/1074 587/970/1073 
f 588/971/1074 589/972/1075 590/973/1076 
f 590/973/1076 589/972/1075 591/974/1077 
f 591/974/1077 589/972/1075 592/975/1078 
f 591/974/1077 592/975/1078 593/976/1079 
f 593/976/1079 592/975/1078 594/977/1080 
f 595/978/1081 593/976/1079 594/977/1080 
f 593/976/1079 595/978/1081 596/979/1082 
f 597/980/1083 596/979/1082 595/978/1081 
f 596/979/1082 597/980/1083 598/981/1084 
f 599/982/1085 598/981/1084 597/980/1083 
f 598/981/1084 599/982/1085 600/983/1086 
f 599/982/1085 601/984/1087 600/983/1086 
f 601/984/1087 599/982/1085 602/985/1088 
f 601/984/1087 602/985/1088 603/986/1089 
f 601/984/1087 603/986/1089 604/987/1090 
f 603/986/1089 605/988/1091 604/987/1090 
f 605/988/1091 603/986/1089 606/989/1092 
f 607/990/1093 608/991/1094 609/992/1095 
f 608/991/1094 607/990/1093 610/993/1096 
f 609/992/1095 611/994/1097 607/990/1093 
f 612/995/1098 608/991/1094 610/993/1096 
f 611/994/1097 609/992/1095 613/996/1099 
f 608/991/1094 612/995/1098 614/997/1100 
f 613/996/1099 615/998/1101 611/994/1097 
f 612/995/1098 616/999/1102 614/997/1100 
f 615/998/1101 613/996/1099 617/1000/1103 
f 616/999/1102 612/995/1098 618/1001/1104 
f 617/1000/1103 619/1002/1105 615/998/1101 
f 620/1003/1106 616/999/1102 618/1001/1104 
f 619/1002/1105 617/1000/1103 621/1004/1107 
f 616/999/1102 620/1003/1106 622/1005/1108 
f 622/1005/1108 620/1003/1106 623/1006/1109 
f 623/1006/1109 624/1007/1110 622/1005/1108 
f 625/1008/1111 619/1002/1105 621/1004/1107 
f 619/1002/1105 625/1008/1111 626/1009/1112 
f 625/1008/1111 627/1010/1113 626/1009/1112 
f 627/1010/1113 625/1008/1111 628/1011/1114 
f 629/1012/1115 627/1010/1113 628/1011/1114 
f 629/1012/1115 630/1013/1116 627/1010/1113 
f 629/1012/1115 631/1014/1117 630/1013/1116 
f 632/1015/1118 633/1016/1119 634/1017/1120 
f 635/1018/1121 636/1019/1122 637/1020/1123 
f 632/1015/1118 634/1017/1120 638/1021/1124 
f 639/1022/1125 635/1018/1121 637/1020/1123 
f 640/1023/1126 638/1021/1124 634/1017/1120 
f 635/1018/1121 639/1022/1125 641/1024/1127 
f 642/1025/1128 638/1021/1124 640/1023/1126 
f 643/1026/1129 641/1024/1127 639/1022/1125 
f 638/1021/1124 642/1025/1128 644/1027/1130 
f 641/1024/1127 643/1026/1129 645/1028/1131 
f 646/1029/1132 644/1027/1130 642/1025/1128 
f 643/1026/1129 647/1030/1133 645/1028/1131 
f 644/1027/1130 646/1029/1132 648/1031/1134 
f 647/1030/1133 643/1026/1129 649/1032/1135 
f 646/1029/1136 650/1033/1136 648/1031/1137 
f 649/1032/1135 651/1034/1138 647/1030/1133 
f 650/1033/1136 646/1029/1136 652/1035/1139 
f 651/1034/1138 649/1032/1135 653/1036/1140 
f 650/1033/1141 652/1035/1142 654/1037/1143 
f 655/1038/1144 651/1034/1138 653/1036/1140 
f 654/1037/1143 656/1039/1145 650/1033/1141 
f 651/1034/1138 655/1038/1144 657/1040/1146 
f 658/1041/1147 656/1039/1145 654/1037/1143 
f 659/1042/1148 657/1040/1146 655/1038/1144 
f 656/1039/1145 658/1041/1147 660/1043/1149 
f 657/1040/1146 659/1042/1148 661/1044/1150 
f 661/1044/1150 659/1042/1148 662/1045/1151 
f 661/1044/1150 662/1045/1151 663/1046/1152 
f 660/1043/1149 658/1041/1147 664/1047/1153 
f 664/1047/1153 658/1041/1147 665/1048/1154 
f 666/1049/1155 664/1047/1153 665/1048/1154 
f 664/1047/1153 666/1049/1155 667/1050/1156 
f 668/1051/1157 667/1050/1156 666/1049/1155 
f 667/1050/1156 668/1051/1157 669/1052/1158 
f 670/1053/1159 669/1052/1158 668/1051/1157 
f 669/1052/1158 670/1053/1159 671/1054/1160 
f 671/1054/1160 670/1053/1159 672/1055/1161 
f 672/1055/1161 673/1056/1162 671/1054/1160 
f 673/1056/1162 672/1055/1161 674/1057/1163 
f 674/1057/1163 672/1055/1161 675/1058/1164 
f 674/1057/1163 675/1058/1164 676/1059/1165 
f 676/1059/1165 677/1060/1166 674/1057/1163 
f 678/1061/1167 677/1060/1166 676/1059/1165 
f 677/1060/1166 678/1061/1167 679/1062/1168 
f 679/1062/1168 678/1061/1167 680/1063/1169 
f 681/1064/1170 680/1063/1169 678/1061/1167 
f 682/1065/1171 680/1063/1169 681/1064/1170 
f 680/1063/1169 682/1065/1171 683/1066/1172 
f 683/1066/1172 682/1065/1171 684/1067/1173 
f 683/1066/1172 684/1067/1173 685/1068/1174 
f 686/1069/1175 685/1068/1174 684/1067/1173 
f 685/1068/1174 686/1069/1175 687/1070/1176 
f 688/1071/1177 689/1072/1178 690/1073/1179 
f 689/1072/1178 688/1071/1177 691/1074/1180 
f 688/1071/1177 690/1073/1179 692/1075/1181 
f 689/1072/1178 691/1074/1180 693/1076/1182 
f 692/1075/1181 690/1073/1179 694/1077/1183 
f 695/1078/1184 693/1076/1182 691/1074/1180 
f 692/1075/1181 694/1077/1183 696/1079/1185 
f 693/1076/1182 695/1078/1184 697/1080/1186 
f 696/1079/1185 698/1081/1187 692/1075/1181 
f 699/1082/1188 697/1080/1186 695/1078/1184 
f 700/1083/1189 698/1081/1187 696/1079/1185 
f 697/1080/1186 699/1082/1188 701/1084/1190 
f 698/1081/1187 700/1083/1189 702/1085/1191 
f 703/1086/1192 701/1084/1190 699/1082/1188 
f 702/1085/1191 700/1083/1189 704/1087/1193 
f 701/1084/1190 703/1086/1192 705/1088/1194 
f 704/1087/1193 700/1083/1189 706/1089/1195 
f 707/1090/1196 705/1088/1194 703/1086/1192 
f 704/1087/1193 706/1089/1195 708/1091/1197 
f 705/1088/1194 707/1090/1196 709/1092/1198 
f 708/1091/1197 706/1089/1195 710/1093/1199 
f 711/1094/1200 709/1092/1198 707/1090/1196 
f 708/1091/1197 710/1093/1199 712/1095/1201 
f 711/1094/1200 713/1096/1202 709/1092/1198 
f 712/1095/1201 714/1097/1203 708/1091/1197 
f 713/1096/1202 711/1094/1200 715/1098/1204 
f 716/1099/1205 714/1097/1203 712/1095/1201 
f 713/1096/1202 715/1098/1204 717/1100/1206 
f 714/1097/1203 716/1099/1205 718/1101/1207 
f 717/1100/1206 715/1098/1204 719/1102/1208 
f 716/1099/1209 720/1103/1210 718/1101/1211 
f 721/1104/1212 717/1100/1206 719/1102/1208 
f 720/1103/1210 716/1099/1209 722/1105/1213 
f 723/1106/1214 720/1103/1210 722/1105/1213 
f 720/1103/1210 723/1106/1214 724/1107/1215 
f 717/1100/1206 721/1104/1212 725/1108/1216 
f 725/1108/1216 721/1104/1212 726/1109/1217 
f 726/1109/1217 721/1104/1212 727/1110/1218 
f 728/1111/1219 726/1109/1217 727/1110/1218 
f 726/1109/1217 728/1111/1219 729/1112/1220 
f 730/1113/1221 729/1112/1220 728/1111/1219 
f 729/1112/1220 730/1113/1221 731/1114/1222 
f 731/1114/1222 730/1113/1221 732/1115/1223 
f 731/1114/1222 732/1115/1223 733/1116/1224 
f 734/1117/1225 733/1116/1224 732/1115/1223 
f 733/1116/1224 734/1117/1225 735/1118/1226 
f 735/1118/1226 734/1117/1225 736/1119/1227 
f 735/1118/1226 736/1119/1227 737/1120/1228 
f 736/1119/1227 738/1121/1229 737/1120/1228 
f 738/1121/1229 736/1119/1227 739/1122/1230 
f 724/1123/1231 738/1121/1229 739/1122/1230 
f 738/1121/1229 724/1123/1231 723/1124/1232 
f 740/1125/1233 631/1014/1117 629/1012/1115 
f 741/1126/1234 631/1014/1117 740/1125/1233 
f 631/1014/1117 741/1126/1234 742/1127/1235 
f 741/1126/1234 743/1128/1236 742/1127/1235 
f 744/1129/1237 743/1128/1236 741/1126/1234 
f 745/1130/1238 743/1128/1236 744/1129/1237 
f 743/1128/1236 745/1130/1238 746/1131/1239 
f 746/1131/1239 745/1130/1238 747/1132/1240 
f 748/1133/1241 747/1132/1240 745/1130/1238 
f 749/1134/1242 747/1132/1240 748/1133/1241 
f 747/1132/1240 749/1134/1242 750/1135/1243 
f 750/1135/1243 749/1134/1242 751/1136/1244 
f 752/1137/1245 751/1136/1244 749/1134/1242 
f 751/1136/1244 752/1137/1245 753/1138/1246 
f 751/1136/1244 753/1138/1246 754/1139/1247 
f 754/1139/1247 753/1138/1246 755/1140/1248 
f 755/1140/1248 756/1141/1249 754/1139/1247 
f 756/1141/1249 755/1140/1248 757/1142/1250 
f 757/1142/1250 755/1140/1248 758/1143/1251 
f 757/1142/1250 758/1143/1251 759/1144/1252 
f 760/1145/1253 759/1144/1252 758/1143/1251 
f 759/1144/1252 760/1145/1253 761/1146/1254 
f 762/1147/1255 761/1146/1254 760/1145/1253 
f 761/1146/1254 762/1147/1255 763/1148/1256 
f 764/1149/1257 763/1148/1256 762/1147/1255 
f 763/1148/1258 764/1149/1259 765/1150/1260 
f 764/1149/1259 766/1151/1261 765/1150/1260 
f 765/1150/1260 766/1151/1261 623/1152/1262 
f 623/1152/1262 766/1151/1261 624/1153/1263 
f 767/1154/1264 768/1155/1265 769/1156/1266 
f 770/1157/1267 771/1158/1268 772/1159/1269 
f 773/1160/1270 772/1159/1269 771/1158/1268 
f 772/1159/1269 773/1160/1270 774/1161/1271 
f 775/1162/1272 772/1159/1269 774/1161/1271 
f 776/1163/1273 768/1155/1265 767/1154/1264 
f 772/1159/1269 775/1162/1272 777/1164/1274 
f 777/1164/1274 770/1157/1267 772/1159/1269 
f 768/1155/1265 776/1163/1273 778/1165/1275 
f 775/1162/1272 779/1166/1276 777/1164/1274 
f 767/1154/1264 770/1157/1267 780/1167/1277 
f 770/1157/1267 777/1164/1274 780/1167/1277 
f 780/1167/1277 776/1163/1273 767/1154/1264 
f 779/1166/1276 780/1167/1277 777/1164/1274 
f 781/1168/1278 779/1166/1276 775/1162/1272 
f 776/1163/1273 780/1167/1277 782/1169/1279 
f 780/1167/1277 779/1166/1276 782/1169/1279 
f 776/1163/1273 782/1169/1279 783/1170/1280 
f 783/1170/1280 778/1165/1275 776/1163/1273 
f 782/1169/1279 779/1166/1276 784/1171/1281 
f 782/1169/1279 784/1171/1281 783/1170/1280 
f 779/1166/1276 781/1168/1278 785/1172/1282 
f 779/1166/1276 785/1172/1282 784/1171/1281 
f 786/1173/1283 785/1172/1282 781/1168/1278 
f 786/1173/1283 787/1174/1284 785/1172/1282 
f 783/1170/1280 788/1175/1285 778/1165/1275 
f 784/1171/1281 788/1175/1285 783/1170/1280 
f 778/1165/1275 788/1175/1285 789/1176/1286 
f 789/1176/1286 788/1175/1285 790/1177/1287 
f 785/1172/1282 787/1174/1284 791/1178/1288 
f 785/1172/1282 791/1178/1288 784/1171/1281 
f 791/1178/1288 787/1174/1284 792/1179/1289 
f 787/1174/1284 793/1180/1290 792/1179/1289 
f 794/1181/1291 792/1179/1289 793/1180/1290 
f 792/1179/1289 794/1181/1291 795/1182/1292 
f 795/1182/1292 796/1183/1293 792/1179/1289 
f 784/1171/1281 791/1178/1288 797/1184/1294 
f 792/1179/1289 797/1184/1294 791/1178/1288 
f 788/1175/1285 784/1171/1281 797/1184/1294 
f 798/1185/1295 792/1179/1289 796/1183/1293 
f 797/1184/1294 792/1179/1289 798/1185/1295 
f 796/1183/1293 799/1186/1296 798/1185/1295 
f 788/1175/1285 797/1184/1294 800/1187/1297 
f 797/1184/1294 798/1185/1295 800/1187/1297 
f 800/1187/1297 798/1185/1295 799/1186/1296 
f 788/1175/1285 800/1187/1297 790/1177/1287 
f 799/1186/1296 790/1177/1287 800/1187/1297 
f 790/1177/1287 799/1186/1296 801/1188/1298 
f 658/1189/1299 802/1190/1300 803/1191/1301 
f 654/1192/1302 802/1190/1300 658/1189/1299 
f 658/1189/1303 803/1191/1301 665/1193/1304 
f 802/1190/1300 654/1192/1302 804/1194/1305 
f 802/1190/1300 805/1195/1306 803/1191/1301 
f 805/1195/1306 802/1190/1300 806/1196/1307 
f 804/1194/1305 806/1196/1307 802/1190/1300 
f 805/1195/1306 807/1197/1308 803/1191/1301 
f 808/1198/1309 806/1196/1307 804/1194/1305 
f 652/1199/1310 804/1194/1305 654/1192/1302 
f 809/1200/1311 808/1198/1309 804/1194/1305 
f 652/1199/1310 809/1200/1311 804/1194/1305 
f 808/1198/1309 809/1200/1311 810/1201/1312 
f 803/1191/1301 807/1197/1308 811/1202/1313 
f 811/1202/1313 665/1193/1304 803/1191/1301 
f 586/1203/1314 811/1202/1313 807/1197/1308 
f 665/1193/1315 811/1202/1313 666/1204/1316 
f 811/1202/1313 586/1203/1314 812/1205/1317 
f 812/1205/1317 666/1204/1316 811/1202/1313 
f 812/1205/1317 586/1203/1314 588/1206/1318 
f 666/1204/1319 812/1205/1317 668/1207/1320 
f 813/1208/1321 812/1205/1317 588/1206/1318 
f 813/1208/1321 668/1207/1320 812/1205/1317 
f 590/1209/1322 813/1208/1321 588/1206/1318 
f 668/1207/1323 813/1208/1321 670/1210/1324 
f 813/1208/1321 590/1209/1322 814/1211/1325 
f 814/1211/1325 670/1210/1324 813/1208/1321 
f 814/1211/1325 590/1209/1322 591/1212/1326 
f 670/1210/1327 814/1211/1325 672/1213/1328 
f 591/1212/1326 815/1214/1329 814/1211/1325 
f 815/1214/1329 672/1213/1328 814/1211/1325 
f 593/1215/1330 815/1214/1329 591/1212/1326 
f 672/1213/1331 815/1214/1329 675/1216/1332 
f 815/1214/1329 593/1215/1330 816/1217/1333 
f 816/1217/1333 675/1216/1332 815/1214/1329 
f 596/1218/1334 816/1217/1333 593/1215/1330 
f 676/1219/1335 675/1216/1336 816/1217/1333 
f 816/1217/1333 596/1218/1334 817/1220/1337 
f 817/1220/1337 676/1219/1335 816/1217/1333 
f 598/1221/1338 817/1220/1337 596/1218/1334 
f 676/1219/1339 817/1220/1337 678/1222/1340 
f 817/1220/1337 598/1221/1338 818/1223/1341 
f 818/1223/1341 678/1222/1340 817/1220/1337 
f 600/1224/1342 818/1223/1341 598/1221/1338 
f 818/1223/1341 681/1225/1343 678/1222/1344 
f 819/1226/1345 681/1225/1343 818/1223/1341 
f 818/1223/1341 600/1224/1342 819/1226/1345 
f 681/1225/1346 819/1226/1345 682/1227/1346 
f 819/1226/1345 684/1228/1347 682/1227/1348 
f 600/1224/1342 820/1229/1349 819/1226/1345 
f 684/1228/1347 819/1226/1345 820/1229/1349 
f 820/1229/1349 600/1224/1342 601/1230/1350 
f 684/1228/1351 820/1229/1349 686/1231/1352 
f 601/1230/1350 821/1232/1353 820/1229/1349 
f 820/1229/1349 821/1232/1353 686/1231/1352 
f 821/1232/1353 601/1230/1350 604/1233/1354 
f 822/1234/1355 686/1231/1352 821/1232/1353 
f 604/1233/1354 822/1234/1355 821/1232/1353 
f 822/1234/1355 604/1233/1354 605/1235/1356 
f 823/1236/1357 824/1237/1358 825/1238/1359 
f 823/1236/1357 625/1239/1360 621/1240/1361 
f 826/1241/1362 823/1236/1357 825/1238/1359 
f 625/1239/1360 823/1236/1357 826/1241/1362 
f 827/1242/1363 826/1241/1362 825/1238/1359 
f 826/1241/1362 628/1243/1364 625/1239/1365 
f 827/1242/1363 828/1244/1366 826/1241/1362 
f 826/1241/1362 828/1244/1366 628/1243/1364 
f 828/1244/1366 827/1242/1363 829/1245/1367 
f 828/1244/1366 629/1246/1368 628/1243/1369 
f 829/1245/1367 830/1247/1370 828/1244/1366 
f 629/1246/1368 828/1244/1366 830/1247/1370 
f 830/1247/1370 829/1245/1367 831/1248/1371 
f 831/1248/1371 832/1249/1372 830/1247/1370 
f 833/1250/1373 629/1246/1368 830/1247/1370 
f 830/1247/1370 832/1249/1372 833/1250/1373 
f 629/1246/1374 833/1250/1373 740/1251/1375 
f 834/1252/1376 833/1250/1373 832/1249/1372 
f 833/1250/1373 835/1253/1377 740/1251/1375 
f 833/1250/1373 834/1252/1376 835/1253/1377 
f 835/1253/1377 741/1254/1378 740/1251/1379 
f 836/1255/1380 835/1253/1377 834/1252/1376 
f 837/1256/1381 741/1254/1378 835/1253/1377 
f 835/1253/1377 836/1255/1380 837/1256/1381 
f 741/1254/1382 837/1256/1381 744/1257/1383 
f 838/1258/1384 837/1256/1381 836/1255/1380 
f 839/1259/1385 744/1257/1383 837/1256/1381 
f 837/1256/1381 838/1258/1384 839/1259/1385 
f 744/1257/1386 839/1259/1385 745/1260/1387 
f 839/1259/1385 838/1258/1384 840/1261/1388 
f 841/1262/1389 745/1260/1387 839/1259/1385 
f 841/1262/1389 839/1259/1385 840/1261/1388 
f 745/1260/1390 841/1262/1389 748/1263/1391 
f 635/1264/1392 841/1262/1389 840/1261/1388 
f 842/1265/1393 748/1263/1391 841/1262/1389 
f 841/1262/1389 635/1264/1392 842/1265/1393 
f 748/1263/1394 842/1265/1393 749/1266/1395 
f 635/1264/1392 641/1267/1396 842/1265/1393 
f 843/1268/1397 749/1266/1395 842/1265/1393 
f 842/1265/1393 641/1267/1396 843/1268/1397 
f 749/1266/1398 843/1268/1397 752/1269/1399 
f 645/1270/1400 843/1268/1397 641/1267/1396 
f 752/1269/1399 843/1268/1397 844/1271/1401 
f 843/1268/1397 645/1270/1400 844/1271/1401 
f 845/1272/1402 846/1273/1403 847/1274/1404 
f 845/1272/1402 847/1274/1404 848/1275/1405 
f 848/1275/1405 847/1274/1404 849/1276/1406 
f 850/1277/1407 848/1278/1405 849/1276/1406 
f 848/1275/1405 851/1279/1408 845/1272/1402 
f 846/1273/1403 845/1272/1402 852/1280/1409 
f 851/1279/1408 852/1280/1409 845/1272/1402 
f 846/1273/1403 852/1280/1409 853/1281/1410 
f 851/1279/1408 854/1282/1411 852/1280/1409 
f 854/1282/1411 851/1279/1408 855/1283/1412 
f 852/1280/1409 856/1284/1413 853/1281/1410 
f 854/1282/1411 856/1284/1413 852/1280/1409 
f 856/1284/1413 857/1285/1414 853/1281/1410 
f 856/1284/1413 854/1282/1411 858/1286/1415 
f 857/1285/1414 856/1284/1413 859/1287/1416 
f 858/1286/1415 859/1287/1416 856/1284/1413 
f 860/1288/1417 857/1285/1414 859/1287/1416 
f 859/1287/1416 858/1286/1415 861/1289/1418 
f 859/1287/1416 862/1290/1419 860/1288/1417 
f 861/1289/1418 862/1290/1419 859/1287/1416 
f 862/1290/1419 863/1291/1420 860/1288/1417 
f 862/1290/1419 861/1289/1418 864/1292/1421 
f 863/1291/1420 862/1290/1419 865/1293/1422 
f 862/1290/1419 864/1292/1421 865/1293/1422 
f 866/1294/1423 863/1291/1420 865/1293/1422 
f 865/1293/1422 864/1292/1421 867/1295/1424 
f 867/1295/1424 868/1296/1425 865/1293/1422 
f 866/1294/1423 865/1293/1422 868/1296/1425 
f 868/1296/1425 867/1295/1424 869/1297/1426 
f 870/1298/1427 866/1294/1423 868/1296/1425 
f 868/1296/1425 869/1297/1426 870/1298/1427 
f 866/1294/1423 870/1298/1427 871/1299/1428 
f 870/1298/1427 869/1297/1426 872/1300/1429 
f 873/1301/1430 871/1299/1428 870/1298/1427 
f 872/1300/1429 874/1302/1431 870/1298/1427 
f 873/1301/1430 870/1298/1427 874/1302/1431 
f 874/1302/1431 872/1300/1429 875/1303/1432 
f 874/1302/1431 876/1304/1433 873/1301/1430 
f 877/1305/1434 874/1302/1431 875/1303/1432 
f 876/1304/1433 874/1302/1431 877/1305/1434 
f 877/1305/1434 875/1303/1432 878/1306/1435 
f 879/1307/1436 876/1304/1433 877/1305/1434 
f 877/1305/1434 878/1306/1435 880/1308/1437 
f 879/1307/1436 877/1305/1434 881/1309/1438 
f 881/1309/1438 877/1305/1434 880/1308/1437 
f 881/1309/1438 787/1310/1439 879/1307/1436 
f 881/1309/1438 793/1311/1440 787/1310/1439 
f 793/1311/1440 881/1309/1438 880/1308/1437 
f 880/1308/1437 882/1312/1441 793/1311/1440 
f 882/1312/1441 880/1308/1437 883/1313/1442 
f 793/1311/1440 882/1312/1441 884/1314/1443 
f 884/1314/1443 794/1315/1444 793/1311/1444 
f 651/1316/1445 657/1317/1446 885/1318/1447 
f 885/1318/1447 657/1317/1446 886/1319/1448 
f 661/1320/1449 886/1319/1448 657/1317/1446 
f 887/1321/1450 651/1316/1445 885/1318/1447 
f 651/1316/1451 887/1321/1450 647/1322/1452 
f 886/1319/1448 758/1323/1453 885/1318/1447 
f 755/1324/1454 885/1318/1447 758/1323/1453 
f 755/1324/1454 887/1321/1450 885/1318/1447 
f 758/1323/1455 886/1319/1448 760/1325/1456 
f 753/1326/1457 887/1321/1450 755/1324/1454 
f 886/1319/1448 661/1320/1449 888/1327/1458 
f 760/1325/1456 886/1319/1448 888/1327/1458 
f 661/1320/1449 663/1328/1459 888/1327/1458 
f 760/1325/1460 888/1327/1458 762/1329/1461 
f 887/1321/1450 753/1326/1457 844/1271/1401 
f 844/1271/1401 647/1322/1452 887/1321/1450 
f 752/1269/1462 844/1271/1401 753/1326/1457 
f 645/1270/1400 647/1322/1463 844/1271/1401 
f 889/1330/1464 762/1329/1461 888/1327/1458 
f 888/1327/1458 663/1328/1459 889/1330/1464 
f 762/1329/1465 889/1330/1464 764/1331/1466 
f 663/1328/1459 890/1332/1467 889/1330/1464 
f 889/1330/1464 890/1332/1467 764/1331/1466 
f 764/1331/1466 890/1332/1467 891/1333/1468 
f 891/1333/1468 766/1334/1469 764/1331/1469 
f 891/1333/1468 624/1335/1470 766/1334/1471 
f 892/1336/1472 624/1335/1470 891/1333/1468 
f 624/1335/1470 892/1336/1472 893/1337/1473 
f 893/1337/1473 622/1338/1474 624/1335/1475 
f 646/1339/1476 893/1337/1473 892/1336/1472 
f 894/1340/1477 646/1339/1476 892/1336/1472 
f 622/1338/1474 893/1337/1473 895/1341/1478 
f 646/1339/1476 895/1341/1478 893/1337/1473 
f 894/1340/1477 652/1199/1479 646/1339/1476 
f 895/1341/1478 616/1342/1480 622/1338/1481 
f 896/1343/1482 652/1199/1479 894/1340/1477 
f 652/1199/1310 896/1343/1482 809/1200/1311 
f 646/1339/1476 642/1344/1483 895/1341/1478 
f 897/1345/1484 809/1200/1311 896/1343/1482 
f 809/1200/1311 897/1345/1484 810/1201/1312 
f 897/1345/1484 898/1346/1485 810/1201/1312 
f 897/1345/1484 899/1347/1486 898/1346/1485 
f 899/1347/1486 897/1345/1484 900/1348/1487 
f 899/1347/1486 900/1348/1487 901/1349/1488 
f 901/1349/1488 900/1348/1487 902/1350/1489 
f 902/1350/1489 900/1348/1487 903/1351/1490 
f 901/1349/1488 902/1350/1489 904/1352/1491 
f 642/1344/1483 905/1353/1492 895/1341/1478 
f 895/1341/1478 905/1353/1492 616/1342/1480 
f 905/1353/1492 642/1344/1483 640/1354/1493 
f 905/1353/1492 614/1355/1494 616/1342/1495 
f 640/1354/1493 906/1356/1496 905/1353/1492 
f 614/1355/1494 905/1353/1492 906/1356/1496 
f 640/1354/1493 634/1357/1497 906/1356/1496 
f 906/1356/1496 608/1358/1498 614/1355/1499 
f 634/1357/1497 907/1359/1500 906/1356/1496 
f 906/1356/1496 907/1359/1500 608/1358/1498 
f 907/1359/1500 634/1357/1497 633/1360/1501 
f 907/1359/1500 609/1361/1502 608/1358/1503 
f 633/1360/1501 908/1362/1504 907/1359/1500 
f 609/1361/1502 907/1359/1500 908/1362/1504 
f 633/1360/1501 909/1363/1505 908/1362/1504 
f 908/1362/1504 613/1364/1506 609/1361/1507 
f 909/1363/1505 910/1365/1508 908/1362/1504 
f 910/1365/1508 613/1364/1506 908/1362/1504 
f 910/1365/1508 909/1363/1505 911/1366/1509 
f 910/1365/1508 617/1367/1510 613/1364/1511 
f 912/1368/1512 910/1365/1508 911/1366/1509 
f 617/1367/1510 910/1365/1508 912/1368/1512 
f 911/1366/1509 824/1237/1358 912/1368/1512 
f 912/1368/1512 621/1240/1513 617/1367/1513 
f 824/1237/1358 823/1236/1357 912/1368/1512 
f 621/1240/1361 912/1368/1512 823/1236/1357 
f 913/1369/1514 914/1370/1515 915/1371/1516 
f 916/1372/1517 914/1370/1515 913/1369/1514 
f 915/1371/1516 917/1373/1518 913/1369/1514 
f 914/1370/1515 916/1372/1517 918/1374/1519 
f 914/1370/1515 706/1375/1520 915/1371/1516 
f 706/1375/1520 914/1370/1515 710/1376/1521 
f 918/1374/1519 710/1376/1521 914/1370/1515 
f 706/1375/1520 700/1377/1522 915/1371/1516 
f 712/1378/1523 710/1376/1524 918/1374/1519 
f 918/1374/1519 916/1372/1517 919/1379/1525 
f 920/1380/1526 712/1378/1523 918/1374/1519 
f 919/1379/1525 920/1380/1526 918/1374/1519 
f 712/1378/1527 920/1380/1526 716/1381/1528 
f 786/1382/1529 920/1380/1526 919/1379/1525 
f 781/1383/1530 716/1381/1528 920/1380/1526 
f 920/1380/1526 786/1382/1529 781/1383/1530 
f 775/1384/1531 716/1381/1528 781/1383/1530 
f 775/1384/1531 722/1385/1532 716/1381/1532 
f 919/1379/1525 879/1307/1436 786/1382/1529 
f 775/1384/1531 723/1386/1533 722/1385/1534 
f 786/1382/1535 879/1307/1436 787/1310/1439 
f 723/1386/1533 775/1384/1531 774/1387/1536 
f 723/1386/1533 774/1387/1536 921/1388/1537 
f 921/1388/1537 774/1387/1536 922/1389/1538 
f 774/1387/1536 773/1390/1539 922/1389/1538 
f 923/1391/1540 723/1386/1533 921/1388/1537 
f 923/1391/1540 921/1388/1537 922/1389/1538 
f 723/1386/1541 923/1391/1540 738/1392/1542 
f 923/1391/1540 922/1389/1538 924/1393/1543 
f 773/1390/1539 663/1328/1459 922/1389/1538 
f 925/1394/1544 738/1392/1542 923/1391/1540 
f 924/1393/1543 925/1394/1544 923/1391/1540 
f 890/1332/1467 663/1328/1459 773/1390/1539 
f 925/1394/1544 924/1393/1543 926/1395/1545 
f 738/1392/1546 925/1394/1544 737/1396/1547 
f 927/1397/1548 925/1394/1544 926/1395/1545 
f 928/1398/1549 737/1396/1547 925/1394/1544 
f 925/1394/1544 927/1397/1548 928/1398/1549 
f 737/1396/1550 928/1398/1549 735/1399/1550 
f 733/1400/1551 735/1399/1552 928/1398/1549 
f 927/1397/1548 929/1401/1553 928/1398/1549 
f 733/1400/1551 928/1398/1549 929/1401/1553 
f 929/1401/1553 927/1397/1548 930/1402/1554 
f 931/1403/1555 733/1400/1551 929/1401/1553 
f 930/1402/1554 931/1403/1555 929/1401/1553 
f 733/1400/1556 931/1403/1555 731/1404/1556 
f 931/1403/1555 930/1402/1554 932/1405/1557 
f 729/1406/1558 731/1404/1559 931/1403/1555 
f 932/1405/1557 933/1407/1560 931/1403/1555 
f 931/1403/1555 933/1407/1560 729/1406/1558 
f 933/1407/1560 932/1405/1557 934/1408/1561 
f 933/1407/1560 726/1409/1562 729/1406/1563 
f 934/1408/1561 935/1410/1564 933/1407/1560 
f 726/1409/1562 933/1407/1560 935/1410/1564 
f 935/1410/1564 934/1408/1561 936/1411/1565 
f 726/1409/1566 935/1410/1564 725/1412/1567 
f 936/1411/1565 937/1413/1568 935/1410/1564 
f 935/1410/1564 937/1413/1568 725/1412/1567 
f 937/1413/1568 936/1411/1565 938/1414/1569 
f 937/1413/1568 717/1415/1570 725/1412/1571 
f 938/1414/1569 939/1416/1572 937/1413/1568 
f 717/1415/1570 937/1413/1568 939/1416/1572 
f 940/1417/1573 719/1418/1574 715/1419/1575 
f 940/1417/1573 941/1420/1576 942/1421/1577 
f 940/1417/1573 715/1419/1575 943/1422/1578 
f 941/1420/1576 940/1417/1573 943/1422/1578 
f 711/1423/1579 943/1422/1578 715/1419/1575 
f 943/1422/1578 944/1424/1580 941/1420/1576 
f 711/1423/1579 945/1425/1581 943/1422/1578 
f 944/1424/1580 943/1422/1578 945/1425/1581 
f 945/1425/1581 711/1423/1579 707/1426/1582 
f 945/1425/1581 946/1427/1583 944/1424/1580 
f 947/1428/1584 945/1425/1581 707/1426/1582 
f 946/1427/1583 945/1425/1581 947/1428/1584 
f 707/1426/1582 703/1429/1585 947/1428/1584 
f 946/1427/1583 947/1428/1584 948/1430/1586 
f 703/1429/1585 949/1431/1587 947/1428/1584 
f 947/1428/1584 949/1431/1587 948/1430/1586 
f 949/1431/1587 703/1429/1585 699/1432/1588 
f 949/1431/1587 950/1433/1589 948/1430/1586 
f 699/1432/1588 951/1434/1590 949/1431/1587 
f 950/1433/1589 949/1431/1587 951/1434/1590 
f 951/1434/1590 699/1432/1588 695/1435/1591 
f 952/1436/1592 950/1433/1589 951/1434/1590 
f 695/1435/1591 953/1437/1593 951/1434/1590 
f 951/1434/1590 953/1437/1593 952/1436/1592 
f 953/1437/1593 695/1435/1591 691/1438/1594 
f 953/1437/1593 954/1439/1595 952/1436/1592 
f 953/1437/1593 691/1438/1594 955/1440/1596 
f 954/1439/1595 953/1437/1593 955/1440/1596 
f 955/1440/1596 691/1438/1594 688/1441/1597 
f 956/1442/1598 954/1439/1595 955/1440/1596 
f 688/1441/1597 957/1443/1599 955/1440/1596 
f 955/1440/1596 957/1443/1599 956/1442/1598 
f 957/1443/1599 688/1441/1597 692/1444/1600 
f 957/1443/1599 958/1445/1601 956/1442/1598 
f 959/1446/1602 957/1443/1599 692/1444/1600 
f 958/1445/1601 957/1443/1599 959/1446/1602 
f 653/1447/1603 960/1448/1604 655/1449/1605 
f 960/1448/1604 961/1450/1606 655/1449/1605 
f 961/1450/1606 659/1451/1607 655/1449/1607 
f 653/1447/1603 962/1452/1608 960/1448/1604 
f 757/1453/1609 961/1450/1606 960/1448/1604 
f 960/1448/1604 756/1454/1610 757/1453/1609 
f 756/1454/1610 960/1448/1604 962/1452/1608 
f 961/1450/1606 757/1453/1609 759/1455/1611 
f 962/1452/1608 754/1456/1612 756/1454/1613 
f 962/1452/1608 653/1447/1603 649/1457/1614 
f 754/1456/1612 962/1452/1608 963/1458/1615 
f 963/1458/1615 962/1452/1608 649/1457/1614 
f 963/1458/1615 751/1459/1616 754/1456/1617 
f 643/1460/1618 963/1458/1615 649/1457/1614 
f 751/1459/1616 963/1458/1615 964/1461/1619 
f 643/1460/1618 964/1461/1619 963/1458/1615 
f 964/1461/1619 750/1462/1620 751/1459/1621 
f 964/1461/1619 643/1460/1618 639/1463/1622 
f 750/1462/1620 964/1461/1619 965/1464/1623 
f 965/1464/1623 964/1461/1619 639/1463/1622 
f 965/1464/1623 747/1465/1624 750/1462/1625 
f 965/1464/1623 639/1463/1622 637/1466/1626 
f 747/1465/1624 965/1464/1623 966/1467/1627 
f 637/1466/1626 966/1467/1627 965/1464/1623 
f 966/1467/1627 746/1468/1628 747/1465/1629 
f 966/1467/1627 637/1466/1626 636/1469/1630 
f 746/1468/1628 966/1467/1627 967/1470/1631 
f 966/1467/1627 636/1469/1630 967/1470/1631 
f 746/1468/1632 967/1470/1631 743/1471/1633 
f 967/1470/1631 636/1469/1630 968/1472/1634 
f 967/1470/1631 969/1473/1635 743/1471/1633 
f 968/1472/1634 969/1473/1635 967/1470/1631 
f 938/1414/1569 970/1474/1636 939/1416/1572 
f 971/1475/1637 939/1416/1572 970/1474/1636 
f 972/1476/1638 717/1415/1570 939/1416/1572 
f 939/1416/1572 971/1475/1637 972/1476/1638 
f 717/1415/1639 972/1476/1638 713/1477/1640 
f 973/1478/1641 972/1476/1638 971/1475/1637 
f 974/1479/1642 713/1477/1640 972/1476/1638 
f 972/1476/1638 973/1478/1641 974/1479/1642 
f 974/1479/1642 709/1480/1643 713/1477/1644 
f 974/1479/1642 973/1478/1641 975/1481/1645 
f 976/1482/1646 709/1480/1643 974/1479/1642 
f 975/1481/1645 976/1482/1646 974/1479/1642 
f 709/1480/1647 976/1482/1646 705/1483/1648 
f 977/1484/1649 976/1482/1646 975/1481/1645 
f 978/1485/1650 705/1483/1648 976/1482/1646 
f 976/1482/1646 977/1484/1649 978/1485/1650 
f 705/1483/1651 978/1485/1650 701/1486/1652 
f 977/1484/1649 979/1487/1653 978/1485/1650 
f 980/1488/1654 701/1486/1652 978/1485/1650 
f 978/1485/1650 979/1487/1653 980/1488/1654 
f 701/1486/1655 980/1488/1654 697/1489/1656 
f 981/1490/1657 980/1488/1654 979/1487/1653 
f 697/1489/1656 980/1488/1654 982/1491/1658 
f 980/1488/1654 981/1490/1657 982/1491/1658 
f 982/1491/1658 693/1492/1659 697/1489/1660 
f 983/1493/1661 982/1491/1658 981/1490/1657 
f 984/1494/1662 693/1492/1659 982/1491/1658 
f 982/1491/1658 983/1493/1661 984/1494/1662 
f 693/1492/1663 984/1494/1662 689/1495/1664 
f 985/1496/1665 984/1494/1662 983/1493/1661 
f 984/1494/1662 986/1497/1666 689/1495/1664 
f 984/1494/1662 985/1496/1665 986/1497/1666 
f 986/1497/1666 690/1498/1667 689/1495/1668 
f 987/1499/1669 986/1497/1666 985/1496/1665 
f 988/1500/1670 690/1498/1667 986/1497/1666 
f 986/1497/1666 987/1499/1669 988/1500/1670 
f 690/1498/1671 988/1500/1670 694/1501/1672 
f 989/1502/1673 988/1500/1670 987/1499/1669 
f 988/1500/1670 990/1503/1674 694/1501/1672 
f 988/1500/1670 989/1502/1673 990/1503/1674 
f 696/1504/1675 694/1501/1676 990/1503/1674 
f 991/1505/1677 990/1503/1674 989/1502/1673 
f 992/1506/1678 696/1504/1675 990/1503/1674 
f 991/1505/1677 992/1506/1678 990/1503/1674 
f 696/1504/1679 992/1506/1678 700/1377/1679 
f 917/1373/1518 992/1506/1678 991/1505/1677 
f 915/1371/1516 700/1377/1522 992/1506/1678 
f 992/1506/1678 917/1373/1518 915/1371/1516 
f 698/1507/1680 959/1446/1602 692/1444/1600 
f 993/1508/1681 958/1445/1601 959/1446/1602 
f 698/1507/1680 994/1509/1682 959/1446/1602 
f 993/1508/1681 959/1446/1602 994/1509/1682 
f 994/1509/1682 698/1507/1680 702/1510/1683 
f 994/1509/1682 995/1511/1684 993/1508/1681 
f 996/1512/1685 994/1509/1682 702/1510/1683 
f 995/1511/1684 994/1509/1682 996/1512/1685 
f 704/1513/1686 996/1512/1685 702/1510/1683 
f 996/1512/1685 997/1514/1687 995/1511/1684 
f 704/1513/1686 998/1515/1688 996/1512/1685 
f 997/1514/1687 996/1512/1685 998/1515/1688 
f 998/1515/1688 704/1513/1686 708/1516/1689 
f 998/1515/1688 999/1517/1690 997/1514/1687 
f 1000/1518/1691 998/1515/1688 708/1516/1689 
f 999/1517/1690 998/1515/1688 1000/1518/1691 
f 714/1519/1692 1000/1518/1691 708/1516/1689 
f 1000/1518/1691 1001/1520/1693 999/1517/1690 
f 714/1519/1692 1002/1521/1694 1000/1518/1691 
f 1001/1520/1693 1000/1518/1691 1002/1521/1694 
f 1002/1521/1694 714/1519/1692 718/1522/1695 
f 1002/1521/1694 778/1523/1696 1001/1520/1693 
f 778/1523/1696 1002/1521/1694 768/1524/1697 
f 1003/1525/1698 1001/1520/1693 778/1523/1696 
f 789/1526/1699 1003/1525/1698 778/1523/1696 
f 1003/1525/1698 789/1526/1699 1004/1527/1700 
f 790/1528/1701 1004/1527/1700 789/1526/1699 
f 1005/1529/1702 1003/1525/1698 1004/1527/1700 
f 801/1530/1703 1006/1531/1704 790/1528/1704 
f 790/1528/1704 1006/1531/1704 1007/1532/1705 
f 1003/1525/1698 1005/1529/1702 1008/1533/1706 
f 1004/1527/1700 790/1528/1701 1009/1534/1707 
f 1009/1534/1707 790/1528/1701 1007/1532/1705 
f 1009/1534/1707 1005/1529/1702 1004/1527/1700 
f 1009/1534/1707 1007/1532/1705 1010/1535/1708 
f 1005/1529/1702 1009/1534/1707 1011/1536/1709 
f 1011/1536/1709 1012/1537/1710 1005/1529/1702 
f 1013/1538/1711 1008/1533/1706 1005/1529/1702 
f 1013/1538/1711 1005/1529/1702 1012/1537/1710 
f 1008/1533/1706 1013/1538/1711 1014/1539/1712 
f 1013/1538/1711 1015/1540/1713 1014/1539/1712 
f 1012/1537/1710 1016/1541/1714 1013/1538/1711 
f 1015/1540/1713 1013/1538/1711 1016/1541/1714 
f 1016/1541/1714 1012/1537/1710 1017/1542/1715 
f 1018/1543/1716 1015/1540/1713 1016/1541/1714 
f 1017/1542/1715 1018/1543/1716 1016/1541/1714 
f 1018/1543/1716 1017/1542/1715 1019/1544/1717 
f 1015/1540/1713 1018/1543/1716 1020/1545/1718 
f 1021/1546/1719 1018/1543/1716 1019/1544/1717 
f 1022/1547/1720 1020/1545/1718 1018/1543/1716 
f 1018/1543/1716 1021/1546/1719 1022/1547/1720 
f 1020/1545/1718 1022/1547/1720 1023/1548/1721 
f 1022/1547/1720 1021/1546/1719 1024/1549/1722 
f 1025/1550/1723 1023/1548/1721 1022/1547/1720 
f 1025/1550/1723 1022/1547/1720 1024/1549/1722 
f 1023/1548/1721 1025/1550/1723 1026/1551/1724 
f 1027/1552/1725 1025/1550/1723 1024/1549/1722 
f 1028/1553/1726 1026/1551/1724 1025/1550/1723 
f 1025/1550/1723 1027/1552/1725 1028/1553/1726 
f 1026/1551/1724 1028/1553/1726 1029/1554/1727 
f 1028/1553/1726 1027/1552/1725 1030/1555/1728 
f 1031/1556/1729 1029/1554/1727 1028/1553/1726 
f 1031/1556/1729 1028/1553/1726 1030/1555/1728 
f 1029/1554/1727 1031/1556/1729 1032/1557/1730 
f 1033/1558/1731 1031/1556/1729 1030/1555/1728 
f 1034/1559/1732 1032/1557/1730 1031/1556/1729 
f 1031/1556/1729 1033/1558/1731 1034/1559/1732 
f 1035/1560/1733 1032/1557/1730 1034/1559/1732 
f 1033/1558/1731 1036/1561/1734 1034/1559/1732 
f 1036/1561/1734 1035/1560/1733 1034/1559/1732 
f 1036/1561/1734 1033/1558/1731 1037/1562/1735 
f 1037/1562/1735 1038/1563/1736 1036/1561/1734 
f 1035/1560/1733 1036/1561/1734 1039/1564/1737 
f 1039/1564/1737 1036/1561/1734 1038/1565/1736 
f 1038/1565/1736 1040/1566/1738 1039/1564/1737 
f 1038/1565/1736 1041/1567/1739 1040/1566/1738 
f 969/1473/1635 742/1568/1740 743/1471/1741 
f 969/1473/1635 968/1472/1634 1042/1569/1742 
f 742/1568/1740 969/1473/1635 1043/1570/1743 
f 1042/1569/1742 1043/1570/1743 969/1473/1635 
f 1043/1570/1743 631/1571/1744 742/1568/1745 
f 1042/1569/1742 1044/1572/1746 1043/1570/1743 
f 1044/1572/1746 1045/1573/1747 1043/1570/1743 
f 631/1571/1744 1043/1570/1743 1045/1573/1747 
f 1045/1573/1747 1044/1572/1746 1046/1574/1748 
f 1047/1575/1749 631/1571/1744 1045/1573/1747 
f 1047/1575/1749 1045/1573/1747 1046/1574/1748 
f 1048/1576/1750 1047/1575/1749 1046/1574/1748 
f 631/1571/1751 1047/1575/1749 630/1577/1752 
f 1047/1575/1749 1048/1576/1750 1049/1578/1753 
f 1050/1579/1754 630/1577/1752 1047/1575/1749 
f 1050/1579/1754 1047/1575/1749 1049/1578/1753 
f 630/1577/1755 1050/1579/1754 627/1580/1756 
f 1051/1581/1757 1050/1579/1754 1049/1578/1753 
f 1052/1582/1758 627/1580/1756 1050/1579/1754 
f 1050/1579/1754 1051/1581/1757 1052/1582/1758 
f 627/1580/1759 1052/1582/1758 626/1583/1760 
f 1051/1581/1757 1053/1584/1761 1052/1582/1758 
f 1054/1585/1762 626/1583/1760 1052/1582/1758 
f 1052/1582/1758 1053/1584/1761 1054/1585/1762 
f 626/1583/1763 1054/1585/1762 619/1586/1764 
f 1055/1587/1765 1054/1585/1762 1053/1584/1761 
f 1054/1585/1762 1056/1588/1766 619/1586/1764 
f 1054/1585/1762 1055/1587/1765 1056/1588/1766 
f 1056/1588/1766 615/1589/1767 619/1586/1768 
f 1057/1590/1769 1056/1588/1766 1055/1587/1765 
f 1058/1591/1770 615/1589/1767 1056/1588/1766 
f 1056/1588/1766 1057/1590/1769 1058/1591/1770 
f 615/1589/1771 1058/1591/1770 611/1592/1772 
f 1059/1593/1773 1058/1591/1770 1057/1590/1769 
f 1058/1591/1770 1060/1594/1774 611/1592/1772 
f 1058/1591/1770 1059/1593/1773 1060/1594/1774 
f 1060/1594/1774 607/1595/1775 611/1592/1776 
f 1061/1596/1777 1060/1594/1774 1059/1593/1773 
f 1062/1597/1778 607/1595/1775 1060/1594/1774 
f 1060/1594/1774 1061/1596/1777 1062/1597/1778 
f 607/1595/1779 1062/1597/1778 610/1598/1780 
f 632/1599/1781 1062/1597/1778 1061/1596/1777 
f 1062/1597/1778 1063/1600/1782 610/1598/1780 
f 1062/1597/1778 632/1599/1781 1063/1600/1782 
f 612/1601/1783 610/1598/1784 1063/1600/1782 
f 638/1602/1785 1063/1600/1782 632/1599/1781 
f 1064/1603/1786 612/1601/1783 1063/1600/1782 
f 1063/1600/1782 638/1602/1785 1064/1603/1786 
f 612/1601/1787 1064/1603/1786 618/1604/1788 
f 644/1605/1789 1064/1603/1786 638/1602/1785 
f 1064/1603/1786 1065/1606/1790 618/1604/1788 
f 1064/1603/1786 644/1605/1789 1065/1606/1790 
f 620/1607/1791 618/1604/1792 1065/1606/1790 
f 644/1605/1789 1066/1608/1793 1065/1606/1790 
f 1066/1608/1793 620/1607/1791 1065/1606/1790 
f 1066/1608/1793 644/1605/1789 648/1609/1794 
f 620/1607/1795 1066/1608/1793 623/1610/1796 
f 648/1609/1794 1067/1611/1797 1066/1608/1793 
f 1067/1611/1797 623/1610/1796 1066/1608/1793 
f 1067/1611/1797 648/1609/1794 1068/1612/1798 
f 648/1609/1794 650/1613/1799 1068/1612/1798 
f 623/1610/1796 1067/1611/1797 1069/1614/1800 
f 1069/1614/1800 765/1615/1801 623/1610/1801 
f 650/1613/1799 1070/1616/1802 1068/1612/1798 
f 1069/1614/1800 763/1617/1803 765/1615/1804 
f 1070/1616/1802 650/1613/1799 1071/1618/1805 
f 650/1613/1799 1072/1619/1806 1071/1618/1805 
f 1073/1620/1807 1071/1618/1805 1072/1619/1806 
f 1071/1618/1805 1073/1620/1807 1074/1621/1808 
f 1071/1618/1805 1075/1622/1809 1070/1616/1802 
f 1075/1622/1809 1071/1618/1805 1074/1621/1808 
f 1075/1622/1809 1074/1621/1808 1076/1623/1810 
f 1075/1622/1809 1076/1623/1810 1077/1624/1811 
f 1075/1622/1809 1077/1624/1811 1078/1625/1812 
f 1079/1626/1813 1078/1625/1812 1077/1624/1811 
f 1078/1625/1812 1079/1626/1813 1080/1627/1814 
f 1081/1628/1815 1080/1627/1814 1079/1626/1813 
f 1069/1614/1800 1082/1629/1816 763/1617/1803 
f 1082/1629/1816 1069/1614/1800 1083/1630/1817 
f 1082/1629/1816 761/1631/1818 763/1617/1819 
f 1083/1630/1817 662/1632/1820 1082/1629/1816 
f 761/1631/1818 1082/1629/1816 1084/1633/1821 
f 1084/1633/1821 1082/1629/1816 662/1632/1820 
f 1084/1633/1821 759/1455/1822 761/1631/1822 
f 662/1632/1820 659/1451/1823 1084/1633/1821 
f 759/1455/1611 1084/1633/1821 961/1450/1606 
f 659/1451/1823 961/1450/1606 1084/1633/1821 
f 1085/1634/1824 1086/1635/1825 662/1632/1820 
f 1086/1635/1825 1085/1634/1824 1087/1636/1826 
f 662/1632/1820 1083/1630/1817 1085/1634/1824 
f 1087/1636/1826 1088/1637/1827 1086/1635/1825 
f 1088/1637/1827 1089/1638/1828 1086/1635/1825 
f 1088/1637/1827 1087/1636/1826 724/1639/1829 
f 769/1640/1830 724/1639/1829 1087/1636/1826 
f 769/1640/1830 720/1641/1831 724/1639/1829 
f 769/1640/1830 718/1522/1832 720/1641/1833 
f 739/1642/1834 1088/1637/1827 724/1639/1829 
f 768/1524/1835 718/1522/1832 769/1640/1830 
f 1089/1638/1828 1088/1637/1827 1090/1643/1836 
f 1088/1637/1827 739/1642/1834 1090/1643/1836 
f 1090/1643/1836 1091/1644/1837 1089/1638/1828 
f 739/1642/1834 1092/1645/1838 1090/1643/1836 
f 1091/1644/1837 1090/1643/1836 1092/1645/1838 
f 1092/1645/1838 739/1642/1834 736/1646/1839 
f 1092/1645/1838 1093/1647/1840 1091/1644/1837 
f 718/1522/1695 768/1524/1835 1002/1521/1694 
f 736/1646/1839 1094/1648/1841 1092/1645/1838 
f 1093/1647/1840 1092/1645/1838 1094/1648/1841 
f 736/1646/1839 734/1649/1842 1094/1648/1841 
f 1095/1650/1843 1093/1647/1840 1094/1648/1841 
f 734/1649/1842 1095/1650/1843 1094/1648/1841 
f 1095/1650/1843 734/1649/1842 732/1651/1844 
f 1093/1647/1840 1095/1650/1843 1096/1652/1845 
f 730/1653/1846 1095/1650/1843 732/1651/1844 
f 1095/1650/1843 1097/1654/1847 1096/1652/1845 
f 1095/1650/1843 730/1653/1846 1097/1654/1847 
f 1097/1654/1847 1098/1655/1848 1096/1652/1845 
f 728/1656/1849 1097/1654/1847 730/1653/1846 
f 1099/1657/1850 1098/1655/1848 1097/1654/1847 
f 1097/1654/1847 728/1656/1849 1099/1657/1850 
f 1098/1655/1848 1099/1657/1850 1100/1658/1851 
f 727/1659/1852 1099/1657/1850 728/1656/1849 
f 1099/1657/1850 1101/1660/1853 1100/1658/1851 
f 1099/1657/1850 727/1659/1852 1101/1660/1853 
f 1101/1660/1853 1102/1661/1854 1100/1658/1851 
f 721/1662/1855 1101/1660/1853 727/1659/1852 
f 1103/1663/1856 1102/1661/1854 1101/1660/1853 
f 1101/1660/1853 721/1662/1855 1103/1663/1856 
f 1102/1661/1854 1103/1663/1856 1104/1664/1857 
f 719/1418/1858 1103/1663/1856 721/1662/1855 
f 1103/1663/1856 1105/1665/1859 1104/1664/1857 
f 1105/1665/1859 1103/1663/1856 1106/1666/1860 
f 1103/1663/1856 719/1418/1858 1106/1666/1860 
f 942/1421/1577 1105/1665/1859 1106/1666/1860 
f 719/1418/1858 940/1417/1573 1106/1666/1860 
f 942/1421/1577 1106/1666/1860 940/1417/1573 
f 1107/1667/1861 660/1668/1862 664/1669/1863 
f 660/1668/1862 1107/1667/1861 1108/1670/1864 
f 1108/1670/1864 656/1671/1865 660/1668/1866 
f 664/1669/1863 1109/1672/1867 1107/1667/1861 
f 1110/1673/1868 1108/1670/1864 1107/1667/1861 
f 1107/1667/1861 1111/1674/1869 1110/1673/1868 
f 1107/1667/1861 1109/1672/1867 1111/1674/1869 
f 1108/1670/1864 1110/1673/1868 1112/1675/1870 
f 1109/1672/1867 664/1669/1863 667/1676/1871 
f 1109/1672/1867 1113/1677/1872 1111/1674/1869 
f 667/1676/1871 1114/1678/1873 1109/1672/1867 
f 1113/1677/1872 1109/1672/1867 1114/1678/1873 
f 667/1676/1871 669/1679/1874 1114/1678/1873 
f 1114/1678/1873 587/1680/1875 1113/1677/1872 
f 1072/1619/1806 1108/1670/1864 1112/1675/1870 
f 656/1671/1865 1108/1670/1864 1072/1619/1806 
f 1072/1619/1806 1112/1675/1870 1073/1620/1807 
f 1072/1619/1806 650/1613/1799 656/1671/1876 
f 1115/1681/1877 587/1680/1875 1114/1678/1873 
f 669/1679/1874 1115/1681/1877 1114/1678/1873 
f 1115/1681/1877 589/1682/1878 587/1680/1875 
f 1115/1681/1877 669/1679/1874 671/1683/1879 
f 589/1682/1878 1115/1681/1877 1116/1684/1880 
f 1116/1684/1880 1115/1681/1877 671/1683/1879 
f 1116/1684/1880 592/1685/1881 589/1682/1882 
f 671/1683/1879 673/1686/1883 1116/1684/1880 
f 1117/1687/1884 592/1685/1881 1116/1684/1880 
f 673/1686/1883 1117/1687/1884 1116/1684/1880 
f 1117/1687/1884 594/1688/1885 592/1685/1886 
f 1117/1687/1884 673/1686/1883 674/1689/1887 
f 594/1688/1885 1117/1687/1884 1118/1690/1888 
f 1118/1690/1888 1117/1687/1884 674/1689/1887 
f 1118/1690/1888 595/1691/1889 594/1688/1890 
f 677/1692/1891 1118/1690/1888 674/1689/1887 
f 595/1691/1889 1118/1690/1888 1119/1693/1892 
f 677/1692/1891 1119/1693/1892 1118/1690/1888 
f 1119/1693/1892 597/1694/1893 595/1691/1894 
f 1119/1693/1892 677/1692/1891 679/1695/1895 
f 679/1695/1895 1120/1696/1896 1119/1693/1892 
f 597/1694/1893 1119/1693/1892 1120/1696/1896 
f 1120/1696/1896 679/1695/1895 680/1697/1897 
f 1121/1698/1898 597/1694/1893 1120/1696/1896 
f 680/1697/1897 1121/1698/1898 1120/1696/1896 
f 1121/1698/1898 680/1697/1897 683/1699/1899 
f 597/1694/1900 1121/1698/1898 599/1700/1901 
f 685/1701/1902 1121/1698/1898 683/1699/1899 
f 599/1700/1901 1121/1698/1898 1122/1702/1903 
f 1121/1698/1898 685/1701/1902 1122/1702/1903 
f 687/1703/1904 1122/1702/1903 685/1701/1902 
f 599/1700/1905 1122/1702/1903 602/1704/1906 
f 1122/1702/1903 687/1703/1904 1123/1705/1907 
f 1123/1705/1907 602/1704/1906 1122/1702/1903 
f 602/1704/1908 1123/1705/1907 603/1706/1909 
f 603/1706/1909 1123/1705/1907 1124/1707/1910 
f 687/1703/1904 1124/1707/1910 1123/1705/1907 
f 1124/1707/1910 606/1708/1911 603/1706/1911 
f 894/1709/1912 1125/1710/1913 896/1711/1914 
f 1125/1710/1913 897/1712/1915 896/1711/1916 
f 897/1712/1915 1125/1710/1913 1126/1713/1917 
f 1126/1713/1917 900/1714/1918 897/1712/1919 
f 900/1714/1918 1126/1713/1917 1127/1715/1920 
f 1127/1715/1920 903/1716/1921 900/1714/1922 
f 903/1716/1921 1127/1715/1920 1128/1717/1923 
f 1127/1715/1920 1129/1718/1924 1128/1717/1923 
f 1127/1715/1920 1130/1719/1925 1129/1718/1924 
f 1126/1713/1917 1130/1719/1925 1127/1715/1920 
f 1130/1719/1925 1131/1720/1926 1129/1718/1924 
f 1125/1710/1913 1132/1721/1927 1126/1713/1917 
f 1130/1719/1925 1126/1713/1917 1132/1721/1927 
f 1130/1719/1925 1133/1722/1928 1131/1720/1926 
f 1132/1721/1927 1133/1722/1928 1130/1719/1925 
f 1133/1722/1928 1080/1723/1929 1131/1720/1926 
f 1133/1722/1928 1078/1724/1930 1080/1723/1929 
f 1134/1725/1931 1078/1724/1930 1133/1722/1928 
f 1133/1722/1928 1132/1721/1927 1134/1725/1931 
f 1078/1724/1932 1134/1725/1931 1075/1726/1933 
f 1132/1721/1927 1125/1710/1913 1135/1727/1934 
f 1135/1727/1934 1134/1725/1931 1132/1721/1927 
f 1136/1728/1935 1075/1726/1933 1134/1725/1931 
f 1134/1725/1931 1135/1727/1934 1136/1728/1935 
f 1075/1726/1936 1136/1728/1935 1070/1729/1936 
f 1136/1728/1935 1068/1730/1937 1070/1729/1938 
f 1135/1727/1934 1137/1731/1939 1136/1728/1935 
f 1068/1730/1937 1136/1728/1935 1137/1731/1939 
f 1138/1732/1940 1135/1727/1934 1125/1710/1913 
f 1139/1733/1941 1068/1730/1937 1137/1731/1939 
f 1125/1710/1913 894/1709/1912 1138/1732/1940 
f 1068/1730/1942 1139/1733/1941 1067/1734/1943 
f 1137/1731/1939 1135/1727/1934 1140/1735/1944 
f 1135/1727/1934 1138/1732/1940 1140/1735/1944 
f 1140/1735/1944 1139/1733/1941 1137/1731/1939 
f 894/1709/1912 1141/1736/1945 1138/1732/1940 
f 1141/1736/1945 894/1709/1912 892/1737/1946 
f 1138/1732/1940 1142/1738/1947 1140/1735/1944 
f 1142/1738/1947 1138/1732/1940 1141/1736/1945 
f 1139/1733/1941 1140/1735/1944 1142/1738/1947 
f 892/1737/1946 1143/1739/1948 1141/1736/1945 
f 1143/1739/1948 1142/1738/1947 1141/1736/1945 
f 1143/1739/1948 892/1737/1946 891/1740/1949 
f 1144/1741/1950 1139/1733/1941 1142/1738/1947 
f 1142/1738/1947 1143/1739/1948 1144/1741/1950 
f 891/1740/1949 1145/1742/1951 1143/1739/1948 
f 1145/1742/1951 1144/1741/1950 1143/1739/1948 
f 890/1743/1952 1145/1742/1951 891/1740/1949 
f 773/1160/1953 1145/1742/1951 890/1743/1952 
f 1139/1733/1941 1144/1741/1950 1146/1744/1954 
f 1146/1744/1954 1067/1734/1943 1139/1733/1941 
f 1067/1734/1955 1146/1744/1954 1069/1745/1956 
f 1147/1746/1957 1146/1744/1954 1144/1741/1950 
f 1144/1741/1950 1145/1742/1951 1147/1746/1957 
f 1148/1747/1958 1069/1745/1956 1146/1744/1954 
f 1146/1744/1954 1147/1746/1957 1148/1747/1958 
f 1069/1745/1959 1148/1747/1958 1083/1748/1959 
f 1148/1747/1958 1085/1749/1960 1083/1748/1961 
f 1145/1742/1951 773/1160/1953 771/1158/1268 
f 771/1158/1268 1147/1746/1957 1145/1742/1951 
f 1149/1750/1962 1148/1747/1958 1147/1746/1957 
f 1147/1746/1957 771/1158/1268 1149/1750/1962 
f 1150/1751/1963 1085/1749/1960 1148/1747/1958 
f 1148/1747/1958 1149/1750/1962 1150/1751/1963 
f 1151/1752/1964 1085/1749/1960 1150/1751/1963 
f 1085/1749/1965 1151/1752/1964 1087/1753/1965 
f 1151/1752/1964 769/1156/1966 1087/1753/1966 
f 770/1157/1267 1150/1751/1963 1149/1750/1962 
f 1150/1751/1963 770/1157/1267 1151/1752/1964 
f 771/1158/1268 770/1157/1267 1149/1750/1962 
f 767/1154/1264 769/1156/1266 1151/1752/1964 
f 770/1157/1267 767/1154/1264 1151/1752/1964 
f 977/1754/1967 946/1755/1967 948/1756/1968 
f 975/1757/1969 946/1755/1967 977/1754/1967 
f 977/1754/1970 948/1756/1968 979/1758/1971 
f 946/1755/1972 975/1757/1969 944/1759/1973 
f 950/1760/1974 979/1758/1971 948/1756/1968 
f 973/1761/1975 944/1759/1973 975/1757/1969 
f 979/1758/1976 950/1760/1974 981/1762/1977 
f 944/1759/1978 973/1761/1975 941/1763/1978 
f 952/1764/1979 981/1762/1977 950/1760/1974 
f 941/1763/1980 973/1761/1975 942/1765/1981 
f 981/1762/1982 952/1764/1979 983/1766/1982 
f 942/1765/1981 973/1761/1975 971/1767/1983 
f 983/1766/1984 952/1764/1979 985/1768/1985 
f 942/1765/1986 971/1767/1983 1105/1769/1987 
f 985/1768/1985 952/1764/1979 954/1770/1988 
f 1105/1769/1987 971/1767/1983 970/1771/1989 
f 954/1770/1988 987/1772/1990 985/1768/1991 
f 1105/1769/1992 970/1771/1989 1104/1773/1993 
f 987/1772/1990 954/1770/1988 956/1774/1994 
f 1104/1773/1993 970/1771/1989 938/1775/1995 
f 958/1776/1996 987/1772/1990 956/1774/1994 
f 938/1775/1995 1102/1777/1997 1104/1773/1998 
f 987/1772/1999 958/1776/1996 989/1778/1999 
f 1102/1777/1997 938/1775/1995 936/1779/2000 
f 989/1778/2001 958/1776/1996 991/1780/2002 
f 1102/1777/2003 936/1779/2000 1100/1781/2004 
f 991/1780/2002 958/1776/1996 993/1782/2005 
f 934/1783/2006 1100/1781/2004 936/1779/2000 
f 995/1784/2007 991/1780/2002 993/1782/2005 
f 1100/1781/2008 934/1783/2006 1098/1785/2009 
f 991/1780/2010 995/1784/2007 917/1786/2011 
f 932/1787/2012 1098/1785/2009 934/1783/2006 
f 997/1788/2013 917/1786/2011 995/1784/2007 
f 1098/1785/2014 932/1787/2012 1096/1789/2015 
f 917/1786/2016 997/1788/2013 913/1790/2016 
f 930/1791/2017 1096/1789/2015 932/1787/2012 
f 913/1790/2018 997/1788/2013 916/1792/2019 
f 927/1793/2020 1096/1789/2015 930/1791/2017 
f 916/1792/2019 997/1788/2013 999/1794/2021 
f 1096/1789/2022 927/1793/2020 1093/1795/2022 
f 1001/1796/2023 916/1792/2019 999/1794/2021 
f 1093/1795/2024 927/1793/2020 1091/1797/2025 
f 916/1792/2026 1001/1796/2023 919/1798/2026 
f 926/1799/2027 1091/1797/2025 927/1793/2020 
f 1003/1800/2028 919/1798/2029 1001/1796/2029 
f 1091/1797/2030 926/1799/2027 1089/1801/2031 
f 919/1798/2032 1003/1800/2028 879/1802/2032 
f 924/1803/2033 1089/1801/2031 926/1799/2027 
f 1003/1800/2034 876/1804/2035 879/1802/2036 
f 1089/1801/2037 924/1803/2033 1086/1805/2038 
f 1008/1806/2039 876/1804/2035 1003/1800/2034 
f 922/1807/2040 1086/1805/2038 924/1803/2033 
f 663/1808/2041 1086/1805/2042 922/1807/2042 
f 1086/1805/2043 663/1808/2041 662/1809/2043 
f 876/1804/2035 1008/1806/2039 1014/1810/2044 
f 1014/1810/2044 873/1811/2045 876/1804/2046 
f 1015/1812/2047 873/1811/2045 1014/1810/2044 
f 873/1811/2048 1015/1812/2047 871/1813/2049 
f 1020/1814/2050 871/1813/2049 1015/1812/2047 
f 871/1813/2051 1020/1814/2050 866/1815/2051 
f 1020/1814/2050 863/1816/2052 866/1815/2053 
f 1023/1817/2054 863/1816/2052 1020/1814/2050 
f 863/1816/2052 1023/1817/2054 1026/1818/2055 
f 1026/1818/2055 860/1819/2056 863/1816/2057 
f 1029/1820/2058 860/1819/2056 1026/1818/2055 
f 860/1819/2059 1029/1820/2058 857/1821/2060 
f 1032/1822/2061 857/1821/2060 1029/1820/2058 
f 857/1821/2062 1032/1822/2061 853/1823/2063 
f 1035/1824/2064 853/1823/2063 1032/1822/2061 
f 853/1823/2065 1035/1824/2064 846/1825/2065 
f 1035/1824/2064 847/1826/2066 846/1825/2067 
f 847/1826/2066 1035/1824/2064 1039/1827/2068 
f 1040/1828/2069 847/1826/2066 1039/1827/2068 
f 847/1826/2070 1040/1828/2069 849/1829/2070 
f 1040/1828/2069 850/1830/2071 849/1829/2072 
f 850/1830/2071 1040/1828/2069 1041/1831/2073 
f 854/1832/2074 1033/1833/2075 858/1834/2076 
f 1033/1833/2077 854/1832/2078 1037/1835/2078 
f 855/1836/2079 1037/1835/2078 854/1832/2078 
f 858/1834/2076 1033/1833/2075 1030/1837/2080 
f 1027/1838/2081 858/1834/2076 1030/1837/2080 
f 858/1834/2082 1027/1838/2081 861/1839/2083 
f 1024/1840/2084 861/1839/2083 1027/1838/2081 
f 861/1839/2085 1024/1840/2084 864/1841/2086 
f 1021/1842/2087 864/1841/2086 1024/1840/2084 
f 864/1841/2088 1021/1842/2087 867/1843/2089 
f 1019/1844/2090 867/1843/2089 1021/1842/2087 
f 867/1843/2091 1019/1844/2090 869/1845/2091 
f 869/1845/2092 1019/1844/2090 872/1846/2093 
f 872/1846/2093 1019/1844/2090 1017/1847/2094 
f 1012/1848/2095 872/1846/2093 1017/1847/2094 
f 872/1846/2096 1012/1848/2095 875/1849/2097 
f 1011/1850/2098 875/1849/2097 1012/1848/2095 
f 875/1849/2099 1011/1850/2098 878/1851/2099 
f 1011/1850/2098 880/1852/2100 878/1851/2101 
f 880/1852/2100 1011/1850/2098 1009/1853/2102 
f 880/1852/2103 1009/1853/2103 1010/1854/2104 
f 880/1852/2105 1010/1854/2104 883/1855/2105 
f 848/1856/2106 1041/1857/2106 1038/1858/2106 
f 1041/1857/2106 848/1856/2106 850/1859/2106 
f 848/1856/2106 1038/1858/2106 851/1860/2106 
f 851/1860/2106 1038/1858/2106 1037/1861/2106 
f 1037/1861/2106 855/1862/2106 851/1860/2106 
f 796/1863/2106 1006/1864/2106 799/1865/2106 
f 799/1865/2106 1006/1864/2106 801/1866/2106 
f 1006/1864/2106 796/1863/2106 1007/1867/2106 
f 796/1863/2106 1010/1868/2106 1007/1867/2106 
f 796/1863/2106 883/1869/2106 1010/1868/2106 
f 883/1869/2106 796/1863/2106 882/1870/2106 
f 795/1871/2106 882/1870/2106 796/1863/2106 
f 882/1870/2106 795/1871/2106 884/1872/2106 
f 795/1871/2106 794/1873/2106 884/1872/2106 
f 904/1874/2106 1129/1875/2106 1081/1876/2106 
f 902/1877/2106 1129/1875/2106 904/1874/2106 
f 1081/1876/2106 1129/1875/2106 1131/1878/2106 
f 1081/1876/2106 1131/1878/2106 1080/1879/2106 
f 1129/1875/2106 902/1877/2106 1128/1880/2106 
f 903/1881/2106 1128/1880/2106 902/1877/2106 
f 822/1882/2106 1124/1883/2106 686/1884/2106 
f 686/1884/2106 1124/1883/2106 687/1885/2106 
f 1124/1883/2106 822/1882/2106 605/1886/2106 
f 605/1886/2106 606/1887/2106 1124/1883/2106 
f 898/1888/2107 1076/1889/2108 810/1890/2108 
f 1074/1891/2109 810/1890/2108 1076/1889/2108 
f 1076/1889/2110 898/1888/2107 1077/1892/2111 
f 1073/1893/2112 810/1890/2113 1074/1891/2113 
f 899/1894/2114 1077/1892/2111 898/1888/2107 
f 810/1890/2115 1073/1893/2112 808/1895/2115 
f 899/1894/2114 1079/1896/2116 1077/1892/2117 
f 1073/1893/2112 806/1897/2118 808/1895/2119 
f 1079/1896/2116 899/1894/2114 901/1898/2120 
f 1079/1896/2121 901/1898/2120 1081/1899/2121 
f 904/1900/2122 1081/1899/2122 901/1898/2120 
f 806/1897/2118 1073/1893/2112 1112/1901/2123 
f 1110/1902/2124 806/1897/2118 1112/1901/2123 
f 806/1897/2125 1110/1902/2124 805/1903/2125 
f 1110/1902/2124 807/1904/2126 805/1903/2127 
f 807/1904/2126 1110/1902/2124 1111/1905/2128 
f 807/1904/2129 1111/1905/2128 586/969/2130 
f 586/969/2130 1111/1905/2128 1113/1906/2131 
f 587/970/2132 586/969/1072 1113/1906/2131 
f 1049/1907/2133 829/1908/2134 1051/1909/2135 
f 1048/1910/2136 829/1908/2134 1049/1907/2133 
f 829/1908/2134 827/1911/2137 1051/1909/2135 
f 829/1908/2138 1048/1910/2136 831/1912/2138 
f 1051/1909/2139 827/1911/2137 1053/1913/2140 
f 1048/1910/2136 832/1914/2141 831/1912/2142 
f 827/1911/2137 825/1915/2143 1053/1913/2140 
f 832/1914/2141 1048/1910/2136 1046/1916/2144 
f 825/1915/2143 824/1917/2145 1053/1913/2140 
f 1046/1916/2144 834/1918/2146 832/1914/2147 
f 1053/1913/2148 824/1917/2145 1055/1919/2149 
f 1046/1916/2144 1044/1920/2150 834/1918/2146 
f 911/1921/2151 1055/1919/2149 824/1917/2145 
f 1044/1920/2150 836/1922/2152 834/1918/2153 
f 1055/1919/2154 911/1921/2151 1057/1923/2155 
f 836/1922/2152 1044/1920/2150 1042/1924/2156 
f 909/1925/2157 1057/1923/2155 911/1921/2151 
f 1042/1924/2156 838/1926/2158 836/1922/2159 
f 1057/1923/2160 909/1925/2157 1059/1927/2161 
f 968/1928/2162 838/1926/2158 1042/1924/2156 
f 633/1016/2163 1059/1927/2161 909/1925/2157 
f 968/1928/2162 840/1929/2164 838/1926/2165 
f 1059/1927/2166 633/1016/2163 1061/1930/2166 
f 840/1929/2164 968/1928/2162 636/1019/2167 
f 633/1016/2163 632/1015/1118 1061/1930/2168 
f 636/1019/2167 635/1018/1121 840/1929/2169 
# 2292 faces

