# 3ds Max Wavefront OBJ Exporter v0.99 - (c)2007 guruware
# File Created: 21.03.2025 21:40:58

mtllib LlantaDIz.mtl

#
# object LlantaDD
#

v  -0.2129 -0.0200 0.9005
v  -0.2062 0.0349 0.4109
v  -0.2129 -0.0200 0.4109
v  -0.2052 -0.0750 0.9005
v  -0.2062 0.0349 0.9005
v  -0.2129 -0.0200 1.3902
v  -0.2052 -0.0750 0.4109
v  -0.1842 -0.1268 0.9005
v  -0.2062 0.0349 1.3902
v  -0.2129 -0.0200 1.8802
v  -0.2052 -0.0750 1.3902
v  -0.1842 -0.1268 1.3902
v  -0.2052 -0.0750 1.8802
v  -0.1842 -0.1268 0.4109
v  -0.1513 -0.1709 0.4109
v  -0.1513 -0.1709 0.9005
v  -0.1513 -0.1709 1.3902
v  -0.1842 -0.1268 1.8802
v  -0.1513 -0.1709 2.3698
v  -0.1842 -0.1268 2.3698
v  -0.1513 -0.1709 1.8802
v  -0.2052 -0.0750 2.3698
v  -0.2129 -0.0200 2.3698
v  -0.2062 0.0349 2.3698
v  -0.2062 0.0349 1.8802
v  -0.1068 -0.2041 0.9005
v  -0.1068 -0.2041 0.4109
v  -0.0554 -0.2248 0.9005
v  -0.1068 -0.2041 1.3902
v  -0.0554 -0.2248 0.4109
v  -0.0001 -0.2325 0.9005
v  -0.1068 -0.2041 1.8802
v  -0.0554 -0.2248 1.3902
v  -0.0001 -0.2325 1.3902
v  -0.0554 -0.2248 1.8802
v  -0.0001 -0.2325 0.4109
v  0.0545 -0.2262 0.4109
v  0.0545 -0.2262 0.9005
v  0.0545 -0.2262 1.3902
v  -0.0001 -0.2325 1.8802
v  0.0545 -0.2262 2.3698
v  -0.0001 -0.2325 2.3698
v  0.0545 -0.2262 1.8802
v  -0.0554 -0.2248 2.3698
v  -0.1068 -0.2041 2.3698
v  0.1053 -0.2041 0.9005
v  0.1053 -0.2041 0.4109
v  0.1494 -0.1702 0.9005
v  0.1053 -0.2041 1.3902
v  0.1494 -0.1702 0.4109
v  0.1837 -0.1261 0.9005
v  0.1053 -0.2041 1.8802
v  0.1494 -0.1702 1.3902
v  0.1837 -0.1261 1.3902
v  0.1494 -0.1702 1.8802
v  0.1837 -0.1261 0.4109
v  0.2054 -0.0753 0.4109
v  0.2054 -0.0753 0.9005
v  0.2054 -0.0753 1.3902
v  0.1837 -0.1261 1.8802
v  0.2054 -0.0753 2.3698
v  0.1837 -0.1261 2.3698
v  0.2054 -0.0753 1.8802
v  0.1494 -0.1702 2.3698
v  0.1053 -0.2041 2.3698
v  0.2117 -0.0207 0.9005
v  0.2117 -0.0207 0.4109
v  0.2040 0.0346 0.9005
v  0.2117 -0.0207 1.3902
v  0.2040 0.0346 0.4109
v  0.1833 0.0860 0.9005
v  0.2117 -0.0207 1.8802
v  0.2040 0.0346 1.3902
v  0.1833 0.0860 1.3902
v  0.2040 0.0346 1.8802
v  0.1833 0.0860 0.4109
v  0.1501 0.1305 0.4109
v  0.1501 0.1305 0.9005
v  0.1501 0.1305 1.3902
v  0.1833 0.0860 1.8802
v  0.1501 0.1305 2.3698
v  0.1833 0.0860 2.3698
v  0.1501 0.1305 1.8802
v  0.2040 0.0346 2.3698
v  0.2117 -0.0207 2.3698
v  0.1060 0.1634 0.9005
v  0.1060 0.1634 0.4109
v  0.0542 0.1844 0.9005
v  0.1060 0.1634 1.3902
v  0.0542 0.1844 0.4109
v  -0.0008 0.1921 0.9005
v  0.1060 0.1634 1.8802
v  0.0542 0.1844 1.3902
v  -0.0008 0.1921 1.3902
v  0.0542 0.1844 1.8802
v  -0.0008 0.1921 0.4109
v  -0.0557 0.1854 0.4109
v  -0.0557 0.1854 0.9005
v  -0.0557 0.1854 1.3902
v  -0.0008 0.1921 1.8802
v  -0.0557 0.1854 2.3698
v  -0.0008 0.1921 2.3698
v  -0.0557 0.1854 1.8802
v  0.0542 0.1844 2.3698
v  0.1060 0.1634 2.3698
v  -0.1065 0.1637 0.9005
v  -0.1065 0.1637 0.4109
v  -0.1502 0.1294 0.9005
v  -0.1065 0.1637 1.3902
v  -0.1502 0.1294 0.4109
v  -0.1845 0.0857 0.9005
v  -0.1065 0.1637 1.8802
v  -0.1502 0.1294 1.3902
v  -0.1845 0.0857 1.3902
v  -0.1502 0.1294 1.8802
v  -0.1845 0.0857 0.4109
v  -0.1845 0.0857 1.8802
v  -0.1845 0.0857 2.3698
v  -0.1502 0.1294 2.3698
v  -0.1065 0.1637 2.3698
v  -1.3787 -0.1971 0.1834
v  -1.3437 -0.3746 0.0122
v  -1.3437 -0.3746 0.1834
v  -1.3787 -0.1971 0.3808
v  -1.3787 -0.1971 0.0122
v  -1.3903 -0.0165 0.1834
v  -1.3437 -0.3746 0.3808
v  -1.3787 -0.1971 0.5782
v  -1.3903 -0.0165 0.0122
v  -1.3787 0.1641 0.1834
v  -1.3903 -0.0165 0.3808
v  -1.3903 -0.0165 0.5782
v  -1.3787 0.1641 0.3808
v  -1.3437 -0.3746 0.5782
v  -1.3437 -0.3746 0.7493
v  -1.3787 -0.1971 0.7493
v  -1.3903 -0.0165 0.7493
v  -1.3787 0.1641 0.5782
v  -1.3437 0.3415 0.7493
v  -1.3437 0.3415 0.5782
v  -1.3787 0.1641 0.7493
v  -1.3437 0.3415 0.3808
v  -1.3437 0.3415 0.1834
v  -1.3437 0.3415 0.0122
v  -1.3787 0.1641 0.0122
v  -1.1047 -0.8583 0.1834
v  -0.9857 -0.9944 0.0122
v  -0.9857 -0.9944 0.1834
v  -1.1047 -0.8583 0.3808
v  -1.1047 -0.8583 0.0122
v  -1.2051 -0.7078 0.1834
v  -0.9857 -0.9944 0.3808
v  -1.1047 -0.8583 0.5782
v  -1.2051 -0.7078 0.0122
v  -1.2853 -0.5457 0.1834
v  -1.2051 -0.7078 0.3808
v  -1.2051 -0.7078 0.5782
v  -1.2853 -0.5457 0.3808
v  -0.9857 -0.9944 0.5782
v  -0.9857 -0.9944 0.7493
v  -1.1047 -0.8583 0.7493
v  -1.2051 -0.7078 0.7493
v  -1.2853 -0.5457 0.5782
v  -1.2853 -0.5457 0.7493
v  -1.2853 -0.5457 0.0122
v  -0.5366 -1.2940 0.1834
v  -0.3655 -1.3525 0.0122
v  -0.3655 -1.3525 0.1834
v  -0.5366 -1.2940 0.3808
v  -0.5366 -1.2940 0.0122
v  -0.6990 -1.2139 0.1834
v  -0.3655 -1.3525 0.3808
v  -0.5366 -1.2940 0.5782
v  -0.6990 -1.2139 0.0122
v  -0.8495 -1.1134 0.1834
v  -0.6990 -1.2139 0.3808
v  -0.6990 -1.2139 0.5782
v  -0.8495 -1.1134 0.3808
v  -0.3655 -1.3525 0.5782
v  -0.3655 -1.3525 0.7493
v  -0.5366 -1.2940 0.7493
v  -0.6990 -1.2139 0.7493
v  -0.8495 -1.1134 0.5782
v  -0.8495 -1.1134 0.7493
v  -0.8495 -1.1134 0.0122
v  0.1728 -1.3875 0.1834
v  0.3503 -1.3525 0.0122
v  0.3503 -1.3525 0.1834
v  0.1728 -1.3875 0.3808
v  0.1728 -1.3875 0.0122
v  -0.0078 -1.3990 0.1834
v  0.3503 -1.3525 0.3808
v  0.1728 -1.3875 0.5782
v  -0.0078 -1.3990 0.0122
v  -0.1880 -1.3875 0.1834
v  -0.0078 -1.3990 0.3808
v  -0.0078 -1.3990 0.5782
v  -0.1880 -1.3875 0.3808
v  0.3503 -1.3525 0.5782
v  0.3503 -1.3525 0.7493
v  0.1728 -1.3875 0.7493
v  -0.0078 -1.3990 0.7493
v  -0.1880 -1.3875 0.5782
v  -0.1880 -1.3875 0.7493
v  -0.1880 -1.3875 0.0122
v  0.8343 -1.1134 0.1834
v  0.9705 -0.9944 0.0122
v  0.9705 -0.9944 0.1834
v  0.8343 -1.1134 0.3808
v  0.8343 -1.1134 0.0122
v  0.6838 -1.2139 0.1834
v  0.9705 -0.9944 0.3808
v  0.8343 -1.1134 0.5782
v  0.6838 -1.2139 0.0122
v  0.5214 -1.2940 0.1834
v  0.6838 -1.2139 0.3808
v  0.6838 -1.2139 0.5782
v  0.5214 -1.2940 0.3808
v  0.9705 -0.9944 0.5782
v  0.9705 -0.9944 0.7493
v  0.8343 -1.1134 0.7493
v  0.6838 -1.2139 0.7493
v  0.5214 -1.2940 0.5782
v  0.5214 -1.2940 0.7493
v  0.5214 -1.2940 0.0122
v  1.2701 -0.5457 0.1834
v  1.3282 -0.3746 0.0122
v  1.3282 -0.3746 0.1834
v  1.2701 -0.5457 0.3808
v  1.2701 -0.5457 0.0122
v  1.1896 -0.7078 0.1834
v  1.3282 -0.3746 0.3808
v  1.2701 -0.5457 0.5782
v  1.1896 -0.7078 0.0122
v  1.0895 -0.8583 0.1834
v  1.1896 -0.7078 0.3808
v  1.1896 -0.7078 0.5782
v  1.0895 -0.8583 0.3808
v  1.3282 -0.3746 0.5782
v  1.3282 -0.3746 0.7493
v  1.2701 -0.5457 0.7493
v  1.1896 -0.7078 0.7493
v  1.0895 -0.8583 0.5782
v  1.0895 -0.8583 0.7493
v  1.0895 -0.8583 0.0122
v  1.3632 0.1641 0.1834
v  1.3282 0.3415 0.0122
v  1.3282 0.3415 0.1834
v  1.3632 0.1641 0.3808
v  1.3632 0.1641 0.0122
v  1.3751 -0.0165 0.1834
v  1.3282 0.3415 0.3808
v  1.3632 0.1641 0.5782
v  1.3751 -0.0165 0.0122
v  1.3632 -0.1971 0.1834
v  1.3751 -0.0165 0.3808
v  1.3751 -0.0165 0.5782
v  1.3632 -0.1971 0.3808
v  1.3282 0.3415 0.5782
v  1.3282 0.3415 0.7493
v  1.3632 0.1641 0.7493
v  1.3751 -0.0165 0.7493
v  1.3632 -0.1971 0.5782
v  1.3632 -0.1971 0.7493
v  1.3632 -0.1971 0.0122
v  1.0895 0.8252 0.1834
v  0.9705 0.9614 0.0122
v  0.9705 0.9614 0.1834
v  1.0895 0.8252 0.3808
v  1.0895 0.8252 0.0122
v  1.1896 0.6747 0.1834
v  0.9705 0.9614 0.3808
v  1.0895 0.8252 0.5782
v  1.1896 0.6747 0.0122
v  1.2701 0.5127 0.1834
v  1.1896 0.6747 0.3808
v  1.1896 0.6747 0.5782
v  1.2701 0.5127 0.3808
v  0.9705 0.9614 0.5782
v  0.9705 0.9614 0.7493
v  1.0895 0.8252 0.7493
v  1.1896 0.6747 0.7493
v  1.2701 0.5127 0.5782
v  1.2701 0.5127 0.7493
v  1.2701 0.5127 0.0122
v  0.5214 1.2610 0.1834
v  0.3503 1.3194 0.0122
v  0.3503 1.3194 0.1834
v  0.5214 1.2610 0.3808
v  0.5214 1.2610 0.0122
v  0.6838 1.1808 0.1834
v  0.3503 1.3194 0.3808
v  0.5214 1.2610 0.5782
v  0.6838 1.1808 0.0122
v  0.8343 1.0804 0.1834
v  0.6838 1.1808 0.3808
v  0.6838 1.1808 0.5782
v  0.8343 1.0804 0.3808
v  0.3503 1.3194 0.5782
v  0.3503 1.3194 0.7493
v  0.5214 1.2610 0.7493
v  0.6838 1.1808 0.7493
v  0.8343 1.0804 0.5782
v  0.8343 1.0804 0.7493
v  0.8343 1.0804 0.0122
v  -0.1880 1.3544 0.1834
v  -0.3655 1.3194 0.0122
v  -0.3655 1.3194 0.1834
v  -0.1880 1.3544 0.3808
v  -0.1880 1.3544 0.0122
v  -0.0078 1.3660 0.1834
v  -0.3655 1.3194 0.3808
v  -0.1880 1.3544 0.5782
v  -0.0078 1.3660 0.0122
v  0.1728 1.3544 0.1834
v  -0.0078 1.3660 0.3808
v  -0.0078 1.3660 0.5782
v  0.1728 1.3544 0.3808
v  -0.3655 1.3194 0.5782
v  -0.3655 1.3194 0.7493
v  -0.1880 1.3544 0.7493
v  -0.0078 1.3660 0.7493
v  0.1728 1.3544 0.5782
v  0.1728 1.3544 0.7493
v  0.1728 1.3544 0.0122
v  -0.8495 1.0804 0.1834
v  -0.9857 0.9614 0.0122
v  -0.9857 0.9614 0.1834
v  -0.8495 1.0804 0.3808
v  -0.8495 1.0804 0.0122
v  -0.6990 1.1808 0.1834
v  -0.9857 0.9614 0.3808
v  -0.8495 1.0804 0.5782
v  -0.6990 1.1808 0.0122
v  -0.5366 1.2610 0.1834
v  -0.6990 1.1808 0.3808
v  -0.6990 1.1808 0.5782
v  -0.5366 1.2610 0.3808
v  -0.9857 0.9614 0.5782
v  -0.9857 0.9614 0.7493
v  -0.8495 1.0804 0.7493
v  -0.6990 1.1808 0.7493
v  -0.5366 1.2610 0.5782
v  -0.5366 1.2610 0.7493
v  -0.5366 1.2610 0.0122
v  -1.2853 0.5127 0.1834
v  -1.2853 0.5127 0.3808
v  -1.2853 0.5127 0.0122
v  -1.2051 0.6747 0.1834
v  -1.2853 0.5127 0.5782
v  -1.2051 0.6747 0.0122
v  -1.1047 0.8252 0.1834
v  -1.2051 0.6747 0.3808
v  -1.2051 0.6747 0.5782
v  -1.1047 0.8252 0.3808
v  -1.2853 0.5127 0.7493
v  -1.2051 0.6747 0.7493
v  -1.1047 0.8252 0.5782
v  -1.1047 0.8252 0.7493
v  -1.1047 0.8252 0.0122
v  -1.2279 -0.1772 -0.2688
v  -1.2702 -0.3550 -0.2538
v  -1.3035 -0.1870 -0.2538
v  -1.2384 -0.0165 -0.2688
v  -1.1967 -0.3350 -0.2688
v  -1.1302 -0.1642 -0.2762
v  -1.3143 -0.0165 -0.2538
v  -1.2279 0.1441 -0.2688
v  -1.1015 -0.3095 -0.2762
v  -1.0172 -0.1495 -0.2786
v  -1.1397 -0.0165 -0.2762
v  -1.1302 0.1312 -0.2762
v  -1.0259 -0.0165 -0.2786
v  -1.3035 0.1543 -0.2538
v  -1.2702 0.3219 -0.2538
v  -1.1967 0.3020 -0.2688
v  -1.1015 0.2764 -0.2762
v  -1.0172 0.1165 -0.2786
v  -0.8740 0.2155 -0.2786
v  -0.8968 0.1007 -0.2786
v  -0.9916 0.2470 -0.2786
v  -0.9045 -0.0165 -0.2786
v  -0.8968 -0.1334 -0.2786
v  -0.8740 -0.2486 -0.2786
v  -0.9916 -0.2801 -0.2786
v  -1.1449 0.4546 -0.2688
v  -1.2149 0.4836 -0.2538
v  -1.0735 0.5988 -0.2688
v  -1.0536 0.4168 -0.2762
v  -1.1393 0.6369 -0.2538
v  -0.9843 0.7328 -0.2688
v  -0.9486 0.3730 -0.2786
v  -0.9881 0.5494 -0.2762
v  -0.9059 0.6726 -0.2762
v  -0.8894 0.4927 -0.2786
v  -1.0445 0.7790 -0.2538
v  -0.9318 0.9078 -0.2538
v  -0.8782 0.8539 -0.2688
v  -0.8082 0.7843 -0.2762
v  -0.8156 0.6033 -0.2786
v  -0.6420 0.6177 -0.2786
v  -0.7190 0.5295 -0.2786
v  -0.7277 0.7038 -0.2786
v  -0.7841 0.4318 -0.2786
v  -0.8362 0.3268 -0.2786
v  -0.7571 0.9600 -0.2688
v  -0.8033 1.0202 -0.2538
v  -0.6231 1.0492 -0.2688
v  -0.6969 0.8816 -0.2762
v  -0.6609 1.1150 -0.2538
v  -0.4785 1.1206 -0.2688
v  -0.6276 0.7913 -0.2786
v  -0.5737 0.9638 -0.2762
v  -0.4407 1.0296 -0.2762
v  -0.5167 0.8651 -0.2786
v  -0.5076 1.1910 -0.2538
v  -0.3459 1.2459 -0.2538
v  -0.3263 1.1728 -0.2688
v  -0.3007 1.0772 -0.2762
v  -0.3973 0.9243 -0.2786
v  -0.2398 0.8501 -0.2786
v  -0.3508 0.8119 -0.2786
v  -0.2713 0.9673 -0.2786
v  -0.4561 0.7601 -0.2786
v  -0.5538 0.6950 -0.2786
v  -0.1684 1.2039 -0.2688
v  -0.1782 1.2792 -0.2538
v  -0.0078 1.2144 -0.2688
v  -0.1555 1.1059 -0.2762
v  -0.0078 1.2904 -0.2538
v  0.1532 1.2039 -0.2688
v  -0.1404 0.9932 -0.2786
v  -0.0078 1.1157 -0.2762
v  0.1403 1.1059 -0.2762
v  -0.0078 1.0016 -0.2786
v  0.1630 1.2792 -0.2538
v  0.3307 1.2459 -0.2538
v  0.3111 1.1728 -0.2688
v  0.2855 1.0772 -0.2762
v  0.1252 0.9932 -0.2786
v  0.2246 0.8501 -0.2786
v  0.1095 0.8728 -0.2786
v  0.2561 0.9673 -0.2786
v  -0.0078 0.8802 -0.2786
v  -0.1247 0.8728 -0.2786
v  0.4633 1.1206 -0.2688
v  0.4924 1.1910 -0.2538
v  0.6079 1.0492 -0.2688
v  0.4255 1.0296 -0.2762
v  0.6457 1.1150 -0.2538
v  0.7416 0.9600 -0.2688
v  0.3821 0.9243 -0.2786
v  0.5585 0.9638 -0.2762
v  0.6817 0.8816 -0.2762
v  0.5015 0.8651 -0.2786
v  0.7881 1.0202 -0.2538
v  0.9166 0.9078 -0.2538
v  0.8630 0.8539 -0.2688
v  0.7930 0.7843 -0.2762
v  0.6124 0.7913 -0.2786
v  0.6268 0.6177 -0.2786
v  0.5382 0.6950 -0.2786
v  0.7125 0.7038 -0.2786
v  0.4406 0.7601 -0.2786
v  0.3356 0.8119 -0.2786
v  0.9687 0.7328 -0.2688
v  1.0293 0.7790 -0.2538
v  1.0583 0.5988 -0.2688
v  0.8907 0.6726 -0.2762
v  1.1241 0.6369 -0.2538
v  1.1297 0.4546 -0.2688
v  0.8004 0.6033 -0.2786
v  0.9729 0.5494 -0.2762
v  1.0384 0.4168 -0.2762
v  0.8742 0.4927 -0.2786
v  1.1997 0.4836 -0.2538
v  1.2550 0.3219 -0.2538
v  1.1815 0.3020 -0.2688
v  1.0863 0.2764 -0.2762
v  0.9330 0.3730 -0.2786
v  0.8588 0.2155 -0.2786
v  0.8210 0.3268 -0.2786
v  0.9761 0.2470 -0.2786
v  0.7689 0.4318 -0.2786
v  0.7038 0.5295 -0.2786
v  1.2127 0.1441 -0.2688
v  1.2879 0.1543 -0.2538
v  1.2232 -0.0165 -0.2688
v  1.1150 0.1312 -0.2762
v  1.2991 -0.0165 -0.2538
v  1.2127 -0.1772 -0.2688
v  1.0020 0.1165 -0.2786
v  1.1245 -0.0165 -0.2762
v  1.1150 -0.1642 -0.2762
v  1.0107 -0.0165 -0.2786
v  1.2879 -0.1870 -0.2538
v  1.2550 -0.3550 -0.2538
v  1.1815 -0.3350 -0.2688
v  1.0863 -0.3095 -0.2762
v  1.0020 -0.1495 -0.2786
v  0.8588 -0.2486 -0.2786
v  0.8816 -0.1334 -0.2786
v  0.9761 -0.2801 -0.2786
v  0.8889 -0.0165 -0.2786
v  0.8816 0.1007 -0.2786
v  1.1297 -0.4876 -0.2688
v  1.1997 -0.5167 -0.2538
v  1.0583 -0.6318 -0.2688
v  1.0384 -0.4498 -0.2762
v  1.1241 -0.6700 -0.2538
v  0.9687 -0.7659 -0.2688
v  0.9330 -0.4061 -0.2786
v  0.9729 -0.5825 -0.2762
v  0.8907 -0.7057 -0.2762
v  0.8742 -0.5258 -0.2786
v  1.0293 -0.8121 -0.2538
v  0.9166 -0.9409 -0.2538
v  0.8630 -0.8870 -0.2688
v  0.7930 -0.8173 -0.2762
v  0.8004 -0.6364 -0.2786
v  0.6268 -0.6507 -0.2786
v  0.7038 -0.5625 -0.2786
v  0.7125 -0.7368 -0.2786
v  0.7689 -0.4649 -0.2786
v  0.8210 -0.3595 -0.2786
v  0.7416 -0.9930 -0.2688
v  0.7881 -1.0532 -0.2538
v  0.6079 -1.0823 -0.2688
v  0.6817 -0.9146 -0.2762
v  0.6457 -1.1481 -0.2538
v  0.4633 -1.1537 -0.2688
v  0.6124 -0.8243 -0.2786
v  0.5585 -0.9969 -0.2762
v  0.4255 -1.0627 -0.2762
v  0.5015 -0.8982 -0.2786
v  0.4924 -1.2240 -0.2538
v  0.3307 -1.2790 -0.2538
v  0.3111 -1.2058 -0.2688
v  0.2855 -1.1103 -0.2762
v  0.3821 -0.9573 -0.2786
v  0.2246 -0.8828 -0.2786
v  0.3356 -0.8450 -0.2786
v  0.2561 -1.0004 -0.2786
v  0.4406 -0.7932 -0.2786
v  0.5382 -0.7281 -0.2786
v  0.1532 -1.2370 -0.2688
v  0.1630 -1.3122 -0.2538
v  -0.0078 -1.2471 -0.2688
v  0.1403 -1.1390 -0.2762
v  -0.0078 -1.3231 -0.2538
v  -0.1684 -1.2370 -0.2688
v  0.1252 -1.0263 -0.2786
v  -0.0078 -1.1484 -0.2762
v  -0.1555 -1.1390 -0.2762
v  -0.0078 -1.0347 -0.2786
v  -0.1782 -1.3122 -0.2538
v  -0.3459 -1.2790 -0.2538
v  -0.3263 -1.2058 -0.2688
v  -0.3007 -1.1103 -0.2762
v  -0.1404 -1.0263 -0.2786
v  -0.2398 -0.8828 -0.2786
v  -0.1247 -0.9055 -0.2786
v  -0.2713 -1.0004 -0.2786
v  -0.0078 -0.9132 -0.2786
v  0.1095 -0.9055 -0.2786
v  -0.4785 -1.1537 -0.2688
v  -0.5076 -1.2240 -0.2538
v  -0.6231 -1.0823 -0.2688
v  -0.4407 -1.0627 -0.2762
v  -0.6609 -1.1481 -0.2538
v  -0.7571 -0.9930 -0.2688
v  -0.3973 -0.9573 -0.2786
v  -0.5737 -0.9969 -0.2762
v  -0.6969 -0.9146 -0.2762
v  -0.5167 -0.8982 -0.2786
v  -0.8033 -1.0532 -0.2538
v  -0.9318 -0.9409 -0.2538
v  -0.8782 -0.8870 -0.2688
v  -0.8082 -0.8173 -0.2762
v  -0.6276 -0.8243 -0.2786
v  -0.6420 -0.6507 -0.2786
v  -0.5538 -0.7281 -0.2786
v  -0.7277 -0.7368 -0.2786
v  -0.4561 -0.7932 -0.2786
v  -0.3508 -0.8450 -0.2786
v  -0.9843 -0.7659 -0.2688
v  -1.0445 -0.8121 -0.2538
v  -1.0735 -0.6318 -0.2688
v  -0.9059 -0.7057 -0.2762
v  -1.1393 -0.6700 -0.2538
v  -1.1449 -0.4876 -0.2688
v  -0.8156 -0.6364 -0.2786
v  -0.9881 -0.5825 -0.2762
v  -1.0536 -0.4498 -0.2762
v  -0.8894 -0.5258 -0.2786
v  -1.2149 -0.5167 -0.2538
v  -0.9486 -0.4061 -0.2786
v  -0.8362 -0.3595 -0.2786
v  -0.7841 -0.4649 -0.2786
v  -0.7190 -0.5625 -0.2786
v  -1.2279 0.1441 1.0304
v  -1.2702 0.3219 1.0153
v  -1.3035 0.1543 1.0153
v  -1.2384 -0.0165 1.0304
v  -1.1967 0.3020 1.0304
v  -1.1302 0.1312 1.0377
v  -1.3143 -0.0165 1.0153
v  -1.2279 -0.1772 1.0304
v  -1.1015 0.2764 1.0377
v  -1.0172 0.1165 1.0405
v  -1.1397 -0.0165 1.0377
v  -1.1302 -0.1642 1.0377
v  -1.0259 -0.0165 1.0405
v  -1.3035 -0.1870 1.0153
v  -1.2702 -0.3550 1.0153
v  -1.1967 -0.3350 1.0304
v  -1.1015 -0.3095 1.0377
v  -1.0172 -0.1495 1.0405
v  -0.8740 -0.2486 1.0405
v  -0.8968 -0.1334 1.0405
v  -0.9916 -0.2801 1.0405
v  -0.9045 -0.0165 1.0405
v  -0.8968 0.1007 1.0405
v  -0.8740 0.2155 1.0405
v  -0.9916 0.2470 1.0405
v  -1.1449 -0.4876 1.0304
v  -1.2149 -0.5167 1.0153
v  -1.0735 -0.6318 1.0304
v  -1.0536 -0.4498 1.0377
v  -1.1393 -0.6700 1.0153
v  -0.9843 -0.7659 1.0304
v  -0.9486 -0.4061 1.0405
v  -0.9881 -0.5825 1.0377
v  -0.9059 -0.7057 1.0377
v  -0.8894 -0.5258 1.0405
v  -1.0445 -0.8121 1.0153
v  -0.9318 -0.9409 1.0153
v  -0.8782 -0.8870 1.0304
v  -0.8082 -0.8173 1.0377
v  -0.8156 -0.6364 1.0405
v  -0.6420 -0.6507 1.0405
v  -0.7190 -0.5625 1.0405
v  -0.7277 -0.7368 1.0405
v  -0.7841 -0.4649 1.0405
v  -0.8362 -0.3595 1.0405
v  -0.7571 -0.9930 1.0304
v  -0.8033 -1.0532 1.0153
v  -0.6231 -1.0823 1.0304
v  -0.6969 -0.9146 1.0377
v  -0.6609 -1.1481 1.0153
v  -0.4785 -1.1537 1.0304
v  -0.6276 -0.8243 1.0405
v  -0.5737 -0.9969 1.0377
v  -0.4407 -1.0627 1.0377
v  -0.5167 -0.8982 1.0405
v  -0.5076 -1.2240 1.0153
v  -0.3459 -1.2790 1.0153
v  -0.3263 -1.2058 1.0304
v  -0.3007 -1.1103 1.0377
v  -0.3973 -0.9573 1.0405
v  -0.2398 -0.8828 1.0405
v  -0.3508 -0.8450 1.0405
v  -0.2713 -1.0004 1.0405
v  -0.4561 -0.7932 1.0405
v  -0.5538 -0.7281 1.0405
v  -0.1684 -1.2370 1.0304
v  -0.1782 -1.3122 1.0153
v  -0.0078 -1.2471 1.0304
v  -0.1555 -1.1390 1.0377
v  -0.0078 -1.3231 1.0153
v  0.1532 -1.2370 1.0304
v  -0.1404 -1.0263 1.0405
v  -0.0078 -1.1484 1.0377
v  0.1403 -1.1390 1.0377
v  -0.0078 -1.0347 1.0405
v  0.1630 -1.3122 1.0153
v  0.3307 -1.2790 1.0153
v  0.3111 -1.2058 1.0304
v  0.2855 -1.1103 1.0377
v  0.1252 -1.0263 1.0405
v  0.2246 -0.8828 1.0405
v  0.1095 -0.9055 1.0405
v  0.2561 -1.0004 1.0405
v  -0.0078 -0.9132 1.0405
v  -0.1247 -0.9055 1.0405
v  0.4633 -1.1537 1.0304
v  0.4924 -1.2240 1.0153
v  0.6079 -1.0823 1.0304
v  0.4255 -1.0627 1.0377
v  0.6457 -1.1481 1.0153
v  0.7416 -0.9930 1.0304
v  0.3821 -0.9573 1.0405
v  0.5585 -0.9969 1.0377
v  0.6817 -0.9146 1.0377
v  0.5015 -0.8982 1.0405
v  0.7881 -1.0532 1.0153
v  0.9166 -0.9409 1.0153
v  0.8630 -0.8870 1.0304
v  0.7930 -0.8173 1.0377
v  0.6124 -0.8243 1.0405
v  0.6268 -0.6507 1.0405
v  0.5382 -0.7281 1.0405
v  0.7125 -0.7368 1.0405
v  0.4406 -0.7932 1.0405
v  0.3356 -0.8450 1.0405
v  0.9687 -0.7659 1.0304
v  1.0293 -0.8121 1.0153
v  1.0583 -0.6318 1.0304
v  0.8907 -0.7057 1.0377
v  1.1241 -0.6700 1.0153
v  1.1297 -0.4876 1.0304
v  0.8004 -0.6364 1.0405
v  0.9729 -0.5825 1.0377
v  1.0384 -0.4498 1.0377
v  0.8742 -0.5258 1.0405
v  1.1997 -0.5167 1.0153
v  1.2550 -0.3550 1.0153
v  1.1815 -0.3350 1.0304
v  1.0863 -0.3095 1.0377
v  0.9330 -0.4061 1.0405
v  0.8588 -0.2486 1.0405
v  0.8210 -0.3595 1.0405
v  0.9761 -0.2801 1.0405
v  0.7689 -0.4649 1.0405
v  0.7038 -0.5625 1.0405
v  1.2127 -0.1772 1.0304
v  1.2879 -0.1870 1.0153
v  1.2232 -0.0165 1.0304
v  1.1150 -0.1642 1.0377
v  1.2991 -0.0165 1.0153
v  1.2127 0.1441 1.0304
v  1.0020 -0.1495 1.0405
v  1.1245 -0.0165 1.0377
v  1.1150 0.1312 1.0377
v  1.0107 -0.0165 1.0405
v  1.2879 0.1543 1.0153
v  1.2550 0.3219 1.0153
v  1.1815 0.3020 1.0304
v  1.0863 0.2764 1.0377
v  1.0020 0.1165 1.0405
v  0.8588 0.2155 1.0405
v  0.8816 0.1007 1.0405
v  0.9761 0.2470 1.0405
v  0.8889 -0.0165 1.0405
v  0.8816 -0.1334 1.0405
v  1.1297 0.4546 1.0304
v  1.1997 0.4836 1.0153
v  1.0583 0.5988 1.0304
v  1.0384 0.4168 1.0377
v  1.1241 0.6369 1.0153
v  0.9687 0.7328 1.0304
v  0.9330 0.3730 1.0405
v  0.9729 0.5494 1.0377
v  0.8907 0.6726 1.0377
v  0.8742 0.4927 1.0405
v  1.0293 0.7790 1.0153
v  0.9166 0.9078 1.0153
v  0.8630 0.8539 1.0304
v  0.7930 0.7843 1.0377
v  0.8004 0.6033 1.0405
v  0.6268 0.6177 1.0405
v  0.7038 0.5295 1.0405
v  0.7125 0.7038 1.0405
v  0.7689 0.4318 1.0405
v  0.8210 0.3268 1.0405
v  0.7416 0.9600 1.0304
v  0.7881 1.0202 1.0153
v  0.6079 1.0492 1.0304
v  0.6817 0.8816 1.0377
v  0.6457 1.1150 1.0153
v  0.4633 1.1206 1.0304
v  0.6124 0.7913 1.0405
v  0.5585 0.9638 1.0377
v  0.4255 1.0296 1.0377
v  0.5015 0.8651 1.0405
v  0.4924 1.1910 1.0153
v  0.3307 1.2459 1.0153
v  0.3111 1.1728 1.0304
v  0.2855 1.0772 1.0377
v  0.3821 0.9243 1.0405
v  0.2246 0.8501 1.0405
v  0.3356 0.8119 1.0405
v  0.2561 0.9673 1.0405
v  0.4406 0.7601 1.0405
v  0.5382 0.6950 1.0405
v  0.1532 1.2039 1.0304
v  0.1630 1.2792 1.0153
v  -0.0078 1.2144 1.0304
v  0.1403 1.1059 1.0377
v  -0.0078 1.2904 1.0153
v  -0.1684 1.2039 1.0304
v  0.1252 0.9932 1.0405
v  -0.0078 1.1157 1.0377
v  -0.1555 1.1059 1.0377
v  -0.0078 1.0016 1.0405
v  -0.1782 1.2792 1.0153
v  -0.3459 1.2459 1.0153
v  -0.3263 1.1728 1.0304
v  -0.3007 1.0772 1.0377
v  -0.1404 0.9932 1.0405
v  -0.2398 0.8501 1.0405
v  -0.1247 0.8728 1.0405
v  -0.2713 0.9673 1.0405
v  -0.0078 0.8802 1.0405
v  0.1095 0.8728 1.0405
v  -0.4785 1.1206 1.0304
v  -0.5076 1.1910 1.0153
v  -0.6231 1.0492 1.0304
v  -0.4407 1.0296 1.0377
v  -0.6609 1.1150 1.0153
v  -0.7571 0.9600 1.0304
v  -0.3973 0.9243 1.0405
v  -0.5737 0.9638 1.0377
v  -0.6969 0.8816 1.0377
v  -0.5167 0.8651 1.0405
v  -0.8033 1.0202 1.0153
v  -0.9318 0.9078 1.0153
v  -0.8782 0.8539 1.0304
v  -0.8082 0.7843 1.0377
v  -0.6276 0.7913 1.0405
v  -0.6420 0.6177 1.0405
v  -0.5538 0.6950 1.0405
v  -0.7277 0.7038 1.0405
v  -0.4561 0.7601 1.0405
v  -0.3508 0.8119 1.0405
v  -0.9843 0.7328 1.0304
v  -1.0445 0.7790 1.0153
v  -1.0735 0.5988 1.0304
v  -0.9059 0.6726 1.0377
v  -1.1393 0.6369 1.0153
v  -1.1449 0.4546 1.0304
v  -0.8156 0.6033 1.0405
v  -0.9881 0.5494 1.0377
v  -1.0536 0.4168 1.0377
v  -0.8894 0.4927 1.0405
v  -1.2149 0.4836 1.0153
v  -0.9486 0.3730 1.0405
v  -0.8362 0.3268 1.0405
v  -0.7841 0.4318 1.0405
v  -0.7190 0.5295 1.0405
v  -0.7302 -0.0666 -0.2370
v  -0.7673 0.0657 -0.2475
v  -0.6927 -0.1999 -0.2328
v  -0.5580 0.0038 -0.1981
v  -0.8023 0.1966 -0.2622
v  -0.5016 -0.1488 -0.1890
v  -0.3756 0.0822 -0.1649
v  -0.6308 0.1504 -0.2195
v  -0.7067 0.2922 -0.2475
v  -0.4946 0.2411 -0.1981
v  -0.6080 0.3881 -0.2370
v  -0.5093 0.4850 -0.2328
v  -0.3693 0.3450 -0.1890
v  -0.2906 -0.0921 -0.1495
v  -0.2146 0.1907 -0.1495
v  -0.0078 -0.0165 -0.1173
v  -0.4124 0.5841 -0.2370
v  -0.3165 0.6824 -0.2475
v  -0.2650 0.4703 -0.1981
v  -0.2206 0.7783 -0.2622
v  -0.1061 0.3517 -0.1649
v  -0.1747 0.6065 -0.2195
v  -0.0897 0.7433 -0.2475
v  -0.0281 0.5340 -0.1981
v  0.0426 0.7059 -0.2370
v  0.1760 0.6688 -0.2328
v  0.1249 0.4773 -0.1890
v  0.0682 0.2663 -0.1495
v  0.3100 0.6341 -0.2370
v  0.4434 0.6005 -0.2475
v  0.2852 0.4500 -0.1981
v  0.5743 0.5652 -0.2622
v  0.2617 0.2530 -0.1649
v  0.4486 0.4395 -0.2195
v  0.6093 0.4343 -0.2475
v  0.4588 0.2764 -0.1981
v  0.6432 0.3013 -0.2370
v  0.6775 0.1672 -0.2328
v  0.4864 0.1158 -0.1890
v  0.2750 0.0594 -0.1495
v  0.7146 0.0339 -0.2370
v  0.7521 -0.0984 -0.2475
v  0.5428 -0.0368 -0.1981
v  0.7871 -0.2293 -0.2622
v  0.3604 -0.1152 -0.1649
v  0.6156 -0.1835 -0.2195
v  0.6915 -0.3252 -0.2475
v  0.4791 -0.2741 -0.1981
v  0.5928 -0.4211 -0.2370
v  0.4938 -0.5181 -0.2328
v  0.3538 -0.3781 -0.1890
v  0.1994 -0.2234 -0.1495
v  0.3972 -0.6171 -0.2370
v  0.3013 -0.7155 -0.2475
v  0.2498 -0.5034 -0.1981
v  0.2054 -0.8114 -0.2622
v  0.0909 -0.3847 -0.1649
v  0.1592 -0.6395 -0.2195
v  0.0745 -0.7764 -0.2475
v  0.0129 -0.5671 -0.1981
v  -0.0578 -0.7389 -0.2370
v  -0.1912 -0.7018 -0.2328
v  -0.1401 -0.5104 -0.1890
v  -0.0834 -0.2993 -0.1495
v  -0.3252 -0.6672 -0.2370
v  -0.4586 -0.6336 -0.2475
v  -0.3004 -0.4831 -0.1981
v  -0.5895 -0.5982 -0.2622
v  -0.2773 -0.2860 -0.1649
v  -0.4638 -0.4726 -0.2195
v  -0.6245 -0.4673 -0.2475
v  -0.4740 -0.3095 -0.1981
v  -0.6584 -0.3343 -0.2370
v  -0.7302 0.0339 1.0405
v  -0.7673 -0.0984 1.0405
v  -0.6927 0.1672 1.0405
v  -0.5580 -0.0368 1.0405
v  -0.8023 -0.2293 1.0405
v  -0.5016 0.1158 1.0405
v  -0.3756 -0.1152 1.0405
v  -0.6308 -0.1835 1.0405
v  -0.7067 -0.3252 1.0405
v  -0.4946 -0.2741 1.0405
v  -0.6080 -0.4211 1.0405
v  -0.5093 -0.5181 1.0405
v  -0.3693 -0.3781 1.0405
v  -0.2906 0.0594 1.0405
v  -0.2146 -0.2234 1.0405
v  -0.0078 -0.0165 1.0405
v  -0.4124 -0.6171 1.0405
v  -0.3165 -0.7155 1.0405
v  -0.2650 -0.5034 1.0405
v  -0.2206 -0.8114 1.0405
v  -0.1061 -0.3847 1.0405
v  -0.1747 -0.6395 1.0405
v  -0.0897 -0.7764 1.0405
v  -0.0281 -0.5671 1.0405
v  0.0426 -0.7389 1.0405
v  0.1760 -0.7018 1.0405
v  0.1249 -0.5104 1.0405
v  0.0682 -0.2993 1.0405
v  0.3100 -0.6672 1.0405
v  0.4434 -0.6336 1.0405
v  0.2852 -0.4831 1.0405
v  0.5743 -0.5982 1.0405
v  0.2617 -0.2860 1.0405
v  0.4486 -0.4726 1.0405
v  0.6093 -0.4673 1.0405
v  0.4588 -0.3095 1.0405
v  0.6432 -0.3343 1.0405
v  0.6775 -0.1999 1.0405
v  0.4864 -0.1488 1.0405
v  0.2750 -0.0921 1.0405
v  0.7146 -0.0666 1.0405
v  0.7521 0.0657 1.0405
v  0.5428 0.0038 1.0405
v  0.7871 0.1966 1.0405
v  0.3604 0.0822 1.0405
v  0.6156 0.1504 1.0405
v  0.6915 0.2922 1.0405
v  0.4791 0.2411 1.0405
v  0.5928 0.3881 1.0405
v  0.4938 0.4850 1.0405
v  0.3538 0.3450 1.0405
v  0.1994 0.1907 1.0405
v  0.3972 0.5841 1.0405
v  0.3013 0.6824 1.0405
v  0.2498 0.4703 1.0405
v  0.2054 0.7783 1.0405
v  0.0909 0.3517 1.0405
v  0.1592 0.6065 1.0405
v  0.0745 0.7433 1.0405
v  0.0129 0.5340 1.0405
v  -0.0578 0.7059 1.0405
v  -0.1912 0.6688 1.0405
v  -0.1401 0.4773 1.0405
v  -0.0834 0.2663 1.0405
v  -0.3252 0.6341 1.0405
v  -0.4586 0.6005 1.0405
v  -0.3004 0.4500 1.0405
v  -0.5895 0.5652 1.0405
v  -0.2773 0.2530 1.0405
v  -0.4638 0.4395 1.0405
v  -0.6245 0.4343 1.0405
v  -0.4740 0.2764 1.0405
v  -0.6584 0.3013 1.0405
v  -1.3787 -0.1971 0.8680
v  -1.3437 -0.3746 0.8680
v  -1.3710 -0.1961 0.9450
v  -1.3903 -0.0165 0.8680
v  -1.3364 -0.3725 0.9450
v  -1.3486 -0.1929 0.9905
v  -1.3787 0.1641 0.8680
v  -1.3826 -0.0165 0.9450
v  -1.3598 -0.0165 0.9905
v  -1.3710 0.1630 0.9450
v  -1.3143 -0.3665 0.9905
v  -1.3486 0.1602 0.9905
v  -1.3143 0.3335 0.9905
v  -1.3364 0.3394 0.9450
v  -1.3437 0.3415 0.8680
v  -1.3787 0.1641 -0.1064
v  -1.3437 0.3415 -0.1064
v  -1.3710 0.1630 -0.1831
v  -1.3903 -0.0165 -0.1064
v  -1.3364 0.3394 -0.1831
v  -1.3486 0.1602 -0.2289
v  -1.3787 -0.1971 -0.1064
v  -1.3826 -0.0165 -0.1831
v  -1.3598 -0.0165 -0.2289
v  -1.3710 -0.1961 -0.1831
v  -1.3143 0.3335 -0.2289
v  -1.3486 -0.1929 -0.2289
v  -1.3143 -0.3665 -0.2289
v  -1.3364 -0.3725 -0.1831
v  -1.3437 -0.3746 -0.1064
v  -1.1047 -0.8583 0.8680
v  -0.9857 -0.9944 0.8680
v  -1.0987 -0.8537 0.9450
v  -1.2051 -0.7078 0.8680
v  -0.9801 -0.9892 0.9450
v  -1.0805 -0.8397 0.9905
v  -1.2853 -0.5457 0.8680
v  -1.1985 -0.7039 0.9450
v  -1.1789 -0.6927 0.9905
v  -1.2783 -0.5426 0.9450
v  -0.9640 -0.9731 0.9905
v  -1.2573 -0.5338 0.9905
v  -1.2853 -0.5457 -0.1064
v  -1.2783 -0.5426 -0.1831
v  -1.2051 -0.7078 -0.1064
v  -1.2573 -0.5338 -0.2289
v  -1.1047 -0.8583 -0.1064
v  -1.1985 -0.7039 -0.1831
v  -1.1789 -0.6927 -0.2289
v  -1.0987 -0.8537 -0.1831
v  -1.0805 -0.8397 -0.2289
v  -0.9640 -0.9731 -0.2289
v  -0.9801 -0.9892 -0.1831
v  -0.9857 -0.9944 -0.1064
v  -0.5366 -1.2940 0.8680
v  -0.3655 -1.3525 0.8680
v  -0.5338 -1.2870 0.9450
v  -0.6990 -1.2139 0.8680
v  -0.3637 -1.3451 0.9450
v  -0.5251 -1.2660 0.9905
v  -0.8495 -1.1134 0.8680
v  -0.6952 -1.2072 0.9450
v  -0.6836 -1.1876 0.9905
v  -0.8450 -1.1075 0.9450
v  -0.3578 -1.3231 0.9905
v  -0.8310 -1.0893 0.9905
v  -0.8495 -1.1134 -0.1064
v  -0.8450 -1.1075 -0.1831
v  -0.6990 -1.2139 -0.1064
v  -0.8310 -1.0893 -0.2289
v  -0.5366 -1.2940 -0.1064
v  -0.6952 -1.2072 -0.1831
v  -0.6836 -1.1876 -0.2289
v  -0.5338 -1.2870 -0.1831
v  -0.5251 -1.2660 -0.2289
v  -0.3578 -1.3231 -0.2289
v  -0.3637 -1.3451 -0.1831
v  -0.3655 -1.3525 -0.1064
v  0.1728 -1.3875 0.8680
v  0.3503 -1.3525 0.8680
v  0.1718 -1.3798 0.9450
v  -0.0078 -1.3990 0.8680
v  0.3485 -1.3451 0.9450
v  0.1690 -1.3574 0.9905
v  -0.1880 -1.3875 0.8680
v  -0.0078 -1.3917 0.9450
v  -0.0078 -1.3689 0.9905
v  -0.1873 -1.3798 0.9450
v  0.3426 -1.3231 0.9905
v  -0.1842 -1.3574 0.9905
v  -0.1880 -1.3875 -0.1064
v  -0.1873 -1.3798 -0.1831
v  -0.0078 -1.3990 -0.1064
v  -0.1842 -1.3574 -0.2289
v  0.1728 -1.3875 -0.1064
v  -0.0078 -1.3917 -0.1831
v  -0.0078 -1.3689 -0.2289
v  0.1718 -1.3798 -0.1831
v  0.1690 -1.3574 -0.2289
v  0.3426 -1.3231 -0.2289
v  0.3485 -1.3451 -0.1831
v  0.3503 -1.3525 -0.1064
v  0.8343 -1.1134 0.8680
v  0.9705 -0.9944 0.8680
v  0.8294 -1.1075 0.9450
v  0.6838 -1.2139 0.8680
v  0.9649 -0.9892 0.9450
v  0.8158 -1.0893 0.9905
v  0.5214 -1.2940 0.8680
v  0.6800 -1.2072 0.9450
v  0.6684 -1.1876 0.9905
v  0.5186 -1.2870 0.9450
v  0.9488 -0.9731 0.9905
v  0.5099 -1.2660 0.9905
v  0.5214 -1.2940 -0.1064
v  0.5186 -1.2870 -0.1831
v  0.6838 -1.2139 -0.1064
v  0.5099 -1.2660 -0.2289
v  0.8343 -1.1134 -0.1064
v  0.6800 -1.2072 -0.1831
v  0.6684 -1.1876 -0.2289
v  0.8294 -1.1075 -0.1831
v  0.8158 -1.0893 -0.2289
v  0.9488 -0.9731 -0.2289
v  0.9649 -0.9892 -0.1831
v  0.9705 -0.9944 -0.1064
v  1.2701 -0.5457 0.8680
v  1.3282 -0.3746 0.8680
v  1.2627 -0.5426 0.9450
v  1.1896 -0.7078 0.8680
v  1.3208 -0.3725 0.9450
v  1.2417 -0.5338 0.9905
v  1.0895 -0.8583 0.8680
v  1.1833 -0.7039 0.9450
v  1.1633 -0.6927 0.9905
v  1.0832 -0.8537 0.9450
v  1.2988 -0.3665 0.9905
v  1.0653 -0.8397 0.9905
v  1.0895 -0.8583 -0.1064
v  1.0832 -0.8537 -0.1831
v  1.1896 -0.7078 -0.1064
v  1.0653 -0.8397 -0.2289
v  1.2701 -0.5457 -0.1064
v  1.1833 -0.7039 -0.1831
v  1.1633 -0.6927 -0.2289
v  1.2627 -0.5426 -0.1831
v  1.2417 -0.5338 -0.2289
v  1.2988 -0.3665 -0.2289
v  1.3208 -0.3725 -0.1831
v  1.3282 -0.3746 -0.1064
v  1.3632 0.1641 0.8680
v  1.3282 0.3415 0.8680
v  1.3558 0.1630 0.9450
v  1.3751 -0.0165 0.8680
v  1.3208 0.3394 0.9450
v  1.3331 0.1602 0.9905
v  1.3632 -0.1971 0.8680
v  1.3674 -0.0165 0.9450
v  1.3446 -0.0165 0.9905
v  1.3558 -0.1961 0.9450
v  1.2988 0.3335 0.9905
v  1.3331 -0.1929 0.9905
v  1.3632 -0.1971 -0.1064
v  1.3558 -0.1961 -0.1831
v  1.3751 -0.0165 -0.1064
v  1.3331 -0.1929 -0.2289
v  1.3632 0.1641 -0.1064
v  1.3674 -0.0165 -0.1831
v  1.3446 -0.0165 -0.2289
v  1.3558 0.1630 -0.1831
v  1.3331 0.1602 -0.2289
v  1.2988 0.3335 -0.2289
v  1.3208 0.3394 -0.1831
v  1.3282 0.3415 -0.1064
v  1.0895 0.8252 0.8680
v  0.9705 0.9614 0.8680
v  1.0832 0.8207 0.9450
v  1.1896 0.6747 0.8680
v  0.9649 0.9561 0.9450
v  1.0653 0.8067 0.9905
v  1.2701 0.5127 0.8680
v  1.1833 0.6709 0.9450
v  1.1633 0.6597 0.9905
v  1.2627 0.5099 0.9450
v  0.9488 0.9400 0.9905
v  1.2417 0.5011 0.9905
v  1.2701 0.5127 -0.1064
v  1.2627 0.5099 -0.1831
v  1.1896 0.6747 -0.1064
v  1.2417 0.5011 -0.2289
v  1.0895 0.8252 -0.1064
v  1.1833 0.6709 -0.1831
v  1.1633 0.6597 -0.2289
v  1.0832 0.8207 -0.1831
v  1.0653 0.8067 -0.2289
v  0.9488 0.9400 -0.2289
v  0.9649 0.9561 -0.1831
v  0.9705 0.9614 -0.1064
v  0.5214 1.2610 0.8680
v  0.3503 1.3194 0.8680
v  0.5186 1.2540 0.9450
v  0.6838 1.1808 0.8680
v  0.3485 1.3121 0.9450
v  0.5099 1.2330 0.9905
v  0.8343 1.0804 0.8680
v  0.6800 1.1742 0.9450
v  0.6684 1.1546 0.9905
v  0.8294 1.0744 0.9450
v  0.3426 1.2900 0.9905
v  0.8158 1.0566 0.9905
v  0.8343 1.0804 -0.1064
v  0.8294 1.0744 -0.1831
v  0.6838 1.1808 -0.1064
v  0.8158 1.0566 -0.2289
v  0.5214 1.2610 -0.1064
v  0.6800 1.1742 -0.1831
v  0.6684 1.1546 -0.2289
v  0.5186 1.2540 -0.1831
v  0.5099 1.2330 -0.2289
v  0.3426 1.2900 -0.2289
v  0.3485 1.3121 -0.1831
v  0.3503 1.3194 -0.1064
v  -0.1880 1.3544 0.8680
v  -0.3655 1.3194 0.8680
v  -0.1873 1.3471 0.9450
v  -0.0078 1.3660 0.8680
v  -0.3637 1.3121 0.9450
v  -0.1842 1.3243 0.9905
v  0.1728 1.3544 0.8680
v  -0.0078 1.3586 0.9450
v  -0.0078 1.3359 0.9905
v  0.1718 1.3471 0.9450
v  -0.3578 1.2900 0.9905
v  0.1690 1.3243 0.9905
v  0.1728 1.3544 -0.1064
v  0.1718 1.3471 -0.1831
v  -0.0078 1.3660 -0.1064
v  0.1690 1.3243 -0.2289
v  -0.1880 1.3544 -0.1064
v  -0.0078 1.3586 -0.1831
v  -0.0078 1.3359 -0.2289
v  -0.1873 1.3471 -0.1831
v  -0.1842 1.3243 -0.2289
v  -0.3578 1.2900 -0.2289
v  -0.3637 1.3121 -0.1831
v  -0.3655 1.3194 -0.1064
v  -0.8495 1.0804 0.8680
v  -0.9857 0.9614 0.8680
v  -0.8450 1.0744 0.9450
v  -0.6990 1.1808 0.8680
v  -0.9801 0.9561 0.9450
v  -0.8310 1.0566 0.9905
v  -0.5366 1.2610 0.8680
v  -0.6952 1.1742 0.9450
v  -0.6836 1.1546 0.9905
v  -0.5338 1.2540 0.9450
v  -0.9640 0.9400 0.9905
v  -0.5251 1.2330 0.9905
v  -0.5366 1.2610 -0.1064
v  -0.5338 1.2540 -0.1831
v  -0.6990 1.1808 -0.1064
v  -0.5251 1.2330 -0.2289
v  -0.8495 1.0804 -0.1064
v  -0.6952 1.1742 -0.1831
v  -0.6836 1.1546 -0.2289
v  -0.8450 1.0744 -0.1831
v  -0.8310 1.0566 -0.2289
v  -0.9640 0.9400 -0.2289
v  -0.9801 0.9561 -0.1831
v  -0.9857 0.9614 -0.1064
v  -1.2853 0.5127 0.8680
v  -1.2783 0.5099 0.9450
v  -1.2051 0.6747 0.8680
v  -1.2573 0.5011 0.9905
v  -1.1047 0.8252 0.8680
v  -1.1985 0.6709 0.9450
v  -1.1789 0.6597 0.9905
v  -1.0987 0.8207 0.9450
v  -1.0805 0.8067 0.9905
v  -1.1047 0.8252 -0.1064
v  -1.0987 0.8207 -0.1831
v  -1.2051 0.6747 -0.1064
v  -1.0805 0.8067 -0.2289
v  -1.2853 0.5127 -0.1064
v  -1.1985 0.6709 -0.1831
v  -1.1789 0.6597 -0.2289
v  -1.2783 0.5099 -0.1831
v  -1.2573 0.5011 -0.2289
v  0.1126 0.0059 2.3698
v  0.1158 0.0598 2.3698
v  0.1025 -0.0477 2.3698
v  0.0136 0.0325 2.3698
v  0.1126 0.1123 2.3698
v  -0.0004 -0.0204 2.3698
v  -0.0855 0.0591 2.3698
v  0.0276 0.0846 2.3698
v  0.0409 0.1347 2.3698
v  -0.0613 0.1074 2.3698
v  -0.0323 0.1508 2.3698
v  -0.1033 0.0073 2.3698
v  -0.1138 -0.0466 2.3698
v  -0.1170 -0.1005 2.3698
v  -0.0148 -0.0732 2.3698
v  -0.1135 -0.1527 2.3698
v  0.0843 -0.0995 2.3698
v  -0.0284 -0.1250 2.3698
v  -0.0421 -0.1754 2.3698
v  0.0601 -0.1481 2.3698
v  0.0311 -0.1915 2.3698
v  -0.1646 0.0377 0.4109
v  -0.1142 0.0934 0.4109
v  -0.1415 -0.0092 0.4109
v  -0.0585 0.1438 0.4109
v  -0.1117 -0.0543 0.4109
v  -0.0771 0.0563 0.4109
v  -0.0116 0.1207 0.4109
v  -0.0393 0.0185 0.4109
v  0.0335 0.0909 0.4109
v  0.0748 0.0552 0.4109
v  -0.0004 -0.0204 0.4109
v  -0.0757 -0.0956 0.4109
v  0.1105 0.0136 0.4109
v  0.1406 -0.0316 0.4109
v  0.0381 -0.0589 0.4109
v  0.1637 -0.0785 0.4109
v  -0.0344 -0.1313 0.4109
v  0.0762 -0.0970 0.4109
v  0.1130 -0.1338 0.4109
v  0.0108 -0.1611 0.4109
v  0.0577 -0.1845 0.4109
# 1316 vertices

vn -0.9999 -0.0101 -0.0000
vn -0.9659 0.2588 -0.0000
vn -0.9659 -0.2588 -0.0000
vn -0.8710 -0.4912 -0.0000
vn -0.7071 -0.7071 -0.0000
vn -0.4912 -0.8710 -0.0000
vn -0.2588 -0.9659 -0.0000
vn -0.0101 -0.9999 -0.0000
vn 0.2588 -0.9659 0.0000
vn 0.5087 -0.8609 0.0000
vn 0.7071 -0.7071 0.0000
vn 0.8609 -0.5087 0.0000
vn 0.9659 -0.2588 0.0000
vn 0.9999 0.0101 0.0000
vn 0.9659 0.2588 0.0000
vn 0.8710 0.4912 0.0000
vn 0.7071 0.7071 0.0000
vn 0.4912 0.8710 0.0000
vn 0.2588 0.9659 0.0000
vn 0.0101 0.9999 0.0000
vn -0.2588 0.9659 -0.0000
vn -0.5087 0.8609 -0.0000
vn -0.7071 0.7071 -0.0000
vn -0.8609 0.5087 -0.0000
vn -0.5088 0.8609 -0.0000
vn -0.9916 -0.1294 -0.0000
vn -1.0000 0.0000 -0.0000
vn -0.9916 0.1294 -0.0000
vn -0.7941 -0.6078 -0.0000
vn -0.8660 -0.5000 -0.0000
vn -0.9234 -0.3837 -0.0000
vn -0.3838 -0.9234 -0.0000
vn -0.5000 -0.8660 -0.0000
vn -0.6078 -0.7941 -0.0000
vn 0.1294 -0.9916 0.0000
vn -0.0000 -1.0000 -0.0000
vn -0.1294 -0.9916 -0.0000
vn 0.6078 -0.7941 0.0000
vn 0.5000 -0.8660 0.0000
vn 0.3838 -0.9234 0.0000
vn 0.9234 -0.3838 0.0000
vn 0.8660 -0.5000 0.0000
vn 0.7941 -0.6078 0.0000
vn 0.9916 0.1294 0.0000
vn 1.0000 -0.0000 0.0000
vn 0.9916 -0.1294 0.0000
vn 0.7941 0.6078 0.0000
vn 0.8660 0.5000 0.0000
vn 0.9234 0.3838 0.0000
vn 0.3838 0.9234 0.0000
vn 0.5000 0.8660 0.0000
vn 0.6078 0.7941 0.0000
vn -0.1294 0.9916 -0.0000
vn 0.0000 1.0000 0.0000
vn 0.1294 0.9916 0.0000
vn -0.6078 0.7941 -0.0000
vn -0.5000 0.8660 -0.0000
vn -0.3838 0.9234 -0.0000
vn -0.9234 0.3838 -0.0000
vn -0.8660 0.5000 -0.0000
vn -0.7941 0.6078 -0.0000
vn -0.1361 -0.0178 -0.9905
vn -0.3350 -0.0898 -0.9379
vn -0.3438 -0.0449 -0.9380
vn -0.1373 0.0000 -0.9905
vn -0.1327 -0.0355 -0.9905
vn -0.0495 -0.0065 -0.9988
vn -0.3467 0.0000 -0.9380
vn -0.1361 0.0178 -0.9905
vn -0.0482 -0.0129 -0.9988
vn -0.0113 -0.0015 -0.9999
vn -0.0499 0.0000 -0.9988
vn -0.0495 0.0065 -0.9988
vn -0.0114 0.0000 -0.9999
vn -0.3438 0.0448 -0.9380
vn -0.3350 0.0898 -0.9379
vn -0.1327 0.0355 -0.9905
vn -0.0482 0.0129 -0.9988
vn -0.0113 0.0015 -0.9999
vn 0.0000 0.0000 -1.0000
vn -0.0110 0.0030 -0.9999
vn -0.0110 -0.0030 -0.9999
vn -0.1268 0.0527 -0.9905
vn -0.3202 0.1331 -0.9380
vn -0.1189 0.0686 -0.9905
vn -0.0461 0.0192 -0.9988
vn -0.3002 0.1733 -0.9380
vn -0.1090 0.0835 -0.9905
vn -0.0105 0.0044 -0.9999
vn -0.0432 0.0250 -0.9988
vn -0.0396 0.0303 -0.9988
vn -0.0099 0.0057 -0.9999
vn -0.2753 0.2107 -0.9380
vn -0.2452 0.2452 -0.9379
vn -0.0971 0.0971 -0.9905
vn -0.0353 0.0353 -0.9988
vn -0.0091 0.0069 -0.9999
vn -0.0081 0.0081 -0.9999
vn -0.0835 0.1090 -0.9905
vn -0.2107 0.2753 -0.9380
vn -0.0686 0.1189 -0.9905
vn -0.0303 0.0396 -0.9988
vn -0.1733 0.3002 -0.9380
vn -0.0527 0.1268 -0.9905
vn -0.0069 0.0091 -0.9999
vn -0.0250 0.0432 -0.9988
vn -0.0192 0.0461 -0.9988
vn -0.0057 0.0099 -0.9999
vn -0.1331 0.3202 -0.9380
vn -0.0898 0.3350 -0.9379
vn -0.0355 0.1327 -0.9905
vn -0.0129 0.0482 -0.9988
vn -0.0044 0.0105 -0.9999
vn -0.0030 0.0110 -0.9999
vn -0.0178 0.1361 -0.9905
vn -0.0449 0.3438 -0.9380
vn 0.0000 0.1373 -0.9905
vn -0.0065 0.0495 -0.9988
vn 0.0000 0.3467 -0.9380
vn 0.0178 0.1361 -0.9905
vn -0.0015 0.0113 -0.9999
vn 0.0000 0.0499 -0.9988
vn 0.0065 0.0495 -0.9988
vn 0.0000 0.0114 -0.9999
vn 0.0449 0.3438 -0.9380
vn 0.0898 0.3350 -0.9379
vn 0.0355 0.1327 -0.9905
vn 0.0129 0.0482 -0.9988
vn 0.0015 0.0113 -0.9999
vn 0.0030 0.0110 -0.9999
vn 0.0527 0.1268 -0.9905
vn 0.1331 0.3202 -0.9380
vn 0.0686 0.1189 -0.9905
vn 0.0192 0.0461 -0.9988
vn 0.1733 0.3002 -0.9380
vn 0.0835 0.1090 -0.9905
vn 0.0044 0.0105 -0.9999
vn 0.0250 0.0432 -0.9988
vn 0.0303 0.0396 -0.9988
vn 0.0057 0.0099 -0.9999
vn 0.2107 0.2753 -0.9380
vn 0.2452 0.2452 -0.9379
vn 0.0971 0.0971 -0.9905
vn 0.0353 0.0353 -0.9988
vn 0.0069 0.0091 -0.9999
vn 0.0081 0.0081 -0.9999
vn 0.1090 0.0835 -0.9905
vn 0.2753 0.2107 -0.9380
vn 0.1189 0.0686 -0.9905
vn 0.0397 0.0303 -0.9988
vn 0.3002 0.1733 -0.9380
vn 0.1268 0.0527 -0.9905
vn 0.0091 0.0069 -0.9999
vn 0.0432 0.0250 -0.9988
vn 0.0461 0.0192 -0.9988
vn 0.0099 0.0057 -0.9999
vn 0.3202 0.1331 -0.9380
vn 0.3350 0.0898 -0.9379
vn 0.1327 0.0355 -0.9905
vn 0.0483 0.0129 -0.9987
vn 0.0105 0.0044 -0.9999
vn 0.0110 0.0030 -0.9999
vn 0.1361 0.0178 -0.9905
vn 0.3438 0.0449 -0.9380
vn 0.1373 -0.0000 -0.9905
vn 0.0495 0.0065 -0.9988
vn 0.3467 -0.0000 -0.9380
vn 0.1361 -0.0178 -0.9905
vn 0.0113 0.0015 -0.9999
vn 0.0499 -0.0000 -0.9988
vn 0.0495 -0.0065 -0.9988
vn 0.0114 -0.0000 -0.9999
vn 0.3438 -0.0449 -0.9380
vn 0.3350 -0.0898 -0.9379
vn 0.1327 -0.0355 -0.9905
vn 0.0483 -0.0129 -0.9987
vn 0.0113 -0.0015 -0.9999
vn 0.0110 -0.0030 -0.9999
vn 0.1268 -0.0527 -0.9905
vn 0.3202 -0.1331 -0.9380
vn 0.1189 -0.0686 -0.9905
vn 0.0461 -0.0192 -0.9988
vn 0.3002 -0.1733 -0.9380
vn 0.1090 -0.0835 -0.9905
vn 0.0105 -0.0044 -0.9999
vn 0.0432 -0.0250 -0.9988
vn 0.0396 -0.0303 -0.9988
vn 0.0099 -0.0057 -0.9999
vn 0.2753 -0.2107 -0.9380
vn 0.2452 -0.2452 -0.9379
vn 0.0971 -0.0971 -0.9905
vn 0.0353 -0.0353 -0.9988
vn 0.0091 -0.0069 -0.9999
vn 0.0081 -0.0081 -0.9999
vn 0.0835 -0.1090 -0.9905
vn 0.2107 -0.2753 -0.9380
vn 0.0686 -0.1189 -0.9905
vn 0.0303 -0.0396 -0.9988
vn 0.1733 -0.3002 -0.9380
vn 0.0527 -0.1268 -0.9905
vn 0.0069 -0.0091 -0.9999
vn 0.0250 -0.0432 -0.9988
vn 0.0192 -0.0461 -0.9988
vn 0.0057 -0.0099 -0.9999
vn 0.1331 -0.3202 -0.9380
vn 0.0898 -0.3350 -0.9379
vn 0.0355 -0.1327 -0.9905
vn 0.0129 -0.0482 -0.9988
vn 0.0044 -0.0105 -0.9999
vn 0.0030 -0.0110 -0.9999
vn 0.0178 -0.1361 -0.9905
vn 0.0449 -0.3438 -0.9380
vn 0.0000 -0.1373 -0.9905
vn 0.0065 -0.0495 -0.9988
vn 0.0000 -0.3467 -0.9380
vn -0.0178 -0.1361 -0.9905
vn 0.0015 -0.0113 -0.9999
vn 0.0000 -0.0499 -0.9988
vn -0.0065 -0.0495 -0.9988
vn 0.0000 -0.0114 -0.9999
vn -0.0449 -0.3438 -0.9380
vn -0.0898 -0.3350 -0.9379
vn -0.0355 -0.1327 -0.9905
vn -0.0129 -0.0483 -0.9987
vn -0.0015 -0.0113 -0.9999
vn -0.0030 -0.0110 -0.9999
vn -0.0527 -0.1268 -0.9905
vn -0.1331 -0.3202 -0.9380
vn -0.0686 -0.1189 -0.9905
vn -0.0192 -0.0461 -0.9988
vn -0.1733 -0.3002 -0.9380
vn -0.0835 -0.1090 -0.9905
vn -0.0044 -0.0105 -0.9999
vn -0.0250 -0.0432 -0.9988
vn -0.0303 -0.0396 -0.9988
vn -0.0057 -0.0099 -0.9999
vn -0.2107 -0.2753 -0.9380
vn -0.2452 -0.2452 -0.9379
vn -0.0971 -0.0971 -0.9905
vn -0.0353 -0.0353 -0.9988
vn -0.0069 -0.0091 -0.9999
vn -0.0081 -0.0081 -0.9999
vn -0.1090 -0.0835 -0.9905
vn -0.2753 -0.2107 -0.9380
vn -0.1189 -0.0686 -0.9905
vn -0.0396 -0.0303 -0.9988
vn -0.3002 -0.1733 -0.9380
vn -0.1268 -0.0527 -0.9905
vn -0.0091 -0.0069 -0.9999
vn -0.0432 -0.0250 -0.9988
vn -0.0461 -0.0192 -0.9988
vn -0.0099 -0.0057 -0.9999
vn -0.3202 -0.1331 -0.9380
vn -0.0105 -0.0044 -0.9999
vn -0.1361 0.0178 0.9905
vn -0.3350 0.0898 0.9379
vn -0.3438 0.0448 0.9380
vn -0.1373 0.0000 0.9905
vn -0.1327 0.0355 0.9905
vn -0.0495 0.0065 0.9988
vn -0.3467 0.0000 0.9380
vn -0.1361 -0.0178 0.9905
vn -0.0483 0.0129 0.9987
vn -0.0113 0.0015 0.9999
vn -0.0499 0.0000 0.9988
vn -0.0495 -0.0065 0.9988
vn -0.0114 0.0000 0.9999
vn -0.3438 -0.0449 0.9380
vn -0.3350 -0.0898 0.9379
vn -0.1327 -0.0355 0.9905
vn -0.0483 -0.0129 0.9987
vn -0.0113 -0.0015 0.9999
vn -0.0000 0.0000 1.0000
vn -0.0110 -0.0030 0.9999
vn -0.0110 0.0030 0.9999
vn -0.1268 -0.0527 0.9905
vn -0.3202 -0.1331 0.9380
vn -0.1189 -0.0686 0.9905
vn -0.0461 -0.0192 0.9988
vn -0.3002 -0.1733 0.9380
vn -0.1090 -0.0835 0.9905
vn -0.0105 -0.0044 0.9999
vn -0.0432 -0.0250 0.9988
vn -0.0397 -0.0303 0.9988
vn -0.0099 -0.0057 0.9999
vn -0.2753 -0.2107 0.9380
vn -0.2452 -0.2452 0.9379
vn -0.0971 -0.0971 0.9905
vn -0.0353 -0.0353 0.9988
vn -0.0091 -0.0069 0.9999
vn -0.0081 -0.0081 0.9999
vn -0.0835 -0.1090 0.9905
vn -0.2107 -0.2753 0.9380
vn -0.0686 -0.1189 0.9905
vn -0.0303 -0.0396 0.9988
vn -0.1733 -0.3002 0.9380
vn -0.0527 -0.1268 0.9905
vn -0.0069 -0.0091 0.9999
vn -0.0250 -0.0432 0.9988
vn -0.0192 -0.0461 0.9988
vn -0.0057 -0.0099 0.9999
vn -0.1331 -0.3202 0.9380
vn -0.0898 -0.3350 0.9379
vn -0.0355 -0.1327 0.9905
vn -0.0129 -0.0482 0.9988
vn -0.0044 -0.0105 0.9999
vn -0.0030 -0.0110 0.9999
vn -0.0178 -0.1361 0.9905
vn -0.0449 -0.3438 0.9380
vn -0.0000 -0.1373 0.9905
vn -0.0065 -0.0495 0.9988
vn -0.0000 -0.3467 0.9380
vn 0.0178 -0.1361 0.9905
vn -0.0015 -0.0113 0.9999
vn -0.0000 -0.0499 0.9988
vn 0.0065 -0.0495 0.9988
vn -0.0000 -0.0114 0.9999
vn 0.0449 -0.3438 0.9380
vn 0.0898 -0.3350 0.9379
vn 0.0355 -0.1327 0.9905
vn 0.0129 -0.0482 0.9988
vn 0.0015 -0.0113 0.9999
vn 0.0030 -0.0110 0.9999
vn 0.0527 -0.1268 0.9905
vn 0.1331 -0.3202 0.9380
vn 0.0686 -0.1189 0.9905
vn 0.0192 -0.0461 0.9988
vn 0.1733 -0.3002 0.9380
vn 0.0835 -0.1090 0.9905
vn 0.0044 -0.0105 0.9999
vn 0.0250 -0.0432 0.9988
vn 0.0303 -0.0396 0.9988
vn 0.0057 -0.0099 0.9999
vn 0.2107 -0.2753 0.9380
vn 0.2452 -0.2452 0.9379
vn 0.0971 -0.0971 0.9905
vn 0.0353 -0.0353 0.9988
vn 0.0069 -0.0091 0.9999
vn 0.0081 -0.0081 0.9999
vn 0.1090 -0.0835 0.9905
vn 0.2753 -0.2107 0.9380
vn 0.1189 -0.0686 0.9905
vn 0.0396 -0.0303 0.9988
vn 0.3002 -0.1733 0.9380
vn 0.1268 -0.0527 0.9905
vn 0.0091 -0.0069 0.9999
vn 0.0432 -0.0250 0.9988
vn 0.0461 -0.0192 0.9988
vn 0.0099 -0.0057 0.9999
vn 0.3202 -0.1331 0.9380
vn 0.3350 -0.0898 0.9379
vn 0.1327 -0.0355 0.9905
vn 0.0482 -0.0129 0.9988
vn 0.0105 -0.0044 0.9999
vn 0.0110 -0.0030 0.9999
vn 0.1361 -0.0178 0.9905
vn 0.3438 -0.0448 0.9380
vn 0.1373 -0.0000 0.9905
vn 0.0495 -0.0065 0.9988
vn 0.3467 -0.0000 0.9380
vn 0.1361 0.0178 0.9905
vn 0.0113 -0.0015 0.9999
vn 0.0499 -0.0000 0.9988
vn 0.0495 0.0065 0.9988
vn 0.0114 -0.0000 0.9999
vn 0.3438 0.0449 0.9380
vn 0.3350 0.0898 0.9379
vn 0.1327 0.0355 0.9905
vn 0.0482 0.0129 0.9988
vn 0.0113 0.0015 0.9999
vn 0.0110 0.0030 0.9999
vn 0.1268 0.0527 0.9905
vn 0.3202 0.1331 0.9380
vn 0.1189 0.0686 0.9905
vn 0.0461 0.0192 0.9988
vn 0.3002 0.1733 0.9380
vn 0.1090 0.0835 0.9905
vn 0.0105 0.0044 0.9999
vn 0.0432 0.0250 0.9988
vn 0.0396 0.0303 0.9988
vn 0.0099 0.0057 0.9999
vn 0.2753 0.2107 0.9380
vn 0.2452 0.2452 0.9379
vn 0.0971 0.0971 0.9905
vn 0.0353 0.0353 0.9988
vn 0.0091 0.0069 0.9999
vn 0.0081 0.0081 0.9999
vn 0.0835 0.1090 0.9905
vn 0.2107 0.2753 0.9380
vn 0.0686 0.1189 0.9905
vn 0.0303 0.0396 0.9988
vn 0.1733 0.3002 0.9380
vn 0.0527 0.1268 0.9905
vn 0.0069 0.0091 0.9999
vn 0.0250 0.0432 0.9988
vn 0.0192 0.0461 0.9988
vn 0.0057 0.0099 0.9999
vn 0.1331 0.3202 0.9380
vn 0.0898 0.3350 0.9379
vn 0.0355 0.1327 0.9905
vn 0.0129 0.0482 0.9988
vn 0.0044 0.0105 0.9999
vn 0.0030 0.0110 0.9999
vn 0.0178 0.1361 0.9905
vn 0.0448 0.3438 0.9380
vn -0.0000 0.1373 0.9905
vn 0.0065 0.0495 0.9988
vn -0.0000 0.3467 0.9380
vn -0.0178 0.1361 0.9905
vn 0.0015 0.0113 0.9999
vn -0.0000 0.0499 0.9988
vn -0.0065 0.0495 0.9988
vn -0.0000 0.0114 0.9999
vn -0.0449 0.3438 0.9380
vn -0.0898 0.3350 0.9379
vn -0.0355 0.1327 0.9905
vn -0.0129 0.0482 0.9988
vn -0.0015 0.0113 0.9999
vn -0.0030 0.0110 0.9999
vn -0.0527 0.1268 0.9905
vn -0.1331 0.3202 0.9380
vn -0.0686 0.1189 0.9905
vn -0.0192 0.0461 0.9988
vn -0.1733 0.3002 0.9380
vn -0.0835 0.1090 0.9905
vn -0.0044 0.0105 0.9999
vn -0.0250 0.0432 0.9988
vn -0.0303 0.0396 0.9988
vn -0.0057 0.0099 0.9999
vn -0.2107 0.2753 0.9380
vn -0.2452 0.2452 0.9379
vn -0.0971 0.0971 0.9905
vn -0.0353 0.0353 0.9988
vn -0.0069 0.0091 0.9999
vn -0.0081 0.0081 0.9999
vn -0.1090 0.0835 0.9905
vn -0.2753 0.2107 0.9380
vn -0.1189 0.0686 0.9905
vn -0.0396 0.0303 0.9988
vn -0.3002 0.1733 0.9380
vn -0.1268 0.0527 0.9905
vn -0.0091 0.0069 0.9999
vn -0.0432 0.0250 0.9988
vn -0.0461 0.0192 0.9988
vn -0.0099 0.0057 0.9999
vn -0.3202 0.1331 0.9380
vn -0.0105 0.0044 0.9999
vn 0.2271 0.0094 -0.9738
vn 0.2246 0.0602 -0.9726
vn 0.2271 0.0274 -0.9735
vn 0.2288 -0.0297 -0.9730
vn 0.2171 0.0582 -0.9744
vn 0.2038 -0.0122 -0.9789
vn 0.2171 -0.0004 -0.9761
vn 0.2198 -0.0589 -0.9738
vn 0.1877 0.0503 -0.9809
vn 0.1606 -0.0430 -0.9861
vn 0.2130 -0.0571 -0.9754
vn 0.2130 -0.0887 -0.9730
vn 0.1826 -0.0914 -0.9789
vn 0.1905 -0.0207 -0.9815
vn 0.1753 -0.0773 -0.9815
vn 0.1883 -0.1082 -0.9761
vn 0.1919 -0.1217 -0.9738
vn 0.1644 -0.1644 -0.9726
vn 0.1589 -0.1589 -0.9744
vn 0.1829 -0.1373 -0.9735
vn 0.1374 -0.1374 -0.9809
vn 0.1336 0.0358 -0.9904
vn 0.0978 -0.0978 -0.9904
vn 0.1217 -0.1919 -0.9738
vn 0.1373 -0.1829 -0.9735
vn 0.0887 -0.2130 -0.9730
vn 0.0914 -0.1826 -0.9789
vn 0.1082 -0.1883 -0.9761
vn 0.0589 -0.2198 -0.9738
vn 0.0430 -0.1606 -0.9861
vn 0.0571 -0.2130 -0.9754
vn 0.0297 -0.2288 -0.9730
vn 0.0122 -0.2038 -0.9789
vn 0.0773 -0.1753 -0.9815
vn 0.0207 -0.1905 -0.9815
vn 0.0004 -0.2171 -0.9761
vn -0.0094 -0.2271 -0.9738
vn -0.0602 -0.2246 -0.9726
vn -0.0582 -0.2171 -0.9744
vn -0.0274 -0.2271 -0.9735
vn -0.0503 -0.1877 -0.9809
vn -0.0358 -0.1336 -0.9904
vn -0.1054 -0.2014 -0.9738
vn -0.0898 -0.2104 -0.9735
vn -0.1401 -0.1833 -0.9730
vn -0.1125 -0.1704 -0.9789
vn -0.1089 -0.1878 -0.9761
vn -0.1609 -0.1609 -0.9738
vn -0.1176 -0.1176 -0.9861
vn -0.1559 -0.1559 -0.9754
vn -0.1833 -0.1401 -0.9730
vn -0.1704 -0.1125 -0.9789
vn -0.1132 -0.1546 -0.9815
vn -0.1546 -0.1132 -0.9815
vn -0.1878 -0.1089 -0.9761
vn -0.2014 -0.1054 -0.9738
vn -0.2246 -0.0602 -0.9726
vn -0.2171 -0.0582 -0.9744
vn -0.2104 -0.0898 -0.9735
vn -0.1877 -0.0503 -0.9809
vn -0.1336 -0.0358 -0.9904
vn -0.2271 -0.0094 -0.9738
vn -0.2271 -0.0274 -0.9735
vn -0.2288 0.0297 -0.9730
vn -0.2038 0.0122 -0.9789
vn -0.2171 0.0004 -0.9761
vn -0.2198 0.0589 -0.9738
vn -0.1606 0.0430 -0.9861
vn -0.2130 0.0571 -0.9754
vn -0.2130 0.0887 -0.9730
vn -0.1826 0.0914 -0.9789
vn -0.1905 0.0207 -0.9815
vn -0.1753 0.0773 -0.9815
vn -0.1883 0.1082 -0.9761
vn -0.1919 0.1217 -0.9738
vn -0.1644 0.1644 -0.9726
vn -0.1589 0.1589 -0.9744
vn -0.1829 0.1373 -0.9735
vn -0.1374 0.1374 -0.9809
vn -0.0978 0.0978 -0.9904
vn -0.1217 0.1919 -0.9738
vn -0.1373 0.1829 -0.9735
vn -0.0887 0.2130 -0.9730
vn -0.0914 0.1826 -0.9789
vn -0.1082 0.1883 -0.9761
vn -0.0589 0.2198 -0.9738
vn -0.0430 0.1606 -0.9861
vn -0.0571 0.2130 -0.9754
vn -0.0297 0.2288 -0.9730
vn -0.0122 0.2038 -0.9789
vn -0.0773 0.1753 -0.9815
vn -0.0207 0.1905 -0.9815
vn -0.0004 0.2171 -0.9761
vn 0.0094 0.2271 -0.9738
vn 0.0602 0.2246 -0.9726
vn 0.0582 0.2171 -0.9744
vn 0.0274 0.2271 -0.9735
vn 0.0503 0.1877 -0.9809
vn 0.0358 0.1336 -0.9904
vn 0.1054 0.2014 -0.9738
vn 0.0898 0.2104 -0.9735
vn 0.1401 0.1833 -0.9730
vn 0.1125 0.1704 -0.9789
vn 0.1089 0.1878 -0.9761
vn 0.1609 0.1609 -0.9738
vn 0.1176 0.1176 -0.9861
vn 0.1559 0.1559 -0.9754
vn 0.1833 0.1401 -0.9730
vn 0.1704 0.1125 -0.9789
vn 0.1132 0.1546 -0.9815
vn 0.1546 0.1132 -0.9815
vn 0.1878 0.1089 -0.9761
vn 0.2014 0.1054 -0.9738
vn 0.2104 0.0898 -0.9735
vn -0.9904 -0.1292 0.0491
vn -0.9648 -0.2585 0.0491
vn -0.9533 -0.1244 0.2753
vn -0.9988 0.0000 0.0491
vn -0.9286 -0.2488 0.2753
vn -0.7202 -0.0940 0.6874
vn -0.9904 0.1292 0.0491
vn -0.9614 0.0000 0.2753
vn -0.7262 0.0000 0.6874
vn -0.9533 0.1244 0.2753
vn -0.7016 -0.1880 0.6873
vn -0.7202 0.0940 0.6874
vn -0.7016 0.1880 0.6873
vn -0.9286 0.2488 0.2753
vn -0.9648 0.2585 0.0491
vn -0.9904 0.1292 -0.0491
vn -0.9648 0.2585 -0.0491
vn -0.9533 0.1244 -0.2753
vn -0.9988 0.0000 -0.0491
vn -0.9286 0.2488 -0.2753
vn -0.7202 0.0940 -0.6874
vn -0.9904 -0.1292 -0.0491
vn -0.9614 0.0000 -0.2753
vn -0.7262 0.0000 -0.6874
vn -0.9533 -0.1244 -0.2753
vn -0.7016 0.1880 -0.6873
vn -0.7202 -0.0940 -0.6874
vn -0.7016 -0.1880 -0.6873
vn -0.9286 -0.2488 -0.2753
vn -0.9648 -0.2585 -0.0491
vn -0.7931 -0.6071 0.0491
vn -0.7063 -0.7063 0.0491
vn -0.7634 -0.5844 0.2753
vn -0.8650 -0.4994 0.0491
vn -0.6798 -0.6798 0.2753
vn -0.5767 -0.4415 0.6874
vn -0.9223 -0.3833 0.0491
vn -0.8326 -0.4807 0.2753
vn -0.6289 -0.3631 0.6874
vn -0.8878 -0.3689 0.2753
vn -0.5136 -0.5136 0.6873
vn -0.6707 -0.2787 0.6874
vn -0.9223 -0.3833 -0.0491
vn -0.8878 -0.3689 -0.2753
vn -0.8650 -0.4994 -0.0491
vn -0.6707 -0.2787 -0.6874
vn -0.7931 -0.6071 -0.0491
vn -0.8326 -0.4807 -0.2753
vn -0.6289 -0.3631 -0.6874
vn -0.7634 -0.5844 -0.2753
vn -0.5767 -0.4415 -0.6874
vn -0.5136 -0.5136 -0.6873
vn -0.6798 -0.6798 -0.2753
vn -0.7063 -0.7063 -0.0491
vn -0.3833 -0.9223 0.0491
vn -0.2585 -0.9648 0.0491
vn -0.3689 -0.8878 0.2753
vn -0.4994 -0.8650 0.0491
vn -0.2488 -0.9286 0.2753
vn -0.2787 -0.6707 0.6874
vn -0.6071 -0.7931 0.0491
vn -0.4807 -0.8326 0.2753
vn -0.3631 -0.6289 0.6874
vn -0.5844 -0.7634 0.2753
vn -0.1880 -0.7016 0.6873
vn -0.4415 -0.5767 0.6874
vn -0.6071 -0.7931 -0.0491
vn -0.5844 -0.7634 -0.2753
vn -0.4994 -0.8650 -0.0491
vn -0.4415 -0.5767 -0.6874
vn -0.3833 -0.9223 -0.0491
vn -0.4807 -0.8326 -0.2753
vn -0.3631 -0.6289 -0.6874
vn -0.3689 -0.8878 -0.2753
vn -0.2787 -0.6707 -0.6874
vn -0.1880 -0.7016 -0.6873
vn -0.2488 -0.9286 -0.2753
vn -0.2585 -0.9648 -0.0491
vn 0.1292 -0.9904 0.0491
vn 0.2585 -0.9648 0.0491
vn 0.1244 -0.9533 0.2753
vn -0.0000 -0.9988 0.0491
vn 0.2488 -0.9286 0.2753
vn 0.0940 -0.7202 0.6874
vn -0.1292 -0.9904 0.0491
vn -0.0000 -0.9614 0.2753
vn -0.0000 -0.7262 0.6874
vn -0.1244 -0.9533 0.2753
vn 0.1880 -0.7016 0.6873
vn -0.0940 -0.7202 0.6874
vn -0.1292 -0.9904 -0.0491
vn -0.1244 -0.9533 -0.2753
vn -0.0000 -0.9988 -0.0491
vn -0.0940 -0.7202 -0.6874
vn 0.1292 -0.9904 -0.0491
vn -0.0000 -0.9614 -0.2753
vn -0.0000 -0.7262 -0.6874
vn 0.1244 -0.9533 -0.2753
vn 0.0940 -0.7202 -0.6874
vn 0.1880 -0.7016 -0.6873
vn 0.2488 -0.9286 -0.2753
vn 0.2585 -0.9648 -0.0491
vn 0.6071 -0.7931 0.0491
vn 0.7063 -0.7063 0.0491
vn 0.5844 -0.7634 0.2753
vn 0.4994 -0.8650 0.0491
vn 0.6798 -0.6798 0.2753
vn 0.4415 -0.5767 0.6874
vn 0.3833 -0.9223 0.0491
vn 0.4807 -0.8326 0.2753
vn 0.3631 -0.6289 0.6874
vn 0.3689 -0.8878 0.2753
vn 0.5136 -0.5136 0.6873
vn 0.2787 -0.6707 0.6874
vn 0.3833 -0.9223 -0.0491
vn 0.3689 -0.8878 -0.2753
vn 0.4994 -0.8650 -0.0491
vn 0.2787 -0.6707 -0.6874
vn 0.6071 -0.7931 -0.0491
vn 0.4807 -0.8326 -0.2753
vn 0.3631 -0.6289 -0.6874
vn 0.5844 -0.7634 -0.2753
vn 0.4415 -0.5767 -0.6874
vn 0.5136 -0.5136 -0.6873
vn 0.6798 -0.6798 -0.2753
vn 0.7063 -0.7063 -0.0491
vn 0.9223 -0.3833 0.0491
vn 0.9648 -0.2585 0.0491
vn 0.8878 -0.3689 0.2753
vn 0.8650 -0.4994 0.0491
vn 0.9286 -0.2488 0.2753
vn 0.6707 -0.2787 0.6874
vn 0.7931 -0.6071 0.0491
vn 0.8326 -0.4807 0.2753
vn 0.6289 -0.3631 0.6874
vn 0.7634 -0.5844 0.2753
vn 0.7016 -0.1880 0.6873
vn 0.5767 -0.4415 0.6874
vn 0.7931 -0.6071 -0.0491
vn 0.7634 -0.5844 -0.2753
vn 0.8650 -0.4994 -0.0491
vn 0.5767 -0.4415 -0.6874
vn 0.9223 -0.3833 -0.0491
vn 0.8326 -0.4807 -0.2753
vn 0.6289 -0.3631 -0.6874
vn 0.8878 -0.3689 -0.2753
vn 0.6707 -0.2787 -0.6874
vn 0.7016 -0.1880 -0.6873
vn 0.9286 -0.2488 -0.2753
vn 0.9648 -0.2585 -0.0491
vn 0.9904 0.1292 0.0491
vn 0.9648 0.2585 0.0491
vn 0.9533 0.1244 0.2753
vn 0.9988 -0.0000 0.0491
vn 0.9286 0.2488 0.2753
vn 0.7202 0.0940 0.6874
vn 0.9904 -0.1292 0.0491
vn 0.9614 -0.0000 0.2753
vn 0.7262 -0.0000 0.6874
vn 0.9533 -0.1244 0.2753
vn 0.7016 0.1880 0.6873
vn 0.7202 -0.0940 0.6874
vn 0.9904 -0.1292 -0.0491
vn 0.9533 -0.1244 -0.2753
vn 0.9988 -0.0000 -0.0491
vn 0.7202 -0.0940 -0.6874
vn 0.9904 0.1292 -0.0491
vn 0.9614 -0.0000 -0.2753
vn 0.7262 -0.0000 -0.6874
vn 0.9533 0.1244 -0.2753
vn 0.7202 0.0940 -0.6874
vn 0.7016 0.1880 -0.6873
vn 0.9286 0.2488 -0.2753
vn 0.9648 0.2585 -0.0491
vn 0.7931 0.6071 0.0491
vn 0.7063 0.7063 0.0491
vn 0.7634 0.5844 0.2753
vn 0.8650 0.4994 0.0491
vn 0.6798 0.6798 0.2753
vn 0.5767 0.4415 0.6874
vn 0.9223 0.3833 0.0491
vn 0.8326 0.4807 0.2753
vn 0.6289 0.3631 0.6874
vn 0.8878 0.3689 0.2753
vn 0.5136 0.5136 0.6873
vn 0.6707 0.2787 0.6874
vn 0.9223 0.3833 -0.0491
vn 0.8878 0.3689 -0.2753
vn 0.8650 0.4994 -0.0491
vn 0.6707 0.2787 -0.6874
vn 0.7931 0.6071 -0.0491
vn 0.8326 0.4807 -0.2753
vn 0.6289 0.3631 -0.6874
vn 0.7634 0.5844 -0.2753
vn 0.5767 0.4415 -0.6874
vn 0.5136 0.5136 -0.6873
vn 0.6798 0.6798 -0.2753
vn 0.7063 0.7063 -0.0491
vn 0.3833 0.9223 0.0491
vn 0.2585 0.9648 0.0491
vn 0.3689 0.8878 0.2753
vn 0.4994 0.8650 0.0491
vn 0.2488 0.9286 0.2753
vn 0.2787 0.6707 0.6874
vn 0.6071 0.7931 0.0491
vn 0.4807 0.8326 0.2753
vn 0.3631 0.6289 0.6874
vn 0.5844 0.7634 0.2753
vn 0.1880 0.7016 0.6873
vn 0.4415 0.5767 0.6874
vn 0.6071 0.7931 -0.0491
vn 0.5844 0.7634 -0.2753
vn 0.4994 0.8650 -0.0491
vn 0.4415 0.5767 -0.6874
vn 0.3833 0.9223 -0.0491
vn 0.4807 0.8326 -0.2753
vn 0.3631 0.6289 -0.6874
vn 0.3689 0.8878 -0.2753
vn 0.2787 0.6707 -0.6874
vn 0.1880 0.7016 -0.6873
vn 0.2488 0.9286 -0.2753
vn 0.2585 0.9648 -0.0491
vn -0.1292 0.9904 0.0491
vn -0.2585 0.9648 0.0491
vn -0.1244 0.9533 0.2753
vn 0.0000 0.9988 0.0491
vn -0.2488 0.9286 0.2753
vn -0.0940 0.7202 0.6874
vn 0.1292 0.9904 0.0491
vn 0.0000 0.9614 0.2753
vn 0.0000 0.7262 0.6874
vn 0.1244 0.9533 0.2753
vn -0.1880 0.7016 0.6873
vn 0.0940 0.7202 0.6874
vn 0.1292 0.9904 -0.0491
vn 0.1244 0.9533 -0.2753
vn 0.0000 0.9988 -0.0491
vn 0.0940 0.7202 -0.6874
vn -0.1292 0.9904 -0.0491
vn 0.0000 0.9614 -0.2753
vn 0.0000 0.7262 -0.6874
vn -0.1244 0.9533 -0.2753
vn -0.0940 0.7202 -0.6874
vn -0.1880 0.7016 -0.6873
vn -0.2488 0.9286 -0.2753
vn -0.2585 0.9648 -0.0491
vn -0.6071 0.7931 0.0491
vn -0.7063 0.7063 0.0491
vn -0.5844 0.7634 0.2753
vn -0.4994 0.8650 0.0491
vn -0.6798 0.6798 0.2753
vn -0.4415 0.5767 0.6874
vn -0.3833 0.9223 0.0491
vn -0.4807 0.8326 0.2753
vn -0.3631 0.6289 0.6874
vn -0.3689 0.8878 0.2753
vn -0.5136 0.5136 0.6873
vn -0.2787 0.6707 0.6874
vn -0.3833 0.9223 -0.0491
vn -0.3689 0.8878 -0.2753
vn -0.4994 0.8650 -0.0491
vn -0.2787 0.6707 -0.6874
vn -0.6071 0.7931 -0.0491
vn -0.4807 0.8326 -0.2753
vn -0.3631 0.6289 -0.6874
vn -0.5844 0.7634 -0.2753
vn -0.4415 0.5767 -0.6874
vn -0.5136 0.5136 -0.6873
vn -0.6798 0.6798 -0.2753
vn -0.7063 0.7063 -0.0491
vn -0.9223 0.3833 0.0491
vn -0.8878 0.3689 0.2753
vn -0.8650 0.4994 0.0491
vn -0.6707 0.2787 0.6874
vn -0.7931 0.6071 0.0491
vn -0.8326 0.4807 0.2753
vn -0.6289 0.3631 0.6874
vn -0.7634 0.5844 0.2753
vn -0.5767 0.4415 0.6874
vn -0.7931 0.6071 -0.0491
vn -0.7634 0.5844 -0.2753
vn -0.8650 0.4994 -0.0491
vn -0.5767 0.4415 -0.6874
vn -0.9223 0.3833 -0.0491
vn -0.8326 0.4807 -0.2753
vn -0.6289 0.3631 -0.6874
vn -0.8878 0.3689 -0.2753
vn -0.6707 0.2787 -0.6874
# 849 vertex normals

vt 0.8325 0.9579 1.0000
vt 0.8350 0.9476 1.0000
vt 0.8325 0.9476 1.0000
vt 0.8301 0.9579 1.0000
vt 0.8350 0.9579 1.0000
vt 0.8325 0.9682 1.0000
vt 0.8301 0.9476 1.0000
vt 0.8276 0.9579 1.0000
vt 0.8350 0.9682 1.0000
vt 0.8325 0.9785 1.0000
vt 0.8301 0.9682 1.0000
vt 0.8276 0.9682 1.0000
vt 0.8301 0.9785 1.0000
vt 0.8276 0.9476 1.0000
vt 0.8251 0.9476 1.0000
vt 0.8251 0.9579 1.0000
vt 0.8251 0.9682 1.0000
vt 0.8276 0.9785 1.0000
vt 0.8251 0.9888 1.0000
vt 0.8276 0.9888 1.0000
vt 0.8251 0.9785 1.0000
vt 0.8301 0.9888 1.0000
vt 0.8325 0.9888 1.0000
vt 0.8350 0.9888 1.0000
vt 0.8350 0.9785 1.0000
vt 0.8227 0.9579 1.0000
vt 0.8227 0.9476 1.0000
vt 0.8202 0.9579 1.0000
vt 0.8227 0.9682 1.0000
vt 0.8202 0.9476 1.0000
vt 0.8177 0.9579 1.0000
vt 0.8227 0.9785 1.0000
vt 0.8202 0.9682 1.0000
vt 0.8177 0.9682 1.0000
vt 0.8202 0.9785 1.0000
vt 0.8177 0.9476 1.0000
vt 0.8152 0.9476 1.0000
vt 0.8152 0.9579 1.0000
vt 0.8152 0.9682 1.0000
vt 0.8177 0.9785 1.0000
vt 0.8152 0.9888 1.0000
vt 0.8177 0.9888 1.0000
vt 0.8152 0.9785 1.0000
vt 0.8202 0.9888 1.0000
vt 0.8227 0.9888 1.0000
vt 0.8128 0.9579 1.0000
vt 0.8128 0.9476 1.0000
vt 0.8103 0.9579 1.0000
vt 0.8128 0.9682 1.0000
vt 0.8103 0.9476 1.0000
vt 0.8078 0.9579 1.0000
vt 0.8128 0.9785 1.0000
vt 0.8103 0.9682 1.0000
vt 0.8078 0.9682 1.0000
vt 0.8103 0.9785 1.0000
vt 0.8078 0.9476 1.0000
vt 0.8054 0.9476 1.0000
vt 0.8054 0.9579 1.0000
vt 0.8054 0.9682 1.0000
vt 0.8078 0.9785 1.0000
vt 0.8054 0.9888 1.0000
vt 0.8078 0.9888 1.0000
vt 0.8054 0.9785 1.0000
vt 0.8103 0.9888 1.0000
vt 0.8128 0.9888 1.0000
vt 0.8029 0.9579 1.0000
vt 0.8029 0.9476 1.0000
vt 0.8004 0.9579 1.0000
vt 0.8029 0.9682 1.0000
vt 0.8004 0.9476 1.0000
vt 0.7979 0.9579 1.0000
vt 0.8029 0.9785 1.0000
vt 0.8004 0.9682 1.0000
vt 0.7979 0.9682 1.0000
vt 0.8004 0.9785 1.0000
vt 0.7979 0.9476 1.0000
vt 0.7955 0.9476 1.0000
vt 0.7955 0.9579 1.0000
vt 0.7955 0.9682 1.0000
vt 0.7979 0.9785 1.0000
vt 0.7955 0.9888 1.0000
vt 0.7979 0.9888 1.0000
vt 0.7955 0.9785 1.0000
vt 0.8004 0.9888 1.0000
vt 0.8029 0.9888 1.0000
vt 0.7930 0.9579 1.0000
vt 0.7930 0.9476 1.0000
vt 0.7905 0.9579 1.0000
vt 0.7930 0.9682 1.0000
vt 0.7905 0.9476 1.0000
vt 0.7881 0.9579 1.0000
vt 0.7930 0.9785 1.0000
vt 0.7905 0.9682 1.0000
vt 0.7881 0.9682 1.0000
vt 0.7905 0.9785 1.0000
vt 0.7881 0.9476 1.0000
vt 0.7856 0.9476 1.0000
vt 0.7856 0.9579 1.0000
vt 0.7856 0.9682 1.0000
vt 0.7881 0.9785 1.0000
vt 0.7856 0.9888 1.0000
vt 0.7881 0.9888 1.0000
vt 0.7856 0.9785 1.0000
vt 0.7905 0.9888 1.0000
vt 0.7930 0.9888 1.0000
vt 0.8424 0.9579 1.0000
vt 0.8449 0.9476 1.0000
vt 0.8424 0.9476 1.0000
vt 0.8400 0.9579 1.0000
vt 0.8449 0.9579 1.0000
vt 0.8424 0.9682 1.0000
vt 0.8400 0.9476 1.0000
vt 0.8375 0.9579 1.0000
vt 0.8449 0.9682 1.0000
vt 0.8424 0.9785 1.0000
vt 0.8400 0.9682 1.0000
vt 0.8375 0.9682 1.0000
vt 0.8400 0.9785 1.0000
vt 0.8375 0.9476 1.0000
vt 0.8375 0.9785 1.0000
vt 0.8375 0.9888 1.0000
vt 0.8400 0.9888 1.0000
vt 0.8424 0.9888 1.0000
vt 0.8449 0.9888 1.0000
vt 0.8449 0.9785 1.0000
vt 0.5706 0.7072 1.0000
vt 0.5641 0.7003 1.0000
vt 0.5641 0.7072 1.0000
vt 0.5706 0.7153 1.0000
vt 0.5706 0.7003 1.0000
vt 0.5771 0.7072 1.0000
vt 0.5641 0.7153 1.0000
vt 0.5706 0.7233 1.0000
vt 0.5771 0.7003 1.0000
vt 0.5836 0.7072 1.0000
vt 0.5771 0.7153 1.0000
vt 0.5771 0.7233 1.0000
vt 0.5836 0.7153 1.0000
vt 0.5641 0.7233 1.0000
vt 0.5641 0.7302 1.0000
vt 0.5706 0.7302 1.0000
vt 0.5771 0.7302 1.0000
vt 0.5836 0.7233 1.0000
vt 0.5901 0.7302 1.0000
vt 0.5901 0.7233 1.0000
vt 0.5836 0.7302 1.0000
vt 0.5901 0.7153 1.0000
vt 0.5901 0.7072 1.0000
vt 0.5901 0.7003 1.0000
vt 0.5836 0.7003 1.0000
vt 0.5446 0.7072 1.0000
vt 0.5381 0.7003 1.0000
vt 0.5381 0.7072 1.0000
vt 0.5446 0.7153 1.0000
vt 0.5446 0.7003 1.0000
vt 0.5511 0.7072 1.0000
vt 0.5381 0.7153 1.0000
vt 0.5446 0.7233 1.0000
vt 0.5511 0.7003 1.0000
vt 0.5576 0.7072 1.0000
vt 0.5511 0.7153 1.0000
vt 0.5511 0.7233 1.0000
vt 0.5576 0.7153 1.0000
vt 0.5381 0.7233 1.0000
vt 0.5381 0.7302 1.0000
vt 0.5446 0.7302 1.0000
vt 0.5511 0.7302 1.0000
vt 0.5576 0.7233 1.0000
vt 0.5576 0.7302 1.0000
vt 0.5576 0.7003 1.0000
vt 0.5186 0.7072 1.0000
vt 0.5121 0.7003 1.0000
vt 0.5121 0.7072 1.0000
vt 0.5186 0.7153 1.0000
vt 0.5186 0.7003 1.0000
vt 0.5251 0.7072 1.0000
vt 0.5121 0.7153 1.0000
vt 0.5186 0.7233 1.0000
vt 0.5251 0.7003 1.0000
vt 0.5316 0.7072 1.0000
vt 0.5251 0.7153 1.0000
vt 0.5251 0.7233 1.0000
vt 0.5316 0.7153 1.0000
vt 0.5121 0.7233 1.0000
vt 0.5121 0.7302 1.0000
vt 0.5186 0.7302 1.0000
vt 0.5251 0.7302 1.0000
vt 0.5316 0.7233 1.0000
vt 0.5316 0.7302 1.0000
vt 0.5316 0.7003 1.0000
vt 0.4926 0.7072 1.0000
vt 0.4861 0.7003 1.0000
vt 0.4861 0.7072 1.0000
vt 0.4926 0.7153 1.0000
vt 0.4926 0.7003 1.0000
vt 0.4991 0.7072 1.0000
vt 0.4861 0.7153 1.0000
vt 0.4926 0.7233 1.0000
vt 0.4991 0.7003 1.0000
vt 0.5056 0.7072 1.0000
vt 0.4991 0.7153 1.0000
vt 0.4991 0.7233 1.0000
vt 0.5056 0.7153 1.0000
vt 0.4861 0.7233 1.0000
vt 0.4861 0.7302 1.0000
vt 0.4926 0.7302 1.0000
vt 0.4991 0.7302 1.0000
vt 0.5056 0.7233 1.0000
vt 0.5056 0.7302 1.0000
vt 0.5056 0.7003 1.0000
vt 0.4665 0.7072 1.0000
vt 0.4600 0.7003 1.0000
vt 0.4600 0.7072 1.0000
vt 0.4665 0.7153 1.0000
vt 0.4665 0.7003 1.0000
vt 0.4731 0.7072 1.0000
vt 0.4600 0.7153 1.0000
vt 0.4665 0.7233 1.0000
vt 0.4731 0.7003 1.0000
vt 0.4796 0.7072 1.0000
vt 0.4731 0.7153 1.0000
vt 0.4731 0.7233 1.0000
vt 0.4796 0.7153 1.0000
vt 0.4600 0.7233 1.0000
vt 0.4600 0.7302 1.0000
vt 0.4665 0.7302 1.0000
vt 0.4731 0.7302 1.0000
vt 0.4796 0.7233 1.0000
vt 0.4796 0.7302 1.0000
vt 0.4796 0.7003 1.0000
vt 0.4405 0.7072 1.0000
vt 0.4340 0.7003 1.0000
vt 0.4340 0.7072 1.0000
vt 0.4405 0.7153 1.0000
vt 0.4405 0.7003 1.0000
vt 0.4470 0.7072 1.0000
vt 0.4340 0.7153 1.0000
vt 0.4405 0.7233 1.0000
vt 0.4470 0.7003 1.0000
vt 0.4535 0.7072 1.0000
vt 0.4470 0.7153 1.0000
vt 0.4470 0.7233 1.0000
vt 0.4535 0.7153 1.0000
vt 0.4340 0.7233 1.0000
vt 0.4340 0.7302 1.0000
vt 0.4405 0.7302 1.0000
vt 0.4470 0.7302 1.0000
vt 0.4535 0.7233 1.0000
vt 0.4535 0.7302 1.0000
vt 0.4535 0.7003 1.0000
vt 0.4145 0.7072 1.0000
vt 0.4080 0.7003 1.0000
vt 0.4080 0.7072 1.0000
vt 0.4145 0.7153 1.0000
vt 0.4145 0.7003 1.0000
vt 0.4210 0.7072 1.0000
vt 0.4080 0.7153 1.0000
vt 0.4145 0.7233 1.0000
vt 0.4210 0.7003 1.0000
vt 0.4275 0.7072 1.0000
vt 0.4210 0.7153 1.0000
vt 0.4210 0.7233 1.0000
vt 0.4275 0.7153 1.0000
vt 0.4080 0.7233 1.0000
vt 0.4080 0.7302 1.0000
vt 0.4145 0.7302 1.0000
vt 0.4210 0.7302 1.0000
vt 0.4275 0.7233 1.0000
vt 0.4275 0.7302 1.0000
vt 0.4275 0.7003 1.0000
vt 0.3885 0.7072 1.0000
vt 0.3820 0.7003 1.0000
vt 0.3820 0.7072 1.0000
vt 0.3885 0.7153 1.0000
vt 0.3885 0.7003 1.0000
vt 0.3950 0.7072 1.0000
vt 0.3820 0.7153 1.0000
vt 0.3885 0.7233 1.0000
vt 0.3950 0.7003 1.0000
vt 0.4015 0.7072 1.0000
vt 0.3950 0.7153 1.0000
vt 0.3950 0.7233 1.0000
vt 0.4015 0.7153 1.0000
vt 0.3820 0.7233 1.0000
vt 0.3820 0.7302 1.0000
vt 0.3885 0.7302 1.0000
vt 0.3950 0.7302 1.0000
vt 0.4015 0.7233 1.0000
vt 0.4015 0.7302 1.0000
vt 0.4015 0.7003 1.0000
vt 0.3625 0.7072 1.0000
vt 0.3560 0.7003 1.0000
vt 0.3560 0.7072 1.0000
vt 0.3625 0.7153 1.0000
vt 0.3625 0.7003 1.0000
vt 0.3690 0.7072 1.0000
vt 0.3560 0.7153 1.0000
vt 0.3625 0.7233 1.0000
vt 0.3690 0.7003 1.0000
vt 0.3755 0.7072 1.0000
vt 0.3690 0.7153 1.0000
vt 0.3690 0.7233 1.0000
vt 0.3755 0.7153 1.0000
vt 0.3560 0.7233 1.0000
vt 0.3560 0.7302 1.0000
vt 0.3625 0.7302 1.0000
vt 0.3690 0.7302 1.0000
vt 0.3755 0.7233 1.0000
vt 0.3755 0.7302 1.0000
vt 0.3755 0.7003 1.0000
vt 0.3365 0.7062 1.0000
vt 0.3300 0.6950 1.0000
vt 0.3300 0.7051 1.0000
vt 0.3365 0.7153 1.0000
vt 0.3365 0.6987 1.0000
vt 0.3430 0.7070 1.0000
vt 0.3300 0.7153 1.0000
vt 0.3365 0.7243 1.0000
vt 0.3430 0.6999 1.0000
vt 0.3495 0.7072 1.0000
vt 0.3430 0.7153 1.0000
vt 0.3430 0.7235 1.0000
vt 0.3495 0.7153 1.0000
vt 0.3300 0.7254 1.0000
vt 0.3300 0.7356 1.0000
vt 0.3365 0.7318 1.0000
vt 0.3430 0.7306 1.0000
vt 0.3495 0.7233 1.0000
vt 0.3495 0.7302 1.0000
vt 0.3495 0.7003 1.0000
vt 0.6226 0.7072 1.0000
vt 0.6161 0.7003 1.0000
vt 0.6161 0.7072 1.0000
vt 0.6226 0.7153 1.0000
vt 0.6226 0.7003 1.0000
vt 0.6291 0.7070 1.0000
vt 0.6161 0.7153 1.0000
vt 0.6226 0.7233 1.0000
vt 0.6291 0.6999 1.0000
vt 0.6356 0.7062 1.0000
vt 0.6291 0.7153 1.0000
vt 0.6291 0.7235 1.0000
vt 0.6356 0.7153 1.0000
vt 0.6161 0.7233 1.0000
vt 0.6161 0.7302 1.0000
vt 0.6226 0.7302 1.0000
vt 0.6291 0.7306 1.0000
vt 0.6356 0.7243 1.0000
vt 0.6421 0.7356 1.0000
vt 0.6421 0.7254 1.0000
vt 0.6356 0.7318 1.0000
vt 0.6421 0.7153 1.0000
vt 0.6421 0.7051 1.0000
vt 0.6421 0.6950 1.0000
vt 0.6356 0.6987 1.0000
vt 0.5966 0.7072 1.0000
vt 0.5966 0.7153 1.0000
vt 0.5966 0.7003 1.0000
vt 0.6031 0.7072 1.0000
vt 0.5966 0.7233 1.0000
vt 0.6031 0.7003 1.0000
vt 0.6096 0.7072 1.0000
vt 0.6031 0.7153 1.0000
vt 0.6031 0.7233 1.0000
vt 0.6096 0.7153 1.0000
vt 0.5966 0.7302 1.0000
vt 0.6031 0.7302 1.0000
vt 0.6096 0.7233 1.0000
vt 0.6096 0.7302 1.0000
vt 0.6096 0.7003 1.0000
vt 0.4581 0.8475 0.0000
vt 0.4559 0.8405 0.0000
vt 0.4544 0.8460 0.0000
vt 0.4567 0.8524 0.0000
vt 0.4602 0.8430 0.0000
vt 0.4617 0.8490 0.0000
vt 0.4530 0.8514 0.0000
vt 0.4555 0.8573 0.0000
vt 0.4636 0.8450 0.0000
vt 0.4650 0.8504 0.0000
vt 0.4603 0.8534 0.0000
vt 0.4594 0.8578 0.0000
vt 0.4638 0.8543 0.0000
vt 0.4515 0.8568 0.0000
vt 0.4501 0.8623 0.0000
vt 0.4550 0.8623 0.0000
vt 0.4590 0.8623 0.0000
vt 0.4629 0.8583 0.0000
vt 0.4654 0.8623 0.0000
vt 0.4663 0.8587 0.0000
vt 0.4625 0.8623 0.0000
vt 0.4673 0.8552 0.0000
vt 0.4682 0.8517 0.0000
vt 0.4691 0.8482 0.0000
vt 0.4667 0.8467 0.0000
vt 0.4555 0.8672 0.0000
vt 0.4515 0.8677 0.0000
vt 0.4567 0.8722 0.0000
vt 0.4594 0.8668 0.0000
vt 0.4530 0.8732 0.0000
vt 0.4581 0.8770 0.0000
vt 0.4629 0.8663 0.0000
vt 0.4603 0.8712 0.0000
vt 0.4617 0.8755 0.0000
vt 0.4638 0.8703 0.0000
vt 0.4544 0.8786 0.0000
vt 0.4559 0.8840 0.0000
vt 0.4602 0.8816 0.0000
vt 0.4636 0.8796 0.0000
vt 0.4650 0.8741 0.0000
vt 0.4691 0.8764 0.0000
vt 0.4682 0.8729 0.0000
vt 0.4667 0.8778 0.0000
vt 0.4673 0.8693 0.0000
vt 0.4663 0.8658 0.0000
vt 0.4631 0.8856 0.0000
vt 0.4599 0.8880 0.0000
vt 0.4666 0.8893 0.0000
vt 0.4662 0.8833 0.0000
vt 0.4639 0.8920 0.0000
vt 0.4703 0.8928 0.0000
vt 0.4690 0.8811 0.0000
vt 0.4692 0.8866 0.0000
vt 0.4726 0.8897 0.0000
vt 0.4718 0.8841 0.0000
vt 0.4679 0.8960 0.0000
vt 0.4718 0.9000 0.0000
vt 0.4743 0.8957 0.0000
vt 0.4763 0.8922 0.0000
vt 0.4748 0.8868 0.0000
vt 0.4795 0.8867 0.0000
vt 0.4769 0.8841 0.0000
vt 0.4781 0.8892 0.0000
vt 0.4743 0.8816 0.0000
vt 0.4717 0.8790 0.0000
vt 0.4789 0.8977 0.0000
vt 0.4773 0.9014 0.0000
vt 0.4837 0.8992 0.0000
vt 0.4804 0.8942 0.0000
vt 0.4827 0.9029 0.0000
vt 0.4886 0.9004 0.0000
vt 0.4817 0.8909 0.0000
vt 0.4847 0.8955 0.0000
vt 0.4891 0.8965 0.0000
vt 0.4856 0.8920 0.0000
vt 0.4882 0.9043 0.0000
vt 0.4936 0.9058 0.0000
vt 0.4936 0.9009 0.0000
vt 0.4936 0.8969 0.0000
vt 0.4896 0.8930 0.0000
vt 0.4936 0.8905 0.0000
vt 0.4901 0.8896 0.0000
vt 0.4936 0.8933 0.0000
vt 0.4865 0.8886 0.0000
vt 0.4830 0.8877 0.0000
vt 0.4986 0.9004 0.0000
vt 0.4990 0.9043 0.0000
vt 0.5035 0.8992 0.0000
vt 0.4981 0.8965 0.0000
vt 0.5045 0.9029 0.0000
vt 0.5083 0.8977 0.0000
vt 0.4976 0.8930 0.0000
vt 0.5025 0.8955 0.0000
vt 0.5068 0.8942 0.0000
vt 0.5016 0.8920 0.0000
vt 0.5099 0.9014 0.0000
vt 0.5154 0.9000 0.0000
vt 0.5129 0.8957 0.0000
vt 0.5109 0.8922 0.0000
vt 0.5055 0.8909 0.0000
vt 0.5077 0.8867 0.0000
vt 0.5042 0.8877 0.0000
vt 0.5091 0.8892 0.0000
vt 0.5007 0.8886 0.0000
vt 0.4971 0.8896 0.0000
vt 0.5169 0.8928 0.0000
vt 0.5193 0.8960 0.0000
vt 0.5206 0.8893 0.0000
vt 0.5146 0.8897 0.0000
vt 0.5233 0.8920 0.0000
vt 0.5241 0.8856 0.0000
vt 0.5124 0.8868 0.0000
vt 0.5179 0.8866 0.0000
vt 0.5210 0.8833 0.0000
vt 0.5154 0.8841 0.0000
vt 0.5273 0.8880 0.0000
vt 0.5313 0.8840 0.0000
vt 0.5270 0.8816 0.0000
vt 0.5236 0.8796 0.0000
vt 0.5182 0.8811 0.0000
vt 0.5180 0.8764 0.0000
vt 0.5155 0.8790 0.0000
vt 0.5205 0.8778 0.0000
vt 0.5129 0.8816 0.0000
vt 0.5103 0.8841 0.0000
vt 0.5291 0.8770 0.0000
vt 0.5328 0.8786 0.0000
vt 0.5305 0.8722 0.0000
vt 0.5255 0.8755 0.0000
vt 0.5342 0.8732 0.0000
vt 0.5317 0.8672 0.0000
vt 0.5222 0.8741 0.0000
vt 0.5269 0.8712 0.0000
vt 0.5278 0.8668 0.0000
vt 0.5234 0.8703 0.0000
vt 0.5357 0.8677 0.0000
vt 0.5371 0.8623 0.0000
vt 0.5322 0.8623 0.0000
vt 0.5282 0.8623 0.0000
vt 0.5243 0.8663 0.0000
vt 0.5218 0.8623 0.0000
vt 0.5209 0.8658 0.0000
vt 0.5247 0.8623 0.0000
vt 0.5199 0.8693 0.0000
vt 0.5190 0.8729 0.0000
vt 0.5317 0.8573 0.0000
vt 0.5357 0.8568 0.0000
vt 0.5305 0.8524 0.0000
vt 0.5278 0.8578 0.0000
vt 0.5342 0.8514 0.0000
vt 0.5291 0.8475 0.0000
vt 0.5243 0.8583 0.0000
vt 0.5269 0.8534 0.0000
vt 0.5255 0.8490 0.0000
vt 0.5234 0.8543 0.0000
vt 0.5328 0.8460 0.0000
vt 0.5313 0.8405 0.0000
vt 0.5270 0.8430 0.0000
vt 0.5236 0.8450 0.0000
vt 0.5222 0.8504 0.0000
vt 0.5180 0.8482 0.0000
vt 0.5190 0.8517 0.0000
vt 0.5205 0.8467 0.0000
vt 0.5199 0.8552 0.0000
vt 0.5209 0.8587 0.0000
vt 0.5241 0.8389 0.0000
vt 0.5273 0.8365 0.0000
vt 0.5206 0.8353 0.0000
vt 0.5210 0.8413 0.0000
vt 0.5233 0.8325 0.0000
vt 0.5169 0.8318 0.0000
vt 0.5182 0.8435 0.0000
vt 0.5179 0.8379 0.0000
vt 0.5146 0.8349 0.0000
vt 0.5154 0.8405 0.0000
vt 0.5193 0.8286 0.0000
vt 0.5154 0.8246 0.0000
vt 0.5129 0.8289 0.0000
vt 0.5109 0.8323 0.0000
vt 0.5124 0.8377 0.0000
vt 0.5077 0.8378 0.0000
vt 0.5103 0.8404 0.0000
vt 0.5091 0.8354 0.0000
vt 0.5129 0.8430 0.0000
vt 0.5155 0.8456 0.0000
vt 0.5083 0.8268 0.0000
vt 0.5099 0.8231 0.0000
vt 0.5035 0.8254 0.0000
vt 0.5068 0.8304 0.0000
vt 0.5045 0.8217 0.0000
vt 0.4986 0.8242 0.0000
vt 0.5055 0.8337 0.0000
vt 0.5025 0.8290 0.0000
vt 0.4981 0.8281 0.0000
vt 0.5016 0.8325 0.0000
vt 0.4990 0.8202 0.0000
vt 0.4936 0.8188 0.0000
vt 0.4936 0.8237 0.0000
vt 0.4936 0.8277 0.0000
vt 0.4976 0.8316 0.0000
vt 0.4936 0.8340 0.0000
vt 0.4971 0.8350 0.0000
vt 0.4936 0.8312 0.0000
vt 0.5007 0.8359 0.0000
vt 0.5042 0.8369 0.0000
vt 0.4886 0.8242 0.0000
vt 0.4882 0.8202 0.0000
vt 0.4837 0.8254 0.0000
vt 0.4891 0.8281 0.0000
vt 0.4827 0.8217 0.0000
vt 0.4789 0.8268 0.0000
vt 0.4896 0.8316 0.0000
vt 0.4847 0.8290 0.0000
vt 0.4804 0.8304 0.0000
vt 0.4856 0.8325 0.0000
vt 0.4773 0.8231 0.0000
vt 0.4718 0.8246 0.0000
vt 0.4743 0.8289 0.0000
vt 0.4763 0.8323 0.0000
vt 0.4817 0.8337 0.0000
vt 0.4795 0.8378 0.0000
vt 0.4830 0.8369 0.0000
vt 0.4781 0.8354 0.0000
vt 0.4865 0.8359 0.0000
vt 0.4901 0.8350 0.0000
vt 0.4703 0.8318 0.0000
vt 0.4679 0.8286 0.0000
vt 0.4666 0.8353 0.0000
vt 0.4726 0.8349 0.0000
vt 0.4639 0.8325 0.0000
vt 0.4631 0.8389 0.0000
vt 0.4748 0.8377 0.0000
vt 0.4692 0.8379 0.0000
vt 0.4662 0.8413 0.0000
vt 0.4718 0.8405 0.0000
vt 0.4599 0.8365 0.0000
vt 0.4690 0.8435 0.0000
vt 0.4717 0.8456 0.0000
vt 0.4743 0.8430 0.0000
vt 0.4769 0.8404 0.0000
vt 0.3666 0.8573 0.0000
vt 0.3612 0.8623 0.0000
vt 0.3626 0.8568 0.0000
vt 0.3678 0.8524 0.0000
vt 0.3661 0.8623 0.0000
vt 0.3705 0.8578 0.0000
vt 0.3641 0.8514 0.0000
vt 0.3693 0.8475 0.0000
vt 0.3701 0.8623 0.0000
vt 0.3740 0.8583 0.0000
vt 0.3715 0.8534 0.0000
vt 0.3728 0.8490 0.0000
vt 0.3750 0.8543 0.0000
vt 0.3656 0.8460 0.0000
vt 0.3670 0.8405 0.0000
vt 0.3713 0.8430 0.0000
vt 0.3748 0.8450 0.0000
vt 0.3761 0.8504 0.0000
vt 0.3803 0.8482 0.0000
vt 0.3793 0.8517 0.0000
vt 0.3778 0.8467 0.0000
vt 0.3784 0.8552 0.0000
vt 0.3774 0.8587 0.0000
vt 0.3765 0.8623 0.0000
vt 0.3737 0.8623 0.0000
vt 0.3742 0.8389 0.0000
vt 0.3710 0.8365 0.0000
vt 0.3777 0.8353 0.0000
vt 0.3773 0.8413 0.0000
vt 0.3750 0.8325 0.0000
vt 0.3814 0.8318 0.0000
vt 0.3802 0.8435 0.0000
vt 0.3804 0.8379 0.0000
vt 0.3837 0.8349 0.0000
vt 0.3829 0.8405 0.0000
vt 0.3790 0.8286 0.0000
vt 0.3830 0.8246 0.0000
vt 0.3854 0.8289 0.0000
vt 0.3874 0.8323 0.0000
vt 0.3859 0.8377 0.0000
vt 0.3906 0.8378 0.0000
vt 0.3880 0.8404 0.0000
vt 0.3892 0.8354 0.0000
vt 0.3854 0.8430 0.0000
vt 0.3829 0.8456 0.0000
vt 0.3900 0.8268 0.0000
vt 0.3884 0.8231 0.0000
vt 0.3948 0.8254 0.0000
vt 0.3915 0.8304 0.0000
vt 0.3938 0.8217 0.0000
vt 0.3998 0.8242 0.0000
vt 0.3928 0.8337 0.0000
vt 0.3958 0.8290 0.0000
vt 0.4002 0.8281 0.0000
vt 0.3967 0.8325 0.0000
vt 0.3993 0.8202 0.0000
vt 0.4047 0.8188 0.0000
vt 0.4047 0.8237 0.0000
vt 0.4047 0.8277 0.0000
vt 0.4007 0.8316 0.0000
vt 0.4047 0.8340 0.0000
vt 0.4012 0.8350 0.0000
vt 0.4047 0.8312 0.0000
vt 0.3977 0.8359 0.0000
vt 0.3941 0.8369 0.0000
vt 0.4097 0.8242 0.0000
vt 0.4102 0.8202 0.0000
vt 0.4146 0.8254 0.0000
vt 0.4092 0.8281 0.0000
vt 0.4156 0.8217 0.0000
vt 0.4195 0.8268 0.0000
vt 0.4087 0.8316 0.0000
vt 0.4136 0.8290 0.0000
vt 0.4179 0.8304 0.0000
vt 0.4127 0.8325 0.0000
vt 0.4210 0.8231 0.0000
vt 0.4265 0.8246 0.0000
vt 0.4240 0.8289 0.0000
vt 0.4220 0.8323 0.0000
vt 0.4166 0.8337 0.0000
vt 0.4188 0.8378 0.0000
vt 0.4153 0.8369 0.0000
vt 0.4203 0.8354 0.0000
vt 0.4118 0.8359 0.0000
vt 0.4082 0.8350 0.0000
vt 0.4281 0.8318 0.0000
vt 0.4305 0.8286 0.0000
vt 0.4317 0.8353 0.0000
vt 0.4257 0.8349 0.0000
vt 0.4344 0.8325 0.0000
vt 0.4352 0.8389 0.0000
vt 0.4235 0.8377 0.0000
vt 0.4291 0.8379 0.0000
vt 0.4321 0.8413 0.0000
vt 0.4265 0.8405 0.0000
vt 0.4384 0.8365 0.0000
vt 0.4424 0.8405 0.0000
vt 0.4381 0.8430 0.0000
vt 0.4347 0.8450 0.0000
vt 0.4293 0.8435 0.0000
vt 0.4292 0.8482 0.0000
vt 0.4266 0.8456 0.0000
vt 0.4316 0.8467 0.0000
vt 0.4240 0.8430 0.0000
vt 0.4214 0.8404 0.0000
vt 0.4402 0.8475 0.0000
vt 0.4439 0.8460 0.0000
vt 0.4416 0.8524 0.0000
vt 0.4366 0.8490 0.0000
vt 0.4453 0.8514 0.0000
vt 0.4428 0.8573 0.0000
vt 0.4333 0.8504 0.0000
vt 0.4380 0.8534 0.0000
vt 0.4389 0.8578 0.0000
vt 0.4345 0.8543 0.0000
vt 0.4468 0.8568 0.0000
vt 0.4482 0.8623 0.0000
vt 0.4433 0.8623 0.0000
vt 0.4393 0.8623 0.0000
vt 0.4354 0.8583 0.0000
vt 0.4329 0.8623 0.0000
vt 0.4320 0.8587 0.0000
vt 0.4358 0.8623 0.0000
vt 0.4311 0.8552 0.0000
vt 0.4301 0.8517 0.0000
vt 0.4428 0.8672 0.0000
vt 0.4468 0.8677 0.0000
vt 0.4416 0.8722 0.0000
vt 0.4389 0.8668 0.0000
vt 0.4453 0.8732 0.0000
vt 0.4402 0.8770 0.0000
vt 0.4354 0.8663 0.0000
vt 0.4380 0.8712 0.0000
vt 0.4366 0.8755 0.0000
vt 0.4345 0.8703 0.0000
vt 0.4439 0.8786 0.0000
vt 0.4424 0.8840 0.0000
vt 0.4381 0.8816 0.0000
vt 0.4347 0.8796 0.0000
vt 0.4333 0.8741 0.0000
vt 0.4292 0.8764 0.0000
vt 0.4301 0.8729 0.0000
vt 0.4316 0.8778 0.0000
vt 0.4311 0.8693 0.0000
vt 0.4320 0.8658 0.0000
vt 0.4352 0.8856 0.0000
vt 0.4384 0.8880 0.0000
vt 0.4317 0.8893 0.0000
vt 0.4321 0.8833 0.0000
vt 0.4344 0.8920 0.0000
vt 0.4281 0.8928 0.0000
vt 0.4293 0.8811 0.0000
vt 0.4291 0.8866 0.0000
vt 0.4257 0.8897 0.0000
vt 0.4265 0.8841 0.0000
vt 0.4305 0.8960 0.0000
vt 0.4265 0.9000 0.0000
vt 0.4240 0.8957 0.0000
vt 0.4220 0.8922 0.0000
vt 0.4235 0.8868 0.0000
vt 0.4188 0.8867 0.0000
vt 0.4214 0.8841 0.0000
vt 0.4203 0.8892 0.0000
vt 0.4240 0.8816 0.0000
vt 0.4266 0.8790 0.0000
vt 0.4195 0.8977 0.0000
vt 0.4210 0.9014 0.0000
vt 0.4146 0.8992 0.0000
vt 0.4179 0.8942 0.0000
vt 0.4156 0.9029 0.0000
vt 0.4097 0.9004 0.0000
vt 0.4166 0.8909 0.0000
vt 0.4136 0.8955 0.0000
vt 0.4092 0.8965 0.0000
vt 0.4127 0.8920 0.0000
vt 0.4102 0.9043 0.0000
vt 0.4047 0.9058 0.0000
vt 0.4047 0.9009 0.0000
vt 0.4047 0.8969 0.0000
vt 0.4087 0.8930 0.0000
vt 0.4047 0.8905 0.0000
vt 0.4082 0.8896 0.0000
vt 0.4047 0.8933 0.0000
vt 0.4118 0.8886 0.0000
vt 0.4153 0.8877 0.0000
vt 0.3998 0.9004 0.0000
vt 0.3993 0.9043 0.0000
vt 0.3948 0.8992 0.0000
vt 0.4002 0.8965 0.0000
vt 0.3938 0.9029 0.0000
vt 0.3900 0.8977 0.0000
vt 0.4007 0.8930 0.0000
vt 0.3958 0.8955 0.0000
vt 0.3915 0.8942 0.0000
vt 0.3967 0.8920 0.0000
vt 0.3884 0.9014 0.0000
vt 0.3830 0.9000 0.0000
vt 0.3854 0.8957 0.0000
vt 0.3874 0.8922 0.0000
vt 0.3928 0.8909 0.0000
vt 0.3906 0.8867 0.0000
vt 0.3941 0.8877 0.0000
vt 0.3892 0.8892 0.0000
vt 0.3977 0.8886 0.0000
vt 0.4012 0.8896 0.0000
vt 0.3814 0.8928 0.0000
vt 0.3790 0.8960 0.0000
vt 0.3777 0.8893 0.0000
vt 0.3837 0.8897 0.0000
vt 0.3750 0.8920 0.0000
vt 0.3742 0.8856 0.0000
vt 0.3859 0.8868 0.0000
vt 0.3804 0.8866 0.0000
vt 0.3773 0.8833 0.0000
vt 0.3829 0.8841 0.0000
vt 0.3710 0.8880 0.0000
vt 0.3670 0.8840 0.0000
vt 0.3713 0.8816 0.0000
vt 0.3748 0.8796 0.0000
vt 0.3802 0.8811 0.0000
vt 0.3803 0.8764 0.0000
vt 0.3829 0.8790 0.0000
vt 0.3778 0.8778 0.0000
vt 0.3854 0.8816 0.0000
vt 0.3880 0.8841 0.0000
vt 0.3693 0.8770 0.0000
vt 0.3656 0.8786 0.0000
vt 0.3678 0.8722 0.0000
vt 0.3728 0.8755 0.0000
vt 0.3641 0.8732 0.0000
vt 0.3666 0.8672 0.0000
vt 0.3761 0.8741 0.0000
vt 0.3715 0.8712 0.0000
vt 0.3705 0.8668 0.0000
vt 0.3750 0.8703 0.0000
vt 0.3626 0.8677 0.0000
vt 0.3740 0.8663 0.0000
vt 0.3774 0.8658 0.0000
vt 0.3784 0.8693 0.0000
vt 0.3793 0.8729 0.0000
vt 0.5200 0.9442 0.0000
vt 0.5145 0.9336 0.0000
vt 0.5130 0.9390 0.0000
vt 0.5169 0.9498 0.0000
vt 0.5231 0.9386 0.0000
vt 0.5271 0.9496 0.0000
vt 0.5115 0.9445 0.0000
vt 0.5135 0.9553 0.0000
vt 0.5314 0.9434 0.0000
vt 0.5344 0.9553 0.0000
vt 0.5221 0.9553 0.0000
vt 0.5169 0.9608 0.0000
vt 0.5271 0.9611 0.0000
vt 0.5101 0.9499 0.0000
vt 0.5086 0.9553 0.0000
vt 0.5101 0.9608 0.0000
vt 0.5115 0.9662 0.0000
vt 0.5200 0.9665 0.0000
vt 0.5145 0.9771 0.0000
vt 0.5231 0.9721 0.0000
vt 0.5130 0.9717 0.0000
vt 0.5314 0.9673 0.0000
vt 0.5404 0.9485 0.0000
vt 0.5404 0.9621 0.0000
vt 0.5522 0.9553 0.0000
vt 0.5264 0.9776 0.0000
vt 0.5184 0.9811 0.0000
vt 0.5297 0.9831 0.0000
vt 0.5346 0.9742 0.0000
vt 0.5224 0.9851 0.0000
vt 0.5328 0.9888 0.0000
vt 0.5433 0.9707 0.0000
vt 0.5371 0.9814 0.0000
vt 0.5393 0.9886 0.0000
vt 0.5446 0.9799 0.0000
vt 0.5264 0.9891 0.0000
vt 0.5304 0.9930 0.0000
vt 0.5358 0.9945 0.0000
vt 0.5413 0.9960 0.0000
vt 0.5457 0.9888 0.0000
vt 0.5522 0.9989 0.0000
vt 0.5522 0.9889 0.0000
vt 0.5467 0.9974 0.0000
vt 0.5522 0.9793 0.0000
vt 0.5522 0.9690 0.0000
vt 0.5586 0.9888 0.0000
vt 0.5576 0.9974 0.0000
vt 0.5650 0.9886 0.0000
vt 0.5597 0.9799 0.0000
vt 0.5630 0.9960 0.0000
vt 0.5715 0.9888 0.0000
vt 0.5610 0.9707 0.0000
vt 0.5672 0.9814 0.0000
vt 0.5746 0.9831 0.0000
vt 0.5697 0.9742 0.0000
vt 0.5685 0.9945 0.0000
vt 0.5739 0.9930 0.0000
vt 0.5779 0.9891 0.0000
vt 0.5819 0.9851 0.0000
vt 0.5779 0.9776 0.0000
vt 0.5898 0.9771 0.0000
vt 0.5812 0.9721 0.0000
vt 0.5859 0.9811 0.0000
vt 0.5729 0.9673 0.0000
vt 0.5639 0.9621 0.0000
vt 0.5843 0.9665 0.0000
vt 0.5913 0.9717 0.0000
vt 0.5874 0.9608 0.0000
vt 0.5772 0.9611 0.0000
vt 0.5928 0.9662 0.0000
vt 0.5908 0.9553 0.0000
vt 0.5699 0.9553 0.0000
vt 0.5822 0.9553 0.0000
vt 0.5874 0.9498 0.0000
vt 0.5772 0.9496 0.0000
vt 0.5942 0.9608 0.0000
vt 0.5957 0.9553 0.0000
vt 0.5942 0.9499 0.0000
vt 0.5928 0.9445 0.0000
vt 0.5843 0.9442 0.0000
vt 0.5898 0.9336 0.0000
vt 0.5812 0.9386 0.0000
vt 0.5913 0.9390 0.0000
vt 0.5729 0.9434 0.0000
vt 0.5639 0.9485 0.0000
vt 0.5779 0.9331 0.0000
vt 0.5859 0.9296 0.0000
vt 0.5746 0.9275 0.0000
vt 0.5697 0.9365 0.0000
vt 0.5819 0.9256 0.0000
vt 0.5715 0.9219 0.0000
vt 0.5610 0.9400 0.0000
vt 0.5672 0.9293 0.0000
vt 0.5650 0.9220 0.0000
vt 0.5597 0.9308 0.0000
vt 0.5779 0.9216 0.0000
vt 0.5739 0.9176 0.0000
vt 0.5685 0.9162 0.0000
vt 0.5630 0.9147 0.0000
vt 0.5586 0.9219 0.0000
vt 0.5522 0.9118 0.0000
vt 0.5522 0.9218 0.0000
vt 0.5576 0.9133 0.0000
vt 0.5522 0.9314 0.0000
vt 0.5522 0.9417 0.0000
vt 0.5457 0.9219 0.0000
vt 0.5467 0.9133 0.0000
vt 0.5393 0.9220 0.0000
vt 0.5446 0.9308 0.0000
vt 0.5413 0.9147 0.0000
vt 0.5328 0.9219 0.0000
vt 0.5433 0.9400 0.0000
vt 0.5371 0.9293 0.0000
vt 0.5297 0.9275 0.0000
vt 0.5346 0.9365 0.0000
vt 0.5358 0.9162 0.0000
vt 0.5304 0.9176 0.0000
vt 0.5264 0.9216 0.0000
vt 0.5224 0.9256 0.0000
vt 0.5264 0.9331 0.0000
vt 0.5184 0.9296 0.0000
vt 0.4304 0.9484 0.0000
vt 0.4203 0.9549 0.0000
vt 0.4217 0.9494 0.0000
vt 0.4305 0.9420 0.0000
vt 0.4303 0.9549 0.0000
vt 0.4392 0.9473 0.0000
vt 0.4232 0.9440 0.0000
vt 0.4303 0.9356 0.0000
vt 0.4399 0.9549 0.0000
vt 0.4484 0.9460 0.0000
vt 0.4378 0.9399 0.0000
vt 0.4360 0.9325 0.0000
vt 0.4450 0.9374 0.0000
vt 0.4246 0.9386 0.0000
vt 0.4261 0.9331 0.0000
vt 0.4301 0.9291 0.0000
vt 0.4341 0.9251 0.0000
vt 0.4415 0.9292 0.0000
vt 0.4420 0.9172 0.0000
vt 0.4470 0.9258 0.0000
vt 0.4380 0.9212 0.0000
vt 0.4518 0.9342 0.0000
vt 0.4502 0.9549 0.0000
vt 0.4570 0.9431 0.0000
vt 0.4638 0.9549 0.0000
vt 0.4527 0.9227 0.0000
vt 0.4475 0.9157 0.0000
vt 0.4583 0.9196 0.0000
vt 0.4580 0.9298 0.0000
vt 0.4529 0.9143 0.0000
vt 0.4638 0.9163 0.0000
vt 0.4638 0.9372 0.0000
vt 0.4638 0.9248 0.0000
vt 0.4693 0.9196 0.0000
vt 0.4695 0.9298 0.0000
vt 0.4583 0.9128 0.0000
vt 0.4638 0.9114 0.0000
vt 0.4692 0.9128 0.0000
vt 0.4747 0.9143 0.0000
vt 0.4749 0.9227 0.0000
vt 0.4855 0.9172 0.0000
vt 0.4805 0.9258 0.0000
vt 0.4801 0.9157 0.0000
vt 0.4757 0.9342 0.0000
vt 0.4706 0.9431 0.0000
vt 0.4861 0.9292 0.0000
vt 0.4895 0.9212 0.0000
vt 0.4916 0.9325 0.0000
vt 0.4826 0.9374 0.0000
vt 0.4935 0.9251 0.0000
vt 0.4972 0.9356 0.0000
vt 0.4791 0.9460 0.0000
vt 0.4898 0.9399 0.0000
vt 0.4971 0.9420 0.0000
vt 0.4883 0.9473 0.0000
vt 0.4975 0.9291 0.0000
vt 0.5015 0.9331 0.0000
vt 0.5029 0.9386 0.0000
vt 0.5044 0.9440 0.0000
vt 0.4972 0.9484 0.0000
vt 0.5073 0.9549 0.0000
vt 0.4973 0.9549 0.0000
vt 0.5059 0.9494 0.0000
vt 0.4877 0.9549 0.0000
vt 0.4774 0.9549 0.0000
vt 0.4972 0.9613 0.0000
vt 0.5059 0.9603 0.0000
vt 0.4971 0.9678 0.0000
vt 0.4883 0.9624 0.0000
vt 0.5044 0.9658 0.0000
vt 0.4972 0.9742 0.0000
vt 0.4791 0.9637 0.0000
vt 0.4898 0.9699 0.0000
vt 0.4916 0.9773 0.0000
vt 0.4826 0.9724 0.0000
vt 0.5029 0.9712 0.0000
vt 0.5015 0.9766 0.0000
vt 0.4975 0.9806 0.0000
vt 0.4935 0.9846 0.0000
vt 0.4861 0.9806 0.0000
vt 0.4855 0.9926 0.0000
vt 0.4805 0.9839 0.0000
vt 0.4895 0.9886 0.0000
vt 0.4757 0.9756 0.0000
vt 0.4706 0.9667 0.0000
vt 0.4749 0.9870 0.0000
vt 0.4801 0.9940 0.0000
vt 0.4693 0.9902 0.0000
vt 0.4695 0.9799 0.0000
vt 0.4747 0.9955 0.0000
vt 0.4638 0.9935 0.0000
vt 0.4638 0.9726 0.0000
vt 0.4638 0.9849 0.0000
vt 0.4583 0.9902 0.0000
vt 0.4580 0.9799 0.0000
vt 0.4692 0.9969 0.0000
vt 0.4638 0.9984 0.0000
vt 0.4583 0.9969 0.0000
vt 0.4529 0.9955 0.0000
vt 0.4527 0.9870 0.0000
vt 0.4420 0.9926 0.0000
vt 0.4470 0.9839 0.0000
vt 0.4475 0.9940 0.0000
vt 0.4518 0.9756 0.0000
vt 0.4570 0.9667 0.0000
vt 0.4415 0.9806 0.0000
vt 0.4380 0.9886 0.0000
vt 0.4360 0.9773 0.0000
vt 0.4450 0.9724 0.0000
vt 0.4341 0.9846 0.0000
vt 0.4303 0.9742 0.0000
vt 0.4484 0.9637 0.0000
vt 0.4378 0.9699 0.0000
vt 0.4305 0.9678 0.0000
vt 0.4392 0.9624 0.0000
vt 0.4301 0.9806 0.0000
vt 0.4261 0.9766 0.0000
vt 0.4246 0.9712 0.0000
vt 0.4232 0.9658 0.0000
vt 0.4304 0.9613 0.0000
vt 0.4217 0.9603 0.0000
vt 0.5706 0.7350 1.0000
vt 0.5641 0.7350 1.0000
vt 0.5706 0.7383 1.0000
vt 0.5771 0.7350 1.0000
vt 0.5641 0.7383 1.0000
vt 0.5706 0.7404 1.0000
vt 0.5836 0.7350 1.0000
vt 0.5771 0.7383 1.0000
vt 0.5771 0.7404 1.0000
vt 0.5836 0.7383 1.0000
vt 0.5641 0.7404 1.0000
vt 0.5641 0.7420 1.0000
vt 0.5706 0.7420 1.0000
vt 0.5771 0.7420 1.0000
vt 0.5836 0.7404 1.0000
vt 0.5901 0.7420 1.0000
vt 0.5901 0.7404 1.0000
vt 0.5836 0.7420 1.0000
vt 0.5901 0.7383 1.0000
vt 0.5901 0.7350 1.0000
vt 0.5836 0.6955 1.0000
vt 0.5901 0.6955 1.0000
vt 0.5836 0.6923 1.0000
vt 0.5771 0.6955 1.0000
vt 0.5901 0.6923 1.0000
vt 0.5836 0.6901 1.0000
vt 0.5706 0.6955 1.0000
vt 0.5771 0.6923 1.0000
vt 0.5771 0.6901 1.0000
vt 0.5706 0.6923 1.0000
vt 0.5901 0.6901 1.0000
vt 0.5901 0.6885 1.0000
vt 0.5836 0.6885 1.0000
vt 0.5771 0.6885 1.0000
vt 0.5706 0.6901 1.0000
vt 0.5641 0.6885 1.0000
vt 0.5641 0.6901 1.0000
vt 0.5706 0.6885 1.0000
vt 0.5641 0.6923 1.0000
vt 0.5641 0.6955 1.0000
vt 0.5446 0.7350 1.0000
vt 0.5381 0.7350 1.0000
vt 0.5446 0.7383 1.0000
vt 0.5511 0.7350 1.0000
vt 0.5381 0.7383 1.0000
vt 0.5446 0.7404 1.0000
vt 0.5576 0.7350 1.0000
vt 0.5511 0.7383 1.0000
vt 0.5511 0.7404 1.0000
vt 0.5576 0.7383 1.0000
vt 0.5381 0.7404 1.0000
vt 0.5381 0.7420 1.0000
vt 0.5446 0.7420 1.0000
vt 0.5511 0.7420 1.0000
vt 0.5576 0.7404 1.0000
vt 0.5576 0.7420 1.0000
vt 0.5576 0.6955 1.0000
vt 0.5576 0.6923 1.0000
vt 0.5511 0.6955 1.0000
vt 0.5576 0.6901 1.0000
vt 0.5446 0.6955 1.0000
vt 0.5511 0.6923 1.0000
vt 0.5511 0.6901 1.0000
vt 0.5446 0.6923 1.0000
vt 0.5576 0.6885 1.0000
vt 0.5511 0.6885 1.0000
vt 0.5446 0.6901 1.0000
vt 0.5381 0.6885 1.0000
vt 0.5381 0.6901 1.0000
vt 0.5446 0.6885 1.0000
vt 0.5381 0.6923 1.0000
vt 0.5381 0.6955 1.0000
vt 0.5186 0.7350 1.0000
vt 0.5121 0.7350 1.0000
vt 0.5186 0.7383 1.0000
vt 0.5251 0.7350 1.0000
vt 0.5121 0.7383 1.0000
vt 0.5186 0.7404 1.0000
vt 0.5316 0.7350 1.0000
vt 0.5251 0.7383 1.0000
vt 0.5251 0.7404 1.0000
vt 0.5316 0.7383 1.0000
vt 0.5121 0.7404 1.0000
vt 0.5121 0.7420 1.0000
vt 0.5186 0.7420 1.0000
vt 0.5251 0.7420 1.0000
vt 0.5316 0.7404 1.0000
vt 0.5316 0.7420 1.0000
vt 0.5316 0.6955 1.0000
vt 0.5316 0.6923 1.0000
vt 0.5251 0.6955 1.0000
vt 0.5316 0.6901 1.0000
vt 0.5186 0.6955 1.0000
vt 0.5251 0.6923 1.0000
vt 0.5251 0.6901 1.0000
vt 0.5186 0.6923 1.0000
vt 0.5316 0.6885 1.0000
vt 0.5251 0.6885 1.0000
vt 0.5186 0.6901 1.0000
vt 0.5121 0.6885 1.0000
vt 0.5121 0.6901 1.0000
vt 0.5186 0.6885 1.0000
vt 0.5121 0.6923 1.0000
vt 0.5121 0.6955 1.0000
vt 0.4926 0.7350 1.0000
vt 0.4861 0.7350 1.0000
vt 0.4926 0.7383 1.0000
vt 0.4991 0.7350 1.0000
vt 0.4861 0.7383 1.0000
vt 0.4926 0.7404 1.0000
vt 0.5056 0.7350 1.0000
vt 0.4991 0.7383 1.0000
vt 0.4991 0.7404 1.0000
vt 0.5056 0.7383 1.0000
vt 0.4861 0.7404 1.0000
vt 0.4861 0.7420 1.0000
vt 0.4926 0.7420 1.0000
vt 0.4991 0.7420 1.0000
vt 0.5056 0.7404 1.0000
vt 0.5056 0.7420 1.0000
vt 0.5056 0.6955 1.0000
vt 0.5056 0.6923 1.0000
vt 0.4991 0.6955 1.0000
vt 0.5056 0.6901 1.0000
vt 0.4926 0.6955 1.0000
vt 0.4991 0.6923 1.0000
vt 0.4991 0.6901 1.0000
vt 0.4926 0.6923 1.0000
vt 0.5056 0.6885 1.0000
vt 0.4991 0.6885 1.0000
vt 0.4926 0.6901 1.0000
vt 0.4861 0.6885 1.0000
vt 0.4861 0.6901 1.0000
vt 0.4926 0.6885 1.0000
vt 0.4861 0.6923 1.0000
vt 0.4861 0.6955 1.0000
vt 0.4665 0.7350 1.0000
vt 0.4600 0.7350 1.0000
vt 0.4665 0.7383 1.0000
vt 0.4731 0.7350 1.0000
vt 0.4600 0.7383 1.0000
vt 0.4665 0.7404 1.0000
vt 0.4796 0.7350 1.0000
vt 0.4731 0.7383 1.0000
vt 0.4731 0.7404 1.0000
vt 0.4796 0.7383 1.0000
vt 0.4600 0.7404 1.0000
vt 0.4600 0.7420 1.0000
vt 0.4665 0.7420 1.0000
vt 0.4731 0.7420 1.0000
vt 0.4796 0.7404 1.0000
vt 0.4796 0.7420 1.0000
vt 0.4796 0.6955 1.0000
vt 0.4796 0.6923 1.0000
vt 0.4731 0.6955 1.0000
vt 0.4796 0.6901 1.0000
vt 0.4665 0.6955 1.0000
vt 0.4731 0.6923 1.0000
vt 0.4731 0.6901 1.0000
vt 0.4665 0.6923 1.0000
vt 0.4796 0.6885 1.0000
vt 0.4731 0.6885 1.0000
vt 0.4665 0.6901 1.0000
vt 0.4600 0.6885 1.0000
vt 0.4600 0.6901 1.0000
vt 0.4665 0.6885 1.0000
vt 0.4600 0.6923 1.0000
vt 0.4600 0.6955 1.0000
vt 0.4405 0.7350 1.0000
vt 0.4340 0.7350 1.0000
vt 0.4405 0.7383 1.0000
vt 0.4470 0.7350 1.0000
vt 0.4340 0.7383 1.0000
vt 0.4405 0.7404 1.0000
vt 0.4535 0.7350 1.0000
vt 0.4470 0.7383 1.0000
vt 0.4470 0.7404 1.0000
vt 0.4535 0.7383 1.0000
vt 0.4340 0.7404 1.0000
vt 0.4340 0.7420 1.0000
vt 0.4405 0.7420 1.0000
vt 0.4470 0.7420 1.0000
vt 0.4535 0.7404 1.0000
vt 0.4535 0.7420 1.0000
vt 0.4535 0.6955 1.0000
vt 0.4535 0.6923 1.0000
vt 0.4470 0.6955 1.0000
vt 0.4535 0.6901 1.0000
vt 0.4405 0.6955 1.0000
vt 0.4470 0.6923 1.0000
vt 0.4470 0.6901 1.0000
vt 0.4405 0.6923 1.0000
vt 0.4535 0.6885 1.0000
vt 0.4470 0.6885 1.0000
vt 0.4405 0.6901 1.0000
vt 0.4340 0.6885 1.0000
vt 0.4340 0.6901 1.0000
vt 0.4405 0.6885 1.0000
vt 0.4340 0.6923 1.0000
vt 0.4340 0.6955 1.0000
vt 0.4145 0.7350 1.0000
vt 0.4080 0.7350 1.0000
vt 0.4145 0.7383 1.0000
vt 0.4210 0.7350 1.0000
vt 0.4080 0.7383 1.0000
vt 0.4145 0.7404 1.0000
vt 0.4275 0.7350 1.0000
vt 0.4210 0.7383 1.0000
vt 0.4210 0.7404 1.0000
vt 0.4275 0.7383 1.0000
vt 0.4080 0.7404 1.0000
vt 0.4080 0.7420 1.0000
vt 0.4145 0.7420 1.0000
vt 0.4210 0.7420 1.0000
vt 0.4275 0.7404 1.0000
vt 0.4275 0.7420 1.0000
vt 0.4275 0.6955 1.0000
vt 0.4275 0.6923 1.0000
vt 0.4210 0.6955 1.0000
vt 0.4275 0.6901 1.0000
vt 0.4145 0.6955 1.0000
vt 0.4210 0.6923 1.0000
vt 0.4210 0.6901 1.0000
vt 0.4145 0.6923 1.0000
vt 0.4275 0.6885 1.0000
vt 0.4210 0.6885 1.0000
vt 0.4145 0.6901 1.0000
vt 0.4080 0.6885 1.0000
vt 0.4080 0.6901 1.0000
vt 0.4145 0.6885 1.0000
vt 0.4080 0.6923 1.0000
vt 0.4080 0.6955 1.0000
vt 0.3885 0.7350 1.0000
vt 0.3820 0.7350 1.0000
vt 0.3885 0.7383 1.0000
vt 0.3950 0.7350 1.0000
vt 0.3820 0.7383 1.0000
vt 0.3885 0.7404 1.0000
vt 0.4015 0.7350 1.0000
vt 0.3950 0.7383 1.0000
vt 0.3950 0.7404 1.0000
vt 0.4015 0.7383 1.0000
vt 0.3820 0.7404 1.0000
vt 0.3820 0.7420 1.0000
vt 0.3885 0.7420 1.0000
vt 0.3950 0.7420 1.0000
vt 0.4015 0.7404 1.0000
vt 0.4015 0.7420 1.0000
vt 0.4015 0.6955 1.0000
vt 0.4015 0.6923 1.0000
vt 0.3950 0.6955 1.0000
vt 0.4015 0.6901 1.0000
vt 0.3885 0.6955 1.0000
vt 0.3950 0.6923 1.0000
vt 0.3950 0.6901 1.0000
vt 0.3885 0.6923 1.0000
vt 0.4015 0.6885 1.0000
vt 0.3950 0.6885 1.0000
vt 0.3885 0.6901 1.0000
vt 0.3820 0.6885 1.0000
vt 0.3820 0.6901 1.0000
vt 0.3885 0.6885 1.0000
vt 0.3820 0.6923 1.0000
vt 0.3820 0.6955 1.0000
vt 0.3625 0.7350 1.0000
vt 0.3560 0.7350 1.0000
vt 0.3625 0.7383 1.0000
vt 0.3690 0.7350 1.0000
vt 0.3560 0.7383 1.0000
vt 0.3625 0.7404 1.0000
vt 0.3755 0.7350 1.0000
vt 0.3690 0.7383 1.0000
vt 0.3690 0.7404 1.0000
vt 0.3755 0.7383 1.0000
vt 0.3560 0.7404 1.0000
vt 0.3560 0.7420 1.0000
vt 0.3625 0.7420 1.0000
vt 0.3690 0.7420 1.0000
vt 0.3755 0.7404 1.0000
vt 0.3755 0.7420 1.0000
vt 0.3755 0.6955 1.0000
vt 0.3755 0.6923 1.0000
vt 0.3690 0.6955 1.0000
vt 0.3755 0.6901 1.0000
vt 0.3625 0.6955 1.0000
vt 0.3690 0.6923 1.0000
vt 0.3690 0.6901 1.0000
vt 0.3625 0.6923 1.0000
vt 0.3755 0.6885 1.0000
vt 0.3690 0.6885 1.0000
vt 0.3625 0.6901 1.0000
vt 0.3560 0.6885 1.0000
vt 0.3560 0.6901 1.0000
vt 0.3625 0.6885 1.0000
vt 0.3560 0.6923 1.0000
vt 0.3560 0.6955 1.0000
vt 0.3365 0.7361 1.0000
vt 0.3300 0.7372 1.0000
vt 0.3365 0.7385 1.0000
vt 0.3430 0.7353 1.0000
vt 0.3300 0.7388 1.0000
vt 0.3365 0.7404 1.0000
vt 0.3495 0.7350 1.0000
vt 0.3430 0.7383 1.0000
vt 0.3430 0.7404 1.0000
vt 0.3495 0.7383 1.0000
vt 0.3300 0.7404 1.0000
vt 0.3300 0.7420 1.0000
vt 0.3365 0.7420 1.0000
vt 0.3430 0.7420 1.0000
vt 0.3495 0.7404 1.0000
vt 0.3495 0.7420 1.0000
vt 0.3495 0.6955 1.0000
vt 0.3495 0.6923 1.0000
vt 0.3430 0.6952 1.0000
vt 0.3495 0.6901 1.0000
vt 0.3365 0.6944 1.0000
vt 0.3430 0.6922 1.0000
vt 0.3430 0.6901 1.0000
vt 0.3365 0.6920 1.0000
vt 0.3495 0.6885 1.0000
vt 0.3430 0.6885 1.0000
vt 0.3365 0.6901 1.0000
vt 0.3300 0.6885 1.0000
vt 0.3300 0.6901 1.0000
vt 0.3365 0.6885 1.0000
vt 0.3300 0.6917 1.0000
vt 0.3300 0.6933 1.0000
vt 0.6226 0.7350 1.0000
vt 0.6161 0.7350 1.0000
vt 0.6226 0.7383 1.0000
vt 0.6291 0.7353 1.0000
vt 0.6161 0.7383 1.0000
vt 0.6226 0.7404 1.0000
vt 0.6356 0.7361 1.0000
vt 0.6291 0.7383 1.0000
vt 0.6291 0.7404 1.0000
vt 0.6356 0.7385 1.0000
vt 0.6161 0.7404 1.0000
vt 0.6161 0.7420 1.0000
vt 0.6226 0.7420 1.0000
vt 0.6291 0.7420 1.0000
vt 0.6356 0.7404 1.0000
vt 0.6421 0.7420 1.0000
vt 0.6421 0.7404 1.0000
vt 0.6356 0.7420 1.0000
vt 0.6421 0.7388 1.0000
vt 0.6421 0.7372 1.0000
vt 0.6356 0.6944 1.0000
vt 0.6421 0.6933 1.0000
vt 0.6356 0.6920 1.0000
vt 0.6291 0.6952 1.0000
vt 0.6421 0.6917 1.0000
vt 0.6356 0.6901 1.0000
vt 0.6226 0.6955 1.0000
vt 0.6291 0.6922 1.0000
vt 0.6291 0.6901 1.0000
vt 0.6226 0.6923 1.0000
vt 0.6421 0.6901 1.0000
vt 0.6421 0.6885 1.0000
vt 0.6356 0.6885 1.0000
vt 0.6291 0.6885 1.0000
vt 0.6226 0.6901 1.0000
vt 0.6161 0.6885 1.0000
vt 0.6161 0.6901 1.0000
vt 0.6226 0.6885 1.0000
vt 0.6161 0.6923 1.0000
vt 0.6161 0.6955 1.0000
vt 0.5966 0.7350 1.0000
vt 0.5966 0.7383 1.0000
vt 0.6031 0.7350 1.0000
vt 0.5966 0.7404 1.0000
vt 0.6096 0.7350 1.0000
vt 0.6031 0.7383 1.0000
vt 0.6031 0.7404 1.0000
vt 0.6096 0.7383 1.0000
vt 0.5966 0.7420 1.0000
vt 0.6031 0.7420 1.0000
vt 0.6096 0.7404 1.0000
vt 0.6096 0.7420 1.0000
vt 0.6096 0.6955 1.0000
vt 0.6096 0.6923 1.0000
vt 0.6031 0.6955 1.0000
vt 0.6096 0.6901 1.0000
vt 0.5966 0.6955 1.0000
vt 0.6031 0.6923 1.0000
vt 0.6031 0.6901 1.0000
vt 0.5966 0.6923 1.0000
vt 0.6096 0.6885 1.0000
vt 0.6031 0.6885 1.0000
vt 0.5966 0.6901 1.0000
vt 0.5966 0.6885 1.0000
vt 0.9709 0.6836 0.0000
vt 0.9675 0.6860 0.0000
vt 0.9680 0.6843 0.0000
vt 0.9709 0.6820 0.0000
vt 0.9710 0.6850 0.0000
vt 0.9737 0.6828 0.0000
vt 0.9684 0.6827 0.0000
vt 0.9709 0.6805 0.0000
vt 0.9741 0.6842 0.0000
vt 0.9766 0.6820 0.0000
vt 0.9733 0.6814 0.0000
vt 0.9730 0.6799 0.0000
vt 0.9758 0.6807 0.0000
vt 0.9689 0.6810 0.0000
vt 0.9693 0.6794 0.0000
vt 0.9709 0.6790 0.0000
vt 0.9726 0.6785 0.0000
vt 0.9750 0.6794 0.0000
vt 0.9759 0.6776 0.0000
vt 0.9771 0.6788 0.0000
vt 0.9742 0.6781 0.0000
vt 0.9783 0.6800 0.0000
vt 0.9772 0.6834 0.0000
vt 0.9795 0.6812 0.0000
vt 0.9807 0.6824 0.0000
vt 0.9774 0.6849 0.0000
vt 0.9802 0.6841 0.0000
vt 0.9773 0.6864 0.0000
vt 0.9745 0.6856 0.0000
vt 0.9798 0.6857 0.0000
vt 0.9773 0.6879 0.0000
vt 0.9716 0.6864 0.0000
vt 0.9749 0.6870 0.0000
vt 0.9752 0.6885 0.0000
vt 0.9724 0.6877 0.0000
vt 0.9793 0.6874 0.0000
vt 0.9789 0.6890 0.0000
vt 0.9773 0.6894 0.0000
vt 0.9756 0.6899 0.0000
vt 0.9732 0.6890 0.0000
vt 0.9723 0.6908 0.0000
vt 0.9711 0.6896 0.0000
vt 0.9740 0.6903 0.0000
vt 0.9699 0.6884 0.0000
vt 0.9687 0.6872 0.0000
vt 0.9647 0.6400 0.0000
vt 0.9667 0.6402 0.0000
vt 0.9655 0.6414 0.0000
vt 0.9632 0.6415 0.0000
vt 0.9662 0.6385 0.0000
vt 0.9640 0.6387 0.0000
vt 0.9643 0.6426 0.0000
vt 0.9617 0.6430 0.0000
vt 0.9658 0.6369 0.0000
vt 0.9632 0.6374 0.0000
vt 0.9622 0.6405 0.0000
vt 0.9604 0.6423 0.0000
vt 0.9611 0.6395 0.0000
vt 0.9631 0.6438 0.0000
vt 0.9619 0.6450 0.0000
vt 0.9602 0.6445 0.0000
vt 0.9586 0.6441 0.0000
vt 0.9590 0.6416 0.0000
vt 0.9553 0.6432 0.0000
vt 0.9579 0.6407 0.0000
vt 0.9569 0.6437 0.0000
vt 0.9601 0.6384 0.0000
vt 0.9653 0.6353 0.0000
vt 0.9624 0.6362 0.0000
vt 0.9649 0.6336 0.0000
vt 0.9570 0.6395 0.0000
vt 0.9549 0.6416 0.0000
vt 0.9562 0.6381 0.0000
vt 0.9591 0.6374 0.0000
vt 0.9544 0.6399 0.0000
vt 0.9555 0.6368 0.0000
vt 0.9612 0.6353 0.0000
vt 0.9580 0.6363 0.0000
vt 0.9570 0.6353 0.0000
vt 0.9598 0.6345 0.0000
vt 0.9540 0.6383 0.0000
vt 0.9535 0.6367 0.0000
vt 0.9547 0.6355 0.0000
vt 0.9559 0.6343 0.0000
vt 0.9585 0.6338 0.0000
vt 0.9583 0.6319 0.0000
vt 0.9600 0.6323 0.0000
vt 0.9571 0.6331 0.0000
vt 0.9616 0.6327 0.0000
vt 0.9633 0.6332 0.0000
# 1574 texture coords

o LlantaDD
g LlantaDD
usemtl 10603_slot_car_blue_SG_v1_iterations_2_slot_car
s 8
f 1/1/1 2/2/2 3/3/1 
f 3/3/1 4/4/3 1/1/1 
f 5/5/2 2/2/2 1/1/1 
f 1/1/1 6/6/1 5/5/2 
f 4/4/3 3/3/1 7/7/3 
f 7/7/3 8/8/4 4/4/3 
f 9/9/2 5/5/2 6/6/1 
f 6/6/1 10/10/1 9/9/2 
f 11/11/3 1/1/1 4/4/3 
f 4/4/3 12/12/4 11/11/3 
f 6/6/1 1/1/1 11/11/3 
f 11/11/3 13/13/3 6/6/1 
f 8/8/4 14/14/4 15/15/5 
f 15/15/5 16/16/5 8/8/4 
f 12/12/4 8/8/4 16/16/5 
f 16/16/5 17/17/5 12/12/4 
f 7/7/3 14/14/4 8/8/4 
f 4/4/3 8/8/4 12/12/4 
f 18/18/4 19/19/5 20/20/4 
f 20/20/4 13/13/3 18/18/4 
f 21/21/5 19/19/5 18/18/4 
f 18/18/4 12/12/4 21/21/5 
f 13/13/3 20/20/4 22/22/3 
f 22/22/3 10/10/1 13/13/3 
f 12/12/4 17/17/5 21/21/5 
f 12/12/4 18/18/4 13/13/3 
f 13/13/3 11/11/3 12/12/4 
f 10/10/1 23/23/1 24/24/2 
f 24/24/2 25/25/2 10/10/1 
f 10/10/1 25/25/2 9/9/2 
f 22/22/3 23/23/1 10/10/1 
f 13/13/3 10/10/1 6/6/1 
f 26/26/6 15/15/5 27/27/6 
f 27/27/6 28/28/7 26/26/6 
f 16/16/5 15/15/5 26/26/6 
f 26/26/6 29/29/6 16/16/5 
f 28/28/7 27/27/6 30/30/7 
f 30/30/7 31/31/8 28/28/7 
f 17/17/5 16/16/5 29/29/6 
f 29/29/6 32/32/6 17/17/5 
f 33/33/7 26/26/6 28/28/7 
f 28/28/7 34/34/8 33/33/7 
f 29/29/6 26/26/6 33/33/7 
f 33/33/7 35/35/7 29/29/6 
f 31/31/8 36/36/8 37/37/9 
f 37/37/9 38/38/9 31/31/8 
f 34/34/8 31/31/8 38/38/9 
f 38/38/9 39/39/9 34/34/8 
f 30/30/7 36/36/8 31/31/8 
f 28/28/7 31/31/8 34/34/8 
f 40/40/8 41/41/9 42/42/8 
f 42/42/8 35/35/7 40/40/8 
f 43/43/9 41/41/9 40/40/8 
f 40/40/8 34/34/8 43/43/9 
f 35/35/7 42/42/8 44/44/7 
f 44/44/7 32/32/6 35/35/7 
f 34/34/8 39/39/9 43/43/9 
f 34/34/8 40/40/8 35/35/7 
f 35/35/7 33/33/7 34/34/8 
f 32/32/6 45/45/6 19/19/5 
f 19/19/5 21/21/5 32/32/6 
f 32/32/6 21/21/5 17/17/5 
f 44/44/7 45/45/6 32/32/6 
f 35/35/7 32/32/6 29/29/6 
f 46/46/10 37/37/9 47/47/10 
f 47/47/10 48/48/11 46/46/10 
f 38/38/9 37/37/9 46/46/10 
f 46/46/10 49/49/10 38/38/9 
f 48/48/11 47/47/10 50/50/11 
f 50/50/11 51/51/12 48/48/11 
f 39/39/9 38/38/9 49/49/10 
f 49/49/10 52/52/10 39/39/9 
f 53/53/11 46/46/10 48/48/11 
f 48/48/11 54/54/12 53/53/11 
f 49/49/10 46/46/10 53/53/11 
f 53/53/11 55/55/11 49/49/10 
f 51/51/12 56/56/12 57/57/13 
f 57/57/13 58/58/13 51/51/12 
f 54/54/12 51/51/12 58/58/13 
f 58/58/13 59/59/13 54/54/12 
f 50/50/11 56/56/12 51/51/12 
f 48/48/11 51/51/12 54/54/12 
f 60/60/12 61/61/13 62/62/12 
f 62/62/12 55/55/11 60/60/12 
f 63/63/13 61/61/13 60/60/12 
f 60/60/12 54/54/12 63/63/13 
f 55/55/11 62/62/12 64/64/11 
f 64/64/11 52/52/10 55/55/11 
f 54/54/12 59/59/13 63/63/13 
f 54/54/12 60/60/12 55/55/11 
f 55/55/11 53/53/11 54/54/12 
f 52/52/10 65/65/10 41/41/9 
f 41/41/9 43/43/9 52/52/10 
f 52/52/10 43/43/9 39/39/9 
f 64/64/11 65/65/10 52/52/10 
f 55/55/11 52/52/10 49/49/10 
f 66/66/14 57/57/13 67/67/14 
f 67/67/14 68/68/15 66/66/14 
f 58/58/13 57/57/13 66/66/14 
f 66/66/14 69/69/14 58/58/13 
f 68/68/15 67/67/14 70/70/15 
f 70/70/15 71/71/16 68/68/15 
f 59/59/13 58/58/13 69/69/14 
f 69/69/14 72/72/14 59/59/13 
f 73/73/15 66/66/14 68/68/15 
f 68/68/15 74/74/16 73/73/15 
f 69/69/14 66/66/14 73/73/15 
f 73/73/15 75/75/15 69/69/14 
f 71/71/16 76/76/16 77/77/17 
f 77/77/17 78/78/17 71/71/16 
f 74/74/16 71/71/16 78/78/17 
f 78/78/17 79/79/17 74/74/16 
f 70/70/15 76/76/16 71/71/16 
f 68/68/15 71/71/16 74/74/16 
f 80/80/16 81/81/17 82/82/16 
f 82/82/16 75/75/15 80/80/16 
f 83/83/17 81/81/17 80/80/16 
f 80/80/16 74/74/16 83/83/17 
f 75/75/15 82/82/16 84/84/15 
f 84/84/15 72/72/14 75/75/15 
f 74/74/16 79/79/17 83/83/17 
f 74/74/16 80/80/16 75/75/15 
f 75/75/15 73/73/15 74/74/16 
f 72/72/14 85/85/14 61/61/13 
f 61/61/13 63/63/13 72/72/14 
f 72/72/14 63/63/13 59/59/13 
f 84/84/15 85/85/14 72/72/14 
f 75/75/15 72/72/14 69/69/14 
f 86/86/18 77/77/17 87/87/18 
f 87/87/18 88/88/19 86/86/18 
f 78/78/17 77/77/17 86/86/18 
f 86/86/18 89/89/18 78/78/17 
f 88/88/19 87/87/18 90/90/19 
f 90/90/19 91/91/20 88/88/19 
f 79/79/17 78/78/17 89/89/18 
f 89/89/18 92/92/18 79/79/17 
f 93/93/19 86/86/18 88/88/19 
f 88/88/19 94/94/20 93/93/19 
f 89/89/18 86/86/18 93/93/19 
f 93/93/19 95/95/19 89/89/18 
f 91/91/20 96/96/20 97/97/21 
f 97/97/21 98/98/21 91/91/20 
f 94/94/20 91/91/20 98/98/21 
f 98/98/21 99/99/21 94/94/20 
f 90/90/19 96/96/20 91/91/20 
f 88/88/19 91/91/20 94/94/20 
f 100/100/20 101/101/21 102/102/20 
f 102/102/20 95/95/19 100/100/20 
f 103/103/21 101/101/21 100/100/20 
f 100/100/20 94/94/20 103/103/21 
f 95/95/19 102/102/20 104/104/19 
f 104/104/19 92/92/18 95/95/19 
f 94/94/20 99/99/21 103/103/21 
f 94/94/20 100/100/20 95/95/19 
f 95/95/19 93/93/19 94/94/20 
f 92/92/18 105/105/18 81/81/17 
f 81/81/17 83/83/17 92/92/18 
f 92/92/18 83/83/17 79/79/17 
f 104/104/19 105/105/18 92/92/18 
f 95/95/19 92/92/18 89/89/18 
f 106/106/22 97/107/21 107/108/22 
f 107/108/22 108/109/23 106/106/22 
f 98/110/21 97/107/21 106/106/22 
f 106/106/22 109/111/22 98/110/21 
f 108/109/23 107/108/22 110/112/23 
f 110/112/23 111/113/24 108/109/23 
f 99/114/21 98/110/21 109/111/22 
f 109/111/22 112/115/25 99/114/21 
f 113/116/23 106/106/22 108/109/23 
f 108/109/23 114/117/24 113/116/23 
f 109/111/22 106/106/22 113/116/23 
f 113/116/23 115/118/23 109/111/22 
f 111/113/24 116/119/24 2/2/2 
f 2/2/2 5/5/2 111/113/24 
f 114/117/24 111/113/24 5/5/2 
f 5/5/2 9/9/2 114/117/24 
f 110/112/23 116/119/24 111/113/24 
f 108/109/23 111/113/24 114/117/24 
f 117/120/24 24/24/2 118/121/24 
f 118/121/24 115/118/23 117/120/24 
f 25/25/2 24/24/2 117/120/24 
f 117/120/24 114/117/24 25/25/2 
f 115/118/23 118/121/24 119/122/23 
f 119/122/23 112/115/25 115/118/23 
f 114/117/24 9/9/2 25/25/2 
f 114/117/24 117/120/24 115/118/23 
f 115/118/23 113/116/23 114/117/24 
f 112/115/25 120/123/25 101/124/21 
f 101/124/21 103/125/21 112/115/25 
f 112/115/25 103/125/21 99/114/21 
f 119/122/23 120/123/25 112/115/25 
f 115/118/23 112/115/25 109/111/22 
f 121/126/26 122/127/3 123/128/3 
f 123/128/3 124/129/26 121/126/26 
f 125/130/26 122/127/3 121/126/26 
f 121/126/26 126/131/27 125/130/26 
f 124/129/26 123/128/3 127/132/3 
f 127/132/3 128/133/26 124/129/26 
f 129/134/27 125/130/26 126/131/27 
f 126/131/27 130/135/28 129/134/27 
f 131/136/27 121/126/26 124/129/26 
f 124/129/26 132/137/27 131/136/27 
f 126/131/27 121/126/26 131/136/27 
f 131/136/27 133/138/28 126/131/27 
f 128/133/26 134/139/3 135/140/3 
f 135/140/3 136/141/26 128/133/26 
f 132/137/27 128/133/26 136/141/26 
f 136/141/26 137/142/27 132/137/27 
f 127/132/3 134/139/3 128/133/26 
f 124/129/26 128/133/26 132/137/27 
f 138/143/28 139/144/2 140/145/2 
f 140/145/2 133/138/28 138/143/28 
f 141/146/28 139/144/2 138/143/28 
f 138/143/28 132/137/27 141/146/28 
f 133/138/28 140/145/2 142/147/2 
f 142/147/2 130/135/28 133/138/28 
f 132/137/27 137/142/27 141/146/28 
f 132/137/27 138/143/28 133/138/28 
f 133/138/28 131/136/27 132/137/27 
f 130/135/28 143/148/2 144/149/2 
f 144/149/2 145/150/28 130/135/28 
f 130/135/28 145/150/28 129/134/27 
f 142/147/2 143/148/2 130/135/28 
f 133/138/28 130/135/28 126/131/27 
f 146/151/29 147/152/5 148/153/5 
f 148/153/5 149/154/29 146/151/29 
f 150/155/29 147/152/5 146/151/29 
f 146/151/29 151/156/30 150/155/29 
f 149/154/29 148/153/5 152/157/5 
f 152/157/5 153/158/29 149/154/29 
f 154/159/30 150/155/29 151/156/30 
f 151/156/30 155/160/31 154/159/30 
f 156/161/30 146/151/29 149/154/29 
f 149/154/29 157/162/30 156/161/30 
f 151/156/30 146/151/29 156/161/30 
f 156/161/30 158/163/31 151/156/30 
f 153/158/29 159/164/5 160/165/5 
f 160/165/5 161/166/29 153/158/29 
f 157/162/30 153/158/29 161/166/29 
f 161/166/29 162/167/30 157/162/30 
f 152/157/5 159/164/5 153/158/29 
f 149/154/29 153/158/29 157/162/30 
f 163/168/31 135/140/3 134/139/3 
f 134/139/3 158/163/31 163/168/31 
f 164/169/31 135/140/3 163/168/31 
f 163/168/31 157/162/30 164/169/31 
f 158/163/31 134/139/3 127/132/3 
f 127/132/3 155/160/31 158/163/31 
f 157/162/30 162/167/30 164/169/31 
f 157/162/30 163/168/31 158/163/31 
f 158/163/31 156/161/30 157/162/30 
f 155/160/31 123/128/3 122/127/3 
f 122/127/3 165/170/31 155/160/31 
f 155/160/31 165/170/31 154/159/30 
f 127/132/3 123/128/3 155/160/31 
f 158/163/31 155/160/31 151/156/30 
f 166/171/32 167/172/7 168/173/7 
f 168/173/7 169/174/32 166/171/32 
f 170/175/32 167/172/7 166/171/32 
f 166/171/32 171/176/33 170/175/32 
f 169/174/32 168/173/7 172/177/7 
f 172/177/7 173/178/32 169/174/32 
f 174/179/33 170/175/32 171/176/33 
f 171/176/33 175/180/34 174/179/33 
f 176/181/33 166/171/32 169/174/32 
f 169/174/32 177/182/33 176/181/33 
f 171/176/33 166/171/32 176/181/33 
f 176/181/33 178/183/34 171/176/33 
f 173/178/32 179/184/7 180/185/7 
f 180/185/7 181/186/32 173/178/32 
f 177/182/33 173/178/32 181/186/32 
f 181/186/32 182/187/33 177/182/33 
f 172/177/7 179/184/7 173/178/32 
f 169/174/32 173/178/32 177/182/33 
f 183/188/34 160/165/5 159/164/5 
f 159/164/5 178/183/34 183/188/34 
f 184/189/34 160/165/5 183/188/34 
f 183/188/34 177/182/33 184/189/34 
f 178/183/34 159/164/5 152/157/5 
f 152/157/5 175/180/34 178/183/34 
f 177/182/33 182/187/33 184/189/34 
f 177/182/33 183/188/34 178/183/34 
f 178/183/34 176/181/33 177/182/33 
f 175/180/34 148/153/5 147/152/5 
f 147/152/5 185/190/34 175/180/34 
f 175/180/34 185/190/34 174/179/33 
f 152/157/5 148/153/5 175/180/34 
f 178/183/34 175/180/34 171/176/33 
f 186/191/35 187/192/9 188/193/9 
f 188/193/9 189/194/35 186/191/35 
f 190/195/35 187/192/9 186/191/35 
f 186/191/35 191/196/36 190/195/35 
f 189/194/35 188/193/9 192/197/9 
f 192/197/9 193/198/35 189/194/35 
f 194/199/36 190/195/35 191/196/36 
f 191/196/36 195/200/37 194/199/36 
f 196/201/36 186/191/35 189/194/35 
f 189/194/35 197/202/36 196/201/36 
f 191/196/36 186/191/35 196/201/36 
f 196/201/36 198/203/37 191/196/36 
f 193/198/35 199/204/9 200/205/9 
f 200/205/9 201/206/35 193/198/35 
f 197/202/36 193/198/35 201/206/35 
f 201/206/35 202/207/36 197/202/36 
f 192/197/9 199/204/9 193/198/35 
f 189/194/35 193/198/35 197/202/36 
f 203/208/37 180/185/7 179/184/7 
f 179/184/7 198/203/37 203/208/37 
f 204/209/37 180/185/7 203/208/37 
f 203/208/37 197/202/36 204/209/37 
f 198/203/37 179/184/7 172/177/7 
f 172/177/7 195/200/37 198/203/37 
f 197/202/36 202/207/36 204/209/37 
f 197/202/36 203/208/37 198/203/37 
f 198/203/37 196/201/36 197/202/36 
f 195/200/37 168/173/7 167/172/7 
f 167/172/7 205/210/37 195/200/37 
f 195/200/37 205/210/37 194/199/36 
f 172/177/7 168/173/7 195/200/37 
f 198/203/37 195/200/37 191/196/36 
f 206/211/38 207/212/11 208/213/11 
f 208/213/11 209/214/38 206/211/38 
f 210/215/38 207/212/11 206/211/38 
f 206/211/38 211/216/39 210/215/38 
f 209/214/38 208/213/11 212/217/11 
f 212/217/11 213/218/38 209/214/38 
f 214/219/39 210/215/38 211/216/39 
f 211/216/39 215/220/40 214/219/39 
f 216/221/39 206/211/38 209/214/38 
f 209/214/38 217/222/39 216/221/39 
f 211/216/39 206/211/38 216/221/39 
f 216/221/39 218/223/40 211/216/39 
f 213/218/38 219/224/11 220/225/11 
f 220/225/11 221/226/38 213/218/38 
f 217/222/39 213/218/38 221/226/38 
f 221/226/38 222/227/39 217/222/39 
f 212/217/11 219/224/11 213/218/38 
f 209/214/38 213/218/38 217/222/39 
f 223/228/40 200/205/9 199/204/9 
f 199/204/9 218/223/40 223/228/40 
f 224/229/40 200/205/9 223/228/40 
f 223/228/40 217/222/39 224/229/40 
f 218/223/40 199/204/9 192/197/9 
f 192/197/9 215/220/40 218/223/40 
f 217/222/39 222/227/39 224/229/40 
f 217/222/39 223/228/40 218/223/40 
f 218/223/40 216/221/39 217/222/39 
f 215/220/40 188/193/9 187/192/9 
f 187/192/9 225/230/40 215/220/40 
f 215/220/40 225/230/40 214/219/39 
f 192/197/9 188/193/9 215/220/40 
f 218/223/40 215/220/40 211/216/39 
f 226/231/41 227/232/13 228/233/13 
f 228/233/13 229/234/41 226/231/41 
f 230/235/41 227/232/13 226/231/41 
f 226/231/41 231/236/42 230/235/41 
f 229/234/41 228/233/13 232/237/13 
f 232/237/13 233/238/41 229/234/41 
f 234/239/42 230/235/41 231/236/42 
f 231/236/42 235/240/43 234/239/42 
f 236/241/42 226/231/41 229/234/41 
f 229/234/41 237/242/42 236/241/42 
f 231/236/42 226/231/41 236/241/42 
f 236/241/42 238/243/43 231/236/42 
f 233/238/41 239/244/13 240/245/13 
f 240/245/13 241/246/41 233/238/41 
f 237/242/42 233/238/41 241/246/41 
f 241/246/41 242/247/42 237/242/42 
f 232/237/13 239/244/13 233/238/41 
f 229/234/41 233/238/41 237/242/42 
f 243/248/43 220/225/11 219/224/11 
f 219/224/11 238/243/43 243/248/43 
f 244/249/43 220/225/11 243/248/43 
f 243/248/43 237/242/42 244/249/43 
f 238/243/43 219/224/11 212/217/11 
f 212/217/11 235/240/43 238/243/43 
f 237/242/42 242/247/42 244/249/43 
f 237/242/42 243/248/43 238/243/43 
f 238/243/43 236/241/42 237/242/42 
f 235/240/43 208/213/11 207/212/11 
f 207/212/11 245/250/43 235/240/43 
f 235/240/43 245/250/43 234/239/42 
f 212/217/11 208/213/11 235/240/43 
f 238/243/43 235/240/43 231/236/42 
f 246/251/44 247/252/15 248/253/15 
f 248/253/15 249/254/44 246/251/44 
f 250/255/44 247/252/15 246/251/44 
f 246/251/44 251/256/45 250/255/44 
f 249/254/44 248/253/15 252/257/15 
f 252/257/15 253/258/44 249/254/44 
f 254/259/45 250/255/44 251/256/45 
f 251/256/45 255/260/46 254/259/45 
f 256/261/45 246/251/44 249/254/44 
f 249/254/44 257/262/45 256/261/45 
f 251/256/45 246/251/44 256/261/45 
f 256/261/45 258/263/46 251/256/45 
f 253/258/44 259/264/15 260/265/15 
f 260/265/15 261/266/44 253/258/44 
f 257/262/45 253/258/44 261/266/44 
f 261/266/44 262/267/45 257/262/45 
f 252/257/15 259/264/15 253/258/44 
f 249/254/44 253/258/44 257/262/45 
f 263/268/46 240/245/13 239/244/13 
f 239/244/13 258/263/46 263/268/46 
f 264/269/46 240/245/13 263/268/46 
f 263/268/46 257/262/45 264/269/46 
f 258/263/46 239/244/13 232/237/13 
f 232/237/13 255/260/46 258/263/46 
f 257/262/45 262/267/45 264/269/46 
f 257/262/45 263/268/46 258/263/46 
f 258/263/46 256/261/45 257/262/45 
f 255/260/46 228/233/13 227/232/13 
f 227/232/13 265/270/46 255/260/46 
f 255/260/46 265/270/46 254/259/45 
f 232/237/13 228/233/13 255/260/46 
f 258/263/46 255/260/46 251/256/45 
f 266/271/47 267/272/17 268/273/17 
f 268/273/17 269/274/47 266/271/47 
f 270/275/47 267/272/17 266/271/47 
f 266/271/47 271/276/48 270/275/47 
f 269/274/47 268/273/17 272/277/17 
f 272/277/17 273/278/47 269/274/47 
f 274/279/48 270/275/47 271/276/48 
f 271/276/48 275/280/49 274/279/48 
f 276/281/48 266/271/47 269/274/47 
f 269/274/47 277/282/48 276/281/48 
f 271/276/48 266/271/47 276/281/48 
f 276/281/48 278/283/49 271/276/48 
f 273/278/47 279/284/17 280/285/17 
f 280/285/17 281/286/47 273/278/47 
f 277/282/48 273/278/47 281/286/47 
f 281/286/47 282/287/48 277/282/48 
f 272/277/17 279/284/17 273/278/47 
f 269/274/47 273/278/47 277/282/48 
f 283/288/49 260/265/15 259/264/15 
f 259/264/15 278/283/49 283/288/49 
f 284/289/49 260/265/15 283/288/49 
f 283/288/49 277/282/48 284/289/49 
f 278/283/49 259/264/15 252/257/15 
f 252/257/15 275/280/49 278/283/49 
f 277/282/48 282/287/48 284/289/49 
f 277/282/48 283/288/49 278/283/49 
f 278/283/49 276/281/48 277/282/48 
f 275/280/49 248/253/15 247/252/15 
f 247/252/15 285/290/49 275/280/49 
f 275/280/49 285/290/49 274/279/48 
f 252/257/15 248/253/15 275/280/49 
f 278/283/49 275/280/49 271/276/48 
f 286/291/50 287/292/19 288/293/19 
f 288/293/19 289/294/50 286/291/50 
f 290/295/50 287/292/19 286/291/50 
f 286/291/50 291/296/51 290/295/50 
f 289/294/50 288/293/19 292/297/19 
f 292/297/19 293/298/50 289/294/50 
f 294/299/51 290/295/50 291/296/51 
f 291/296/51 295/300/52 294/299/51 
f 296/301/51 286/291/50 289/294/50 
f 289/294/50 297/302/51 296/301/51 
f 291/296/51 286/291/50 296/301/51 
f 296/301/51 298/303/52 291/296/51 
f 293/298/50 299/304/19 300/305/19 
f 300/305/19 301/306/50 293/298/50 
f 297/302/51 293/298/50 301/306/50 
f 301/306/50 302/307/51 297/302/51 
f 292/297/19 299/304/19 293/298/50 
f 289/294/50 293/298/50 297/302/51 
f 303/308/52 280/285/17 279/284/17 
f 279/284/17 298/303/52 303/308/52 
f 304/309/52 280/285/17 303/308/52 
f 303/308/52 297/302/51 304/309/52 
f 298/303/52 279/284/17 272/277/17 
f 272/277/17 295/300/52 298/303/52 
f 297/302/51 302/307/51 304/309/52 
f 297/302/51 303/308/52 298/303/52 
f 298/303/52 296/301/51 297/302/51 
f 295/300/52 268/273/17 267/272/17 
f 267/272/17 305/310/52 295/300/52 
f 295/300/52 305/310/52 294/299/51 
f 272/277/17 268/273/17 295/300/52 
f 298/303/52 295/300/52 291/296/51 
f 306/311/53 307/312/21 308/313/21 
f 308/313/21 309/314/53 306/311/53 
f 310/315/53 307/312/21 306/311/53 
f 306/311/53 311/316/54 310/315/53 
f 309/314/53 308/313/21 312/317/21 
f 312/317/21 313/318/53 309/314/53 
f 314/319/54 310/315/53 311/316/54 
f 311/316/54 315/320/55 314/319/54 
f 316/321/54 306/311/53 309/314/53 
f 309/314/53 317/322/54 316/321/54 
f 311/316/54 306/311/53 316/321/54 
f 316/321/54 318/323/55 311/316/54 
f 313/318/53 319/324/21 320/325/21 
f 320/325/21 321/326/53 313/318/53 
f 317/322/54 313/318/53 321/326/53 
f 321/326/53 322/327/54 317/322/54 
f 312/317/21 319/324/21 313/318/53 
f 309/314/53 313/318/53 317/322/54 
f 323/328/55 300/305/19 299/304/19 
f 299/304/19 318/323/55 323/328/55 
f 324/329/55 300/305/19 323/328/55 
f 323/328/55 317/322/54 324/329/55 
f 318/323/55 299/304/19 292/297/19 
f 292/297/19 315/320/55 318/323/55 
f 317/322/54 322/327/54 324/329/55 
f 317/322/54 323/328/55 318/323/55 
f 318/323/55 316/321/54 317/322/54 
f 315/320/55 288/293/19 287/292/19 
f 287/292/19 325/330/55 315/320/55 
f 315/320/55 325/330/55 314/319/54 
f 292/297/19 288/293/19 315/320/55 
f 318/323/55 315/320/55 311/316/54 
f 326/331/56 327/332/23 328/333/23 
f 328/333/23 329/334/56 326/331/56 
f 330/335/56 327/332/23 326/331/56 
f 326/331/56 331/336/57 330/335/56 
f 329/334/56 328/333/23 332/337/23 
f 332/337/23 333/338/56 329/334/56 
f 334/339/57 330/335/56 331/336/57 
f 331/336/57 335/340/58 334/339/57 
f 336/341/57 326/331/56 329/334/56 
f 329/334/56 337/342/57 336/341/57 
f 331/336/57 326/331/56 336/341/57 
f 336/341/57 338/343/58 331/336/57 
f 333/338/56 339/344/23 340/345/23 
f 340/345/23 341/346/56 333/338/56 
f 337/342/57 333/338/56 341/346/56 
f 341/346/56 342/347/57 337/342/57 
f 332/337/23 339/344/23 333/338/56 
f 329/334/56 333/338/56 337/342/57 
f 343/348/58 320/349/21 319/350/21 
f 319/350/21 338/343/58 343/348/58 
f 344/351/58 320/349/21 343/348/58 
f 343/348/58 337/342/57 344/351/58 
f 338/343/58 319/350/21 312/352/21 
f 312/352/21 335/340/58 338/343/58 
f 337/342/57 342/347/57 344/351/58 
f 337/342/57 343/348/58 338/343/58 
f 338/343/58 336/341/57 337/342/57 
f 335/340/58 308/353/21 307/354/21 
f 307/354/21 345/355/58 335/340/58 
f 335/340/58 345/355/58 334/339/57 
f 312/352/21 308/353/21 335/340/58 
f 338/343/58 335/340/58 331/336/57 
f 346/356/59 144/149/2 143/148/2 
f 143/148/2 347/357/59 346/356/59 
f 348/358/59 144/149/2 346/356/59 
f 346/356/59 349/359/60 348/358/59 
f 347/357/59 143/148/2 142/147/2 
f 142/147/2 350/360/59 347/357/59 
f 351/361/60 348/358/59 349/359/60 
f 349/359/60 352/362/61 351/361/60 
f 353/363/60 346/356/59 347/357/59 
f 347/357/59 354/364/60 353/363/60 
f 349/359/60 346/356/59 353/363/60 
f 353/363/60 355/365/61 349/359/60 
f 350/360/59 140/145/2 139/144/2 
f 139/144/2 356/366/59 350/360/59 
f 354/364/60 350/360/59 356/366/59 
f 356/366/59 357/367/60 354/364/60 
f 142/147/2 140/145/2 350/360/59 
f 347/357/59 350/360/59 354/364/60 
f 358/368/61 340/345/23 339/344/23 
f 339/344/23 355/365/61 358/368/61 
f 359/369/61 340/345/23 358/368/61 
f 358/368/61 354/364/60 359/369/61 
f 355/365/61 339/344/23 332/337/23 
f 332/337/23 352/362/61 355/365/61 
f 354/364/60 357/367/60 359/369/61 
f 354/364/60 358/368/61 355/365/61 
f 355/365/61 353/363/60 354/364/60 
f 352/362/61 328/333/23 327/332/23 
f 327/332/23 360/370/61 352/362/61 
f 352/362/61 360/370/61 351/361/60 
f 332/337/23 328/333/23 352/362/61 
f 355/365/61 352/362/61 349/359/60 
f 361/371/62 362/372/63 363/373/64 
f 363/373/64 364/374/65 361/371/62 
f 365/375/66 362/372/63 361/371/62 
f 361/371/62 366/376/67 365/375/66 
f 364/374/65 363/373/64 367/377/68 
f 367/377/68 368/378/69 364/374/65 
f 369/379/70 365/375/66 366/376/67 
f 366/376/67 370/380/71 369/379/70 
f 371/381/72 361/371/62 364/374/65 
f 364/374/65 372/382/73 371/381/72 
f 366/376/67 361/371/62 371/381/72 
f 371/381/72 373/383/74 366/376/67 
f 368/378/69 374/384/75 375/385/76 
f 375/385/76 376/386/77 368/378/69 
f 372/382/73 368/378/69 376/386/77 
f 376/386/77 377/387/78 372/382/73 
f 367/377/68 374/384/75 368/378/69 
f 364/374/65 368/378/69 372/382/73 
f 378/388/79 379/389/80 380/390/80 
f 380/390/80 373/383/74 378/388/79 
f 381/391/81 379/389/80 378/388/79 
f 378/388/79 372/382/73 381/391/81 
f 373/383/74 380/390/80 382/392/80 
f 382/392/80 370/380/71 373/383/74 
f 372/382/73 377/387/78 381/391/81 
f 372/382/73 378/388/79 373/383/74 
f 373/383/74 371/381/72 372/382/73 
f 370/380/71 383/393/80 384/394/80 
f 384/394/80 385/395/82 370/380/71 
f 370/380/71 385/395/82 369/379/70 
f 382/392/80 383/393/80 370/380/71 
f 373/383/74 370/380/71 366/376/67 
f 386/396/83 375/385/76 387/397/84 
f 387/397/84 388/398/85 386/396/83 
f 376/386/77 375/385/76 386/396/83 
f 386/396/83 389/399/86 376/386/77 
f 388/398/85 387/397/84 390/400/87 
f 390/400/87 391/401/88 388/398/85 
f 377/387/78 376/386/77 389/399/86 
f 389/399/86 392/402/89 377/387/78 
f 393/403/90 386/396/83 388/398/85 
f 388/398/85 394/404/91 393/403/90 
f 389/399/86 386/396/83 393/403/90 
f 393/403/90 395/405/92 389/399/86 
f 391/401/88 396/406/93 397/407/94 
f 397/407/94 398/408/95 391/401/88 
f 394/404/91 391/401/88 398/408/95 
f 398/408/95 399/409/96 394/404/91 
f 390/400/87 396/406/93 391/401/88 
f 388/398/85 391/401/88 394/404/91 
f 400/410/97 401/411/80 402/412/80 
f 402/412/80 395/405/92 400/410/97 
f 403/413/98 401/411/80 400/410/97 
f 400/410/97 394/404/91 403/413/98 
f 395/405/92 402/412/80 404/414/80 
f 404/414/80 392/402/89 395/405/92 
f 394/404/91 399/409/96 403/413/98 
f 394/404/91 400/410/97 395/405/92 
f 395/405/92 393/403/90 394/404/91 
f 392/402/89 405/415/80 379/389/80 
f 379/389/80 381/391/81 392/402/89 
f 392/402/89 381/391/81 377/387/78 
f 404/414/80 405/415/80 392/402/89 
f 395/405/92 392/402/89 389/399/86 
f 406/416/99 397/407/94 407/417/100 
f 407/417/100 408/418/101 406/416/99 
f 398/408/95 397/407/94 406/416/99 
f 406/416/99 409/419/102 398/408/95 
f 408/418/101 407/417/100 410/420/103 
f 410/420/103 411/421/104 408/418/101 
f 399/409/96 398/408/95 409/419/102 
f 409/419/102 412/422/105 399/409/96 
f 413/423/106 406/416/99 408/418/101 
f 408/418/101 414/424/107 413/423/106 
f 409/419/102 406/416/99 413/423/106 
f 413/423/106 415/425/108 409/419/102 
f 411/421/104 416/426/109 417/427/110 
f 417/427/110 418/428/111 411/421/104 
f 414/424/107 411/421/104 418/428/111 
f 418/428/111 419/429/112 414/424/107 
f 410/420/103 416/426/109 411/421/104 
f 408/418/101 411/421/104 414/424/107 
f 420/430/113 421/431/80 422/432/80 
f 422/432/80 415/425/108 420/430/113 
f 423/433/114 421/431/80 420/430/113 
f 420/430/113 414/424/107 423/433/114 
f 415/425/108 422/432/80 424/434/80 
f 424/434/80 412/422/105 415/425/108 
f 414/424/107 419/429/112 423/433/114 
f 414/424/107 420/430/113 415/425/108 
f 415/425/108 413/423/106 414/424/107 
f 412/422/105 425/435/80 401/411/80 
f 401/411/80 403/413/98 412/422/105 
f 412/422/105 403/413/98 399/409/96 
f 424/434/80 425/435/80 412/422/105 
f 415/425/108 412/422/105 409/419/102 
f 426/436/115 417/427/110 427/437/116 
f 427/437/116 428/438/117 426/436/115 
f 418/428/111 417/427/110 426/436/115 
f 426/436/115 429/439/118 418/428/111 
f 428/438/117 427/437/116 430/440/119 
f 430/440/119 431/441/120 428/438/117 
f 419/429/112 418/428/111 429/439/118 
f 429/439/118 432/442/121 419/429/112 
f 433/443/122 426/436/115 428/438/117 
f 428/438/117 434/444/123 433/443/122 
f 429/439/118 426/436/115 433/443/122 
f 433/443/122 435/445/124 429/439/118 
f 431/441/120 436/446/125 437/447/126 
f 437/447/126 438/448/127 431/441/120 
f 434/444/123 431/441/120 438/448/127 
f 438/448/127 439/449/128 434/444/123 
f 430/440/119 436/446/125 431/441/120 
f 428/438/117 431/441/120 434/444/123 
f 440/450/129 441/451/80 442/452/80 
f 442/452/80 435/445/124 440/450/129 
f 443/453/130 441/451/80 440/450/129 
f 440/450/129 434/444/123 443/453/130 
f 435/445/124 442/452/80 444/454/80 
f 444/454/80 432/442/121 435/445/124 
f 434/444/123 439/449/128 443/453/130 
f 434/444/123 440/450/129 435/445/124 
f 435/445/124 433/443/122 434/444/123 
f 432/442/121 445/455/80 421/431/80 
f 421/431/80 423/433/114 432/442/121 
f 432/442/121 423/433/114 419/429/112 
f 444/454/80 445/455/80 432/442/121 
f 435/445/124 432/442/121 429/439/118 
f 446/456/131 437/447/126 447/457/132 
f 447/457/132 448/458/133 446/456/131 
f 438/448/127 437/447/126 446/456/131 
f 446/456/131 449/459/134 438/448/127 
f 448/458/133 447/457/132 450/460/135 
f 450/460/135 451/461/136 448/458/133 
f 439/449/128 438/448/127 449/459/134 
f 449/459/134 452/462/137 439/449/128 
f 453/463/138 446/456/131 448/458/133 
f 448/458/133 454/464/139 453/463/138 
f 449/459/134 446/456/131 453/463/138 
f 453/463/138 455/465/140 449/459/134 
f 451/461/136 456/466/141 457/467/142 
f 457/467/142 458/468/143 451/461/136 
f 454/464/139 451/461/136 458/468/143 
f 458/468/143 459/469/144 454/464/139 
f 450/460/135 456/466/141 451/461/136 
f 448/458/133 451/461/136 454/464/139 
f 460/470/145 461/471/80 462/472/80 
f 462/472/80 455/465/140 460/470/145 
f 463/473/146 461/471/80 460/470/145 
f 460/470/145 454/464/139 463/473/146 
f 455/465/140 462/472/80 464/474/80 
f 464/474/80 452/462/137 455/465/140 
f 454/464/139 459/469/144 463/473/146 
f 454/464/139 460/470/145 455/465/140 
f 455/465/140 453/463/138 454/464/139 
f 452/462/137 465/475/80 441/451/80 
f 441/451/80 443/453/130 452/462/137 
f 452/462/137 443/453/130 439/449/128 
f 464/474/80 465/475/80 452/462/137 
f 455/465/140 452/462/137 449/459/134 
f 466/476/147 457/467/142 467/477/148 
f 467/477/148 468/478/149 466/476/147 
f 458/468/143 457/467/142 466/476/147 
f 466/476/147 469/479/150 458/468/143 
f 468/478/149 467/477/148 470/480/151 
f 470/480/151 471/481/152 468/478/149 
f 459/469/144 458/468/143 469/479/150 
f 469/479/150 472/482/153 459/469/144 
f 473/483/154 466/476/147 468/478/149 
f 468/478/149 474/484/155 473/483/154 
f 469/479/150 466/476/147 473/483/154 
f 473/483/154 475/485/156 469/479/150 
f 471/481/152 476/486/157 477/487/158 
f 477/487/158 478/488/159 471/481/152 
f 474/484/155 471/481/152 478/488/159 
f 478/488/159 479/489/160 474/484/155 
f 470/480/151 476/486/157 471/481/152 
f 468/478/149 471/481/152 474/484/155 
f 480/490/161 481/491/80 482/492/80 
f 482/492/80 475/485/156 480/490/161 
f 483/493/162 481/491/80 480/490/161 
f 480/490/161 474/484/155 483/493/162 
f 475/485/156 482/492/80 484/494/80 
f 484/494/80 472/482/153 475/485/156 
f 474/484/155 479/489/160 483/493/162 
f 474/484/155 480/490/161 475/485/156 
f 475/485/156 473/483/154 474/484/155 
f 472/482/153 485/495/80 461/471/80 
f 461/471/80 463/473/146 472/482/153 
f 472/482/153 463/473/146 459/469/144 
f 484/494/80 485/495/80 472/482/153 
f 475/485/156 472/482/153 469/479/150 
f 486/496/163 477/487/158 487/497/164 
f 487/497/164 488/498/165 486/496/163 
f 478/488/159 477/487/158 486/496/163 
f 486/496/163 489/499/166 478/488/159 
f 488/498/165 487/497/164 490/500/167 
f 490/500/167 491/501/168 488/498/165 
f 479/489/160 478/488/159 489/499/166 
f 489/499/166 492/502/169 479/489/160 
f 493/503/170 486/496/163 488/498/165 
f 488/498/165 494/504/171 493/503/170 
f 489/499/166 486/496/163 493/503/170 
f 493/503/170 495/505/172 489/499/166 
f 491/501/168 496/506/173 497/507/174 
f 497/507/174 498/508/175 491/501/168 
f 494/504/171 491/501/168 498/508/175 
f 498/508/175 499/509/176 494/504/171 
f 490/500/167 496/506/173 491/501/168 
f 488/498/165 491/501/168 494/504/171 
f 500/510/177 501/511/80 502/512/80 
f 502/512/80 495/505/172 500/510/177 
f 503/513/178 501/511/80 500/510/177 
f 500/510/177 494/504/171 503/513/178 
f 495/505/172 502/512/80 504/514/80 
f 504/514/80 492/502/169 495/505/172 
f 494/504/171 499/509/176 503/513/178 
f 494/504/171 500/510/177 495/505/172 
f 495/505/172 493/503/170 494/504/171 
f 492/502/169 505/515/80 481/491/80 
f 481/491/80 483/493/162 492/502/169 
f 492/502/169 483/493/162 479/489/160 
f 504/514/80 505/515/80 492/502/169 
f 495/505/172 492/502/169 489/499/166 
f 506/516/179 497/507/174 507/517/180 
f 507/517/180 508/518/181 506/516/179 
f 498/508/175 497/507/174 506/516/179 
f 506/516/179 509/519/182 498/508/175 
f 508/518/181 507/517/180 510/520/183 
f 510/520/183 511/521/184 508/518/181 
f 499/509/176 498/508/175 509/519/182 
f 509/519/182 512/522/185 499/509/176 
f 513/523/186 506/516/179 508/518/181 
f 508/518/181 514/524/187 513/523/186 
f 509/519/182 506/516/179 513/523/186 
f 513/523/186 515/525/188 509/519/182 
f 511/521/184 516/526/189 517/527/190 
f 517/527/190 518/528/191 511/521/184 
f 514/524/187 511/521/184 518/528/191 
f 518/528/191 519/529/192 514/524/187 
f 510/520/183 516/526/189 511/521/184 
f 508/518/181 511/521/184 514/524/187 
f 520/530/193 521/531/80 522/532/80 
f 522/532/80 515/525/188 520/530/193 
f 523/533/194 521/531/80 520/530/193 
f 520/530/193 514/524/187 523/533/194 
f 515/525/188 522/532/80 524/534/80 
f 524/534/80 512/522/185 515/525/188 
f 514/524/187 519/529/192 523/533/194 
f 514/524/187 520/530/193 515/525/188 
f 515/525/188 513/523/186 514/524/187 
f 512/522/185 525/535/80 501/511/80 
f 501/511/80 503/513/178 512/522/185 
f 512/522/185 503/513/178 499/509/176 
f 524/534/80 525/535/80 512/522/185 
f 515/525/188 512/522/185 509/519/182 
f 526/536/195 517/527/190 527/537/196 
f 527/537/196 528/538/197 526/536/195 
f 518/528/191 517/527/190 526/536/195 
f 526/536/195 529/539/198 518/528/191 
f 528/538/197 527/537/196 530/540/199 
f 530/540/199 531/541/200 528/538/197 
f 519/529/192 518/528/191 529/539/198 
f 529/539/198 532/542/201 519/529/192 
f 533/543/202 526/536/195 528/538/197 
f 528/538/197 534/544/203 533/543/202 
f 529/539/198 526/536/195 533/543/202 
f 533/543/202 535/545/204 529/539/198 
f 531/541/200 536/546/205 537/547/206 
f 537/547/206 538/548/207 531/541/200 
f 534/544/203 531/541/200 538/548/207 
f 538/548/207 539/549/208 534/544/203 
f 530/540/199 536/546/205 531/541/200 
f 528/538/197 531/541/200 534/544/203 
f 540/550/209 541/551/80 542/552/80 
f 542/552/80 535/545/204 540/550/209 
f 543/553/210 541/551/80 540/550/209 
f 540/550/209 534/544/203 543/553/210 
f 535/545/204 542/552/80 544/554/80 
f 544/554/80 532/542/201 535/545/204 
f 534/544/203 539/549/208 543/553/210 
f 534/544/203 540/550/209 535/545/204 
f 535/545/204 533/543/202 534/544/203 
f 532/542/201 545/555/80 521/531/80 
f 521/531/80 523/533/194 532/542/201 
f 532/542/201 523/533/194 519/529/192 
f 544/554/80 545/555/80 532/542/201 
f 535/545/204 532/542/201 529/539/198 
f 546/556/211 537/547/206 547/557/212 
f 547/557/212 548/558/213 546/556/211 
f 538/548/207 537/547/206 546/556/211 
f 546/556/211 549/559/214 538/548/207 
f 548/558/213 547/557/212 550/560/215 
f 550/560/215 551/561/216 548/558/213 
f 539/549/208 538/548/207 549/559/214 
f 549/559/214 552/562/217 539/549/208 
f 553/563/218 546/556/211 548/558/213 
f 548/558/213 554/564/219 553/563/218 
f 549/559/214 546/556/211 553/563/218 
f 553/563/218 555/565/220 549/559/214 
f 551/561/216 556/566/221 557/567/222 
f 557/567/222 558/568/223 551/561/216 
f 554/564/219 551/561/216 558/568/223 
f 558/568/223 559/569/224 554/564/219 
f 550/560/215 556/566/221 551/561/216 
f 548/558/213 551/561/216 554/564/219 
f 560/570/225 561/571/80 562/572/80 
f 562/572/80 555/565/220 560/570/225 
f 563/573/226 561/571/80 560/570/225 
f 560/570/225 554/564/219 563/573/226 
f 555/565/220 562/572/80 564/574/80 
f 564/574/80 552/562/217 555/565/220 
f 554/564/219 559/569/224 563/573/226 
f 554/564/219 560/570/225 555/565/220 
f 555/565/220 553/563/218 554/564/219 
f 552/562/217 565/575/80 541/551/80 
f 541/551/80 543/553/210 552/562/217 
f 552/562/217 543/553/210 539/549/208 
f 564/574/80 565/575/80 552/562/217 
f 555/565/220 552/562/217 549/559/214 
f 566/576/227 557/567/222 567/577/228 
f 567/577/228 568/578/229 566/576/227 
f 558/568/223 557/567/222 566/576/227 
f 566/576/227 569/579/230 558/568/223 
f 568/578/229 567/577/228 570/580/231 
f 570/580/231 571/581/232 568/578/229 
f 559/569/224 558/568/223 569/579/230 
f 569/579/230 572/582/233 559/569/224 
f 573/583/234 566/576/227 568/578/229 
f 568/578/229 574/584/235 573/583/234 
f 569/579/230 566/576/227 573/583/234 
f 573/583/234 575/585/236 569/579/230 
f 571/581/232 576/586/237 577/587/238 
f 577/587/238 578/588/239 571/581/232 
f 574/584/235 571/581/232 578/588/239 
f 578/588/239 579/589/240 574/584/235 
f 570/580/231 576/586/237 571/581/232 
f 568/578/229 571/581/232 574/584/235 
f 580/590/241 581/591/80 582/592/80 
f 582/592/80 575/585/236 580/590/241 
f 583/593/242 581/591/80 580/590/241 
f 580/590/241 574/584/235 583/593/242 
f 575/585/236 582/592/80 584/594/80 
f 584/594/80 572/582/233 575/585/236 
f 574/584/235 579/589/240 583/593/242 
f 574/584/235 580/590/241 575/585/236 
f 575/585/236 573/583/234 574/584/235 
f 572/582/233 585/595/80 561/571/80 
f 561/571/80 563/573/226 572/582/233 
f 572/582/233 563/573/226 559/569/224 
f 584/594/80 585/595/80 572/582/233 
f 575/585/236 572/582/233 569/579/230 
f 586/596/243 577/587/238 587/597/244 
f 587/597/244 588/598/245 586/596/243 
f 578/588/239 577/587/238 586/596/243 
f 586/596/243 589/599/246 578/588/239 
f 588/598/245 587/597/244 590/600/247 
f 590/600/247 591/601/248 588/598/245 
f 579/589/240 578/588/239 589/599/246 
f 589/599/246 592/602/249 579/589/240 
f 593/603/250 586/596/243 588/598/245 
f 588/598/245 594/604/251 593/603/250 
f 589/599/246 586/596/243 593/603/250 
f 593/603/250 595/605/252 589/599/246 
f 591/601/248 596/606/253 362/372/63 
f 362/372/63 365/375/66 591/601/248 
f 594/604/251 591/601/248 365/375/66 
f 365/375/66 369/379/70 594/604/251 
f 590/600/247 596/606/253 591/601/248 
f 588/598/245 591/601/248 594/604/251 
f 597/607/254 384/394/80 598/608/80 
f 598/608/80 595/605/252 597/607/254 
f 385/395/82 384/394/80 597/607/254 
f 597/607/254 594/604/251 385/395/82 
f 595/605/252 598/608/80 599/609/80 
f 599/609/80 592/602/249 595/605/252 
f 594/604/251 369/379/70 385/395/82 
f 594/604/251 597/607/254 595/605/252 
f 595/605/252 593/603/250 594/604/251 
f 592/602/249 600/610/80 581/591/80 
f 581/591/80 583/593/242 592/602/249 
f 592/602/249 583/593/242 579/589/240 
f 599/609/80 600/610/80 592/602/249 
f 595/605/252 592/602/249 589/599/246 
f 601/611/255 602/612/256 603/613/257 
f 603/613/257 604/614/258 601/611/255 
f 605/615/259 602/612/256 601/611/255 
f 601/611/255 606/616/260 605/615/259 
f 604/614/258 603/613/257 607/617/261 
f 607/617/261 608/618/262 604/614/258 
f 609/619/263 605/615/259 606/616/260 
f 606/616/260 610/620/264 609/619/263 
f 611/621/265 601/611/255 604/614/258 
f 604/614/258 612/622/266 611/621/265 
f 606/616/260 601/611/255 611/621/265 
f 611/621/265 613/623/267 606/616/260 
f 608/618/262 614/624/268 615/625/269 
f 615/625/269 616/626/270 608/618/262 
f 612/622/266 608/618/262 616/626/270 
f 616/626/270 617/627/271 612/622/266 
f 607/617/261 614/624/268 608/618/262 
f 604/614/258 608/618/262 612/622/266 
f 618/628/272 619/629/273 620/630/273 
f 620/630/273 613/623/267 618/628/272 
f 621/631/274 619/629/273 618/628/272 
f 618/628/272 612/622/266 621/631/274 
f 613/623/267 620/630/273 622/632/273 
f 622/632/273 610/620/264 613/623/267 
f 612/622/266 617/627/271 621/631/274 
f 612/622/266 618/628/272 613/623/267 
f 613/623/267 611/621/265 612/622/266 
f 610/620/264 623/633/273 624/634/273 
f 624/634/273 625/635/275 610/620/264 
f 610/620/264 625/635/275 609/619/263 
f 622/632/273 623/633/273 610/620/264 
f 613/623/267 610/620/264 606/616/260 
f 626/636/276 615/625/269 627/637/277 
f 627/637/277 628/638/278 626/636/276 
f 616/626/270 615/625/269 626/636/276 
f 626/636/276 629/639/279 616/626/270 
f 628/638/278 627/637/277 630/640/280 
f 630/640/280 631/641/281 628/638/278 
f 617/627/271 616/626/270 629/639/279 
f 629/639/279 632/642/282 617/627/271 
f 633/643/283 626/636/276 628/638/278 
f 628/638/278 634/644/284 633/643/283 
f 629/639/279 626/636/276 633/643/283 
f 633/643/283 635/645/285 629/639/279 
f 631/641/281 636/646/286 637/647/287 
f 637/647/287 638/648/288 631/641/281 
f 634/644/284 631/641/281 638/648/288 
f 638/648/288 639/649/289 634/644/284 
f 630/640/280 636/646/286 631/641/281 
f 628/638/278 631/641/281 634/644/284 
f 640/650/290 641/651/273 642/652/273 
f 642/652/273 635/645/285 640/650/290 
f 643/653/291 641/651/273 640/650/290 
f 640/650/290 634/644/284 643/653/291 
f 635/645/285 642/652/273 644/654/273 
f 644/654/273 632/642/282 635/645/285 
f 634/644/284 639/649/289 643/653/291 
f 634/644/284 640/650/290 635/645/285 
f 635/645/285 633/643/283 634/644/284 
f 632/642/282 645/655/273 619/629/273 
f 619/629/273 621/631/274 632/642/282 
f 632/642/282 621/631/274 617/627/271 
f 644/654/273 645/655/273 632/642/282 
f 635/645/285 632/642/282 629/639/279 
f 646/656/292 637/647/287 647/657/293 
f 647/657/293 648/658/294 646/656/292 
f 638/648/288 637/647/287 646/656/292 
f 646/656/292 649/659/295 638/648/288 
f 648/658/294 647/657/293 650/660/296 
f 650/660/296 651/661/297 648/658/294 
f 639/649/289 638/648/288 649/659/295 
f 649/659/295 652/662/298 639/649/289 
f 653/663/299 646/656/292 648/658/294 
f 648/658/294 654/664/300 653/663/299 
f 649/659/295 646/656/292 653/663/299 
f 653/663/299 655/665/301 649/659/295 
f 651/661/297 656/666/302 657/667/303 
f 657/667/303 658/668/304 651/661/297 
f 654/664/300 651/661/297 658/668/304 
f 658/668/304 659/669/305 654/664/300 
f 650/660/296 656/666/302 651/661/297 
f 648/658/294 651/661/297 654/664/300 
f 660/670/306 661/671/273 662/672/273 
f 662/672/273 655/665/301 660/670/306 
f 663/673/307 661/671/273 660/670/306 
f 660/670/306 654/664/300 663/673/307 
f 655/665/301 662/672/273 664/674/273 
f 664/674/273 652/662/298 655/665/301 
f 654/664/300 659/669/305 663/673/307 
f 654/664/300 660/670/306 655/665/301 
f 655/665/301 653/663/299 654/664/300 
f 652/662/298 665/675/273 641/651/273 
f 641/651/273 643/653/291 652/662/298 
f 652/662/298 643/653/291 639/649/289 
f 664/674/273 665/675/273 652/662/298 
f 655/665/301 652/662/298 649/659/295 
f 666/676/308 657/667/303 667/677/309 
f 667/677/309 668/678/310 666/676/308 
f 658/668/304 657/667/303 666/676/308 
f 666/676/308 669/679/311 658/668/304 
f 668/678/310 667/677/309 670/680/312 
f 670/680/312 671/681/313 668/678/310 
f 659/669/305 658/668/304 669/679/311 
f 669/679/311 672/682/314 659/669/305 
f 673/683/315 666/676/308 668/678/310 
f 668/678/310 674/684/316 673/683/315 
f 669/679/311 666/676/308 673/683/315 
f 673/683/315 675/685/317 669/679/311 
f 671/681/313 676/686/318 677/687/319 
f 677/687/319 678/688/320 671/681/313 
f 674/684/316 671/681/313 678/688/320 
f 678/688/320 679/689/321 674/684/316 
f 670/680/312 676/686/318 671/681/313 
f 668/678/310 671/681/313 674/684/316 
f 680/690/322 681/691/273 682/692/273 
f 682/692/273 675/685/317 680/690/322 
f 683/693/323 681/691/273 680/690/322 
f 680/690/322 674/684/316 683/693/323 
f 675/685/317 682/692/273 684/694/273 
f 684/694/273 672/682/314 675/685/317 
f 674/684/316 679/689/321 683/693/323 
f 674/684/316 680/690/322 675/685/317 
f 675/685/317 673/683/315 674/684/316 
f 672/682/314 685/695/273 661/671/273 
f 661/671/273 663/673/307 672/682/314 
f 672/682/314 663/673/307 659/669/305 
f 684/694/273 685/695/273 672/682/314 
f 675/685/317 672/682/314 669/679/311 
f 686/696/324 677/687/319 687/697/325 
f 687/697/325 688/698/326 686/696/324 
f 678/688/320 677/687/319 686/696/324 
f 686/696/324 689/699/327 678/688/320 
f 688/698/326 687/697/325 690/700/328 
f 690/700/328 691/701/329 688/698/326 
f 679/689/321 678/688/320 689/699/327 
f 689/699/327 692/702/330 679/689/321 
f 693/703/331 686/696/324 688/698/326 
f 688/698/326 694/704/332 693/703/331 
f 689/699/327 686/696/324 693/703/331 
f 693/703/331 695/705/333 689/699/327 
f 691/701/329 696/706/334 697/707/335 
f 697/707/335 698/708/336 691/701/329 
f 694/704/332 691/701/329 698/708/336 
f 698/708/336 699/709/337 694/704/332 
f 690/700/328 696/706/334 691/701/329 
f 688/698/326 691/701/329 694/704/332 
f 700/710/338 701/711/273 702/712/273 
f 702/712/273 695/705/333 700/710/338 
f 703/713/339 701/711/273 700/710/338 
f 700/710/338 694/704/332 703/713/339 
f 695/705/333 702/712/273 704/714/273 
f 704/714/273 692/702/330 695/705/333 
f 694/704/332 699/709/337 703/713/339 
f 694/704/332 700/710/338 695/705/333 
f 695/705/333 693/703/331 694/704/332 
f 692/702/330 705/715/273 681/691/273 
f 681/691/273 683/693/323 692/702/330 
f 692/702/330 683/693/323 679/689/321 
f 704/714/273 705/715/273 692/702/330 
f 695/705/333 692/702/330 689/699/327 
f 706/716/340 697/707/335 707/717/341 
f 707/717/341 708/718/342 706/716/340 
f 698/708/336 697/707/335 706/716/340 
f 706/716/340 709/719/343 698/708/336 
f 708/718/342 707/717/341 710/720/344 
f 710/720/344 711/721/345 708/718/342 
f 699/709/337 698/708/336 709/719/343 
f 709/719/343 712/722/346 699/709/337 
f 713/723/347 706/716/340 708/718/342 
f 708/718/342 714/724/348 713/723/347 
f 709/719/343 706/716/340 713/723/347 
f 713/723/347 715/725/349 709/719/343 
f 711/721/345 716/726/350 717/727/351 
f 717/727/351 718/728/352 711/721/345 
f 714/724/348 711/721/345 718/728/352 
f 718/728/352 719/729/353 714/724/348 
f 710/720/344 716/726/350 711/721/345 
f 708/718/342 711/721/345 714/724/348 
f 720/730/354 721/731/273 722/732/273 
f 722/732/273 715/725/349 720/730/354 
f 723/733/355 721/731/273 720/730/354 
f 720/730/354 714/724/348 723/733/355 
f 715/725/349 722/732/273 724/734/273 
f 724/734/273 712/722/346 715/725/349 
f 714/724/348 719/729/353 723/733/355 
f 714/724/348 720/730/354 715/725/349 
f 715/725/349 713/723/347 714/724/348 
f 712/722/346 725/735/273 701/711/273 
f 701/711/273 703/713/339 712/722/346 
f 712/722/346 703/713/339 699/709/337 
f 724/734/273 725/735/273 712/722/346 
f 715/725/349 712/722/346 709/719/343 
f 726/736/356 717/727/351 727/737/357 
f 727/737/357 728/738/358 726/736/356 
f 718/728/352 717/727/351 726/736/356 
f 726/736/356 729/739/359 718/728/352 
f 728/738/358 727/737/357 730/740/360 
f 730/740/360 731/741/361 728/738/358 
f 719/729/353 718/728/352 729/739/359 
f 729/739/359 732/742/362 719/729/353 
f 733/743/363 726/736/356 728/738/358 
f 728/738/358 734/744/364 733/743/363 
f 729/739/359 726/736/356 733/743/363 
f 733/743/363 735/745/365 729/739/359 
f 731/741/361 736/746/366 737/747/367 
f 737/747/367 738/748/368 731/741/361 
f 734/744/364 731/741/361 738/748/368 
f 738/748/368 739/749/369 734/744/364 
f 730/740/360 736/746/366 731/741/361 
f 728/738/358 731/741/361 734/744/364 
f 740/750/370 741/751/273 742/752/273 
f 742/752/273 735/745/365 740/750/370 
f 743/753/371 741/751/273 740/750/370 
f 740/750/370 734/744/364 743/753/371 
f 735/745/365 742/752/273 744/754/273 
f 744/754/273 732/742/362 735/745/365 
f 734/744/364 739/749/369 743/753/371 
f 734/744/364 740/750/370 735/745/365 
f 735/745/365 733/743/363 734/744/364 
f 732/742/362 745/755/273 721/731/273 
f 721/731/273 723/733/355 732/742/362 
f 732/742/362 723/733/355 719/729/353 
f 744/754/273 745/755/273 732/742/362 
f 735/745/365 732/742/362 729/739/359 
f 746/756/372 737/747/367 747/757/373 
f 747/757/373 748/758/374 746/756/372 
f 738/748/368 737/747/367 746/756/372 
f 746/756/372 749/759/375 738/748/368 
f 748/758/374 747/757/373 750/760/376 
f 750/760/376 751/761/377 748/758/374 
f 739/749/369 738/748/368 749/759/375 
f 749/759/375 752/762/378 739/749/369 
f 753/763/379 746/756/372 748/758/374 
f 748/758/374 754/764/380 753/763/379 
f 749/759/375 746/756/372 753/763/379 
f 753/763/379 755/765/381 749/759/375 
f 751/761/377 756/766/382 757/767/383 
f 757/767/383 758/768/384 751/761/377 
f 754/764/380 751/761/377 758/768/384 
f 758/768/384 759/769/385 754/764/380 
f 750/760/376 756/766/382 751/761/377 
f 748/758/374 751/761/377 754/764/380 
f 760/770/386 761/771/273 762/772/273 
f 762/772/273 755/765/381 760/770/386 
f 763/773/387 761/771/273 760/770/386 
f 760/770/386 754/764/380 763/773/387 
f 755/765/381 762/772/273 764/774/273 
f 764/774/273 752/762/378 755/765/381 
f 754/764/380 759/769/385 763/773/387 
f 754/764/380 760/770/386 755/765/381 
f 755/765/381 753/763/379 754/764/380 
f 752/762/378 765/775/273 741/751/273 
f 741/751/273 743/753/371 752/762/378 
f 752/762/378 743/753/371 739/749/369 
f 764/774/273 765/775/273 752/762/378 
f 755/765/381 752/762/378 749/759/375 
f 766/776/388 757/767/383 767/777/389 
f 767/777/389 768/778/390 766/776/388 
f 758/768/384 757/767/383 766/776/388 
f 766/776/388 769/779/391 758/768/384 
f 768/778/390 767/777/389 770/780/392 
f 770/780/392 771/781/393 768/778/390 
f 759/769/385 758/768/384 769/779/391 
f 769/779/391 772/782/394 759/769/385 
f 773/783/395 766/776/388 768/778/390 
f 768/778/390 774/784/396 773/783/395 
f 769/779/391 766/776/388 773/783/395 
f 773/783/395 775/785/397 769/779/391 
f 771/781/393 776/786/398 777/787/399 
f 777/787/399 778/788/400 771/781/393 
f 774/784/396 771/781/393 778/788/400 
f 778/788/400 779/789/401 774/784/396 
f 770/780/392 776/786/398 771/781/393 
f 768/778/390 771/781/393 774/784/396 
f 780/790/402 781/791/273 782/792/273 
f 782/792/273 775/785/397 780/790/402 
f 783/793/403 781/791/273 780/790/402 
f 780/790/402 774/784/396 783/793/403 
f 775/785/397 782/792/273 784/794/273 
f 784/794/273 772/782/394 775/785/397 
f 774/784/396 779/789/401 783/793/403 
f 774/784/396 780/790/402 775/785/397 
f 775/785/397 773/783/395 774/784/396 
f 772/782/394 785/795/273 761/771/273 
f 761/771/273 763/773/387 772/782/394 
f 772/782/394 763/773/387 759/769/385 
f 784/794/273 785/795/273 772/782/394 
f 775/785/397 772/782/394 769/779/391 
f 786/796/404 777/787/399 787/797/405 
f 787/797/405 788/798/406 786/796/404 
f 778/788/400 777/787/399 786/796/404 
f 786/796/404 789/799/407 778/788/400 
f 788/798/406 787/797/405 790/800/408 
f 790/800/408 791/801/409 788/798/406 
f 779/789/401 778/788/400 789/799/407 
f 789/799/407 792/802/410 779/789/401 
f 793/803/411 786/796/404 788/798/406 
f 788/798/406 794/804/412 793/803/411 
f 789/799/407 786/796/404 793/803/411 
f 793/803/411 795/805/413 789/799/407 
f 791/801/409 796/806/414 797/807/415 
f 797/807/415 798/808/416 791/801/409 
f 794/804/412 791/801/409 798/808/416 
f 798/808/416 799/809/417 794/804/412 
f 790/800/408 796/806/414 791/801/409 
f 788/798/406 791/801/409 794/804/412 
f 800/810/418 801/811/273 802/812/273 
f 802/812/273 795/805/413 800/810/418 
f 803/813/419 801/811/273 800/810/418 
f 800/810/418 794/804/412 803/813/419 
f 795/805/413 802/812/273 804/814/273 
f 804/814/273 792/802/410 795/805/413 
f 794/804/412 799/809/417 803/813/419 
f 794/804/412 800/810/418 795/805/413 
f 795/805/413 793/803/411 794/804/412 
f 792/802/410 805/815/273 781/791/273 
f 781/791/273 783/793/403 792/802/410 
f 792/802/410 783/793/403 779/789/401 
f 804/814/273 805/815/273 792/802/410 
f 795/805/413 792/802/410 789/799/407 
f 806/816/420 797/807/415 807/817/421 
f 807/817/421 808/818/422 806/816/420 
f 798/808/416 797/807/415 806/816/420 
f 806/816/420 809/819/423 798/808/416 
f 808/818/422 807/817/421 810/820/424 
f 810/820/424 811/821/425 808/818/422 
f 799/809/417 798/808/416 809/819/423 
f 809/819/423 812/822/426 799/809/417 
f 813/823/427 806/816/420 808/818/422 
f 808/818/422 814/824/428 813/823/427 
f 809/819/423 806/816/420 813/823/427 
f 813/823/427 815/825/429 809/819/423 
f 811/821/425 816/826/430 817/827/431 
f 817/827/431 818/828/432 811/821/425 
f 814/824/428 811/821/425 818/828/432 
f 818/828/432 819/829/433 814/824/428 
f 810/820/424 816/826/430 811/821/425 
f 808/818/422 811/821/425 814/824/428 
f 820/830/434 821/831/273 822/832/273 
f 822/832/273 815/825/429 820/830/434 
f 823/833/435 821/831/273 820/830/434 
f 820/830/434 814/824/428 823/833/435 
f 815/825/429 822/832/273 824/834/273 
f 824/834/273 812/822/426 815/825/429 
f 814/824/428 819/829/433 823/833/435 
f 814/824/428 820/830/434 815/825/429 
f 815/825/429 813/823/427 814/824/428 
f 812/822/426 825/835/273 801/811/273 
f 801/811/273 803/813/419 812/822/426 
f 812/822/426 803/813/419 799/809/417 
f 824/834/273 825/835/273 812/822/426 
f 815/825/429 812/822/426 809/819/423 
f 826/836/436 817/827/431 827/837/437 
f 827/837/437 828/838/438 826/836/436 
f 818/828/432 817/827/431 826/836/436 
f 826/836/436 829/839/439 818/828/432 
f 828/838/438 827/837/437 830/840/440 
f 830/840/440 831/841/441 828/838/438 
f 819/829/433 818/828/432 829/839/439 
f 829/839/439 832/842/442 819/829/433 
f 833/843/443 826/836/436 828/838/438 
f 828/838/438 834/844/444 833/843/443 
f 829/839/439 826/836/436 833/843/443 
f 833/843/443 835/845/445 829/839/439 
f 831/841/441 836/846/446 602/612/256 
f 602/612/256 605/615/259 831/841/441 
f 834/844/444 831/841/441 605/615/259 
f 605/615/259 609/619/263 834/844/444 
f 830/840/440 836/846/446 831/841/441 
f 828/838/438 831/841/441 834/844/444 
f 837/847/447 624/634/273 838/848/273 
f 838/848/273 835/845/445 837/847/447 
f 625/635/275 624/634/273 837/847/447 
f 837/847/447 834/844/444 625/635/275 
f 835/845/445 838/848/273 839/849/273 
f 839/849/273 832/842/442 835/845/445 
f 834/844/444 609/619/263 625/635/275 
f 834/844/444 837/847/447 835/845/445 
f 835/845/445 833/843/443 834/844/444 
f 832/842/442 840/850/273 821/831/273 
f 821/831/273 823/833/435 832/842/442 
f 832/842/442 823/833/435 819/829/433 
f 839/849/273 840/850/273 832/842/442 
f 835/845/445 832/842/442 829/839/439 
s 16777216
f 841/851/448 384/852/449 383/853/450 
f 383/853/450 842/854/451 841/851/448 
f 843/855/452 384/852/449 841/851/448 
f 841/851/448 844/856/453 843/855/452 
f 842/854/451 383/853/450 382/857/454 
f 382/857/454 845/858/455 842/854/451 
f 846/859/456 843/855/452 844/856/453 
f 844/856/453 847/860/457 846/859/456 
f 848/861/458 841/851/448 842/854/451 
f 842/854/451 849/862/459 848/861/458 
f 844/856/453 841/851/448 848/861/458 
f 848/861/458 850/863/460 844/856/453 
f 845/858/455 380/864/461 379/865/80 
f 379/865/80 405/866/462 845/858/455 
f 849/862/459 845/858/455 405/866/462 
f 405/866/462 404/867/463 849/862/459 
f 382/857/454 380/864/461 845/858/455 
f 842/854/451 845/858/455 849/862/459 
f 851/868/464 401/869/465 852/870/466 
f 852/870/466 850/863/460 851/868/464 
f 402/871/467 401/869/465 851/868/464 
f 851/868/464 849/862/459 402/871/467 
f 850/863/460 852/870/466 853/872/468 
f 853/872/468 847/860/457 850/863/460 
f 849/862/459 404/867/463 402/871/467 
f 849/862/459 851/868/464 850/863/460 
f 850/863/460 848/861/458 849/862/459 
f 854/873/469 847/860/457 855/874/470 
f 855/874/470 856/875/80 854/873/469 
f 847/860/457 854/873/469 846/859/456 
f 853/872/468 855/874/470 847/860/457 
f 850/863/460 847/860/457 844/856/453 
f 857/876/471 401/869/465 425/877/472 
f 425/877/472 858/878/473 857/876/471 
f 852/870/466 401/869/465 857/876/471 
f 857/876/471 859/879/474 852/870/466 
f 858/878/473 425/877/472 424/880/475 
f 424/880/475 860/881/476 858/878/473 
f 853/872/468 852/870/466 859/879/474 
f 859/879/474 861/882/477 853/872/468 
f 862/883/478 857/876/471 858/878/473 
f 858/878/473 863/884/479 862/883/478 
f 859/879/474 857/876/471 862/883/478 
f 862/883/478 864/885/480 859/879/474 
f 860/881/476 422/886/481 421/887/80 
f 421/887/80 445/888/482 860/881/476 
f 863/884/479 860/881/476 445/888/482 
f 445/888/482 444/889/483 863/884/479 
f 424/880/475 422/886/481 860/881/476 
f 858/878/473 860/881/476 863/884/479 
f 865/890/484 441/891/485 866/892/486 
f 866/892/486 864/885/480 865/890/484 
f 442/893/487 441/891/485 865/890/484 
f 865/890/484 863/884/479 442/893/487 
f 864/885/480 866/892/486 867/894/488 
f 867/894/488 861/882/477 864/885/480 
f 863/884/479 444/889/483 442/893/487 
f 863/884/479 865/890/484 864/885/480 
f 864/885/480 862/883/478 863/884/479 
f 855/874/470 861/882/477 868/895/489 
f 868/895/489 856/875/80 855/874/470 
f 861/882/477 855/874/470 853/872/468 
f 867/894/488 868/895/489 861/882/477 
f 864/885/480 861/882/477 859/879/474 
f 869/896/490 441/891/485 465/897/491 
f 465/897/491 870/898/492 869/896/490 
f 866/892/486 441/891/485 869/896/490 
f 869/896/490 871/899/493 866/892/486 
f 870/898/492 465/897/491 464/900/494 
f 464/900/494 872/901/495 870/898/492 
f 867/894/488 866/892/486 871/899/493 
f 871/899/493 873/902/496 867/894/488 
f 874/903/497 869/896/490 870/898/492 
f 870/898/492 875/904/498 874/903/497 
f 871/899/493 869/896/490 874/903/497 
f 874/903/497 876/905/499 871/899/493 
f 872/901/495 462/906/500 461/907/80 
f 461/907/80 485/908/501 872/901/495 
f 875/904/498 872/901/495 485/908/501 
f 485/908/501 484/909/502 875/904/498 
f 464/900/494 462/906/500 872/901/495 
f 870/898/492 872/901/495 875/904/498 
f 877/910/503 481/911/504 878/912/505 
f 878/912/505 876/905/499 877/910/503 
f 482/913/506 481/911/504 877/910/503 
f 877/910/503 875/904/498 482/913/506 
f 876/905/499 878/912/505 879/914/507 
f 879/914/507 873/902/496 876/905/499 
f 875/904/498 484/909/502 482/913/506 
f 875/904/498 877/910/503 876/905/499 
f 876/905/499 874/903/497 875/904/498 
f 868/895/489 873/902/496 880/915/508 
f 880/915/508 856/875/80 868/895/489 
f 873/902/496 868/895/489 867/894/488 
f 879/914/507 880/915/508 873/902/496 
f 876/905/499 873/902/496 871/899/493 
f 881/916/509 481/911/504 505/917/510 
f 505/917/510 882/918/511 881/916/509 
f 878/912/505 481/911/504 881/916/509 
f 881/916/509 883/919/512 878/912/505 
f 882/918/511 505/917/510 504/920/513 
f 504/920/513 884/921/514 882/918/511 
f 879/914/507 878/912/505 883/919/512 
f 883/919/512 885/922/515 879/914/507 
f 886/923/516 881/916/509 882/918/511 
f 882/918/511 887/924/517 886/923/516 
f 883/919/512 881/916/509 886/923/516 
f 886/923/516 888/925/518 883/919/512 
f 884/921/514 502/926/519 501/927/80 
f 501/927/80 525/928/520 884/921/514 
f 887/924/517 884/921/514 525/928/520 
f 525/928/520 524/929/521 887/924/517 
f 504/920/513 502/926/519 884/921/514 
f 882/918/511 884/921/514 887/924/517 
f 889/930/522 521/931/523 890/932/524 
f 890/932/524 888/925/518 889/930/522 
f 522/933/525 521/931/523 889/930/522 
f 889/930/522 887/924/517 522/933/525 
f 888/925/518 890/932/524 891/934/526 
f 891/934/526 885/922/515 888/925/518 
f 887/924/517 524/929/521 522/933/525 
f 887/924/517 889/930/522 888/925/518 
f 888/925/518 886/923/516 887/924/517 
f 880/915/508 885/922/515 892/935/527 
f 892/935/527 856/875/80 880/915/508 
f 885/922/515 880/915/508 879/914/507 
f 891/934/526 892/935/527 885/922/515 
f 888/925/518 885/922/515 883/919/512 
f 893/936/528 521/931/523 545/937/529 
f 545/937/529 894/938/530 893/936/528 
f 890/932/524 521/931/523 893/936/528 
f 893/936/528 895/939/531 890/932/524 
f 894/938/530 545/937/529 544/940/532 
f 544/940/532 896/941/533 894/938/530 
f 891/934/526 890/932/524 895/939/531 
f 895/939/531 897/942/534 891/934/526 
f 898/943/535 893/936/528 894/938/530 
f 894/938/530 899/944/536 898/943/535 
f 895/939/531 893/936/528 898/943/535 
f 898/943/535 900/945/537 895/939/531 
f 896/941/533 542/946/538 541/947/80 
f 541/947/80 565/948/539 896/941/533 
f 899/944/536 896/941/533 565/948/539 
f 565/948/539 564/949/540 899/944/536 
f 544/940/532 542/946/538 896/941/533 
f 894/938/530 896/941/533 899/944/536 
f 901/950/541 561/951/542 902/952/543 
f 902/952/543 900/945/537 901/950/541 
f 562/953/544 561/951/542 901/950/541 
f 901/950/541 899/944/536 562/953/544 
f 900/945/537 902/952/543 903/954/545 
f 903/954/545 897/942/534 900/945/537 
f 899/944/536 564/949/540 562/953/544 
f 899/944/536 901/950/541 900/945/537 
f 900/945/537 898/943/535 899/944/536 
f 892/935/527 897/942/534 904/955/546 
f 904/955/546 856/875/80 892/935/527 
f 897/942/534 892/935/527 891/934/526 
f 903/954/545 904/955/546 897/942/534 
f 900/945/537 897/942/534 895/939/531 
f 905/956/547 561/951/542 585/957/548 
f 585/957/548 906/958/549 905/956/547 
f 902/952/543 561/951/542 905/956/547 
f 905/956/547 907/959/550 902/952/543 
f 906/958/549 585/957/548 584/960/551 
f 584/960/551 908/961/552 906/958/549 
f 903/954/545 902/952/543 907/959/550 
f 907/959/550 909/962/553 903/954/545 
f 910/963/554 905/956/547 906/958/549 
f 906/958/549 911/964/555 910/963/554 
f 907/959/550 905/956/547 910/963/554 
f 910/963/554 912/965/556 907/959/550 
f 908/961/552 582/966/557 581/967/80 
f 581/967/80 600/968/558 908/961/552 
f 911/964/555 908/961/552 600/968/558 
f 600/968/558 599/969/559 911/964/555 
f 584/960/551 582/966/557 908/961/552 
f 906/958/549 908/961/552 911/964/555 
f 913/970/560 384/852/449 843/855/452 
f 843/855/452 912/965/556 913/970/560 
f 598/971/561 384/852/449 913/970/560 
f 913/970/560 911/964/555 598/971/561 
f 912/965/556 843/855/452 846/859/456 
f 846/859/456 909/962/553 912/965/556 
f 911/964/555 599/969/559 598/971/561 
f 911/964/555 913/970/560 912/965/556 
f 912/965/556 910/963/554 911/964/555 
f 904/955/546 909/962/553 854/873/469 
f 854/873/469 856/875/80 904/955/546 
f 909/962/553 904/955/546 903/954/545 
f 846/859/456 854/873/469 909/962/553 
f 912/965/556 909/962/553 907/959/550 
s 16
f 914/972/273 624/973/273 623/974/273 
f 623/974/273 915/975/273 914/972/273 
f 916/976/273 624/973/273 914/972/273 
f 914/972/273 917/977/273 916/976/273 
f 915/975/273 623/974/273 622/978/273 
f 622/978/273 918/979/273 915/975/273 
f 919/980/273 916/976/273 917/977/273 
f 917/977/273 920/981/273 919/980/273 
f 921/982/273 914/972/273 915/975/273 
f 915/975/273 922/983/273 921/982/273 
f 917/977/273 914/972/273 921/982/273 
f 921/982/273 923/984/273 917/977/273 
f 918/979/273 620/985/273 619/986/273 
f 619/986/273 645/987/273 918/979/273 
f 922/983/273 918/979/273 645/987/273 
f 645/987/273 644/988/273 922/983/273 
f 622/978/273 620/985/273 918/979/273 
f 915/975/273 918/979/273 922/983/273 
f 924/989/273 641/990/273 925/991/273 
f 925/991/273 923/984/273 924/989/273 
f 642/992/273 641/990/273 924/989/273 
f 924/989/273 922/983/273 642/992/273 
f 923/984/273 925/991/273 926/993/273 
f 926/993/273 920/981/273 923/984/273 
f 922/983/273 644/988/273 642/992/273 
f 922/983/273 924/989/273 923/984/273 
f 923/984/273 921/982/273 922/983/273 
f 927/994/273 920/981/273 928/995/273 
f 928/995/273 929/996/273 927/994/273 
f 920/981/273 927/994/273 919/980/273 
f 926/993/273 928/995/273 920/981/273 
f 923/984/273 920/981/273 917/977/273 
f 930/997/273 641/990/273 665/998/273 
f 665/998/273 931/999/273 930/997/273 
f 925/991/273 641/990/273 930/997/273 
f 930/997/273 932/1000/273 925/991/273 
f 931/999/273 665/998/273 664/1001/273 
f 664/1001/273 933/1002/273 931/999/273 
f 926/993/273 925/991/273 932/1000/273 
f 932/1000/273 934/1003/273 926/993/273 
f 935/1004/273 930/997/273 931/999/273 
f 931/999/273 936/1005/273 935/1004/273 
f 932/1000/273 930/997/273 935/1004/273 
f 935/1004/273 937/1006/273 932/1000/273 
f 933/1002/273 662/1007/273 661/1008/273 
f 661/1008/273 685/1009/273 933/1002/273 
f 936/1005/273 933/1002/273 685/1009/273 
f 685/1009/273 684/1010/273 936/1005/273 
f 664/1001/273 662/1007/273 933/1002/273 
f 931/999/273 933/1002/273 936/1005/273 
f 938/1011/273 681/1012/273 939/1013/273 
f 939/1013/273 937/1006/273 938/1011/273 
f 682/1014/273 681/1012/273 938/1011/273 
f 938/1011/273 936/1005/273 682/1014/273 
f 937/1006/273 939/1013/273 940/1015/273 
f 940/1015/273 934/1003/273 937/1006/273 
f 936/1005/273 684/1010/273 682/1014/273 
f 936/1005/273 938/1011/273 937/1006/273 
f 937/1006/273 935/1004/273 936/1005/273 
f 928/995/273 934/1003/273 941/1016/273 
f 941/1016/273 929/996/273 928/995/273 
f 934/1003/273 928/995/273 926/993/273 
f 940/1015/273 941/1016/273 934/1003/273 
f 937/1006/273 934/1003/273 932/1000/273 
f 942/1017/273 681/1012/273 705/1018/273 
f 705/1018/273 943/1019/273 942/1017/273 
f 939/1013/273 681/1012/273 942/1017/273 
f 942/1017/273 944/1020/273 939/1013/273 
f 943/1019/273 705/1018/273 704/1021/273 
f 704/1021/273 945/1022/273 943/1019/273 
f 940/1015/273 939/1013/273 944/1020/273 
f 944/1020/273 946/1023/273 940/1015/273 
f 947/1024/273 942/1017/273 943/1019/273 
f 943/1019/273 948/1025/273 947/1024/273 
f 944/1020/273 942/1017/273 947/1024/273 
f 947/1024/273 949/1026/273 944/1020/273 
f 945/1022/273 702/1027/273 701/1028/273 
f 701/1028/273 725/1029/273 945/1022/273 
f 948/1025/273 945/1022/273 725/1029/273 
f 725/1029/273 724/1030/273 948/1025/273 
f 704/1021/273 702/1027/273 945/1022/273 
f 943/1019/273 945/1022/273 948/1025/273 
f 950/1031/273 721/1032/273 951/1033/273 
f 951/1033/273 949/1026/273 950/1031/273 
f 722/1034/273 721/1032/273 950/1031/273 
f 950/1031/273 948/1025/273 722/1034/273 
f 949/1026/273 951/1033/273 952/1035/273 
f 952/1035/273 946/1023/273 949/1026/273 
f 948/1025/273 724/1030/273 722/1034/273 
f 948/1025/273 950/1031/273 949/1026/273 
f 949/1026/273 947/1024/273 948/1025/273 
f 941/1016/273 946/1023/273 953/1036/273 
f 953/1036/273 929/996/273 941/1016/273 
f 946/1023/273 941/1016/273 940/1015/273 
f 952/1035/273 953/1036/273 946/1023/273 
f 949/1026/273 946/1023/273 944/1020/273 
f 954/1037/273 721/1032/273 745/1038/273 
f 745/1038/273 955/1039/273 954/1037/273 
f 951/1033/273 721/1032/273 954/1037/273 
f 954/1037/273 956/1040/273 951/1033/273 
f 955/1039/273 745/1038/273 744/1041/273 
f 744/1041/273 957/1042/273 955/1039/273 
f 952/1035/273 951/1033/273 956/1040/273 
f 956/1040/273 958/1043/273 952/1035/273 
f 959/1044/273 954/1037/273 955/1039/273 
f 955/1039/273 960/1045/273 959/1044/273 
f 956/1040/273 954/1037/273 959/1044/273 
f 959/1044/273 961/1046/273 956/1040/273 
f 957/1042/273 742/1047/273 741/1048/273 
f 741/1048/273 765/1049/273 957/1042/273 
f 960/1045/273 957/1042/273 765/1049/273 
f 765/1049/273 764/1050/273 960/1045/273 
f 744/1041/273 742/1047/273 957/1042/273 
f 955/1039/273 957/1042/273 960/1045/273 
f 962/1051/273 761/1052/273 963/1053/273 
f 963/1053/273 961/1046/273 962/1051/273 
f 762/1054/273 761/1052/273 962/1051/273 
f 962/1051/273 960/1045/273 762/1054/273 
f 961/1046/273 963/1053/273 964/1055/273 
f 964/1055/273 958/1043/273 961/1046/273 
f 960/1045/273 764/1050/273 762/1054/273 
f 960/1045/273 962/1051/273 961/1046/273 
f 961/1046/273 959/1044/273 960/1045/273 
f 953/1036/273 958/1043/273 965/1056/273 
f 965/1056/273 929/996/273 953/1036/273 
f 958/1043/273 953/1036/273 952/1035/273 
f 964/1055/273 965/1056/273 958/1043/273 
f 961/1046/273 958/1043/273 956/1040/273 
f 966/1057/273 761/1052/273 785/1058/273 
f 785/1058/273 967/1059/273 966/1057/273 
f 963/1053/273 761/1052/273 966/1057/273 
f 966/1057/273 968/1060/273 963/1053/273 
f 967/1059/273 785/1058/273 784/1061/273 
f 784/1061/273 969/1062/273 967/1059/273 
f 964/1055/273 963/1053/273 968/1060/273 
f 968/1060/273 970/1063/273 964/1055/273 
f 971/1064/273 966/1057/273 967/1059/273 
f 967/1059/273 972/1065/273 971/1064/273 
f 968/1060/273 966/1057/273 971/1064/273 
f 971/1064/273 973/1066/273 968/1060/273 
f 969/1062/273 782/1067/273 781/1068/273 
f 781/1068/273 805/1069/273 969/1062/273 
f 972/1065/273 969/1062/273 805/1069/273 
f 805/1069/273 804/1070/273 972/1065/273 
f 784/1061/273 782/1067/273 969/1062/273 
f 967/1059/273 969/1062/273 972/1065/273 
f 974/1071/273 801/1072/273 975/1073/273 
f 975/1073/273 973/1066/273 974/1071/273 
f 802/1074/273 801/1072/273 974/1071/273 
f 974/1071/273 972/1065/273 802/1074/273 
f 973/1066/273 975/1073/273 976/1075/273 
f 976/1075/273 970/1063/273 973/1066/273 
f 972/1065/273 804/1070/273 802/1074/273 
f 972/1065/273 974/1071/273 973/1066/273 
f 973/1066/273 971/1064/273 972/1065/273 
f 965/1056/273 970/1063/273 977/1076/273 
f 977/1076/273 929/996/273 965/1056/273 
f 970/1063/273 965/1056/273 964/1055/273 
f 976/1075/273 977/1076/273 970/1063/273 
f 973/1066/273 970/1063/273 968/1060/273 
f 978/1077/273 801/1072/273 825/1078/273 
f 825/1078/273 979/1079/273 978/1077/273 
f 975/1073/273 801/1072/273 978/1077/273 
f 978/1077/273 980/1080/273 975/1073/273 
f 979/1079/273 825/1078/273 824/1081/273 
f 824/1081/273 981/1082/273 979/1079/273 
f 976/1075/273 975/1073/273 980/1080/273 
f 980/1080/273 982/1083/273 976/1075/273 
f 983/1084/273 978/1077/273 979/1079/273 
f 979/1079/273 984/1085/273 983/1084/273 
f 980/1080/273 978/1077/273 983/1084/273 
f 983/1084/273 985/1086/273 980/1080/273 
f 981/1082/273 822/1087/273 821/1088/273 
f 821/1088/273 840/1089/273 981/1082/273 
f 984/1085/273 981/1082/273 840/1089/273 
f 840/1089/273 839/1090/273 984/1085/273 
f 824/1081/273 822/1087/273 981/1082/273 
f 979/1079/273 981/1082/273 984/1085/273 
f 986/1091/273 624/973/273 916/976/273 
f 916/976/273 985/1086/273 986/1091/273 
f 838/1092/273 624/973/273 986/1091/273 
f 986/1091/273 984/1085/273 838/1092/273 
f 985/1086/273 916/976/273 919/980/273 
f 919/980/273 982/1083/273 985/1086/273 
f 984/1085/273 839/1090/273 838/1092/273 
f 984/1085/273 986/1091/273 985/1086/273 
f 985/1086/273 983/1084/273 984/1085/273 
f 977/1076/273 982/1083/273 927/994/273 
f 927/994/273 929/996/273 977/1076/273 
f 982/1083/273 977/1076/273 976/1075/273 
f 919/980/273 927/994/273 982/1083/273 
f 985/1086/273 982/1083/273 980/1080/273 
s 8
f 987/1093/562 135/140/3 988/1094/563 
f 988/1094/563 989/1095/564 987/1093/562 
f 136/141/26 135/140/3 987/1093/562 
f 987/1093/562 990/1096/565 136/141/26 
f 989/1095/564 988/1094/563 991/1097/566 
f 991/1097/566 992/1098/567 989/1095/564 
f 137/142/27 136/141/26 990/1096/565 
f 990/1096/565 993/1099/568 137/142/27 
f 994/1100/569 987/1093/562 989/1095/564 
f 989/1095/564 995/1101/570 994/1100/569 
f 990/1096/565 987/1093/562 994/1100/569 
f 994/1100/569 996/1102/571 990/1096/565 
f 992/1098/567 997/1103/572 615/1104/269 
f 615/1104/269 614/1105/268 992/1098/567 
f 995/1101/570 992/1098/567 614/1105/268 
f 614/1105/268 607/1106/261 995/1101/570 
f 991/1097/566 997/1103/572 992/1098/567 
f 989/1095/564 992/1098/567 995/1101/570 
f 998/1107/573 602/1108/256 999/1109/574 
f 999/1109/574 996/1102/571 998/1107/573 
f 603/1110/257 602/1108/256 998/1107/573 
f 998/1107/573 995/1101/570 603/1110/257 
f 996/1102/571 999/1109/574 1000/1111/575 
f 1000/1111/575 993/1099/568 996/1102/571 
f 995/1101/570 607/1106/261 603/1110/257 
f 995/1101/570 998/1107/573 996/1102/571 
f 996/1102/571 994/1100/569 995/1101/570 
f 993/1099/568 1001/1112/576 139/144/2 
f 139/144/2 141/146/28 993/1099/568 
f 993/1099/568 141/146/28 137/142/27 
f 1000/1111/575 1001/1112/576 993/1099/568 
f 996/1102/571 993/1099/568 990/1096/565 
f 1002/1113/577 144/149/2 1003/1114/578 
f 1003/1114/578 1004/1115/579 1002/1113/577 
f 145/150/28 144/149/2 1002/1113/577 
f 1002/1113/577 1005/1116/580 145/150/28 
f 1004/1115/579 1003/1114/578 1006/1117/581 
f 1006/1117/581 1007/1118/582 1004/1115/579 
f 129/134/27 145/150/28 1005/1116/580 
f 1005/1116/580 1008/1119/583 129/134/27 
f 1009/1120/584 1002/1113/577 1004/1115/579 
f 1004/1115/579 1010/1121/585 1009/1120/584 
f 1005/1116/580 1002/1113/577 1009/1120/584 
f 1009/1120/584 1011/1122/586 1005/1116/580 
f 1007/1118/582 1012/1123/587 375/1124/76 
f 375/1124/76 374/1125/75 1007/1118/582 
f 1010/1121/585 1007/1118/582 374/1125/75 
f 374/1125/75 367/1126/68 1010/1121/585 
f 1006/1117/581 1012/1123/587 1007/1118/582 
f 1004/1115/579 1007/1118/582 1010/1121/585 
f 1013/1127/588 362/1128/63 1014/1129/589 
f 1014/1129/589 1011/1122/586 1013/1127/588 
f 363/1130/64 362/1128/63 1013/1127/588 
f 1013/1127/588 1010/1121/585 363/1130/64 
f 1011/1122/586 1014/1129/589 1015/1131/590 
f 1015/1131/590 1008/1119/583 1011/1122/586 
f 1010/1121/585 367/1126/68 363/1130/64 
f 1010/1121/585 1013/1127/588 1011/1122/586 
f 1011/1122/586 1009/1120/584 1010/1121/585 
f 1008/1119/583 1016/1132/591 122/127/3 
f 122/127/3 125/130/26 1008/1119/583 
f 1008/1119/583 125/130/26 129/134/27 
f 1015/1131/590 1016/1132/591 1008/1119/583 
f 1011/1122/586 1008/1119/583 1005/1116/580 
f 1017/1133/592 160/165/5 1018/1134/593 
f 1018/1134/593 1019/1135/594 1017/1133/592 
f 161/166/29 160/165/5 1017/1133/592 
f 1017/1133/592 1020/1136/595 161/166/29 
f 1019/1135/594 1018/1134/593 1021/1137/596 
f 1021/1137/596 1022/1138/597 1019/1135/594 
f 162/167/30 161/166/29 1020/1136/595 
f 1020/1136/595 1023/1139/598 162/167/30 
f 1024/1140/599 1017/1133/592 1019/1135/594 
f 1019/1135/594 1025/1141/600 1024/1140/599 
f 1020/1136/595 1017/1133/592 1024/1140/599 
f 1024/1140/599 1026/1142/601 1020/1136/595 
f 1022/1138/597 1027/1143/602 637/1144/287 
f 637/1144/287 636/1145/286 1022/1138/597 
f 1025/1141/600 1022/1138/597 636/1145/286 
f 636/1145/286 630/1146/280 1025/1141/600 
f 1021/1137/596 1027/1143/602 1022/1138/597 
f 1019/1135/594 1022/1138/597 1025/1141/600 
f 1028/1147/603 615/1104/269 997/1103/572 
f 997/1103/572 1026/1142/601 1028/1147/603 
f 627/1148/277 615/1104/269 1028/1147/603 
f 1028/1147/603 1025/1141/600 627/1148/277 
f 1026/1142/601 997/1103/572 991/1097/566 
f 991/1097/566 1023/1139/598 1026/1142/601 
f 1025/1141/600 630/1146/280 627/1148/277 
f 1025/1141/600 1028/1147/603 1026/1142/601 
f 1026/1142/601 1024/1140/599 1025/1141/600 
f 1023/1139/598 988/1094/563 135/140/3 
f 135/140/3 164/169/31 1023/1139/598 
f 1023/1139/598 164/169/31 162/167/30 
f 991/1097/566 988/1094/563 1023/1139/598 
f 1026/1142/601 1023/1139/598 1020/1136/595 
f 1029/1149/604 122/127/3 1016/1132/591 
f 1016/1132/591 1030/1150/605 1029/1149/604 
f 165/170/31 122/127/3 1029/1149/604 
f 1029/1149/604 1031/1151/606 165/170/31 
f 1030/1150/605 1016/1132/591 1015/1131/590 
f 1015/1131/590 1032/1152/607 1030/1150/605 
f 154/159/30 165/170/31 1031/1151/606 
f 1031/1151/606 1033/1153/608 154/159/30 
f 1034/1154/609 1029/1149/604 1030/1150/605 
f 1030/1150/605 1035/1155/610 1034/1154/609 
f 1031/1151/606 1029/1149/604 1034/1154/609 
f 1034/1154/609 1036/1156/611 1031/1151/606 
f 1032/1152/607 1014/1129/589 362/1128/63 
f 362/1128/63 596/1157/253 1032/1152/607 
f 1035/1155/610 1032/1152/607 596/1157/253 
f 596/1157/253 590/1158/247 1035/1155/610 
f 1015/1131/590 1014/1129/589 1032/1152/607 
f 1030/1150/605 1032/1152/607 1035/1155/610 
f 1037/1159/612 577/1160/238 1038/1161/613 
f 1038/1161/613 1036/1156/611 1037/1159/612 
f 587/1162/244 577/1160/238 1037/1159/612 
f 1037/1159/612 1035/1155/610 587/1162/244 
f 1036/1156/611 1038/1161/613 1039/1163/614 
f 1039/1163/614 1033/1153/608 1036/1156/611 
f 1035/1155/610 590/1158/247 587/1162/244 
f 1035/1155/610 1037/1159/612 1036/1156/611 
f 1036/1156/611 1034/1154/609 1035/1155/610 
f 1033/1153/608 1040/1164/615 147/152/5 
f 147/152/5 150/155/29 1033/1153/608 
f 1033/1153/608 150/155/29 154/159/30 
f 1039/1163/614 1040/1164/615 1033/1153/608 
f 1036/1156/611 1033/1153/608 1031/1151/606 
f 1041/1165/616 180/185/7 1042/1166/617 
f 1042/1166/617 1043/1167/618 1041/1165/616 
f 181/186/32 180/185/7 1041/1165/616 
f 1041/1165/616 1044/1168/619 181/186/32 
f 1043/1167/618 1042/1166/617 1045/1169/620 
f 1045/1169/620 1046/1170/621 1043/1167/618 
f 182/187/33 181/186/32 1044/1168/619 
f 1044/1168/619 1047/1171/622 182/187/33 
f 1048/1172/623 1041/1165/616 1043/1167/618 
f 1043/1167/618 1049/1173/624 1048/1172/623 
f 1044/1168/619 1041/1165/616 1048/1172/623 
f 1048/1172/623 1050/1174/625 1044/1168/619 
f 1046/1170/621 1051/1175/626 657/1176/303 
f 657/1176/303 656/1177/302 1046/1170/621 
f 1049/1173/624 1046/1170/621 656/1177/302 
f 656/1177/302 650/1178/296 1049/1173/624 
f 1045/1169/620 1051/1175/626 1046/1170/621 
f 1043/1167/618 1046/1170/621 1049/1173/624 
f 1052/1179/627 637/1144/287 1027/1143/602 
f 1027/1143/602 1050/1174/625 1052/1179/627 
f 647/1180/293 637/1144/287 1052/1179/627 
f 1052/1179/627 1049/1173/624 647/1180/293 
f 1050/1174/625 1027/1143/602 1021/1137/596 
f 1021/1137/596 1047/1171/622 1050/1174/625 
f 1049/1173/624 650/1178/296 647/1180/293 
f 1049/1173/624 1052/1179/627 1050/1174/625 
f 1050/1174/625 1048/1172/623 1049/1173/624 
f 1047/1171/622 1018/1134/593 160/165/5 
f 160/165/5 184/189/34 1047/1171/622 
f 1047/1171/622 184/189/34 182/187/33 
f 1021/1137/596 1018/1134/593 1047/1171/622 
f 1050/1174/625 1047/1171/622 1044/1168/619 
f 1053/1181/628 147/152/5 1040/1164/615 
f 1040/1164/615 1054/1182/629 1053/1181/628 
f 185/190/34 147/152/5 1053/1181/628 
f 1053/1181/628 1055/1183/630 185/190/34 
f 1054/1182/629 1040/1164/615 1039/1163/614 
f 1039/1163/614 1056/1184/631 1054/1182/629 
f 174/179/33 185/190/34 1055/1183/630 
f 1055/1183/630 1057/1185/632 174/179/33 
f 1058/1186/633 1053/1181/628 1054/1182/629 
f 1054/1182/629 1059/1187/634 1058/1186/633 
f 1055/1183/630 1053/1181/628 1058/1186/633 
f 1058/1186/633 1060/1188/635 1055/1183/630 
f 1056/1184/631 1038/1161/613 577/1160/238 
f 577/1160/238 576/1189/237 1056/1184/631 
f 1059/1187/634 1056/1184/631 576/1189/237 
f 576/1189/237 570/1190/231 1059/1187/634 
f 1039/1163/614 1038/1161/613 1056/1184/631 
f 1054/1182/629 1056/1184/631 1059/1187/634 
f 1061/1191/636 557/1192/222 1062/1193/637 
f 1062/1193/637 1060/1188/635 1061/1191/636 
f 567/1194/228 557/1192/222 1061/1191/636 
f 1061/1191/636 1059/1187/634 567/1194/228 
f 1060/1188/635 1062/1193/637 1063/1195/638 
f 1063/1195/638 1057/1185/632 1060/1188/635 
f 1059/1187/634 570/1190/231 567/1194/228 
f 1059/1187/634 1061/1191/636 1060/1188/635 
f 1060/1188/635 1058/1186/633 1059/1187/634 
f 1057/1185/632 1064/1196/639 167/172/7 
f 167/172/7 170/175/32 1057/1185/632 
f 1057/1185/632 170/175/32 174/179/33 
f 1063/1195/638 1064/1196/639 1057/1185/632 
f 1060/1188/635 1057/1185/632 1055/1183/630 
f 1065/1197/640 200/205/9 1066/1198/641 
f 1066/1198/641 1067/1199/642 1065/1197/640 
f 201/206/35 200/205/9 1065/1197/640 
f 1065/1197/640 1068/1200/643 201/206/35 
f 1067/1199/642 1066/1198/641 1069/1201/644 
f 1069/1201/644 1070/1202/645 1067/1199/642 
f 202/207/36 201/206/35 1068/1200/643 
f 1068/1200/643 1071/1203/646 202/207/36 
f 1072/1204/647 1065/1197/640 1067/1199/642 
f 1067/1199/642 1073/1205/648 1072/1204/647 
f 1068/1200/643 1065/1197/640 1072/1204/647 
f 1072/1204/647 1074/1206/649 1068/1200/643 
f 1070/1202/645 1075/1207/650 677/1208/319 
f 677/1208/319 676/1209/318 1070/1202/645 
f 1073/1205/648 1070/1202/645 676/1209/318 
f 676/1209/318 670/1210/312 1073/1205/648 
f 1069/1201/644 1075/1207/650 1070/1202/645 
f 1067/1199/642 1070/1202/645 1073/1205/648 
f 1076/1211/651 657/1176/303 1051/1175/626 
f 1051/1175/626 1074/1206/649 1076/1211/651 
f 667/1212/309 657/1176/303 1076/1211/651 
f 1076/1211/651 1073/1205/648 667/1212/309 
f 1074/1206/649 1051/1175/626 1045/1169/620 
f 1045/1169/620 1071/1203/646 1074/1206/649 
f 1073/1205/648 670/1210/312 667/1212/309 
f 1073/1205/648 1076/1211/651 1074/1206/649 
f 1074/1206/649 1072/1204/647 1073/1205/648 
f 1071/1203/646 1042/1166/617 180/185/7 
f 180/185/7 204/209/37 1071/1203/646 
f 1071/1203/646 204/209/37 202/207/36 
f 1045/1169/620 1042/1166/617 1071/1203/646 
f 1074/1206/649 1071/1203/646 1068/1200/643 
f 1077/1213/652 167/172/7 1064/1196/639 
f 1064/1196/639 1078/1214/653 1077/1213/652 
f 205/210/37 167/172/7 1077/1213/652 
f 1077/1213/652 1079/1215/654 205/210/37 
f 1078/1214/653 1064/1196/639 1063/1195/638 
f 1063/1195/638 1080/1216/655 1078/1214/653 
f 194/199/36 205/210/37 1079/1215/654 
f 1079/1215/654 1081/1217/656 194/199/36 
f 1082/1218/657 1077/1213/652 1078/1214/653 
f 1078/1214/653 1083/1219/658 1082/1218/657 
f 1079/1215/654 1077/1213/652 1082/1218/657 
f 1082/1218/657 1084/1220/659 1079/1215/654 
f 1080/1216/655 1062/1193/637 557/1192/222 
f 557/1192/222 556/1221/221 1080/1216/655 
f 1083/1219/658 1080/1216/655 556/1221/221 
f 556/1221/221 550/1222/215 1083/1219/658 
f 1063/1195/638 1062/1193/637 1080/1216/655 
f 1078/1214/653 1080/1216/655 1083/1219/658 
f 1085/1223/660 537/1224/206 1086/1225/661 
f 1086/1225/661 1084/1220/659 1085/1223/660 
f 547/1226/212 537/1224/206 1085/1223/660 
f 1085/1223/660 1083/1219/658 547/1226/212 
f 1084/1220/659 1086/1225/661 1087/1227/662 
f 1087/1227/662 1081/1217/656 1084/1220/659 
f 1083/1219/658 550/1222/215 547/1226/212 
f 1083/1219/658 1085/1223/660 1084/1220/659 
f 1084/1220/659 1082/1218/657 1083/1219/658 
f 1081/1217/656 1088/1228/663 187/192/9 
f 187/192/9 190/195/35 1081/1217/656 
f 1081/1217/656 190/195/35 194/199/36 
f 1087/1227/662 1088/1228/663 1081/1217/656 
f 1084/1220/659 1081/1217/656 1079/1215/654 
f 1089/1229/664 220/225/11 1090/1230/665 
f 1090/1230/665 1091/1231/666 1089/1229/664 
f 221/226/38 220/225/11 1089/1229/664 
f 1089/1229/664 1092/1232/667 221/226/38 
f 1091/1231/666 1090/1230/665 1093/1233/668 
f 1093/1233/668 1094/1234/669 1091/1231/666 
f 222/227/39 221/226/38 1092/1232/667 
f 1092/1232/667 1095/1235/670 222/227/39 
f 1096/1236/671 1089/1229/664 1091/1231/666 
f 1091/1231/666 1097/1237/672 1096/1236/671 
f 1092/1232/667 1089/1229/664 1096/1236/671 
f 1096/1236/671 1098/1238/673 1092/1232/667 
f 1094/1234/669 1099/1239/674 697/1240/335 
f 697/1240/335 696/1241/334 1094/1234/669 
f 1097/1237/672 1094/1234/669 696/1241/334 
f 696/1241/334 690/1242/328 1097/1237/672 
f 1093/1233/668 1099/1239/674 1094/1234/669 
f 1091/1231/666 1094/1234/669 1097/1237/672 
f 1100/1243/675 677/1208/319 1075/1207/650 
f 1075/1207/650 1098/1238/673 1100/1243/675 
f 687/1244/325 677/1208/319 1100/1243/675 
f 1100/1243/675 1097/1237/672 687/1244/325 
f 1098/1238/673 1075/1207/650 1069/1201/644 
f 1069/1201/644 1095/1235/670 1098/1238/673 
f 1097/1237/672 690/1242/328 687/1244/325 
f 1097/1237/672 1100/1243/675 1098/1238/673 
f 1098/1238/673 1096/1236/671 1097/1237/672 
f 1095/1235/670 1066/1198/641 200/205/9 
f 200/205/9 224/229/40 1095/1235/670 
f 1095/1235/670 224/229/40 222/227/39 
f 1069/1201/644 1066/1198/641 1095/1235/670 
f 1098/1238/673 1095/1235/670 1092/1232/667 
f 1101/1245/676 187/192/9 1088/1228/663 
f 1088/1228/663 1102/1246/677 1101/1245/676 
f 225/230/40 187/192/9 1101/1245/676 
f 1101/1245/676 1103/1247/678 225/230/40 
f 1102/1246/677 1088/1228/663 1087/1227/662 
f 1087/1227/662 1104/1248/679 1102/1246/677 
f 214/219/39 225/230/40 1103/1247/678 
f 1103/1247/678 1105/1249/680 214/219/39 
f 1106/1250/681 1101/1245/676 1102/1246/677 
f 1102/1246/677 1107/1251/682 1106/1250/681 
f 1103/1247/678 1101/1245/676 1106/1250/681 
f 1106/1250/681 1108/1252/683 1103/1247/678 
f 1104/1248/679 1086/1225/661 537/1224/206 
f 537/1224/206 536/1253/205 1104/1248/679 
f 1107/1251/682 1104/1248/679 536/1253/205 
f 536/1253/205 530/1254/199 1107/1251/682 
f 1087/1227/662 1086/1225/661 1104/1248/679 
f 1102/1246/677 1104/1248/679 1107/1251/682 
f 1109/1255/684 517/1256/190 1110/1257/685 
f 1110/1257/685 1108/1252/683 1109/1255/684 
f 527/1258/196 517/1256/190 1109/1255/684 
f 1109/1255/684 1107/1251/682 527/1258/196 
f 1108/1252/683 1110/1257/685 1111/1259/686 
f 1111/1259/686 1105/1249/680 1108/1252/683 
f 1107/1251/682 530/1254/199 527/1258/196 
f 1107/1251/682 1109/1255/684 1108/1252/683 
f 1108/1252/683 1106/1250/681 1107/1251/682 
f 1105/1249/680 1112/1260/687 207/212/11 
f 207/212/11 210/215/38 1105/1249/680 
f 1105/1249/680 210/215/38 214/219/39 
f 1111/1259/686 1112/1260/687 1105/1249/680 
f 1108/1252/683 1105/1249/680 1103/1247/678 
f 1113/1261/688 240/245/13 1114/1262/689 
f 1114/1262/689 1115/1263/690 1113/1261/688 
f 241/246/41 240/245/13 1113/1261/688 
f 1113/1261/688 1116/1264/691 241/246/41 
f 1115/1263/690 1114/1262/689 1117/1265/692 
f 1117/1265/692 1118/1266/693 1115/1263/690 
f 242/247/42 241/246/41 1116/1264/691 
f 1116/1264/691 1119/1267/694 242/247/42 
f 1120/1268/695 1113/1261/688 1115/1263/690 
f 1115/1263/690 1121/1269/696 1120/1268/695 
f 1116/1264/691 1113/1261/688 1120/1268/695 
f 1120/1268/695 1122/1270/697 1116/1264/691 
f 1118/1266/693 1123/1271/698 717/1272/351 
f 717/1272/351 716/1273/350 1118/1266/693 
f 1121/1269/696 1118/1266/693 716/1273/350 
f 716/1273/350 710/1274/344 1121/1269/696 
f 1117/1265/692 1123/1271/698 1118/1266/693 
f 1115/1263/690 1118/1266/693 1121/1269/696 
f 1124/1275/699 697/1240/335 1099/1239/674 
f 1099/1239/674 1122/1270/697 1124/1275/699 
f 707/1276/341 697/1240/335 1124/1275/699 
f 1124/1275/699 1121/1269/696 707/1276/341 
f 1122/1270/697 1099/1239/674 1093/1233/668 
f 1093/1233/668 1119/1267/694 1122/1270/697 
f 1121/1269/696 710/1274/344 707/1276/341 
f 1121/1269/696 1124/1275/699 1122/1270/697 
f 1122/1270/697 1120/1268/695 1121/1269/696 
f 1119/1267/694 1090/1230/665 220/225/11 
f 220/225/11 244/249/43 1119/1267/694 
f 1119/1267/694 244/249/43 242/247/42 
f 1093/1233/668 1090/1230/665 1119/1267/694 
f 1122/1270/697 1119/1267/694 1116/1264/691 
f 1125/1277/700 207/212/11 1112/1260/687 
f 1112/1260/687 1126/1278/701 1125/1277/700 
f 245/250/43 207/212/11 1125/1277/700 
f 1125/1277/700 1127/1279/702 245/250/43 
f 1126/1278/701 1112/1260/687 1111/1259/686 
f 1111/1259/686 1128/1280/703 1126/1278/701 
f 234/239/42 245/250/43 1127/1279/702 
f 1127/1279/702 1129/1281/704 234/239/42 
f 1130/1282/705 1125/1277/700 1126/1278/701 
f 1126/1278/701 1131/1283/706 1130/1282/705 
f 1127/1279/702 1125/1277/700 1130/1282/705 
f 1130/1282/705 1132/1284/707 1127/1279/702 
f 1128/1280/703 1110/1257/685 517/1256/190 
f 517/1256/190 516/1285/189 1128/1280/703 
f 1131/1283/706 1128/1280/703 516/1285/189 
f 516/1285/189 510/1286/183 1131/1283/706 
f 1111/1259/686 1110/1257/685 1128/1280/703 
f 1126/1278/701 1128/1280/703 1131/1283/706 
f 1133/1287/708 497/1288/174 1134/1289/709 
f 1134/1289/709 1132/1284/707 1133/1287/708 
f 507/1290/180 497/1288/174 1133/1287/708 
f 1133/1287/708 1131/1283/706 507/1290/180 
f 1132/1284/707 1134/1289/709 1135/1291/710 
f 1135/1291/710 1129/1281/704 1132/1284/707 
f 1131/1283/706 510/1286/183 507/1290/180 
f 1131/1283/706 1133/1287/708 1132/1284/707 
f 1132/1284/707 1130/1282/705 1131/1283/706 
f 1129/1281/704 1136/1292/711 227/232/13 
f 227/232/13 230/235/41 1129/1281/704 
f 1129/1281/704 230/235/41 234/239/42 
f 1135/1291/710 1136/1292/711 1129/1281/704 
f 1132/1284/707 1129/1281/704 1127/1279/702 
f 1137/1293/712 260/265/15 1138/1294/713 
f 1138/1294/713 1139/1295/714 1137/1293/712 
f 261/266/44 260/265/15 1137/1293/712 
f 1137/1293/712 1140/1296/715 261/266/44 
f 1139/1295/714 1138/1294/713 1141/1297/716 
f 1141/1297/716 1142/1298/717 1139/1295/714 
f 262/267/45 261/266/44 1140/1296/715 
f 1140/1296/715 1143/1299/718 262/267/45 
f 1144/1300/719 1137/1293/712 1139/1295/714 
f 1139/1295/714 1145/1301/720 1144/1300/719 
f 1140/1296/715 1137/1293/712 1144/1300/719 
f 1144/1300/719 1146/1302/721 1140/1296/715 
f 1142/1298/717 1147/1303/722 737/1304/367 
f 737/1304/367 736/1305/366 1142/1298/717 
f 1145/1301/720 1142/1298/717 736/1305/366 
f 736/1305/366 730/1306/360 1145/1301/720 
f 1141/1297/716 1147/1303/722 1142/1298/717 
f 1139/1295/714 1142/1298/717 1145/1301/720 
f 1148/1307/723 717/1272/351 1123/1271/698 
f 1123/1271/698 1146/1302/721 1148/1307/723 
f 727/1308/357 717/1272/351 1148/1307/723 
f 1148/1307/723 1145/1301/720 727/1308/357 
f 1146/1302/721 1123/1271/698 1117/1265/692 
f 1117/1265/692 1143/1299/718 1146/1302/721 
f 1145/1301/720 730/1306/360 727/1308/357 
f 1145/1301/720 1148/1307/723 1146/1302/721 
f 1146/1302/721 1144/1300/719 1145/1301/720 
f 1143/1299/718 1114/1262/689 240/245/13 
f 240/245/13 264/269/46 1143/1299/718 
f 1143/1299/718 264/269/46 262/267/45 
f 1117/1265/692 1114/1262/689 1143/1299/718 
f 1146/1302/721 1143/1299/718 1140/1296/715 
f 1149/1309/724 227/232/13 1136/1292/711 
f 1136/1292/711 1150/1310/725 1149/1309/724 
f 265/270/46 227/232/13 1149/1309/724 
f 1149/1309/724 1151/1311/726 265/270/46 
f 1150/1310/725 1136/1292/711 1135/1291/710 
f 1135/1291/710 1152/1312/727 1150/1310/725 
f 254/259/45 265/270/46 1151/1311/726 
f 1151/1311/726 1153/1313/728 254/259/45 
f 1154/1314/729 1149/1309/724 1150/1310/725 
f 1150/1310/725 1155/1315/730 1154/1314/729 
f 1151/1311/726 1149/1309/724 1154/1314/729 
f 1154/1314/729 1156/1316/731 1151/1311/726 
f 1152/1312/727 1134/1289/709 497/1288/174 
f 497/1288/174 496/1317/173 1152/1312/727 
f 1155/1315/730 1152/1312/727 496/1317/173 
f 496/1317/173 490/1318/167 1155/1315/730 
f 1135/1291/710 1134/1289/709 1152/1312/727 
f 1150/1310/725 1152/1312/727 1155/1315/730 
f 1157/1319/732 477/1320/158 1158/1321/733 
f 1158/1321/733 1156/1316/731 1157/1319/732 
f 487/1322/164 477/1320/158 1157/1319/732 
f 1157/1319/732 1155/1315/730 487/1322/164 
f 1156/1316/731 1158/1321/733 1159/1323/734 
f 1159/1323/734 1153/1313/728 1156/1316/731 
f 1155/1315/730 490/1318/167 487/1322/164 
f 1155/1315/730 1157/1319/732 1156/1316/731 
f 1156/1316/731 1154/1314/729 1155/1315/730 
f 1153/1313/728 1160/1324/735 247/252/15 
f 247/252/15 250/255/44 1153/1313/728 
f 1153/1313/728 250/255/44 254/259/45 
f 1159/1323/734 1160/1324/735 1153/1313/728 
f 1156/1316/731 1153/1313/728 1151/1311/726 
f 1161/1325/736 280/285/17 1162/1326/737 
f 1162/1326/737 1163/1327/738 1161/1325/736 
f 281/286/47 280/285/17 1161/1325/736 
f 1161/1325/736 1164/1328/739 281/286/47 
f 1163/1327/738 1162/1326/737 1165/1329/740 
f 1165/1329/740 1166/1330/741 1163/1327/738 
f 282/287/48 281/286/47 1164/1328/739 
f 1164/1328/739 1167/1331/742 282/287/48 
f 1168/1332/743 1161/1325/736 1163/1327/738 
f 1163/1327/738 1169/1333/744 1168/1332/743 
f 1164/1328/739 1161/1325/736 1168/1332/743 
f 1168/1332/743 1170/1334/745 1164/1328/739 
f 1166/1330/741 1171/1335/746 757/1336/383 
f 757/1336/383 756/1337/382 1166/1330/741 
f 1169/1333/744 1166/1330/741 756/1337/382 
f 756/1337/382 750/1338/376 1169/1333/744 
f 1165/1329/740 1171/1335/746 1166/1330/741 
f 1163/1327/738 1166/1330/741 1169/1333/744 
f 1172/1339/747 737/1304/367 1147/1303/722 
f 1147/1303/722 1170/1334/745 1172/1339/747 
f 747/1340/373 737/1304/367 1172/1339/747 
f 1172/1339/747 1169/1333/744 747/1340/373 
f 1170/1334/745 1147/1303/722 1141/1297/716 
f 1141/1297/716 1167/1331/742 1170/1334/745 
f 1169/1333/744 750/1338/376 747/1340/373 
f 1169/1333/744 1172/1339/747 1170/1334/745 
f 1170/1334/745 1168/1332/743 1169/1333/744 
f 1167/1331/742 1138/1294/713 260/265/15 
f 260/265/15 284/289/49 1167/1331/742 
f 1167/1331/742 284/289/49 282/287/48 
f 1141/1297/716 1138/1294/713 1167/1331/742 
f 1170/1334/745 1167/1331/742 1164/1328/739 
f 1173/1341/748 247/252/15 1160/1324/735 
f 1160/1324/735 1174/1342/749 1173/1341/748 
f 285/290/49 247/252/15 1173/1341/748 
f 1173/1341/748 1175/1343/750 285/290/49 
f 1174/1342/749 1160/1324/735 1159/1323/734 
f 1159/1323/734 1176/1344/751 1174/1342/749 
f 274/279/48 285/290/49 1175/1343/750 
f 1175/1343/750 1177/1345/752 274/279/48 
f 1178/1346/753 1173/1341/748 1174/1342/749 
f 1174/1342/749 1179/1347/754 1178/1346/753 
f 1175/1343/750 1173/1341/748 1178/1346/753 
f 1178/1346/753 1180/1348/755 1175/1343/750 
f 1176/1344/751 1158/1321/733 477/1320/158 
f 477/1320/158 476/1349/157 1176/1344/751 
f 1179/1347/754 1176/1344/751 476/1349/157 
f 476/1349/157 470/1350/151 1179/1347/754 
f 1159/1323/734 1158/1321/733 1176/1344/751 
f 1174/1342/749 1176/1344/751 1179/1347/754 
f 1181/1351/756 457/1352/142 1182/1353/757 
f 1182/1353/757 1180/1348/755 1181/1351/756 
f 467/1354/148 457/1352/142 1181/1351/756 
f 1181/1351/756 1179/1347/754 467/1354/148 
f 1180/1348/755 1182/1353/757 1183/1355/758 
f 1183/1355/758 1177/1345/752 1180/1348/755 
f 1179/1347/754 470/1350/151 467/1354/148 
f 1179/1347/754 1181/1351/756 1180/1348/755 
f 1180/1348/755 1178/1346/753 1179/1347/754 
f 1177/1345/752 1184/1356/759 267/272/17 
f 267/272/17 270/275/47 1177/1345/752 
f 1177/1345/752 270/275/47 274/279/48 
f 1183/1355/758 1184/1356/759 1177/1345/752 
f 1180/1348/755 1177/1345/752 1175/1343/750 
f 1185/1357/760 300/305/19 1186/1358/761 
f 1186/1358/761 1187/1359/762 1185/1357/760 
f 301/306/50 300/305/19 1185/1357/760 
f 1185/1357/760 1188/1360/763 301/306/50 
f 1187/1359/762 1186/1358/761 1189/1361/764 
f 1189/1361/764 1190/1362/765 1187/1359/762 
f 302/307/51 301/306/50 1188/1360/763 
f 1188/1360/763 1191/1363/766 302/307/51 
f 1192/1364/767 1185/1357/760 1187/1359/762 
f 1187/1359/762 1193/1365/768 1192/1364/767 
f 1188/1360/763 1185/1357/760 1192/1364/767 
f 1192/1364/767 1194/1366/769 1188/1360/763 
f 1190/1362/765 1195/1367/770 777/1368/399 
f 777/1368/399 776/1369/398 1190/1362/765 
f 1193/1365/768 1190/1362/765 776/1369/398 
f 776/1369/398 770/1370/392 1193/1365/768 
f 1189/1361/764 1195/1367/770 1190/1362/765 
f 1187/1359/762 1190/1362/765 1193/1365/768 
f 1196/1371/771 757/1336/383 1171/1335/746 
f 1171/1335/746 1194/1366/769 1196/1371/771 
f 767/1372/389 757/1336/383 1196/1371/771 
f 1196/1371/771 1193/1365/768 767/1372/389 
f 1194/1366/769 1171/1335/746 1165/1329/740 
f 1165/1329/740 1191/1363/766 1194/1366/769 
f 1193/1365/768 770/1370/392 767/1372/389 
f 1193/1365/768 1196/1371/771 1194/1366/769 
f 1194/1366/769 1192/1364/767 1193/1365/768 
f 1191/1363/766 1162/1326/737 280/285/17 
f 280/285/17 304/309/52 1191/1363/766 
f 1191/1363/766 304/309/52 302/307/51 
f 1165/1329/740 1162/1326/737 1191/1363/766 
f 1194/1366/769 1191/1363/766 1188/1360/763 
f 1197/1373/772 267/272/17 1184/1356/759 
f 1184/1356/759 1198/1374/773 1197/1373/772 
f 305/310/52 267/272/17 1197/1373/772 
f 1197/1373/772 1199/1375/774 305/310/52 
f 1198/1374/773 1184/1356/759 1183/1355/758 
f 1183/1355/758 1200/1376/775 1198/1374/773 
f 294/299/51 305/310/52 1199/1375/774 
f 1199/1375/774 1201/1377/776 294/299/51 
f 1202/1378/777 1197/1373/772 1198/1374/773 
f 1198/1374/773 1203/1379/778 1202/1378/777 
f 1199/1375/774 1197/1373/772 1202/1378/777 
f 1202/1378/777 1204/1380/779 1199/1375/774 
f 1200/1376/775 1182/1353/757 457/1352/142 
f 457/1352/142 456/1381/141 1200/1376/775 
f 1203/1379/778 1200/1376/775 456/1381/141 
f 456/1381/141 450/1382/135 1203/1379/778 
f 1183/1355/758 1182/1353/757 1200/1376/775 
f 1198/1374/773 1200/1376/775 1203/1379/778 
f 1205/1383/780 437/1384/126 1206/1385/781 
f 1206/1385/781 1204/1380/779 1205/1383/780 
f 447/1386/132 437/1384/126 1205/1383/780 
f 1205/1383/780 1203/1379/778 447/1386/132 
f 1204/1380/779 1206/1385/781 1207/1387/782 
f 1207/1387/782 1201/1377/776 1204/1380/779 
f 1203/1379/778 450/1382/135 447/1386/132 
f 1203/1379/778 1205/1383/780 1204/1380/779 
f 1204/1380/779 1202/1378/777 1203/1379/778 
f 1201/1377/776 1208/1388/783 287/292/19 
f 287/292/19 290/295/50 1201/1377/776 
f 1201/1377/776 290/295/50 294/299/51 
f 1207/1387/782 1208/1388/783 1201/1377/776 
f 1204/1380/779 1201/1377/776 1199/1375/774 
f 1209/1389/784 320/325/21 1210/1390/785 
f 1210/1390/785 1211/1391/786 1209/1389/784 
f 321/326/53 320/325/21 1209/1389/784 
f 1209/1389/784 1212/1392/787 321/326/53 
f 1211/1391/786 1210/1390/785 1213/1393/788 
f 1213/1393/788 1214/1394/789 1211/1391/786 
f 322/327/54 321/326/53 1212/1392/787 
f 1212/1392/787 1215/1395/790 322/327/54 
f 1216/1396/791 1209/1389/784 1211/1391/786 
f 1211/1391/786 1217/1397/792 1216/1396/791 
f 1212/1392/787 1209/1389/784 1216/1396/791 
f 1216/1396/791 1218/1398/793 1212/1392/787 
f 1214/1394/789 1219/1399/794 797/1400/415 
f 797/1400/415 796/1401/414 1214/1394/789 
f 1217/1397/792 1214/1394/789 796/1401/414 
f 796/1401/414 790/1402/408 1217/1397/792 
f 1213/1393/788 1219/1399/794 1214/1394/789 
f 1211/1391/786 1214/1394/789 1217/1397/792 
f 1220/1403/795 777/1368/399 1195/1367/770 
f 1195/1367/770 1218/1398/793 1220/1403/795 
f 787/1404/405 777/1368/399 1220/1403/795 
f 1220/1403/795 1217/1397/792 787/1404/405 
f 1218/1398/793 1195/1367/770 1189/1361/764 
f 1189/1361/764 1215/1395/790 1218/1398/793 
f 1217/1397/792 790/1402/408 787/1404/405 
f 1217/1397/792 1220/1403/795 1218/1398/793 
f 1218/1398/793 1216/1396/791 1217/1397/792 
f 1215/1395/790 1186/1358/761 300/305/19 
f 300/305/19 324/329/55 1215/1395/790 
f 1215/1395/790 324/329/55 322/327/54 
f 1189/1361/764 1186/1358/761 1215/1395/790 
f 1218/1398/793 1215/1395/790 1212/1392/787 
f 1221/1405/796 287/292/19 1208/1388/783 
f 1208/1388/783 1222/1406/797 1221/1405/796 
f 325/330/55 287/292/19 1221/1405/796 
f 1221/1405/796 1223/1407/798 325/330/55 
f 1222/1406/797 1208/1388/783 1207/1387/782 
f 1207/1387/782 1224/1408/799 1222/1406/797 
f 314/319/54 325/330/55 1223/1407/798 
f 1223/1407/798 1225/1409/800 314/319/54 
f 1226/1410/801 1221/1405/796 1222/1406/797 
f 1222/1406/797 1227/1411/802 1226/1410/801 
f 1223/1407/798 1221/1405/796 1226/1410/801 
f 1226/1410/801 1228/1412/803 1223/1407/798 
f 1224/1408/799 1206/1385/781 437/1384/126 
f 437/1384/126 436/1413/125 1224/1408/799 
f 1227/1411/802 1224/1408/799 436/1413/125 
f 436/1413/125 430/1414/119 1227/1411/802 
f 1207/1387/782 1206/1385/781 1224/1408/799 
f 1222/1406/797 1224/1408/799 1227/1411/802 
f 1229/1415/804 417/1416/110 1230/1417/805 
f 1230/1417/805 1228/1412/803 1229/1415/804 
f 427/1418/116 417/1416/110 1229/1415/804 
f 1229/1415/804 1227/1411/802 427/1418/116 
f 1228/1412/803 1230/1417/805 1231/1419/806 
f 1231/1419/806 1225/1409/800 1228/1412/803 
f 1227/1411/802 430/1414/119 427/1418/116 
f 1227/1411/802 1229/1415/804 1228/1412/803 
f 1228/1412/803 1226/1410/801 1227/1411/802 
f 1225/1409/800 1232/1420/807 307/312/21 
f 307/312/21 310/315/53 1225/1409/800 
f 1225/1409/800 310/315/53 314/319/54 
f 1231/1419/806 1232/1420/807 1225/1409/800 
f 1228/1412/803 1225/1409/800 1223/1407/798 
f 1233/1421/808 340/345/23 1234/1422/809 
f 1234/1422/809 1235/1423/810 1233/1421/808 
f 341/346/56 340/345/23 1233/1421/808 
f 1233/1421/808 1236/1424/811 341/346/56 
f 1235/1423/810 1234/1422/809 1237/1425/812 
f 1237/1425/812 1238/1426/813 1235/1423/810 
f 342/347/57 341/346/56 1236/1424/811 
f 1236/1424/811 1239/1427/814 342/347/57 
f 1240/1428/815 1233/1421/808 1235/1423/810 
f 1235/1423/810 1241/1429/816 1240/1428/815 
f 1236/1424/811 1233/1421/808 1240/1428/815 
f 1240/1428/815 1242/1430/817 1236/1424/811 
f 1238/1426/813 1243/1431/818 817/1432/431 
f 817/1432/431 816/1433/430 1238/1426/813 
f 1241/1429/816 1238/1426/813 816/1433/430 
f 816/1433/430 810/1434/424 1241/1429/816 
f 1237/1425/812 1243/1431/818 1238/1426/813 
f 1235/1423/810 1238/1426/813 1241/1429/816 
f 1244/1435/819 797/1436/415 1219/1437/794 
f 1219/1437/794 1242/1430/817 1244/1435/819 
f 807/1438/421 797/1436/415 1244/1435/819 
f 1244/1435/819 1241/1429/816 807/1438/421 
f 1242/1430/817 1219/1437/794 1213/1439/788 
f 1213/1439/788 1239/1427/814 1242/1430/817 
f 1241/1429/816 810/1434/424 807/1438/421 
f 1241/1429/816 1244/1435/819 1242/1430/817 
f 1242/1430/817 1240/1428/815 1241/1429/816 
f 1239/1427/814 1210/1440/785 320/349/21 
f 320/349/21 344/351/58 1239/1427/814 
f 1239/1427/814 344/351/58 342/347/57 
f 1213/1439/788 1210/1440/785 1239/1427/814 
f 1242/1430/817 1239/1427/814 1236/1424/811 
f 1245/1441/820 307/354/21 1232/1442/807 
f 1232/1442/807 1246/1443/821 1245/1441/820 
f 345/355/58 307/354/21 1245/1441/820 
f 1245/1441/820 1247/1444/822 345/355/58 
f 1246/1443/821 1232/1442/807 1231/1445/806 
f 1231/1445/806 1248/1446/823 1246/1443/821 
f 334/339/57 345/355/58 1247/1444/822 
f 1247/1444/822 1249/1447/824 334/339/57 
f 1250/1448/825 1245/1441/820 1246/1443/821 
f 1246/1443/821 1251/1449/826 1250/1448/825 
f 1247/1444/822 1245/1441/820 1250/1448/825 
f 1250/1448/825 1252/1450/827 1247/1444/822 
f 1248/1446/823 1230/1451/805 417/1452/110 
f 417/1452/110 416/1453/109 1248/1446/823 
f 1251/1449/826 1248/1446/823 416/1453/109 
f 416/1453/109 410/1454/103 1251/1449/826 
f 1231/1445/806 1230/1451/805 1248/1446/823 
f 1246/1443/821 1248/1446/823 1251/1449/826 
f 1253/1455/828 397/1456/94 1254/1457/829 
f 1254/1457/829 1252/1450/827 1253/1455/828 
f 407/1458/100 397/1456/94 1253/1455/828 
f 1253/1455/828 1251/1449/826 407/1458/100 
f 1252/1450/827 1254/1457/829 1255/1459/830 
f 1255/1459/830 1249/1447/824 1252/1450/827 
f 1251/1449/826 410/1454/103 407/1458/100 
f 1251/1449/826 1253/1455/828 1252/1450/827 
f 1252/1450/827 1250/1448/825 1251/1449/826 
f 1249/1447/824 1256/1460/831 327/332/23 
f 327/332/23 330/335/56 1249/1447/824 
f 1249/1447/824 330/335/56 334/339/57 
f 1255/1459/830 1256/1460/831 1249/1447/824 
f 1252/1450/827 1249/1447/824 1247/1444/822 
f 1257/1461/832 139/144/2 1001/1112/576 
f 1001/1112/576 1258/1462/833 1257/1461/832 
f 356/366/59 139/144/2 1257/1461/832 
f 1257/1461/832 1259/1463/834 356/366/59 
f 1258/1462/833 1001/1112/576 1000/1111/575 
f 1000/1111/575 1260/1464/835 1258/1462/833 
f 357/367/60 356/366/59 1259/1463/834 
f 1259/1463/834 1261/1465/836 357/367/60 
f 1262/1466/837 1257/1461/832 1258/1462/833 
f 1258/1462/833 1263/1467/838 1262/1466/837 
f 1259/1463/834 1257/1461/832 1262/1466/837 
f 1262/1466/837 1264/1468/839 1259/1463/834 
f 1260/1464/835 999/1109/574 602/1108/256 
f 602/1108/256 836/1469/446 1260/1464/835 
f 1263/1467/838 1260/1464/835 836/1469/446 
f 836/1469/446 830/1470/440 1263/1467/838 
f 1000/1111/575 999/1109/574 1260/1464/835 
f 1258/1462/833 1260/1464/835 1263/1467/838 
f 1265/1471/840 817/1432/431 1243/1431/818 
f 1243/1431/818 1264/1468/839 1265/1471/840 
f 827/1472/437 817/1432/431 1265/1471/840 
f 1265/1471/840 1263/1467/838 827/1472/437 
f 1264/1468/839 1243/1431/818 1237/1425/812 
f 1237/1425/812 1261/1465/836 1264/1468/839 
f 1263/1467/838 830/1470/440 827/1472/437 
f 1263/1467/838 1265/1471/840 1264/1468/839 
f 1264/1468/839 1262/1466/837 1263/1467/838 
f 1261/1465/836 1234/1422/809 340/345/23 
f 340/345/23 359/369/61 1261/1465/836 
f 1261/1465/836 359/369/61 357/367/60 
f 1237/1425/812 1234/1422/809 1261/1465/836 
f 1264/1468/839 1261/1465/836 1259/1463/834 
f 1266/1473/841 327/332/23 1256/1460/831 
f 1256/1460/831 1267/1474/842 1266/1473/841 
f 360/370/61 327/332/23 1266/1473/841 
f 1266/1473/841 1268/1475/843 360/370/61 
f 1267/1474/842 1256/1460/831 1255/1459/830 
f 1255/1459/830 1269/1476/844 1267/1474/842 
f 351/361/60 360/370/61 1268/1475/843 
f 1268/1475/843 1270/1477/845 351/361/60 
f 1271/1478/846 1266/1473/841 1267/1474/842 
f 1267/1474/842 1272/1479/847 1271/1478/846 
f 1268/1475/843 1266/1473/841 1271/1478/846 
f 1271/1478/846 1273/1480/848 1268/1475/843 
f 1269/1476/844 1254/1457/829 397/1456/94 
f 397/1456/94 396/1481/93 1269/1476/844 
f 1272/1479/847 1269/1476/844 396/1481/93 
f 396/1481/93 390/1482/87 1272/1479/847 
f 1255/1459/830 1254/1457/829 1269/1476/844 
f 1267/1474/842 1269/1476/844 1272/1479/847 
f 1274/1483/849 375/1124/76 1012/1123/587 
f 1012/1123/587 1273/1480/848 1274/1483/849 
f 387/1484/84 375/1124/76 1274/1483/849 
f 1274/1483/849 1272/1479/847 387/1484/84 
f 1273/1480/848 1012/1123/587 1006/1117/581 
f 1006/1117/581 1270/1477/845 1273/1480/848 
f 1272/1479/847 390/1482/87 387/1484/84 
f 1272/1479/847 1274/1483/849 1273/1480/848 
f 1273/1480/848 1271/1478/846 1272/1479/847 
f 1270/1477/845 1003/1114/578 144/149/2 
f 144/149/2 348/358/59 1270/1477/845 
f 1270/1477/845 348/358/59 351/361/60 
f 1006/1117/581 1003/1114/578 1270/1477/845 
f 1273/1480/848 1270/1477/845 1268/1475/843 
s 65536
f 1275/1485/273 61/1486/273 85/1487/273 
f 85/1487/273 1276/1488/273 1275/1485/273 
f 1277/1489/273 61/1486/273 1275/1485/273 
f 1275/1485/273 1278/1490/273 1277/1489/273 
f 1276/1488/273 85/1487/273 84/1491/273 
f 84/1491/273 1279/1492/273 1276/1488/273 
f 1280/1493/273 1277/1489/273 1278/1490/273 
f 1278/1490/273 1281/1494/273 1280/1493/273 
f 1282/1495/273 1275/1485/273 1276/1488/273 
f 1276/1488/273 1283/1496/273 1282/1495/273 
f 1278/1490/273 1275/1485/273 1282/1495/273 
f 1282/1495/273 1284/1497/273 1278/1490/273 
f 82/1498/273 81/1499/273 105/1500/273 
f 105/1500/273 1279/1492/273 82/1498/273 
f 1283/1496/273 1279/1492/273 105/1500/273 
f 105/1500/273 104/1501/273 1283/1496/273 
f 84/1491/273 82/1498/273 1279/1492/273 
f 1276/1488/273 1279/1492/273 1283/1496/273 
f 1285/1502/273 101/1503/273 120/1504/273 
f 120/1504/273 1284/1497/273 1285/1502/273 
f 102/1505/273 101/1503/273 1285/1502/273 
f 1285/1502/273 1283/1496/273 102/1505/273 
f 1284/1497/273 120/1504/273 119/1506/273 
f 119/1506/273 1281/1494/273 1284/1497/273 
f 1283/1496/273 104/1501/273 102/1505/273 
f 1282/1495/273 1283/1496/273 1285/1502/273 
f 1285/1502/273 1284/1497/273 1282/1495/273 
f 1286/1507/273 1281/1494/273 118/1508/273 
f 118/1508/273 24/1509/273 1286/1507/273 
f 1281/1494/273 1286/1507/273 1280/1493/273 
f 119/1506/273 118/1508/273 1281/1494/273 
f 1284/1497/273 1281/1494/273 1278/1490/273 
f 1287/1510/273 24/1509/273 23/1511/273 
f 23/1511/273 1288/1512/273 1287/1510/273 
f 1286/1507/273 24/1509/273 1287/1510/273 
f 1287/1510/273 1289/1513/273 1286/1507/273 
f 1288/1512/273 23/1511/273 22/1514/273 
f 22/1514/273 1290/1515/273 1288/1512/273 
f 1280/1493/273 1286/1507/273 1289/1513/273 
f 1289/1513/273 1291/1516/273 1280/1493/273 
f 1292/1517/273 1287/1510/273 1288/1512/273 
f 1288/1512/273 1293/1518/273 1292/1517/273 
f 1289/1513/273 1287/1510/273 1292/1517/273 
f 1292/1517/273 1294/1519/273 1289/1513/273 
f 20/1520/273 19/1521/273 45/1522/273 
f 45/1522/273 1290/1515/273 20/1520/273 
f 1293/1518/273 1290/1515/273 45/1522/273 
f 45/1522/273 44/1523/273 1293/1518/273 
f 22/1514/273 20/1520/273 1290/1515/273 
f 1288/1512/273 1290/1515/273 1293/1518/273 
f 1295/1524/273 41/1525/273 65/1526/273 
f 65/1526/273 1294/1519/273 1295/1524/273 
f 42/1527/273 41/1525/273 1295/1524/273 
f 1295/1524/273 1293/1518/273 42/1527/273 
f 1294/1519/273 65/1526/273 64/1528/273 
f 64/1528/273 1291/1516/273 1294/1519/273 
f 1293/1518/273 44/1523/273 42/1527/273 
f 1292/1517/273 1293/1518/273 1295/1524/273 
f 1295/1524/273 1294/1519/273 1292/1517/273 
f 1277/1489/273 1291/1516/273 62/1529/273 
f 62/1529/273 61/1486/273 1277/1489/273 
f 1291/1516/273 1277/1489/273 1280/1493/273 
f 64/1528/273 62/1529/273 1291/1516/273 
f 1294/1519/273 1291/1516/273 1289/1513/273 
f 1296/1530/80 2/1531/80 116/1532/80 
f 116/1532/80 1297/1533/80 1296/1530/80 
f 3/1534/80 2/1531/80 1296/1530/80 
f 1296/1530/80 1298/1535/80 3/1534/80 
f 1297/1533/80 116/1532/80 110/1536/80 
f 110/1536/80 1299/1537/80 1297/1533/80 
f 7/1538/80 3/1534/80 1298/1535/80 
f 1298/1535/80 1300/1539/80 7/1538/80 
f 1301/1540/80 1296/1530/80 1297/1533/80 
f 1297/1533/80 1302/1541/80 1301/1540/80 
f 1298/1535/80 1296/1530/80 1301/1540/80 
f 1301/1540/80 1303/1542/80 1298/1535/80 
f 107/1543/80 97/1544/80 96/1545/80 
f 96/1545/80 1299/1537/80 107/1543/80 
f 1302/1541/80 1299/1537/80 96/1545/80 
f 96/1545/80 90/1546/80 1302/1541/80 
f 110/1536/80 107/1543/80 1299/1537/80 
f 1297/1533/80 1299/1537/80 1302/1541/80 
f 1304/1547/80 77/1548/80 1305/1549/80 
f 1305/1549/80 1303/1542/80 1304/1547/80 
f 87/1550/80 77/1548/80 1304/1547/80 
f 1304/1547/80 1302/1541/80 87/1550/80 
f 1303/1542/80 1305/1549/80 1306/1551/80 
f 1306/1551/80 1300/1539/80 1303/1542/80 
f 1302/1541/80 90/1546/80 87/1550/80 
f 1302/1541/80 1304/1547/80 1303/1542/80 
f 1303/1542/80 1301/1540/80 1302/1541/80 
f 14/1552/80 1300/1539/80 1307/1553/80 
f 1307/1553/80 15/1554/80 14/1552/80 
f 1300/1539/80 14/1552/80 7/1538/80 
f 1306/1551/80 1307/1553/80 1300/1539/80 
f 1303/1542/80 1300/1539/80 1298/1535/80 
f 1308/1555/80 77/1548/80 76/1556/80 
f 76/1556/80 1309/1557/80 1308/1555/80 
f 1305/1549/80 77/1548/80 1308/1555/80 
f 1308/1555/80 1310/1558/80 1305/1549/80 
f 1309/1557/80 76/1556/80 70/1559/80 
f 70/1559/80 1311/1560/80 1309/1557/80 
f 1306/1551/80 1305/1549/80 1310/1558/80 
f 1310/1558/80 1312/1561/80 1306/1551/80 
f 1313/1562/80 1308/1555/80 1309/1557/80 
f 1309/1557/80 1314/1563/80 1313/1562/80 
f 1310/1558/80 1308/1555/80 1313/1562/80 
f 1313/1562/80 1315/1564/80 1310/1558/80 
f 67/1565/80 57/1566/80 56/1567/80 
f 56/1567/80 1311/1560/80 67/1565/80 
f 1314/1563/80 1311/1560/80 56/1567/80 
f 56/1567/80 50/1568/80 1314/1563/80 
f 70/1559/80 67/1565/80 1311/1560/80 
f 1309/1557/80 1311/1560/80 1314/1563/80 
f 1316/1569/80 37/1570/80 36/1571/80 
f 36/1571/80 1315/1564/80 1316/1569/80 
f 47/1572/80 37/1570/80 1316/1569/80 
f 1316/1569/80 1314/1563/80 47/1572/80 
f 1315/1564/80 36/1571/80 30/1573/80 
f 30/1573/80 1312/1561/80 1315/1564/80 
f 1314/1563/80 50/1568/80 47/1572/80 
f 1313/1562/80 1314/1563/80 1316/1569/80 
f 1316/1569/80 1315/1564/80 1313/1562/80 
f 1307/1553/80 1312/1561/80 27/1574/80 
f 27/1574/80 15/1554/80 1307/1553/80 
f 1312/1561/80 1307/1553/80 1306/1551/80 
f 30/1573/80 27/1574/80 1312/1561/80 
f 1315/1564/80 1312/1561/80 1310/1558/80 
# 2624 faces

