# 3ds Max Wavefront OBJ Exporter v0.99 - (c)2007 guruware
# File Created: 29.03.2025 15:24:24

mtllib LlantaTIz.mtl

#
# object LlantaTIz
#

v  -1.3565 -0.0973 0.1973
v  -1.3215 -0.2747 0.0261
v  -1.3215 -0.2747 0.1973
v  -1.3565 -0.0973 0.3947
v  -1.3565 -0.0973 0.0261
v  -1.3684 0.0833 0.1973
v  -1.3215 -0.2747 0.3947
v  -1.3565 -0.0973 0.5921
v  -1.3684 0.0833 0.0261
v  -1.3565 0.2639 0.1973
v  -1.3684 0.0833 0.3947
v  -1.3684 0.0833 0.5921
v  -1.3565 0.2639 0.3947
v  -1.3215 -0.2747 0.5921
v  -1.3215 -0.2747 0.7632
v  -1.3565 -0.0973 0.7632
v  -1.3684 0.0833 0.7632
v  -1.3565 0.2639 0.5921
v  -1.3215 0.4414 0.7632
v  -1.3215 0.4414 0.5921
v  -1.3565 0.2639 0.7632
v  -1.3215 0.4414 0.3947
v  -1.3215 0.4414 0.1973
v  -1.3215 0.4414 0.0261
v  -1.3565 0.2639 0.0261
v  -1.0828 -0.7584 0.1973
v  -0.9634 -0.8946 0.0261
v  -0.9634 -0.8946 0.1973
v  -1.0828 -0.7584 0.3947
v  -1.0828 -0.7584 0.0261
v  -1.1829 -0.6079 0.1973
v  -0.9634 -0.8946 0.3947
v  -1.0828 -0.7584 0.5921
v  -1.1829 -0.6079 0.0261
v  -1.2630 -0.4459 0.1973
v  -1.1829 -0.6079 0.3947
v  -1.1829 -0.6079 0.5921
v  -1.2630 -0.4459 0.3947
v  -0.9634 -0.8946 0.5921
v  -0.9634 -0.8946 0.7632
v  -1.0828 -0.7584 0.7632
v  -1.1829 -0.6079 0.7632
v  -1.2630 -0.4459 0.5921
v  -1.2630 -0.4459 0.7632
v  -1.2630 -0.4459 0.0261
v  -0.5147 -1.1942 0.1973
v  -0.3436 -1.2526 0.0261
v  -0.3436 -1.2526 0.1973
v  -0.5147 -1.1942 0.3947
v  -0.5147 -1.1942 0.0261
v  -0.6768 -1.1140 0.1973
v  -0.3436 -1.2526 0.3947
v  -0.5147 -1.1942 0.5921
v  -0.6768 -1.1140 0.0261
v  -0.8273 -1.0136 0.1973
v  -0.6768 -1.1140 0.3947
v  -0.6768 -1.1140 0.5921
v  -0.8273 -1.0136 0.3947
v  -0.3436 -1.2526 0.5921
v  -0.3436 -1.2526 0.7632
v  -0.5147 -1.1942 0.7632
v  -0.6768 -1.1140 0.7632
v  -0.8273 -1.0136 0.5921
v  -0.8273 -1.0136 0.7632
v  -0.8273 -1.0136 0.0261
v  0.1951 -1.2876 0.1973
v  0.3722 -1.2526 0.0261
v  0.3722 -1.2526 0.1973
v  0.1951 -1.2876 0.3947
v  0.1951 -1.2876 0.0261
v  0.0145 -1.2992 0.1973
v  0.3722 -1.2526 0.3947
v  0.1951 -1.2876 0.5921
v  0.0145 -1.2992 0.0261
v  -0.1661 -1.2876 0.1973
v  0.0145 -1.2992 0.3947
v  0.0145 -1.2992 0.5921
v  -0.1661 -1.2876 0.3947
v  0.3722 -1.2526 0.5921
v  0.3722 -1.2526 0.7632
v  0.1951 -1.2876 0.7632
v  0.0145 -1.2992 0.7632
v  -0.1661 -1.2876 0.5921
v  -0.1661 -1.2876 0.7632
v  -0.1661 -1.2876 0.0261
v  0.8562 -1.0136 0.1973
v  0.9924 -0.8946 0.0261
v  0.9924 -0.8946 0.1973
v  0.8562 -1.0136 0.3947
v  0.8562 -1.0136 0.0261
v  0.7057 -1.1140 0.1973
v  0.9924 -0.8946 0.3947
v  0.8562 -1.0136 0.5921
v  0.7057 -1.1140 0.0261
v  0.5437 -1.1942 0.1973
v  0.7057 -1.1140 0.3947
v  0.7057 -1.1140 0.5921
v  0.5437 -1.1942 0.3947
v  0.9924 -0.8946 0.5921
v  0.9924 -0.8946 0.7632
v  0.8562 -1.0136 0.7632
v  0.7057 -1.1140 0.7632
v  0.5437 -1.1942 0.5921
v  0.5437 -1.1942 0.7632
v  0.5437 -1.1942 0.0261
v  1.2920 -0.4459 0.1973
v  1.3504 -0.2747 0.0261
v  1.3504 -0.2747 0.1973
v  1.2920 -0.4459 0.3947
v  1.2920 -0.4459 0.0261
v  1.2118 -0.6079 0.1973
v  1.3504 -0.2747 0.3947
v  1.2920 -0.4459 0.5921
v  1.2118 -0.6079 0.0261
v  1.1114 -0.7584 0.1973
v  1.2118 -0.6079 0.3947
v  1.2118 -0.6079 0.5921
v  1.1114 -0.7584 0.3947
v  1.3504 -0.2747 0.5921
v  1.3504 -0.2747 0.7632
v  1.2920 -0.4459 0.7632
v  1.2118 -0.6079 0.7632
v  1.1114 -0.7584 0.5921
v  1.1114 -0.7584 0.7632
v  1.1114 -0.7584 0.0261
v  1.3854 0.2639 0.1973
v  1.3504 0.4414 0.0261
v  1.3504 0.4414 0.1973
v  1.3854 0.2639 0.3947
v  1.3854 0.2639 0.0261
v  1.3970 0.0833 0.1973
v  1.3504 0.4414 0.3947
v  1.3854 0.2639 0.5921
v  1.3970 0.0833 0.0261
v  1.3854 -0.0973 0.1973
v  1.3970 0.0833 0.3947
v  1.3970 0.0833 0.5921
v  1.3854 -0.0973 0.3947
v  1.3504 0.4414 0.5921
v  1.3504 0.4414 0.7632
v  1.3854 0.2639 0.7632
v  1.3970 0.0833 0.7632
v  1.3854 -0.0973 0.5921
v  1.3854 -0.0973 0.7632
v  1.3854 -0.0973 0.0261
v  1.1114 0.9251 0.1973
v  0.9924 1.0612 0.0261
v  0.9924 1.0612 0.1973
v  1.1114 0.9251 0.3947
v  1.1114 0.9251 0.0261
v  1.2118 0.7746 0.1973
v  0.9924 1.0612 0.3947
v  1.1114 0.9251 0.5921
v  1.2118 0.7746 0.0261
v  1.2920 0.6125 0.1973
v  1.2118 0.7746 0.3947
v  1.2118 0.7746 0.5921
v  1.2920 0.6125 0.3947
v  0.9924 1.0612 0.5921
v  0.9924 1.0612 0.7632
v  1.1114 0.9251 0.7632
v  1.2118 0.7746 0.7632
v  1.2920 0.6125 0.5921
v  1.2920 0.6125 0.7632
v  1.2920 0.6125 0.0261
v  0.5437 1.3608 0.1973
v  0.3722 1.4193 0.0261
v  0.3722 1.4193 0.1973
v  0.5437 1.3608 0.3947
v  0.5437 1.3608 0.0261
v  0.7057 1.2807 0.1973
v  0.3722 1.4193 0.3947
v  0.5437 1.3608 0.5921
v  0.7057 1.2807 0.0261
v  0.8562 1.1802 0.1973
v  0.7057 1.2807 0.3947
v  0.7057 1.2807 0.5921
v  0.8562 1.1802 0.3947
v  0.3722 1.4193 0.5921
v  0.3722 1.4193 0.7632
v  0.5437 1.3608 0.7632
v  0.7057 1.2807 0.7632
v  0.8562 1.1802 0.5921
v  0.8562 1.1802 0.7632
v  0.8562 1.1802 0.0261
v  -0.1661 1.4543 0.1973
v  -0.3436 1.4193 0.0261
v  -0.3436 1.4193 0.1973
v  -0.1661 1.4543 0.3947
v  -0.1661 1.4543 0.0261
v  0.0145 1.4658 0.1973
v  -0.3436 1.4193 0.3947
v  -0.1661 1.4543 0.5921
v  0.0145 1.4658 0.0261
v  0.1951 1.4543 0.1973
v  0.0145 1.4658 0.3947
v  0.0145 1.4658 0.5921
v  0.1951 1.4543 0.3947
v  -0.3436 1.4193 0.5921
v  -0.3436 1.4193 0.7632
v  -0.1661 1.4543 0.7632
v  0.0145 1.4658 0.7632
v  0.1951 1.4543 0.5921
v  0.1951 1.4543 0.7632
v  0.1951 1.4543 0.0261
v  -0.8273 1.1802 0.1973
v  -0.9634 1.0612 0.0261
v  -0.9634 1.0612 0.1973
v  -0.8273 1.1802 0.3947
v  -0.8273 1.1802 0.0261
v  -0.6768 1.2807 0.1973
v  -0.9634 1.0612 0.3947
v  -0.8273 1.1802 0.5921
v  -0.6768 1.2807 0.0261
v  -0.5147 1.3608 0.1973
v  -0.6768 1.2807 0.3947
v  -0.6768 1.2807 0.5921
v  -0.5147 1.3608 0.3947
v  -0.9634 1.0612 0.5921
v  -0.9634 1.0612 0.7632
v  -0.8273 1.1802 0.7632
v  -0.6768 1.2807 0.7632
v  -0.5147 1.3608 0.5921
v  -0.5147 1.3608 0.7632
v  -0.5147 1.3608 0.0261
v  -1.2630 0.6125 0.1973
v  -1.2630 0.6125 0.3947
v  -1.2630 0.6125 0.0261
v  -1.1829 0.7746 0.1973
v  -1.2630 0.6125 0.5921
v  -1.1829 0.7746 0.0261
v  -1.0828 0.9251 0.1973
v  -1.1829 0.7746 0.3947
v  -1.1829 0.7746 0.5921
v  -1.0828 0.9251 0.3947
v  -1.2630 0.6125 0.7632
v  -1.1829 0.7746 0.7632
v  -1.0828 0.9251 0.5921
v  -1.0828 0.9251 0.7632
v  -1.0828 0.9251 0.0261
v  -1.2060 -0.0773 -0.2549
v  -1.2483 -0.2551 -0.2399
v  -1.2812 -0.0871 -0.2399
v  -1.2165 0.0833 -0.2549
v  -1.1748 -0.2352 -0.2549
v  -1.1080 -0.0644 -0.2623
v  -1.2924 0.0833 -0.2399
v  -1.2060 0.2440 -0.2549
v  -1.0796 -0.2096 -0.2623
v  -0.9953 -0.0497 -0.2647
v  -1.1178 0.0833 -0.2623
v  -1.1080 0.2310 -0.2623
v  -1.0037 0.0833 -0.2647
v  -1.2812 0.2541 -0.2399
v  -1.2483 0.4218 -0.2399
v  -1.1748 0.4018 -0.2549
v  -1.0796 0.3763 -0.2623
v  -0.9953 0.2163 -0.2647
v  -0.8521 0.3154 -0.2647
v  -0.8749 0.2006 -0.2647
v  -0.9694 0.3469 -0.2647
v  -0.8822 0.0833 -0.2647
v  -0.8749 -0.0336 -0.2647
v  -0.8521 -0.1487 -0.2647
v  -0.9694 -0.1802 -0.2647
v  -1.1230 0.5544 -0.2549
v  -1.1930 0.5835 -0.2399
v  -1.0516 0.6986 -0.2549
v  -1.0317 0.5166 -0.2623
v  -1.1174 0.7368 -0.2399
v  -0.9620 0.8327 -0.2549
v  -0.9263 0.4729 -0.2647
v  -0.9659 0.6493 -0.2623
v  -0.8840 0.7725 -0.2623
v  -0.8675 0.5926 -0.2647
v  -1.0222 0.8789 -0.2399
v  -0.9099 1.0077 -0.2399
v  -0.8563 0.9538 -0.2549
v  -0.7863 0.8841 -0.2623
v  -0.7933 0.7032 -0.2647
v  -0.6197 0.7175 -0.2647
v  -0.6971 0.6293 -0.2647
v  -0.7058 0.8036 -0.2647
v  -0.7622 0.5317 -0.2647
v  -0.8143 0.4267 -0.2647
v  -0.7349 1.0598 -0.2549
v  -0.7811 1.1200 -0.2399
v  -0.6012 1.1491 -0.2549
v  -0.6750 0.9814 -0.2623
v  -0.6390 1.2149 -0.2399
v  -0.4566 1.2205 -0.2549
v  -0.6057 0.8911 -0.2647
v  -0.5518 1.0637 -0.2623
v  -0.4188 1.1295 -0.2623
v  -0.4948 0.9650 -0.2647
v  -0.4857 1.2908 -0.2399
v  -0.3240 1.3458 -0.2399
v  -0.3044 1.2726 -0.2549
v  -0.2788 1.1771 -0.2623
v  -0.3754 1.0241 -0.2647
v  -0.2179 0.9499 -0.2647
v  -0.3289 0.9118 -0.2647
v  -0.2491 1.0672 -0.2647
v  -0.4339 0.8600 -0.2647
v  -0.5315 0.7949 -0.2647
v  -0.1462 1.3038 -0.2549
v  -0.1563 1.3790 -0.2399
v  0.0145 1.3143 -0.2549
v  -0.1336 1.2058 -0.2623
v  0.0145 1.3902 -0.2399
v  0.1751 1.3038 -0.2549
v  -0.1185 1.0931 -0.2647
v  0.0145 1.2156 -0.2623
v  0.1622 1.2058 -0.2623
v  0.0145 1.1015 -0.2647
v  0.1849 1.3790 -0.2399
v  0.3526 1.3458 -0.2399
v  0.3330 1.2726 -0.2549
v  0.3074 1.1771 -0.2623
v  0.1475 1.0931 -0.2647
v  0.2465 0.9499 -0.2647
v  0.1314 0.9727 -0.2647
v  0.2780 1.0672 -0.2647
v  0.0145 0.9800 -0.2647
v  -0.1028 0.9727 -0.2647
v  0.4852 1.2205 -0.2549
v  0.5146 1.2908 -0.2399
v  0.6298 1.1491 -0.2549
v  0.4478 1.1295 -0.2623
v  0.6676 1.2149 -0.2399
v  0.7638 1.0598 -0.2549
v  0.4040 1.0241 -0.2647
v  0.5804 1.0637 -0.2623
v  0.7036 0.9814 -0.2623
v  0.5234 0.9650 -0.2647
v  0.8100 1.1200 -0.2399
v  0.9388 1.0077 -0.2399
v  0.8849 0.9538 -0.2549
v  0.8153 0.8841 -0.2623
v  0.6343 0.8911 -0.2647
v  0.6487 0.7175 -0.2647
v  0.5605 0.7949 -0.2647
v  0.7344 0.8036 -0.2647
v  0.4628 0.8600 -0.2647
v  0.3575 0.9118 -0.2647
v  0.9910 0.8327 -0.2549
v  1.0512 0.8789 -0.2399
v  1.0802 0.6986 -0.2549
v  0.9126 0.7725 -0.2623
v  1.1460 0.7368 -0.2399
v  1.1516 0.5544 -0.2549
v  0.8223 0.7032 -0.2647
v  0.9948 0.6493 -0.2623
v  1.0603 0.5166 -0.2623
v  0.8961 0.5926 -0.2647
v  1.2216 0.5835 -0.2399
v  1.2769 0.4218 -0.2399
v  1.2034 0.4018 -0.2549
v  1.1082 0.3763 -0.2623
v  0.9553 0.4729 -0.2647
v  0.8807 0.3154 -0.2647
v  0.8429 0.4267 -0.2647
v  0.9983 0.3469 -0.2647
v  0.7911 0.5317 -0.2647
v  0.7260 0.6293 -0.2647
v  1.2349 0.2440 -0.2549
v  1.3102 0.2541 -0.2399
v  1.2451 0.0833 -0.2549
v  1.1369 0.2310 -0.2623
v  1.3210 0.0833 -0.2399
v  1.2349 -0.0773 -0.2549
v  1.0239 0.2163 -0.2647
v  1.1464 0.0833 -0.2623
v  1.1369 -0.0644 -0.2623
v  1.0326 0.0833 -0.2647
v  1.3102 -0.0871 -0.2399
v  1.2769 -0.2551 -0.2399
v  1.2034 -0.2352 -0.2549
v  1.1082 -0.2096 -0.2623
v  1.0239 -0.0497 -0.2647
v  0.8807 -0.1487 -0.2647
v  0.9035 -0.0336 -0.2647
v  0.9983 -0.1802 -0.2647
v  0.9112 0.0833 -0.2647
v  0.9035 0.2006 -0.2647
v  1.1516 -0.3878 -0.2549
v  1.2216 -0.4168 -0.2399
v  1.0802 -0.5320 -0.2549
v  1.0603 -0.3500 -0.2623
v  1.1460 -0.5701 -0.2399
v  0.9910 -0.6660 -0.2549
v  0.9553 -0.3062 -0.2647
v  0.9948 -0.4826 -0.2623
v  0.9126 -0.6058 -0.2623
v  0.8961 -0.4259 -0.2647
v  1.0512 -0.7122 -0.2399
v  0.9388 -0.8410 -0.2399
v  0.8849 -0.7871 -0.2549
v  0.8153 -0.7175 -0.2623
v  0.8223 -0.5365 -0.2647
v  0.6487 -0.5509 -0.2647
v  0.7260 -0.4627 -0.2647
v  0.7344 -0.6370 -0.2647
v  0.7911 -0.3650 -0.2647
v  0.8429 -0.2597 -0.2647
v  0.7638 -0.8932 -0.2549
v  0.8100 -0.9534 -0.2399
v  0.6298 -0.9824 -0.2549
v  0.7036 -0.8148 -0.2623
v  0.6676 -1.0482 -0.2399
v  0.4852 -1.0538 -0.2549
v  0.6343 -0.7245 -0.2647
v  0.5804 -0.8970 -0.2623
v  0.4478 -0.9628 -0.2623
v  0.5234 -0.7983 -0.2647
v  0.5146 -1.1242 -0.2399
v  0.3526 -1.1791 -0.2399
v  0.3330 -1.1060 -0.2549
v  0.3074 -1.0104 -0.2623
v  0.4040 -0.8575 -0.2647
v  0.2465 -0.7829 -0.2647
v  0.3575 -0.7451 -0.2647
v  0.2780 -0.9005 -0.2647
v  0.4628 -0.6933 -0.2647
v  0.5605 -0.6282 -0.2647
v  0.1751 -1.1371 -0.2549
v  0.1849 -1.2124 -0.2399
v  0.0145 -1.1473 -0.2549
v  0.1622 -1.0391 -0.2623
v  0.0145 -1.2232 -0.2399
v  -0.1462 -1.1371 -0.2549
v  0.1475 -0.9264 -0.2647
v  0.0145 -1.0486 -0.2623
v  -0.1336 -1.0391 -0.2623
v  0.0145 -0.9348 -0.2647
v  -0.1563 -1.2124 -0.2399
v  -0.3240 -1.1791 -0.2399
v  -0.3044 -1.1060 -0.2549
v  -0.2788 -1.0104 -0.2623
v  -0.1185 -0.9264 -0.2647
v  -0.2179 -0.7829 -0.2647
v  -0.1028 -0.8057 -0.2647
v  -0.2491 -0.9005 -0.2647
v  0.0145 -0.8134 -0.2647
v  0.1314 -0.8057 -0.2647
v  -0.4566 -1.0538 -0.2549
v  -0.4857 -1.1242 -0.2399
v  -0.6012 -0.9824 -0.2549
v  -0.4188 -0.9628 -0.2623
v  -0.6390 -1.0482 -0.2399
v  -0.7349 -0.8932 -0.2549
v  -0.3754 -0.8575 -0.2647
v  -0.5518 -0.8970 -0.2623
v  -0.6750 -0.8148 -0.2623
v  -0.4948 -0.7983 -0.2647
v  -0.7811 -0.9534 -0.2399
v  -0.9099 -0.8410 -0.2399
v  -0.8563 -0.7871 -0.2549
v  -0.7863 -0.7175 -0.2623
v  -0.6057 -0.7245 -0.2647
v  -0.6197 -0.5509 -0.2647
v  -0.5315 -0.6282 -0.2647
v  -0.7058 -0.6370 -0.2647
v  -0.4339 -0.6933 -0.2647
v  -0.3289 -0.7451 -0.2647
v  -0.9620 -0.6660 -0.2549
v  -1.0222 -0.7122 -0.2399
v  -1.0516 -0.5320 -0.2549
v  -0.8840 -0.6058 -0.2623
v  -1.1174 -0.5701 -0.2399
v  -1.1230 -0.3878 -0.2549
v  -0.7933 -0.5365 -0.2647
v  -0.9659 -0.4826 -0.2623
v  -1.0317 -0.3500 -0.2623
v  -0.8675 -0.4259 -0.2647
v  -1.1930 -0.4168 -0.2399
v  -0.9263 -0.3062 -0.2647
v  -0.8143 -0.2597 -0.2647
v  -0.7622 -0.3650 -0.2647
v  -0.6971 -0.4627 -0.2647
v  -1.2060 0.2440 1.0443
v  -1.2483 0.4218 1.0292
v  -1.2812 0.2541 1.0292
v  -1.2165 0.0833 1.0443
v  -1.1748 0.4018 1.0443
v  -1.1080 0.2310 1.0516
v  -1.2924 0.0833 1.0292
v  -1.2060 -0.0773 1.0443
v  -1.0796 0.3763 1.0516
v  -0.9953 0.2163 1.0544
v  -1.1178 0.0833 1.0516
v  -1.1080 -0.0644 1.0516
v  -1.0037 0.0833 1.0544
v  -1.2812 -0.0871 1.0292
v  -1.2483 -0.2551 1.0292
v  -1.1748 -0.2352 1.0443
v  -1.0796 -0.2096 1.0516
v  -0.9953 -0.0497 1.0544
v  -0.8521 -0.1487 1.0544
v  -0.8749 -0.0336 1.0544
v  -0.9694 -0.1802 1.0544
v  -0.8822 0.0833 1.0544
v  -0.8749 0.2006 1.0544
v  -0.8521 0.3154 1.0544
v  -0.9694 0.3469 1.0544
v  -1.1230 -0.3878 1.0443
v  -1.1930 -0.4168 1.0292
v  -1.0516 -0.5320 1.0443
v  -1.0317 -0.3500 1.0516
v  -1.1174 -0.5701 1.0292
v  -0.9620 -0.6660 1.0443
v  -0.9263 -0.3062 1.0544
v  -0.9659 -0.4826 1.0516
v  -0.8840 -0.6058 1.0516
v  -0.8675 -0.4259 1.0544
v  -1.0222 -0.7122 1.0292
v  -0.9099 -0.8410 1.0292
v  -0.8563 -0.7871 1.0443
v  -0.7863 -0.7175 1.0516
v  -0.7933 -0.5365 1.0544
v  -0.6197 -0.5509 1.0544
v  -0.6971 -0.4627 1.0544
v  -0.7058 -0.6370 1.0544
v  -0.7622 -0.3650 1.0544
v  -0.8143 -0.2597 1.0544
v  -0.7349 -0.8932 1.0443
v  -0.7811 -0.9534 1.0292
v  -0.6012 -0.9824 1.0443
v  -0.6750 -0.8148 1.0516
v  -0.6390 -1.0482 1.0292
v  -0.4566 -1.0538 1.0443
v  -0.6057 -0.7245 1.0544
v  -0.5518 -0.8970 1.0516
v  -0.4188 -0.9628 1.0516
v  -0.4948 -0.7983 1.0544
v  -0.4857 -1.1242 1.0292
v  -0.3240 -1.1791 1.0292
v  -0.3044 -1.1060 1.0443
v  -0.2788 -1.0104 1.0516
v  -0.3754 -0.8575 1.0544
v  -0.2179 -0.7829 1.0544
v  -0.3289 -0.7451 1.0544
v  -0.2491 -0.9005 1.0544
v  -0.4339 -0.6933 1.0544
v  -0.5315 -0.6282 1.0544
v  -0.1462 -1.1371 1.0443
v  -0.1563 -1.2124 1.0292
v  0.0145 -1.1473 1.0443
v  -0.1336 -1.0391 1.0516
v  0.0145 -1.2232 1.0292
v  0.1751 -1.1371 1.0443
v  -0.1185 -0.9264 1.0544
v  0.0145 -1.0486 1.0516
v  0.1622 -1.0391 1.0516
v  0.0145 -0.9348 1.0544
v  0.1849 -1.2124 1.0292
v  0.3526 -1.1791 1.0292
v  0.3330 -1.1060 1.0443
v  0.3074 -1.0104 1.0516
v  0.1475 -0.9264 1.0544
v  0.2465 -0.7829 1.0544
v  0.1314 -0.8057 1.0544
v  0.2780 -0.9005 1.0544
v  0.0145 -0.8134 1.0544
v  -0.1028 -0.8057 1.0544
v  0.4852 -1.0538 1.0443
v  0.5146 -1.1242 1.0292
v  0.6298 -0.9824 1.0443
v  0.4478 -0.9628 1.0516
v  0.6676 -1.0482 1.0292
v  0.7638 -0.8932 1.0443
v  0.4040 -0.8575 1.0544
v  0.5804 -0.8970 1.0516
v  0.7036 -0.8148 1.0516
v  0.5234 -0.7983 1.0544
v  0.8100 -0.9534 1.0292
v  0.9388 -0.8410 1.0292
v  0.8849 -0.7871 1.0443
v  0.8153 -0.7175 1.0516
v  0.6343 -0.7245 1.0544
v  0.6487 -0.5509 1.0544
v  0.5605 -0.6282 1.0544
v  0.7344 -0.6370 1.0544
v  0.4628 -0.6933 1.0544
v  0.3575 -0.7451 1.0544
v  0.9910 -0.6660 1.0443
v  1.0512 -0.7122 1.0292
v  1.0802 -0.5320 1.0443
v  0.9126 -0.6058 1.0516
v  1.1460 -0.5701 1.0292
v  1.1516 -0.3878 1.0443
v  0.8223 -0.5365 1.0544
v  0.9948 -0.4826 1.0516
v  1.0603 -0.3500 1.0516
v  0.8961 -0.4259 1.0544
v  1.2216 -0.4168 1.0292
v  1.2769 -0.2551 1.0292
v  1.2034 -0.2352 1.0443
v  1.1082 -0.2096 1.0516
v  0.9553 -0.3062 1.0544
v  0.8807 -0.1487 1.0544
v  0.8429 -0.2597 1.0544
v  0.9983 -0.1802 1.0544
v  0.7911 -0.3650 1.0544
v  0.7260 -0.4627 1.0544
v  1.2349 -0.0773 1.0443
v  1.3102 -0.0871 1.0292
v  1.2451 0.0833 1.0443
v  1.1369 -0.0644 1.0516
v  1.3210 0.0833 1.0292
v  1.2349 0.2440 1.0443
v  1.0239 -0.0497 1.0544
v  1.1464 0.0833 1.0516
v  1.1369 0.2310 1.0516
v  1.0326 0.0833 1.0544
v  1.3102 0.2541 1.0292
v  1.2769 0.4218 1.0292
v  1.2034 0.4018 1.0443
v  1.1082 0.3763 1.0516
v  1.0239 0.2163 1.0544
v  0.8807 0.3154 1.0544
v  0.9035 0.2006 1.0544
v  0.9983 0.3469 1.0544
v  0.9112 0.0833 1.0544
v  0.9035 -0.0336 1.0544
v  1.1516 0.5544 1.0443
v  1.2216 0.5835 1.0292
v  1.0802 0.6986 1.0443
v  1.0603 0.5166 1.0516
v  1.1460 0.7368 1.0292
v  0.9910 0.8327 1.0443
v  0.9553 0.4729 1.0544
v  0.9948 0.6493 1.0516
v  0.9126 0.7725 1.0516
v  0.8961 0.5926 1.0544
v  1.0512 0.8789 1.0292
v  0.9388 1.0077 1.0292
v  0.8849 0.9538 1.0443
v  0.8153 0.8841 1.0516
v  0.8223 0.7032 1.0544
v  0.6487 0.7175 1.0544
v  0.7260 0.6293 1.0544
v  0.7344 0.8036 1.0544
v  0.7911 0.5317 1.0544
v  0.8429 0.4267 1.0544
v  0.7638 1.0598 1.0443
v  0.8100 1.1200 1.0292
v  0.6298 1.1491 1.0443
v  0.7036 0.9814 1.0516
v  0.6676 1.2149 1.0292
v  0.4852 1.2205 1.0443
v  0.6343 0.8911 1.0544
v  0.5804 1.0637 1.0516
v  0.4478 1.1295 1.0516
v  0.5234 0.9650 1.0544
v  0.5146 1.2908 1.0292
v  0.3526 1.3458 1.0292
v  0.3330 1.2726 1.0443
v  0.3074 1.1771 1.0516
v  0.4040 1.0241 1.0544
v  0.2465 0.9499 1.0544
v  0.3575 0.9118 1.0544
v  0.2780 1.0672 1.0544
v  0.4628 0.8600 1.0544
v  0.5605 0.7949 1.0544
v  0.1751 1.3038 1.0443
v  0.1849 1.3790 1.0292
v  0.0145 1.3143 1.0443
v  0.1622 1.2058 1.0516
v  0.0145 1.3902 1.0292
v  -0.1462 1.3038 1.0443
v  0.1475 1.0931 1.0544
v  0.0145 1.2156 1.0516
v  -0.1336 1.2058 1.0516
v  0.0145 1.1015 1.0544
v  -0.1563 1.3790 1.0292
v  -0.3240 1.3458 1.0292
v  -0.3044 1.2726 1.0443
v  -0.2788 1.1771 1.0516
v  -0.1185 1.0931 1.0544
v  -0.2179 0.9499 1.0544
v  -0.1028 0.9727 1.0544
v  -0.2491 1.0672 1.0544
v  0.0145 0.9800 1.0544
v  0.1314 0.9727 1.0544
v  -0.4566 1.2205 1.0443
v  -0.4857 1.2908 1.0292
v  -0.6012 1.1491 1.0443
v  -0.4188 1.1295 1.0516
v  -0.6390 1.2149 1.0292
v  -0.7349 1.0598 1.0443
v  -0.3754 1.0241 1.0544
v  -0.5518 1.0637 1.0516
v  -0.6750 0.9814 1.0516
v  -0.4948 0.9650 1.0544
v  -0.7811 1.1200 1.0292
v  -0.9099 1.0077 1.0292
v  -0.8563 0.9538 1.0443
v  -0.7863 0.8841 1.0516
v  -0.6057 0.8911 1.0544
v  -0.6197 0.7175 1.0544
v  -0.5315 0.7949 1.0544
v  -0.7058 0.8036 1.0544
v  -0.4339 0.8600 1.0544
v  -0.3289 0.9118 1.0544
v  -0.9620 0.8327 1.0443
v  -1.0222 0.8789 1.0292
v  -1.0516 0.6986 1.0443
v  -0.8840 0.7725 1.0516
v  -1.1174 0.7368 1.0292
v  -1.1230 0.5544 1.0443
v  -0.7933 0.7032 1.0544
v  -0.9659 0.6493 1.0516
v  -1.0317 0.5166 1.0516
v  -0.8675 0.5926 1.0544
v  -1.1930 0.5835 1.0292
v  -0.9263 0.4729 1.0544
v  -0.8143 0.4267 1.0544
v  -0.7622 0.5317 1.0544
v  -0.6971 0.6293 1.0544
v  -0.7079 0.0333 -0.2231
v  -0.7454 0.1656 -0.2336
v  -0.6708 -0.1001 -0.2189
v  -0.5361 0.1036 -0.1842
v  -0.7804 0.2965 -0.2483
v  -0.4794 -0.0490 -0.1751
v  -0.3537 0.1820 -0.1510
v  -0.6085 0.2503 -0.2056
v  -0.6845 0.3920 -0.2336
v  -0.4724 0.3409 -0.1842
v  -0.5861 0.4879 -0.2231
v  -0.4871 0.5849 -0.2189
v  -0.3471 0.4449 -0.1751
v  -0.2683 0.0077 -0.1356
v  -0.1927 0.2905 -0.1356
v  0.0145 0.0833 -0.1034
v  -0.3905 0.6839 -0.2231
v  -0.2946 0.7823 -0.2336
v  -0.2431 0.5702 -0.1842
v  -0.1987 0.8782 -0.2483
v  -0.0842 0.4515 -0.1510
v  -0.1525 0.7063 -0.2056
v  -0.0678 0.8432 -0.2336
v  -0.0062 0.6339 -0.1842
v  0.0645 0.8057 -0.2231
v  0.1979 0.7686 -0.2189
v  0.1468 0.5772 -0.1751
v  0.0901 0.3661 -0.1356
v  0.3319 0.7340 -0.2231
v  0.4653 0.7004 -0.2336
v  0.3074 0.5499 -0.1842
v  0.5962 0.6650 -0.2483
v  0.2840 0.3528 -0.1510
v  0.4705 0.5394 -0.2056
v  0.6312 0.5341 -0.2336
v  0.4810 0.3763 -0.1842
v  0.6651 0.4011 -0.2231
v  0.6994 0.2671 -0.2189
v  0.5083 0.2156 -0.1751
v  0.2973 0.1593 -0.1356
v  0.7369 0.1337 -0.2231
v  0.7743 0.0014 -0.2336
v  0.5647 0.0630 -0.1842
v  0.8093 -0.1295 -0.2483
v  0.3827 -0.0154 -0.1510
v  0.6375 -0.0836 -0.2056
v  0.7134 -0.2254 -0.2336
v  0.5013 -0.1743 -0.1842
v  0.6147 -0.3213 -0.2231
v  0.5160 -0.4182 -0.2189
v  0.3760 -0.2782 -0.1751
v  0.2213 -0.1235 -0.1356
v  0.4191 -0.5173 -0.2231
v  0.3232 -0.6156 -0.2336
v  0.2721 -0.4035 -0.1842
v  0.2273 -0.7115 -0.2483
v  0.1132 -0.2849 -0.1510
v  0.1814 -0.5397 -0.2056
v  0.0964 -0.6765 -0.2336
v  0.0348 -0.4672 -0.1842
v  -0.0359 -0.6391 -0.2231
v  -0.1693 -0.6020 -0.2189
v  -0.1178 -0.4105 -0.1751
v  -0.0615 -0.1995 -0.1356
v  -0.3033 -0.5673 -0.2231
v  -0.4367 -0.5337 -0.2336
v  -0.2785 -0.3832 -0.1842
v  -0.5676 -0.4984 -0.2483
v  -0.2550 -0.1862 -0.1510
v  -0.4416 -0.3727 -0.2056
v  -0.6026 -0.3675 -0.2336
v  -0.4521 -0.2096 -0.1842
v  -0.6362 -0.2345 -0.2231
v  -0.7079 0.1337 1.0544
v  -0.7454 0.0014 1.0544
v  -0.6708 0.2671 1.0544
v  -0.5361 0.0630 1.0544
v  -0.7804 -0.1295 1.0544
v  -0.4794 0.2156 1.0544
v  -0.3537 -0.0154 1.0544
v  -0.6085 -0.0836 1.0544
v  -0.6845 -0.2254 1.0544
v  -0.4724 -0.1743 1.0544
v  -0.5861 -0.3213 1.0544
v  -0.4871 -0.4182 1.0544
v  -0.3471 -0.2782 1.0544
v  -0.2683 0.1593 1.0544
v  -0.1927 -0.1235 1.0544
v  0.0145 0.0833 1.0544
v  -0.3905 -0.5173 1.0544
v  -0.2946 -0.6156 1.0544
v  -0.2431 -0.4035 1.0544
v  -0.1987 -0.7115 1.0544
v  -0.0842 -0.2849 1.0544
v  -0.1525 -0.5397 1.0544
v  -0.0678 -0.6765 1.0544
v  -0.0062 -0.4672 1.0544
v  0.0645 -0.6391 1.0544
v  0.1979 -0.6020 1.0544
v  0.1468 -0.4105 1.0544
v  0.0901 -0.1995 1.0544
v  0.3319 -0.5673 1.0544
v  0.4653 -0.5337 1.0544
v  0.3074 -0.3832 1.0544
v  0.5962 -0.4984 1.0544
v  0.2840 -0.1862 1.0544
v  0.4705 -0.3727 1.0544
v  0.6312 -0.3675 1.0544
v  0.4810 -0.2096 1.0544
v  0.6651 -0.2345 1.0544
v  0.6994 -0.1001 1.0544
v  0.5083 -0.0490 1.0544
v  0.2973 0.0077 1.0544
v  0.7369 0.0333 1.0544
v  0.7743 0.1656 1.0544
v  0.5647 0.1036 1.0544
v  0.8093 0.2965 1.0544
v  0.3827 0.1820 1.0544
v  0.6375 0.2503 1.0544
v  0.7134 0.3920 1.0544
v  0.5013 0.3409 1.0544
v  0.6147 0.4879 1.0544
v  0.5160 0.5849 1.0544
v  0.3760 0.4449 1.0544
v  0.2213 0.2905 1.0544
v  0.4191 0.6839 1.0544
v  0.3232 0.7823 1.0544
v  0.2721 0.5702 1.0544
v  0.2273 0.8782 1.0544
v  0.1132 0.4515 1.0544
v  0.1814 0.7063 1.0544
v  0.0964 0.8432 1.0544
v  0.0348 0.6339 1.0544
v  -0.0359 0.8057 1.0544
v  -0.1693 0.7686 1.0544
v  -0.1178 0.5772 1.0544
v  -0.0615 0.3661 1.0544
v  -0.3033 0.7340 1.0544
v  -0.4367 0.7004 1.0544
v  -0.2785 0.5499 1.0544
v  -0.5676 0.6650 1.0544
v  -0.2550 0.3528 1.0544
v  -0.4416 0.5394 1.0544
v  -0.6026 0.5341 1.0544
v  -0.4521 0.3763 1.0544
v  -0.6362 0.4011 1.0544
v  -1.3565 -0.0973 0.8819
v  -1.3215 -0.2747 0.8819
v  -1.3491 -0.0962 0.9589
v  -1.3684 0.0833 0.8819
v  -1.3141 -0.2726 0.9589
v  -1.3264 -0.0931 1.0044
v  -1.3565 0.2639 0.8819
v  -1.3607 0.0833 0.9589
v  -1.3379 0.0833 1.0044
v  -1.3491 0.2629 0.9589
v  -1.2921 -0.2667 1.0044
v  -1.3264 0.2601 1.0044
v  -1.2921 0.4333 1.0044
v  -1.3141 0.4393 0.9589
v  -1.3215 0.4414 0.8819
v  -1.3565 0.2639 -0.0925
v  -1.3215 0.4414 -0.0925
v  -1.3491 0.2629 -0.1692
v  -1.3684 0.0833 -0.0925
v  -1.3141 0.4393 -0.1692
v  -1.3264 0.2601 -0.2150
v  -1.3565 -0.0973 -0.0925
v  -1.3607 0.0833 -0.1692
v  -1.3379 0.0833 -0.2150
v  -1.3491 -0.0962 -0.1692
v  -1.2921 0.4333 -0.2150
v  -1.3264 -0.0931 -0.2150
v  -1.2921 -0.2667 -0.2150
v  -1.3141 -0.2726 -0.1692
v  -1.3215 -0.2747 -0.0925
v  -1.0828 -0.7584 0.8819
v  -0.9634 -0.8946 0.8819
v  -1.0765 -0.7539 0.9589
v  -1.1829 -0.6079 0.8819
v  -0.9582 -0.8893 0.9589
v  -1.0586 -0.7399 1.0044
v  -1.2630 -0.4459 0.8819
v  -1.1766 -0.6041 0.9589
v  -1.1566 -0.5929 1.0044
v  -1.2560 -0.4427 0.9589
v  -0.9421 -0.8732 1.0044
v  -1.2350 -0.4340 1.0044
v  -1.2630 -0.4459 -0.0925
v  -1.2560 -0.4427 -0.1692
v  -1.1829 -0.6079 -0.0925
v  -1.2350 -0.4340 -0.2150
v  -1.0828 -0.7584 -0.0925
v  -1.1766 -0.6041 -0.1692
v  -1.1566 -0.5929 -0.2150
v  -1.0765 -0.7539 -0.1692
v  -1.0586 -0.7399 -0.2150
v  -0.9421 -0.8732 -0.2150
v  -0.9582 -0.8893 -0.1692
v  -0.9634 -0.8946 -0.0925
v  -0.5147 -1.1942 0.8819
v  -0.3436 -1.2526 0.8819
v  -0.5119 -1.1872 0.9589
v  -0.6768 -1.1140 0.8819
v  -0.3415 -1.2453 0.9589
v  -0.5032 -1.1662 1.0044
v  -0.8273 -1.0136 0.8819
v  -0.6733 -1.1074 0.9589
v  -0.6617 -1.0878 1.0044
v  -0.8227 -1.0076 0.9589
v  -0.3359 -1.2232 1.0044
v  -0.8091 -0.9894 1.0044
v  -0.8273 -1.0136 -0.0925
v  -0.8227 -1.0076 -0.1692
v  -0.6768 -1.1140 -0.0925
v  -0.8091 -0.9894 -0.2150
v  -0.5147 -1.1942 -0.0925
v  -0.6733 -1.1074 -0.1692
v  -0.6617 -1.0878 -0.2150
v  -0.5119 -1.1872 -0.1692
v  -0.5032 -1.1662 -0.2150
v  -0.3359 -1.2232 -0.2150
v  -0.3415 -1.2453 -0.1692
v  -0.3436 -1.2526 -0.0925
v  0.1951 -1.2876 0.8819
v  0.3722 -1.2526 0.8819
v  0.1940 -1.2799 0.9589
v  0.0145 -1.2992 0.8819
v  0.3704 -1.2453 0.9589
v  0.1909 -1.2575 1.0044
v  -0.1661 -1.2876 0.8819
v  0.0145 -1.2918 0.9589
v  0.0145 -1.2691 1.0044
v  -0.1651 -1.2799 0.9589
v  0.3645 -1.2232 1.0044
v  -0.1623 -1.2575 1.0044
v  -0.1661 -1.2876 -0.0925
v  -0.1651 -1.2799 -0.1692
v  0.0145 -1.2992 -0.0925
v  -0.1623 -1.2575 -0.2150
v  0.1951 -1.2876 -0.0925
v  0.0145 -1.2918 -0.1692
v  0.0145 -1.2691 -0.2150
v  0.1940 -1.2799 -0.1692
v  0.1909 -1.2575 -0.2150
v  0.3645 -1.2232 -0.2150
v  0.3704 -1.2453 -0.1692
v  0.3722 -1.2526 -0.0925
v  0.8562 -1.0136 0.8819
v  0.9924 -0.8946 0.8819
v  0.8517 -1.0076 0.9589
v  0.7057 -1.1140 0.8819
v  0.9871 -0.8893 0.9589
v  0.8377 -0.9894 1.0044
v  0.5437 -1.1942 0.8819
v  0.7019 -1.1074 0.9589
v  0.6907 -1.0878 1.0044
v  0.5405 -1.1872 0.9589
v  0.9710 -0.8732 1.0044
v  0.5318 -1.1662 1.0044
v  0.5437 -1.1942 -0.0925
v  0.5405 -1.1872 -0.1692
v  0.7057 -1.1140 -0.0925
v  0.5318 -1.1662 -0.2150
v  0.8562 -1.0136 -0.0925
v  0.7019 -1.1074 -0.1692
v  0.6907 -1.0878 -0.2150
v  0.8517 -1.0076 -0.1692
v  0.8377 -0.9894 -0.2150
v  0.9710 -0.8732 -0.2150
v  0.9871 -0.8893 -0.1692
v  0.9924 -0.8946 -0.0925
v  1.2920 -0.4459 0.8819
v  1.3504 -0.2747 0.8819
v  1.2850 -0.4427 0.9589
v  1.2118 -0.6079 0.8819
v  1.3431 -0.2726 0.9589
v  1.2640 -0.4340 1.0044
v  1.1114 -0.7584 0.8819
v  1.2052 -0.6041 0.9589
v  1.1856 -0.5929 1.0044
v  1.1054 -0.7539 0.9589
v  1.3210 -0.2667 1.0044
v  1.0872 -0.7399 1.0044
v  1.1114 -0.7584 -0.0925
v  1.1054 -0.7539 -0.1692
v  1.2118 -0.6079 -0.0925
v  1.0872 -0.7399 -0.2150
v  1.2920 -0.4459 -0.0925
v  1.2052 -0.6041 -0.1692
v  1.1856 -0.5929 -0.2150
v  1.2850 -0.4427 -0.1692
v  1.2640 -0.4340 -0.2150
v  1.3210 -0.2667 -0.2150
v  1.3431 -0.2726 -0.1692
v  1.3504 -0.2747 -0.0925
v  1.3854 0.2639 0.8819
v  1.3504 0.4414 0.8819
v  1.3777 0.2629 0.9589
v  1.3970 0.0833 0.8819
v  1.3431 0.4393 0.9589
v  1.3553 0.2601 1.0044
v  1.3854 -0.0973 0.8819
v  1.3893 0.0833 0.9589
v  1.3665 0.0833 1.0044
v  1.3777 -0.0962 0.9589
v  1.3210 0.4333 1.0044
v  1.3553 -0.0931 1.0044
v  1.3854 -0.0973 -0.0925
v  1.3777 -0.0962 -0.1692
v  1.3970 0.0833 -0.0925
v  1.3553 -0.0931 -0.2150
v  1.3854 0.2639 -0.0925
v  1.3893 0.0833 -0.1692
v  1.3665 0.0833 -0.2150
v  1.3777 0.2629 -0.1692
v  1.3553 0.2601 -0.2150
v  1.3210 0.4333 -0.2150
v  1.3431 0.4393 -0.1692
v  1.3504 0.4414 -0.0925
v  1.1114 0.9251 0.8819
v  0.9924 1.0612 0.8819
v  1.1054 0.9205 0.9589
v  1.2118 0.7746 0.8819
v  0.9871 1.0560 0.9589
v  1.0872 0.9065 1.0044
v  1.2920 0.6125 0.8819
v  1.2052 0.7707 0.9589
v  1.1856 0.7595 1.0044
v  1.2850 0.6097 0.9589
v  0.9710 1.0399 1.0044
v  1.2640 0.6010 1.0044
v  1.2920 0.6125 -0.0925
v  1.2850 0.6097 -0.1692
v  1.2118 0.7746 -0.0925
v  1.2640 0.6010 -0.2150
v  1.1114 0.9251 -0.0925
v  1.2052 0.7707 -0.1692
v  1.1856 0.7595 -0.2150
v  1.1054 0.9205 -0.1692
v  1.0872 0.9065 -0.2150
v  0.9710 1.0399 -0.2150
v  0.9871 1.0560 -0.1692
v  0.9924 1.0612 -0.0925
v  0.5437 1.3608 0.8819
v  0.3722 1.4193 0.8819
v  0.5405 1.3538 0.9589
v  0.7057 1.2807 0.8819
v  0.3704 1.4119 0.9589
v  0.5318 1.3328 1.0044
v  0.8562 1.1802 0.8819
v  0.7019 1.2740 0.9589
v  0.6907 1.2544 1.0044
v  0.8517 1.1743 0.9589
v  0.3645 1.3899 1.0044
v  0.8377 1.1564 1.0044
v  0.8562 1.1802 -0.0925
v  0.8517 1.1743 -0.1692
v  0.7057 1.2807 -0.0925
v  0.8377 1.1564 -0.2150
v  0.5437 1.3608 -0.0925
v  0.7019 1.2740 -0.1692
v  0.6907 1.2544 -0.2150
v  0.5405 1.3538 -0.1692
v  0.5318 1.3328 -0.2150
v  0.3645 1.3899 -0.2150
v  0.3704 1.4119 -0.1692
v  0.3722 1.4193 -0.0925
v  -0.1661 1.4543 0.8819
v  -0.3436 1.4193 0.8819
v  -0.1651 1.4469 0.9589
v  0.0145 1.4658 0.8819
v  -0.3415 1.4119 0.9589
v  -0.1623 1.4242 1.0044
v  0.1951 1.4543 0.8819
v  0.0145 1.4585 0.9589
v  0.0145 1.4357 1.0044
v  0.1940 1.4469 0.9589
v  -0.3359 1.3899 1.0044
v  0.1909 1.4242 1.0044
v  0.1951 1.4543 -0.0925
v  0.1940 1.4469 -0.1692
v  0.0145 1.4658 -0.0925
v  0.1909 1.4242 -0.2150
v  -0.1661 1.4543 -0.0925
v  0.0145 1.4585 -0.1692
v  0.0145 1.4357 -0.2150
v  -0.1651 1.4469 -0.1692
v  -0.1623 1.4242 -0.2150
v  -0.3359 1.3899 -0.2150
v  -0.3415 1.4119 -0.1692
v  -0.3436 1.4193 -0.0925
v  -0.8273 1.1802 0.8819
v  -0.9634 1.0612 0.8819
v  -0.8227 1.1743 0.9589
v  -0.6768 1.2807 0.8819
v  -0.9582 1.0560 0.9589
v  -0.8091 1.1564 1.0044
v  -0.5147 1.3608 0.8819
v  -0.6733 1.2740 0.9589
v  -0.6617 1.2544 1.0044
v  -0.5119 1.3538 0.9589
v  -0.9421 1.0399 1.0044
v  -0.5032 1.3328 1.0044
v  -0.5147 1.3608 -0.0925
v  -0.5119 1.3538 -0.1692
v  -0.6768 1.2807 -0.0925
v  -0.5032 1.3328 -0.2150
v  -0.8273 1.1802 -0.0925
v  -0.6733 1.2740 -0.1692
v  -0.6617 1.2544 -0.2150
v  -0.8227 1.1743 -0.1692
v  -0.8091 1.1564 -0.2150
v  -0.9421 1.0399 -0.2150
v  -0.9582 1.0560 -0.1692
v  -0.9634 1.0612 -0.0925
v  -1.2630 0.6125 0.8819
v  -1.2560 0.6097 0.9589
v  -1.1829 0.7746 0.8819
v  -1.2350 0.6010 1.0044
v  -1.0828 0.9251 0.8819
v  -1.1766 0.7707 0.9589
v  -1.1566 0.7595 1.0044
v  -1.0765 0.9205 0.9589
v  -1.0586 0.9065 1.0044
v  -1.0828 0.9251 -0.0925
v  -1.0765 0.9205 -0.1692
v  -1.1829 0.7746 -0.0925
v  -1.0586 0.9065 -0.2150
v  -1.2630 0.6125 -0.0925
v  -1.1766 0.7707 -0.1692
v  -1.1566 0.7595 -0.2150
v  -1.2560 0.6097 -0.1692
v  -1.2350 0.6010 -0.2150
v  -0.1969 0.0798 0.9144
v  -0.1906 0.1348 0.4248
v  -0.1969 0.0798 0.4248
v  -0.1892 0.0249 0.9144
v  -0.1906 0.1348 0.9144
v  -0.1969 0.0798 1.4041
v  -0.1892 0.0249 0.4248
v  -0.1686 -0.0269 0.9144
v  -0.1906 0.1348 1.4041
v  -0.1969 0.0798 1.8941
v  -0.1892 0.0249 1.4041
v  -0.1686 -0.0269 1.4041
v  -0.1892 0.0249 1.8941
v  -0.1686 -0.0269 0.4248
v  -0.1353 -0.0710 0.4248
v  -0.1353 -0.0710 0.9144
v  -0.1353 -0.0710 1.4041
v  -0.1686 -0.0269 1.8941
v  -0.1353 -0.0710 2.3837
v  -0.1686 -0.0269 2.3837
v  -0.1353 -0.0710 1.8941
v  -0.1892 0.0249 2.3837
v  -0.1969 0.0798 2.3837
v  -0.1906 0.1348 2.3837
v  -0.1906 0.1348 1.8941
v  -0.0912 -0.1043 0.9144
v  -0.0912 -0.1043 0.4248
v  -0.0398 -0.1249 0.9144
v  -0.0912 -0.1043 1.4041
v  -0.0398 -0.1249 0.4248
v  0.0155 -0.1326 0.9144
v  -0.0912 -0.1043 1.8941
v  -0.0398 -0.1249 1.4041
v  0.0155 -0.1326 1.4041
v  -0.0398 -0.1249 1.8941
v  0.0155 -0.1326 0.4248
v  0.0705 -0.1263 0.4248
v  0.0705 -0.1263 0.9144
v  0.0705 -0.1263 1.4041
v  0.0155 -0.1326 1.8941
v  0.0705 -0.1263 2.3837
v  0.0155 -0.1326 2.3837
v  0.0705 -0.1263 1.8941
v  -0.0398 -0.1249 2.3837
v  -0.0912 -0.1043 2.3837
v  0.1212 -0.1043 0.9144
v  0.1212 -0.1043 0.4248
v  0.1650 -0.0703 0.9144
v  0.1212 -0.1043 1.4041
v  0.1650 -0.0703 0.4248
v  0.1993 -0.0262 0.9144
v  0.1212 -0.1043 1.8941
v  0.1650 -0.0703 1.4041
v  0.1993 -0.0262 1.4041
v  0.1650 -0.0703 1.8941
v  0.1993 -0.0262 0.4248
v  0.2210 0.0245 0.4248
v  0.2210 0.0245 0.9144
v  0.2210 0.0245 1.4041
v  0.1993 -0.0262 1.8941
v  0.2210 0.0245 2.3837
v  0.1993 -0.0262 2.3837
v  0.2210 0.0245 1.8941
v  0.1650 -0.0703 2.3837
v  0.1212 -0.1043 2.3837
v  0.2276 0.0791 0.9144
v  0.2276 0.0791 0.4248
v  0.2199 0.1344 0.9144
v  0.2276 0.0791 1.4041
v  0.2199 0.1344 0.4248
v  0.1989 0.1859 0.9144
v  0.2276 0.0791 1.8941
v  0.2199 0.1344 1.4041
v  0.1989 0.1859 1.4041
v  0.2199 0.1344 1.8941
v  0.1989 0.1859 0.4248
v  0.1660 0.2303 0.4248
v  0.1660 0.2303 0.9144
v  0.1660 0.2303 1.4041
v  0.1989 0.1859 1.8941
v  0.1660 0.2303 2.3837
v  0.1989 0.1859 2.3837
v  0.1660 0.2303 1.8941
v  0.2199 0.1344 2.3837
v  0.2276 0.0791 2.3837
v  0.1216 0.2632 0.9144
v  0.1216 0.2632 0.4248
v  0.0701 0.2842 0.9144
v  0.1216 0.2632 1.4041
v  0.0701 0.2842 0.4248
v  0.0148 0.2919 0.9144
v  0.1216 0.2632 1.8941
v  0.0701 0.2842 1.4041
v  0.0148 0.2919 1.4041
v  0.0701 0.2842 1.8941
v  0.0148 0.2919 0.4248
v  -0.0398 0.2853 0.4248
v  -0.0398 0.2853 0.9144
v  -0.0398 0.2853 1.4041
v  0.0148 0.2919 1.8941
v  -0.0398 0.2853 2.3837
v  0.0148 0.2919 2.3837
v  -0.0398 0.2853 1.8941
v  0.0701 0.2842 2.3837
v  0.1216 0.2632 2.3837
v  -0.0905 0.2636 0.9144
v  -0.0905 0.2636 0.4248
v  -0.1346 0.2293 0.9144
v  -0.0905 0.2636 1.4041
v  -0.1346 0.2293 0.4248
v  -0.1689 0.1855 0.9144
v  -0.0905 0.2636 1.8941
v  -0.1346 0.2293 1.4041
v  -0.1689 0.1855 1.4041
v  -0.1346 0.2293 1.8941
v  -0.1689 0.1855 0.4248
v  -0.1689 0.1855 1.8941
v  -0.1689 0.1855 2.3837
v  -0.1346 0.2293 2.3837
v  -0.0905 0.2636 2.3837
v  0.1286 0.1057 2.3837
v  0.1317 0.1596 2.3837
v  0.1181 0.0522 2.3837
v  0.0295 0.1323 2.3837
v  0.1282 0.2121 2.3837
v  0.0152 0.0795 2.3837
v  -0.0699 0.1589 2.3837
v  0.0432 0.1845 2.3837
v  0.0568 0.2345 2.3837
v  -0.0454 0.2072 2.3837
v  -0.0167 0.2506 2.3837
v  -0.0877 0.1071 2.3837
v  -0.0979 0.0532 2.3837
v  -0.1014 -0.0007 2.3837
v  0.0012 0.0266 2.3837
v  -0.0979 -0.0528 2.3837
v  0.1002 0.0004 2.3837
v  -0.0128 -0.0252 2.3837
v  -0.0265 -0.0756 2.3837
v  0.0761 -0.0483 2.3837
v  0.0470 -0.0917 2.3837
v  -0.1490 0.1376 0.4248
v  -0.0982 0.1932 0.4248
v  -0.1259 0.0907 0.4248
v  -0.0429 0.2436 0.4248
v  -0.0961 0.0455 0.4248
v  -0.0615 0.1561 0.4248
v  0.0040 0.2205 0.4248
v  -0.0233 0.1183 0.4248
v  0.0491 0.1908 0.4248
v  0.0904 0.1551 0.4248
v  0.0152 0.0795 0.4248
v  -0.0601 0.0042 0.4248
v  0.1265 0.1134 0.4248
v  0.1562 0.0683 0.4248
v  0.0540 0.0410 0.4248
v  0.1793 0.0214 0.4248
v  -0.0188 -0.0315 0.4248
v  0.0918 0.0028 0.4248
v  0.1289 -0.0339 0.4248
v  0.0264 -0.0612 0.4248
v  0.0733 -0.0847 0.4248
# 1316 vertices

vn -0.9916 -0.1294 -0.0000
vn -0.9659 -0.2588 -0.0000
vn -1.0000 0.0000 -0.0000
vn -0.9916 0.1294 -0.0000
vn -0.9659 0.2588 -0.0000
vn -0.7941 -0.6078 -0.0000
vn -0.7071 -0.7071 -0.0000
vn -0.8660 -0.5000 -0.0000
vn -0.9234 -0.3837 -0.0000
vn -0.9234 -0.3838 -0.0000
vn -0.3838 -0.9234 -0.0000
vn -0.2588 -0.9659 -0.0000
vn -0.5000 -0.8660 -0.0000
vn -0.6078 -0.7941 -0.0000
vn 0.1294 -0.9916 0.0000
vn 0.2588 -0.9659 0.0000
vn -0.0000 -1.0000 -0.0000
vn -0.1294 -0.9916 -0.0000
vn 0.6078 -0.7941 0.0000
vn 0.7071 -0.7071 0.0000
vn 0.5000 -0.8660 0.0000
vn 0.3838 -0.9234 0.0000
vn 0.9234 -0.3838 0.0000
vn 0.9659 -0.2588 0.0000
vn 0.8660 -0.5000 0.0000
vn 0.7941 -0.6078 0.0000
vn 0.9916 0.1294 0.0000
vn 0.9659 0.2588 0.0000
vn 1.0000 -0.0000 0.0000
vn 0.9916 -0.1294 0.0000
vn 0.7941 0.6078 0.0000
vn 0.7071 0.7071 0.0000
vn 0.8660 0.5000 0.0000
vn 0.9234 0.3837 0.0000
vn 0.9234 0.3838 0.0000
vn 0.3838 0.9234 0.0000
vn 0.2588 0.9659 0.0000
vn 0.5000 0.8660 0.0000
vn 0.6078 0.7941 0.0000
vn -0.1294 0.9916 -0.0000
vn -0.2588 0.9659 -0.0000
vn 0.0000 1.0000 0.0000
vn 0.1294 0.9916 0.0000
vn -0.6078 0.7941 -0.0000
vn -0.7071 0.7071 -0.0000
vn -0.5000 0.8660 -0.0000
vn -0.3838 0.9234 -0.0000
vn -0.9234 0.3837 -0.0000
vn -0.8660 0.5000 -0.0000
vn -0.7941 0.6078 -0.0000
vn -0.1361 -0.0178 -0.9905
vn -0.3350 -0.0898 -0.9379
vn -0.3438 -0.0449 -0.9380
vn -0.1373 0.0000 -0.9905
vn -0.1327 -0.0355 -0.9905
vn -0.0495 -0.0065 -0.9988
vn -0.3467 0.0000 -0.9380
vn -0.1361 0.0178 -0.9905
vn -0.0483 -0.0129 -0.9987
vn -0.0113 -0.0015 -0.9999
vn -0.0499 0.0000 -0.9988
vn -0.0495 0.0065 -0.9988
vn -0.0114 0.0000 -0.9999
vn -0.3438 0.0449 -0.9380
vn -0.3350 0.0898 -0.9379
vn -0.1327 0.0355 -0.9905
vn -0.0482 0.0129 -0.9988
vn -0.0113 0.0015 -0.9999
vn 0.0000 0.0000 -1.0000
vn -0.0110 0.0030 -0.9999
vn -0.0110 -0.0030 -0.9999
vn -0.1268 0.0527 -0.9905
vn -0.3202 0.1331 -0.9380
vn -0.1189 0.0686 -0.9905
vn -0.0461 0.0192 -0.9988
vn -0.3002 0.1733 -0.9380
vn -0.1090 0.0835 -0.9905
vn -0.0105 0.0044 -0.9999
vn -0.0432 0.0250 -0.9988
vn -0.0396 0.0303 -0.9988
vn -0.0099 0.0057 -0.9999
vn -0.2753 0.2107 -0.9380
vn -0.2452 0.2452 -0.9379
vn -0.0971 0.0971 -0.9905
vn -0.0353 0.0353 -0.9988
vn -0.0091 0.0069 -0.9999
vn -0.0081 0.0081 -0.9999
vn -0.0835 0.1090 -0.9905
vn -0.2107 0.2753 -0.9380
vn -0.0686 0.1189 -0.9905
vn -0.0303 0.0396 -0.9988
vn -0.1733 0.3002 -0.9380
vn -0.0527 0.1268 -0.9905
vn -0.0069 0.0091 -0.9999
vn -0.0250 0.0432 -0.9988
vn -0.0192 0.0461 -0.9988
vn -0.0057 0.0099 -0.9999
vn -0.1331 0.3202 -0.9380
vn -0.0898 0.3350 -0.9379
vn -0.0355 0.1327 -0.9905
vn -0.0129 0.0482 -0.9988
vn -0.0044 0.0105 -0.9999
vn -0.0030 0.0110 -0.9999
vn -0.0178 0.1361 -0.9905
vn -0.0449 0.3438 -0.9380
vn 0.0000 0.1373 -0.9905
vn -0.0065 0.0495 -0.9988
vn 0.0000 0.3467 -0.9380
vn 0.0178 0.1361 -0.9905
vn -0.0015 0.0113 -0.9999
vn 0.0000 0.0499 -0.9988
vn 0.0065 0.0495 -0.9988
vn 0.0000 0.0114 -0.9999
vn 0.0449 0.3438 -0.9380
vn 0.0898 0.3350 -0.9379
vn 0.0355 0.1327 -0.9905
vn 0.0129 0.0482 -0.9988
vn 0.0015 0.0113 -0.9999
vn 0.0030 0.0110 -0.9999
vn 0.0527 0.1268 -0.9905
vn 0.1331 0.3202 -0.9380
vn 0.0686 0.1189 -0.9905
vn 0.0192 0.0461 -0.9988
vn 0.1733 0.3002 -0.9380
vn 0.0835 0.1090 -0.9905
vn 0.0044 0.0105 -0.9999
vn 0.0250 0.0432 -0.9988
vn 0.0303 0.0396 -0.9988
vn 0.0057 0.0099 -0.9999
vn 0.2107 0.2753 -0.9380
vn 0.2452 0.2452 -0.9379
vn 0.0971 0.0971 -0.9905
vn 0.0353 0.0353 -0.9988
vn 0.0069 0.0091 -0.9999
vn 0.0081 0.0081 -0.9999
vn 0.1090 0.0835 -0.9905
vn 0.2753 0.2107 -0.9380
vn 0.1189 0.0686 -0.9905
vn 0.0396 0.0303 -0.9988
vn 0.3002 0.1733 -0.9380
vn 0.1268 0.0527 -0.9905
vn 0.0091 0.0069 -0.9999
vn 0.0432 0.0250 -0.9988
vn 0.0461 0.0192 -0.9988
vn 0.0099 0.0057 -0.9999
vn 0.3202 0.1331 -0.9380
vn 0.3350 0.0898 -0.9379
vn 0.1327 0.0355 -0.9905
vn 0.0483 0.0129 -0.9987
vn 0.0105 0.0044 -0.9999
vn 0.0110 0.0030 -0.9999
vn 0.1361 0.0178 -0.9905
vn 0.3438 0.0448 -0.9380
vn 0.1373 -0.0000 -0.9905
vn 0.0495 0.0065 -0.9988
vn 0.3467 -0.0000 -0.9380
vn 0.1361 -0.0178 -0.9905
vn 0.0113 0.0015 -0.9999
vn 0.0499 -0.0000 -0.9988
vn 0.0495 -0.0065 -0.9988
vn 0.0114 -0.0000 -0.9999
vn 0.3438 -0.0449 -0.9380
vn 0.3350 -0.0898 -0.9379
vn 0.1327 -0.0355 -0.9905
vn 0.0482 -0.0129 -0.9988
vn 0.0113 -0.0015 -0.9999
vn 0.0110 -0.0030 -0.9999
vn 0.1268 -0.0527 -0.9905
vn 0.3202 -0.1331 -0.9380
vn 0.1189 -0.0686 -0.9905
vn 0.0461 -0.0192 -0.9988
vn 0.3002 -0.1733 -0.9380
vn 0.1090 -0.0835 -0.9905
vn 0.0105 -0.0044 -0.9999
vn 0.0432 -0.0250 -0.9988
vn 0.0396 -0.0303 -0.9988
vn 0.0099 -0.0057 -0.9999
vn 0.2753 -0.2107 -0.9380
vn 0.2452 -0.2452 -0.9379
vn 0.0971 -0.0971 -0.9905
vn 0.0353 -0.0353 -0.9988
vn 0.0091 -0.0069 -0.9999
vn 0.0081 -0.0081 -0.9999
vn 0.0835 -0.1090 -0.9905
vn 0.2107 -0.2753 -0.9380
vn 0.0686 -0.1189 -0.9905
vn 0.0303 -0.0396 -0.9988
vn 0.1733 -0.3002 -0.9380
vn 0.0527 -0.1268 -0.9905
vn 0.0069 -0.0091 -0.9999
vn 0.0250 -0.0432 -0.9988
vn 0.0192 -0.0461 -0.9988
vn 0.0057 -0.0099 -0.9999
vn 0.1331 -0.3202 -0.9380
vn 0.0898 -0.3350 -0.9379
vn 0.0355 -0.1327 -0.9905
vn 0.0129 -0.0483 -0.9987
vn 0.0044 -0.0105 -0.9999
vn 0.0030 -0.0110 -0.9999
vn 0.0178 -0.1361 -0.9905
vn 0.0449 -0.3438 -0.9380
vn 0.0000 -0.1373 -0.9905
vn 0.0065 -0.0495 -0.9988
vn 0.0000 -0.3467 -0.9380
vn -0.0178 -0.1361 -0.9905
vn 0.0015 -0.0113 -0.9999
vn 0.0000 -0.0499 -0.9988
vn -0.0065 -0.0495 -0.9988
vn 0.0000 -0.0114 -0.9999
vn -0.0449 -0.3438 -0.9380
vn -0.0898 -0.3350 -0.9379
vn -0.0355 -0.1327 -0.9905
vn -0.0129 -0.0483 -0.9987
vn -0.0015 -0.0113 -0.9999
vn -0.0030 -0.0110 -0.9999
vn -0.0527 -0.1268 -0.9905
vn -0.1331 -0.3202 -0.9380
vn -0.0686 -0.1189 -0.9905
vn -0.0192 -0.0461 -0.9988
vn -0.1733 -0.3002 -0.9380
vn -0.0835 -0.1090 -0.9905
vn -0.0044 -0.0105 -0.9999
vn -0.0250 -0.0432 -0.9988
vn -0.0303 -0.0396 -0.9988
vn -0.0057 -0.0099 -0.9999
vn -0.2107 -0.2753 -0.9380
vn -0.2452 -0.2452 -0.9379
vn -0.0971 -0.0971 -0.9905
vn -0.0353 -0.0353 -0.9988
vn -0.0069 -0.0091 -0.9999
vn -0.0081 -0.0081 -0.9999
vn -0.1090 -0.0835 -0.9905
vn -0.2753 -0.2107 -0.9380
vn -0.1189 -0.0686 -0.9905
vn -0.0396 -0.0303 -0.9988
vn -0.3002 -0.1733 -0.9380
vn -0.1268 -0.0527 -0.9905
vn -0.0091 -0.0069 -0.9999
vn -0.0432 -0.0250 -0.9988
vn -0.0461 -0.0192 -0.9988
vn -0.0099 -0.0057 -0.9999
vn -0.3202 -0.1331 -0.9380
vn -0.0105 -0.0044 -0.9999
vn -0.1361 0.0178 0.9905
vn -0.3350 0.0898 0.9379
vn -0.3438 0.0448 0.9380
vn -0.1373 0.0000 0.9905
vn -0.1327 0.0355 0.9905
vn -0.0495 0.0065 0.9988
vn -0.3467 0.0000 0.9380
vn -0.1361 -0.0178 0.9905
vn -0.0483 0.0129 0.9987
vn -0.0113 0.0015 0.9999
vn -0.0499 0.0000 0.9988
vn -0.0495 -0.0065 0.9988
vn -0.0114 0.0000 0.9999
vn -0.3438 -0.0449 0.9380
vn -0.3350 -0.0898 0.9379
vn -0.1327 -0.0355 0.9905
vn -0.0483 -0.0129 0.9987
vn -0.0113 -0.0015 0.9999
vn -0.0000 0.0000 1.0000
vn -0.0110 -0.0030 0.9999
vn -0.0110 0.0030 0.9999
vn -0.1268 -0.0527 0.9905
vn -0.3202 -0.1331 0.9380
vn -0.1189 -0.0686 0.9905
vn -0.0461 -0.0192 0.9988
vn -0.3002 -0.1733 0.9380
vn -0.1090 -0.0835 0.9905
vn -0.0105 -0.0044 0.9999
vn -0.0432 -0.0250 0.9988
vn -0.0397 -0.0303 0.9988
vn -0.0099 -0.0057 0.9999
vn -0.2753 -0.2107 0.9380
vn -0.2452 -0.2452 0.9379
vn -0.0971 -0.0971 0.9905
vn -0.0353 -0.0353 0.9988
vn -0.0091 -0.0069 0.9999
vn -0.0081 -0.0081 0.9999
vn -0.0835 -0.1090 0.9905
vn -0.2107 -0.2753 0.9380
vn -0.0686 -0.1189 0.9905
vn -0.0303 -0.0396 0.9988
vn -0.1733 -0.3002 0.9380
vn -0.0527 -0.1268 0.9905
vn -0.0069 -0.0091 0.9999
vn -0.0250 -0.0432 0.9988
vn -0.0192 -0.0461 0.9988
vn -0.0057 -0.0099 0.9999
vn -0.1331 -0.3202 0.9380
vn -0.0898 -0.3350 0.9379
vn -0.0355 -0.1327 0.9905
vn -0.0129 -0.0482 0.9988
vn -0.0044 -0.0105 0.9999
vn -0.0030 -0.0110 0.9999
vn -0.0178 -0.1361 0.9905
vn -0.0449 -0.3438 0.9380
vn -0.0000 -0.1373 0.9905
vn -0.0065 -0.0495 0.9988
vn -0.0000 -0.3467 0.9380
vn 0.0178 -0.1361 0.9905
vn -0.0015 -0.0113 0.9999
vn -0.0000 -0.0499 0.9988
vn 0.0065 -0.0495 0.9988
vn -0.0000 -0.0114 0.9999
vn 0.0449 -0.3438 0.9380
vn 0.0898 -0.3350 0.9379
vn 0.0355 -0.1327 0.9905
vn 0.0129 -0.0482 0.9988
vn 0.0015 -0.0113 0.9999
vn 0.0030 -0.0110 0.9999
vn 0.0527 -0.1268 0.9905
vn 0.1331 -0.3202 0.9380
vn 0.0686 -0.1189 0.9905
vn 0.0192 -0.0461 0.9988
vn 0.1733 -0.3002 0.9380
vn 0.0835 -0.1090 0.9905
vn 0.0044 -0.0105 0.9999
vn 0.0250 -0.0432 0.9988
vn 0.0303 -0.0396 0.9988
vn 0.0057 -0.0099 0.9999
vn 0.2107 -0.2753 0.9380
vn 0.2452 -0.2452 0.9379
vn 0.0971 -0.0971 0.9905
vn 0.0353 -0.0353 0.9988
vn 0.0069 -0.0091 0.9999
vn 0.0081 -0.0081 0.9999
vn 0.1090 -0.0835 0.9905
vn 0.2753 -0.2107 0.9380
vn 0.1189 -0.0686 0.9905
vn 0.0396 -0.0303 0.9988
vn 0.3002 -0.1733 0.9380
vn 0.1268 -0.0527 0.9905
vn 0.0091 -0.0069 0.9999
vn 0.0432 -0.0250 0.9988
vn 0.0461 -0.0192 0.9988
vn 0.0099 -0.0057 0.9999
vn 0.3202 -0.1331 0.9380
vn 0.3350 -0.0898 0.9379
vn 0.1327 -0.0355 0.9905
vn 0.0482 -0.0129 0.9988
vn 0.0105 -0.0044 0.9999
vn 0.0110 -0.0030 0.9999
vn 0.1361 -0.0178 0.9905
vn 0.3438 -0.0448 0.9380
vn 0.1373 -0.0000 0.9905
vn 0.0495 -0.0065 0.9988
vn 0.3467 -0.0000 0.9380
vn 0.1361 0.0178 0.9905
vn 0.0113 -0.0015 0.9999
vn 0.0499 -0.0000 0.9988
vn 0.0495 0.0065 0.9988
vn 0.0114 -0.0000 0.9999
vn 0.3438 0.0449 0.9380
vn 0.3350 0.0898 0.9379
vn 0.1327 0.0355 0.9905
vn 0.0482 0.0129 0.9988
vn 0.0113 0.0015 0.9999
vn 0.0110 0.0030 0.9999
vn 0.1268 0.0527 0.9905
vn 0.3202 0.1331 0.9380
vn 0.1189 0.0686 0.9905
vn 0.0461 0.0192 0.9988
vn 0.3003 0.1733 0.9380
vn 0.1090 0.0835 0.9905
vn 0.0105 0.0044 0.9999
vn 0.0432 0.0250 0.9988
vn 0.0396 0.0303 0.9988
vn 0.0099 0.0057 0.9999
vn 0.2753 0.2107 0.9380
vn 0.2452 0.2452 0.9379
vn 0.0971 0.0971 0.9905
vn 0.0353 0.0353 0.9988
vn 0.0091 0.0069 0.9999
vn 0.0081 0.0081 0.9999
vn 0.0835 0.1090 0.9905
vn 0.2107 0.2753 0.9380
vn 0.0686 0.1189 0.9905
vn 0.0303 0.0397 0.9988
vn 0.1733 0.3002 0.9380
vn 0.0527 0.1268 0.9905
vn 0.0069 0.0091 0.9999
vn 0.0250 0.0432 0.9988
vn 0.0192 0.0461 0.9988
vn 0.0057 0.0099 0.9999
vn 0.1331 0.3202 0.9380
vn 0.0898 0.3350 0.9379
vn 0.0355 0.1327 0.9905
vn 0.0129 0.0482 0.9988
vn 0.0044 0.0105 0.9999
vn 0.0030 0.0110 0.9999
vn 0.0178 0.1361 0.9905
vn 0.0449 0.3438 0.9380
vn -0.0000 0.1373 0.9905
vn 0.0065 0.0495 0.9988
vn -0.0000 0.3467 0.9380
vn -0.0178 0.1361 0.9905
vn 0.0015 0.0113 0.9999
vn -0.0000 0.0499 0.9988
vn -0.0065 0.0495 0.9988
vn -0.0000 0.0114 0.9999
vn -0.0449 0.3438 0.9380
vn -0.0898 0.3350 0.9379
vn -0.0355 0.1327 0.9905
vn -0.0129 0.0482 0.9988
vn -0.0015 0.0113 0.9999
vn -0.0030 0.0110 0.9999
vn -0.0527 0.1268 0.9905
vn -0.1331 0.3202 0.9380
vn -0.0686 0.1189 0.9905
vn -0.0192 0.0461 0.9988
vn -0.1733 0.3002 0.9380
vn -0.0835 0.1090 0.9905
vn -0.0044 0.0105 0.9999
vn -0.0250 0.0432 0.9988
vn -0.0303 0.0396 0.9988
vn -0.0057 0.0099 0.9999
vn -0.2107 0.2753 0.9380
vn -0.2452 0.2452 0.9379
vn -0.0971 0.0971 0.9905
vn -0.0353 0.0353 0.9988
vn -0.0069 0.0091 0.9999
vn -0.0081 0.0081 0.9999
vn -0.1090 0.0835 0.9905
vn -0.2753 0.2107 0.9380
vn -0.1189 0.0686 0.9905
vn -0.0396 0.0303 0.9988
vn -0.3002 0.1733 0.9380
vn -0.1268 0.0527 0.9905
vn -0.0091 0.0069 0.9999
vn -0.0432 0.0250 0.9988
vn -0.0461 0.0192 0.9988
vn -0.0099 0.0057 0.9999
vn -0.3202 0.1331 0.9380
vn -0.0105 0.0044 0.9999
vn 0.2271 0.0094 -0.9738
vn 0.2246 0.0602 -0.9726
vn 0.2271 0.0274 -0.9735
vn 0.2288 -0.0297 -0.9730
vn 0.2171 0.0582 -0.9744
vn 0.2038 -0.0122 -0.9789
vn 0.2171 -0.0004 -0.9761
vn 0.2198 -0.0589 -0.9738
vn 0.1877 0.0503 -0.9809
vn 0.1606 -0.0430 -0.9861
vn 0.2130 -0.0571 -0.9754
vn 0.2130 -0.0887 -0.9730
vn 0.1826 -0.0914 -0.9789
vn 0.1905 -0.0207 -0.9815
vn 0.1753 -0.0773 -0.9815
vn 0.1883 -0.1082 -0.9761
vn 0.1919 -0.1217 -0.9738
vn 0.1644 -0.1644 -0.9726
vn 0.1589 -0.1589 -0.9744
vn 0.1829 -0.1373 -0.9735
vn 0.1374 -0.1374 -0.9809
vn 0.1336 0.0358 -0.9904
vn 0.0978 -0.0978 -0.9904
vn 0.1217 -0.1919 -0.9738
vn 0.1373 -0.1829 -0.9735
vn 0.0887 -0.2130 -0.9730
vn 0.0914 -0.1826 -0.9789
vn 0.1082 -0.1883 -0.9761
vn 0.0589 -0.2198 -0.9738
vn 0.0430 -0.1606 -0.9861
vn 0.0571 -0.2130 -0.9754
vn 0.0297 -0.2288 -0.9730
vn 0.0122 -0.2038 -0.9789
vn 0.0773 -0.1753 -0.9815
vn 0.0207 -0.1905 -0.9815
vn 0.0004 -0.2171 -0.9761
vn -0.0094 -0.2271 -0.9738
vn -0.0602 -0.2246 -0.9726
vn -0.0582 -0.2171 -0.9744
vn -0.0274 -0.2271 -0.9735
vn -0.0503 -0.1877 -0.9809
vn -0.0358 -0.1336 -0.9904
vn -0.1054 -0.2014 -0.9738
vn -0.0898 -0.2104 -0.9735
vn -0.1401 -0.1833 -0.9730
vn -0.1125 -0.1704 -0.9789
vn -0.1089 -0.1878 -0.9761
vn -0.1609 -0.1609 -0.9738
vn -0.1176 -0.1176 -0.9861
vn -0.1559 -0.1559 -0.9754
vn -0.1833 -0.1401 -0.9730
vn -0.1704 -0.1125 -0.9789
vn -0.1132 -0.1546 -0.9815
vn -0.1546 -0.1132 -0.9815
vn -0.1878 -0.1089 -0.9761
vn -0.2014 -0.1054 -0.9738
vn -0.2246 -0.0602 -0.9726
vn -0.2171 -0.0582 -0.9744
vn -0.2104 -0.0898 -0.9735
vn -0.1877 -0.0503 -0.9809
vn -0.1336 -0.0358 -0.9904
vn -0.2271 -0.0094 -0.9738
vn -0.2271 -0.0274 -0.9735
vn -0.2288 0.0297 -0.9730
vn -0.2038 0.0122 -0.9789
vn -0.2171 0.0004 -0.9761
vn -0.2198 0.0589 -0.9738
vn -0.1606 0.0430 -0.9861
vn -0.2130 0.0571 -0.9754
vn -0.2130 0.0887 -0.9730
vn -0.1826 0.0914 -0.9789
vn -0.1905 0.0207 -0.9815
vn -0.1753 0.0773 -0.9815
vn -0.1883 0.1082 -0.9761
vn -0.1919 0.1217 -0.9738
vn -0.1644 0.1644 -0.9726
vn -0.1589 0.1589 -0.9744
vn -0.1829 0.1373 -0.9735
vn -0.1374 0.1374 -0.9809
vn -0.0978 0.0978 -0.9904
vn -0.1217 0.1919 -0.9738
vn -0.1373 0.1829 -0.9735
vn -0.0887 0.2130 -0.9730
vn -0.0914 0.1826 -0.9789
vn -0.1082 0.1883 -0.9761
vn -0.0589 0.2198 -0.9738
vn -0.0430 0.1606 -0.9861
vn -0.0571 0.2130 -0.9754
vn -0.0297 0.2288 -0.9730
vn -0.0122 0.2038 -0.9789
vn -0.0773 0.1753 -0.9815
vn -0.0207 0.1905 -0.9815
vn -0.0004 0.2171 -0.9761
vn 0.0094 0.2271 -0.9738
vn 0.0602 0.2246 -0.9726
vn 0.0582 0.2171 -0.9744
vn 0.0274 0.2271 -0.9735
vn 0.0503 0.1877 -0.9809
vn 0.0358 0.1336 -0.9904
vn 0.1054 0.2014 -0.9738
vn 0.0898 0.2104 -0.9735
vn 0.1401 0.1833 -0.9730
vn 0.1125 0.1704 -0.9789
vn 0.1089 0.1878 -0.9761
vn 0.1609 0.1609 -0.9738
vn 0.1176 0.1176 -0.9861
vn 0.1559 0.1559 -0.9754
vn 0.1833 0.1401 -0.9730
vn 0.1704 0.1125 -0.9789
vn 0.1132 0.1546 -0.9815
vn 0.1546 0.1132 -0.9815
vn 0.1878 0.1089 -0.9761
vn 0.2014 0.1054 -0.9738
vn 0.2104 0.0898 -0.9735
vn -0.9904 -0.1292 0.0491
vn -0.9648 -0.2585 0.0492
vn -0.9533 -0.1244 0.2753
vn -0.9988 0.0000 0.0491
vn -0.9286 -0.2488 0.2753
vn -0.7202 -0.0940 0.6874
vn -0.9904 0.1292 0.0491
vn -0.9614 0.0000 0.2753
vn -0.7262 0.0000 0.6874
vn -0.9533 0.1244 0.2753
vn -0.7016 -0.1880 0.6873
vn -0.7202 0.0940 0.6874
vn -0.7016 0.1880 0.6873
vn -0.9286 0.2488 0.2753
vn -0.9648 0.2585 0.0491
vn -0.9904 0.1292 -0.0491
vn -0.9648 0.2585 -0.0491
vn -0.9533 0.1244 -0.2753
vn -0.9988 0.0000 -0.0491
vn -0.9286 0.2488 -0.2753
vn -0.7202 0.0940 -0.6874
vn -0.9904 -0.1292 -0.0491
vn -0.9614 0.0000 -0.2753
vn -0.7263 0.0000 -0.6874
vn -0.9533 -0.1244 -0.2753
vn -0.7016 0.1880 -0.6873
vn -0.7202 -0.0940 -0.6874
vn -0.7016 -0.1880 -0.6873
vn -0.9286 -0.2488 -0.2753
vn -0.9648 -0.2585 -0.0492
vn -0.7931 -0.6071 0.0491
vn -0.7063 -0.7063 0.0492
vn -0.7634 -0.5844 0.2753
vn -0.8650 -0.4994 0.0491
vn -0.6798 -0.6798 0.2753
vn -0.5767 -0.4415 0.6874
vn -0.9223 -0.3833 0.0491
vn -0.8326 -0.4807 0.2753
vn -0.6290 -0.3631 0.6874
vn -0.8878 -0.3689 0.2753
vn -0.5136 -0.5136 0.6873
vn -0.6707 -0.2787 0.6874
vn -0.9223 -0.3833 -0.0491
vn -0.8878 -0.3689 -0.2753
vn -0.8650 -0.4994 -0.0491
vn -0.6707 -0.2787 -0.6874
vn -0.7931 -0.6071 -0.0491
vn -0.8326 -0.4807 -0.2753
vn -0.6289 -0.3631 -0.6874
vn -0.7634 -0.5844 -0.2753
vn -0.5767 -0.4415 -0.6874
vn -0.5136 -0.5136 -0.6873
vn -0.6798 -0.6798 -0.2753
vn -0.7063 -0.7063 -0.0491
vn -0.3833 -0.9223 0.0491
vn -0.2585 -0.9648 0.0491
vn -0.3689 -0.8878 0.2753
vn -0.4994 -0.8650 0.0491
vn -0.2488 -0.9286 0.2753
vn -0.2787 -0.6707 0.6874
vn -0.6071 -0.7931 0.0491
vn -0.4807 -0.8326 0.2753
vn -0.3631 -0.6289 0.6874
vn -0.5844 -0.7634 0.2753
vn -0.1880 -0.7016 0.6873
vn -0.4415 -0.5767 0.6874
vn -0.6071 -0.7931 -0.0491
vn -0.5844 -0.7634 -0.2753
vn -0.4994 -0.8650 -0.0491
vn -0.4415 -0.5767 -0.6874
vn -0.3833 -0.9223 -0.0491
vn -0.4807 -0.8326 -0.2753
vn -0.3631 -0.6289 -0.6874
vn -0.3689 -0.8878 -0.2753
vn -0.2787 -0.6707 -0.6874
vn -0.1880 -0.7016 -0.6873
vn -0.2488 -0.9286 -0.2753
vn -0.2585 -0.9648 -0.0491
vn 0.1292 -0.9904 0.0491
vn 0.2585 -0.9648 0.0491
vn 0.1244 -0.9533 0.2753
vn -0.0000 -0.9988 0.0491
vn 0.2488 -0.9286 0.2753
vn 0.0940 -0.7202 0.6874
vn -0.1292 -0.9904 0.0491
vn -0.0000 -0.9614 0.2753
vn -0.0000 -0.7262 0.6874
vn -0.1244 -0.9533 0.2753
vn 0.1880 -0.7016 0.6873
vn -0.0940 -0.7202 0.6874
vn -0.1292 -0.9904 -0.0491
vn -0.1244 -0.9533 -0.2753
vn -0.0000 -0.9988 -0.0491
vn -0.0940 -0.7202 -0.6874
vn 0.1292 -0.9904 -0.0491
vn -0.0000 -0.9614 -0.2753
vn -0.0000 -0.7262 -0.6874
vn 0.1244 -0.9533 -0.2753
vn 0.0940 -0.7202 -0.6874
vn 0.1880 -0.7016 -0.6873
vn 0.2488 -0.9286 -0.2753
vn 0.2585 -0.9648 -0.0492
vn 0.6071 -0.7931 0.0491
vn 0.7063 -0.7063 0.0491
vn 0.5844 -0.7634 0.2753
vn 0.4994 -0.8650 0.0491
vn 0.6798 -0.6798 0.2753
vn 0.4415 -0.5767 0.6874
vn 0.3833 -0.9223 0.0491
vn 0.4807 -0.8326 0.2753
vn 0.3631 -0.6289 0.6874
vn 0.3689 -0.8878 0.2753
vn 0.5136 -0.5136 0.6873
vn 0.2787 -0.6707 0.6874
vn 0.3833 -0.9223 -0.0491
vn 0.3689 -0.8878 -0.2753
vn 0.4994 -0.8650 -0.0491
vn 0.2787 -0.6707 -0.6874
vn 0.6071 -0.7931 -0.0491
vn 0.4807 -0.8326 -0.2753
vn 0.3631 -0.6289 -0.6874
vn 0.5844 -0.7634 -0.2753
vn 0.4415 -0.5767 -0.6874
vn 0.5136 -0.5136 -0.6873
vn 0.6798 -0.6798 -0.2753
vn 0.7063 -0.7063 -0.0491
vn 0.9223 -0.3833 0.0491
vn 0.9648 -0.2585 0.0491
vn 0.8878 -0.3689 0.2753
vn 0.8650 -0.4994 0.0491
vn 0.9286 -0.2488 0.2753
vn 0.6707 -0.2787 0.6874
vn 0.7931 -0.6071 0.0491
vn 0.8326 -0.4807 0.2753
vn 0.6289 -0.3631 0.6874
vn 0.7634 -0.5844 0.2753
vn 0.7016 -0.1880 0.6873
vn 0.5767 -0.4415 0.6874
vn 0.7931 -0.6071 -0.0491
vn 0.7634 -0.5844 -0.2753
vn 0.8650 -0.4994 -0.0491
vn 0.5767 -0.4415 -0.6874
vn 0.9223 -0.3833 -0.0491
vn 0.8326 -0.4807 -0.2753
vn 0.6289 -0.3631 -0.6874
vn 0.8878 -0.3689 -0.2753
vn 0.6707 -0.2787 -0.6874
vn 0.7016 -0.1880 -0.6873
vn 0.9286 -0.2488 -0.2753
vn 0.9648 -0.2585 -0.0491
vn 0.9904 0.1292 0.0491
vn 0.9648 0.2585 0.0491
vn 0.9533 0.1244 0.2753
vn 0.9988 -0.0000 0.0491
vn 0.9286 0.2488 0.2753
vn 0.7202 0.0940 0.6874
vn 0.9904 -0.1292 0.0491
vn 0.9614 -0.0000 0.2753
vn 0.7262 -0.0000 0.6874
vn 0.9533 -0.1244 0.2753
vn 0.7016 0.1880 0.6873
vn 0.7202 -0.0940 0.6874
vn 0.9904 -0.1292 -0.0491
vn 0.9533 -0.1244 -0.2753
vn 0.9988 -0.0000 -0.0491
vn 0.7202 -0.0940 -0.6874
vn 0.9904 0.1292 -0.0491
vn 0.9614 -0.0000 -0.2753
vn 0.7262 -0.0000 -0.6874
vn 0.9533 0.1244 -0.2753
vn 0.7202 0.0940 -0.6874
vn 0.7016 0.1880 -0.6873
vn 0.9286 0.2488 -0.2753
vn 0.9648 0.2585 -0.0491
vn 0.7931 0.6071 0.0491
vn 0.7063 0.7063 0.0492
vn 0.7634 0.5844 0.2753
vn 0.8650 0.4994 0.0491
vn 0.6798 0.6798 0.2753
vn 0.5767 0.4415 0.6874
vn 0.9223 0.3833 0.0491
vn 0.8326 0.4807 0.2753
vn 0.6289 0.3631 0.6874
vn 0.8878 0.3689 0.2753
vn 0.5136 0.5136 0.6873
vn 0.6707 0.2787 0.6874
vn 0.9223 0.3833 -0.0491
vn 0.8878 0.3689 -0.2753
vn 0.8650 0.4994 -0.0491
vn 0.6707 0.2787 -0.6874
vn 0.7931 0.6071 -0.0491
vn 0.8326 0.4807 -0.2753
vn 0.6289 0.3631 -0.6874
vn 0.7634 0.5844 -0.2753
vn 0.5767 0.4415 -0.6874
vn 0.5136 0.5136 -0.6873
vn 0.6798 0.6798 -0.2753
vn 0.7063 0.7063 -0.0491
vn 0.3833 0.9223 0.0491
vn 0.2585 0.9648 0.0491
vn 0.3689 0.8878 0.2753
vn 0.4994 0.8650 0.0491
vn 0.2488 0.9286 0.2753
vn 0.2787 0.6707 0.6874
vn 0.6071 0.7931 0.0491
vn 0.4807 0.8326 0.2753
vn 0.3631 0.6289 0.6874
vn 0.5844 0.7634 0.2753
vn 0.1880 0.7016 0.6873
vn 0.4415 0.5767 0.6874
vn 0.6071 0.7931 -0.0491
vn 0.5844 0.7634 -0.2753
vn 0.4994 0.8650 -0.0491
vn 0.4415 0.5767 -0.6874
vn 0.3833 0.9223 -0.0491
vn 0.4807 0.8326 -0.2753
vn 0.3631 0.6289 -0.6874
vn 0.3689 0.8878 -0.2753
vn 0.2787 0.6707 -0.6874
vn 0.1880 0.7016 -0.6873
vn 0.2488 0.9286 -0.2753
vn 0.2585 0.9648 -0.0491
vn -0.1292 0.9904 0.0491
vn -0.2585 0.9648 0.0491
vn -0.1244 0.9533 0.2753
vn 0.0000 0.9988 0.0491
vn -0.2488 0.9286 0.2753
vn -0.0940 0.7202 0.6874
vn 0.1292 0.9904 0.0491
vn 0.0000 0.9614 0.2753
vn 0.0000 0.7262 0.6874
vn 0.1244 0.9533 0.2753
vn -0.1880 0.7016 0.6873
vn 0.0940 0.7202 0.6874
vn 0.1292 0.9904 -0.0491
vn 0.1244 0.9533 -0.2753
vn 0.0000 0.9988 -0.0491
vn 0.0940 0.7202 -0.6874
vn -0.1292 0.9904 -0.0491
vn 0.0000 0.9614 -0.2753
vn 0.0000 0.7262 -0.6874
vn -0.1244 0.9533 -0.2753
vn -0.0940 0.7202 -0.6874
vn -0.1880 0.7016 -0.6873
vn -0.2488 0.9286 -0.2753
vn -0.2585 0.9648 -0.0492
vn -0.6071 0.7931 0.0491
vn -0.7063 0.7063 0.0491
vn -0.5844 0.7634 0.2753
vn -0.4994 0.8650 0.0491
vn -0.6798 0.6798 0.2753
vn -0.4415 0.5767 0.6874
vn -0.3833 0.9223 0.0491
vn -0.4807 0.8326 0.2753
vn -0.3631 0.6289 0.6874
vn -0.3689 0.8878 0.2753
vn -0.5136 0.5136 0.6873
vn -0.2787 0.6707 0.6874
vn -0.3833 0.9223 -0.0491
vn -0.3689 0.8878 -0.2753
vn -0.4994 0.8650 -0.0491
vn -0.2787 0.6707 -0.6874
vn -0.6071 0.7931 -0.0491
vn -0.4807 0.8326 -0.2753
vn -0.3631 0.6289 -0.6874
vn -0.5844 0.7634 -0.2753
vn -0.4415 0.5767 -0.6874
vn -0.5136 0.5136 -0.6873
vn -0.6798 0.6798 -0.2753
vn -0.7063 0.7063 -0.0491
vn -0.9223 0.3833 0.0491
vn -0.8878 0.3689 0.2753
vn -0.8650 0.4994 0.0491
vn -0.6707 0.2787 0.6874
vn -0.7931 0.6071 0.0491
vn -0.8326 0.4807 0.2753
vn -0.6289 0.3631 0.6874
vn -0.7634 0.5844 0.2753
vn -0.5767 0.4415 0.6874
vn -0.7931 0.6071 -0.0491
vn -0.7634 0.5844 -0.2753
vn -0.8650 0.4994 -0.0491
vn -0.5767 0.4415 -0.6874
vn -0.9223 0.3833 -0.0491
vn -0.8326 0.4807 -0.2753
vn -0.6289 0.3631 -0.6874
vn -0.8878 0.3689 -0.2753
vn -0.6707 0.2787 -0.6874
vn -0.9999 -0.0101 -0.0000
vn -0.8711 -0.4912 -0.0000
vn -0.8710 -0.4912 -0.0000
vn -0.4912 -0.8710 -0.0000
vn -0.0101 -0.9999 -0.0000
vn 0.5087 -0.8609 0.0000
vn 0.8609 -0.5087 0.0000
vn 0.9999 0.0101 0.0000
vn 0.8710 0.4912 0.0000
vn 0.4912 0.8710 0.0000
vn 0.0101 0.9999 0.0000
vn -0.5087 0.8609 -0.0000
vn -0.8609 0.5087 -0.0000
vn -0.5088 0.8609 -0.0000
# 852 vertex normals

vt 0.5765 0.0705 1.0000
vt 0.5700 0.0636 1.0000
vt 0.5700 0.0705 1.0000
vt 0.5765 0.0785 1.0000
vt 0.5765 0.0636 1.0000
vt 0.5830 0.0705 1.0000
vt 0.5700 0.0785 1.0000
vt 0.5765 0.0865 1.0000
vt 0.5830 0.0636 1.0000
vt 0.5895 0.0705 1.0000
vt 0.5830 0.0785 1.0000
vt 0.5830 0.0865 1.0000
vt 0.5895 0.0785 1.0000
vt 0.5700 0.0865 1.0000
vt 0.5700 0.0935 1.0000
vt 0.5765 0.0935 1.0000
vt 0.5830 0.0935 1.0000
vt 0.5895 0.0865 1.0000
vt 0.5960 0.0935 1.0000
vt 0.5960 0.0865 1.0000
vt 0.5895 0.0935 1.0000
vt 0.5960 0.0785 1.0000
vt 0.5960 0.0705 1.0000
vt 0.5960 0.0636 1.0000
vt 0.5895 0.0636 1.0000
vt 0.5505 0.0705 1.0000
vt 0.5440 0.0636 1.0000
vt 0.5440 0.0705 1.0000
vt 0.5505 0.0785 1.0000
vt 0.5505 0.0636 1.0000
vt 0.5570 0.0705 1.0000
vt 0.5440 0.0785 1.0000
vt 0.5505 0.0865 1.0000
vt 0.5570 0.0636 1.0000
vt 0.5635 0.0705 1.0000
vt 0.5570 0.0785 1.0000
vt 0.5570 0.0865 1.0000
vt 0.5635 0.0785 1.0000
vt 0.5440 0.0865 1.0000
vt 0.5440 0.0935 1.0000
vt 0.5505 0.0935 1.0000
vt 0.5570 0.0935 1.0000
vt 0.5635 0.0865 1.0000
vt 0.5635 0.0935 1.0000
vt 0.5635 0.0636 1.0000
vt 0.5245 0.0705 1.0000
vt 0.5180 0.0636 1.0000
vt 0.5180 0.0705 1.0000
vt 0.5245 0.0785 1.0000
vt 0.5245 0.0636 1.0000
vt 0.5310 0.0705 1.0000
vt 0.5180 0.0785 1.0000
vt 0.5245 0.0865 1.0000
vt 0.5310 0.0636 1.0000
vt 0.5375 0.0705 1.0000
vt 0.5310 0.0785 1.0000
vt 0.5310 0.0865 1.0000
vt 0.5375 0.0785 1.0000
vt 0.5180 0.0865 1.0000
vt 0.5180 0.0935 1.0000
vt 0.5245 0.0935 1.0000
vt 0.5310 0.0935 1.0000
vt 0.5375 0.0865 1.0000
vt 0.5375 0.0935 1.0000
vt 0.5375 0.0636 1.0000
vt 0.4985 0.0705 1.0000
vt 0.4920 0.0636 1.0000
vt 0.4920 0.0705 1.0000
vt 0.4985 0.0785 1.0000
vt 0.4985 0.0636 1.0000
vt 0.5050 0.0705 1.0000
vt 0.4920 0.0785 1.0000
vt 0.4985 0.0865 1.0000
vt 0.5050 0.0636 1.0000
vt 0.5115 0.0705 1.0000
vt 0.5050 0.0785 1.0000
vt 0.5050 0.0865 1.0000
vt 0.5115 0.0785 1.0000
vt 0.4920 0.0865 1.0000
vt 0.4920 0.0935 1.0000
vt 0.4985 0.0935 1.0000
vt 0.5050 0.0935 1.0000
vt 0.5115 0.0865 1.0000
vt 0.5115 0.0935 1.0000
vt 0.5115 0.0636 1.0000
vt 0.4725 0.0705 1.0000
vt 0.4660 0.0636 1.0000
vt 0.4660 0.0705 1.0000
vt 0.4725 0.0785 1.0000
vt 0.4725 0.0636 1.0000
vt 0.4790 0.0705 1.0000
vt 0.4660 0.0785 1.0000
vt 0.4725 0.0865 1.0000
vt 0.4790 0.0636 1.0000
vt 0.4855 0.0705 1.0000
vt 0.4790 0.0785 1.0000
vt 0.4790 0.0865 1.0000
vt 0.4855 0.0785 1.0000
vt 0.4660 0.0865 1.0000
vt 0.4660 0.0935 1.0000
vt 0.4725 0.0935 1.0000
vt 0.4790 0.0935 1.0000
vt 0.4855 0.0865 1.0000
vt 0.4855 0.0935 1.0000
vt 0.4855 0.0636 1.0000
vt 0.4465 0.0705 1.0000
vt 0.4400 0.0636 1.0000
vt 0.4400 0.0705 1.0000
vt 0.4465 0.0785 1.0000
vt 0.4465 0.0636 1.0000
vt 0.4530 0.0705 1.0000
vt 0.4400 0.0785 1.0000
vt 0.4465 0.0865 1.0000
vt 0.4530 0.0636 1.0000
vt 0.4595 0.0705 1.0000
vt 0.4530 0.0785 1.0000
vt 0.4530 0.0865 1.0000
vt 0.4595 0.0785 1.0000
vt 0.4400 0.0865 1.0000
vt 0.4400 0.0935 1.0000
vt 0.4465 0.0935 1.0000
vt 0.4530 0.0935 1.0000
vt 0.4595 0.0865 1.0000
vt 0.4595 0.0935 1.0000
vt 0.4595 0.0636 1.0000
vt 0.4204 0.0705 1.0000
vt 0.4139 0.0636 1.0000
vt 0.4139 0.0705 1.0000
vt 0.4204 0.0785 1.0000
vt 0.4204 0.0636 1.0000
vt 0.4269 0.0705 1.0000
vt 0.4139 0.0785 1.0000
vt 0.4204 0.0865 1.0000
vt 0.4269 0.0636 1.0000
vt 0.4334 0.0705 1.0000
vt 0.4269 0.0785 1.0000
vt 0.4269 0.0865 1.0000
vt 0.4334 0.0785 1.0000
vt 0.4139 0.0865 1.0000
vt 0.4139 0.0935 1.0000
vt 0.4204 0.0935 1.0000
vt 0.4269 0.0935 1.0000
vt 0.4334 0.0865 1.0000
vt 0.4334 0.0935 1.0000
vt 0.4334 0.0636 1.0000
vt 0.3944 0.0705 1.0000
vt 0.3879 0.0636 1.0000
vt 0.3879 0.0705 1.0000
vt 0.3944 0.0785 1.0000
vt 0.3944 0.0636 1.0000
vt 0.4009 0.0705 1.0000
vt 0.3879 0.0785 1.0000
vt 0.3944 0.0865 1.0000
vt 0.4009 0.0636 1.0000
vt 0.4074 0.0705 1.0000
vt 0.4009 0.0785 1.0000
vt 0.4009 0.0865 1.0000
vt 0.4074 0.0785 1.0000
vt 0.3879 0.0865 1.0000
vt 0.3879 0.0935 1.0000
vt 0.3944 0.0935 1.0000
vt 0.4009 0.0935 1.0000
vt 0.4074 0.0865 1.0000
vt 0.4074 0.0935 1.0000
vt 0.4074 0.0636 1.0000
vt 0.3684 0.0705 1.0000
vt 0.3619 0.0636 1.0000
vt 0.3619 0.0705 1.0000
vt 0.3684 0.0785 1.0000
vt 0.3684 0.0636 1.0000
vt 0.3749 0.0705 1.0000
vt 0.3619 0.0785 1.0000
vt 0.3684 0.0865 1.0000
vt 0.3749 0.0636 1.0000
vt 0.3814 0.0705 1.0000
vt 0.3749 0.0785 1.0000
vt 0.3749 0.0865 1.0000
vt 0.3814 0.0785 1.0000
vt 0.3619 0.0865 1.0000
vt 0.3619 0.0935 1.0000
vt 0.3684 0.0935 1.0000
vt 0.3749 0.0935 1.0000
vt 0.3814 0.0865 1.0000
vt 0.3814 0.0935 1.0000
vt 0.3814 0.0636 1.0000
vt 0.3424 0.0694 1.0000
vt 0.3359 0.0582 1.0000
vt 0.3359 0.0684 1.0000
vt 0.3424 0.0785 1.0000
vt 0.3424 0.0620 1.0000
vt 0.3489 0.0702 1.0000
vt 0.3359 0.0785 1.0000
vt 0.3424 0.0876 1.0000
vt 0.3489 0.0632 1.0000
vt 0.3554 0.0705 1.0000
vt 0.3489 0.0785 1.0000
vt 0.3489 0.0868 1.0000
vt 0.3554 0.0785 1.0000
vt 0.3359 0.0887 1.0000
vt 0.3359 0.0988 1.0000
vt 0.3424 0.0951 1.0000
vt 0.3489 0.0939 1.0000
vt 0.3554 0.0865 1.0000
vt 0.3554 0.0935 1.0000
vt 0.3554 0.0636 1.0000
vt 0.6285 0.0705 1.0000
vt 0.6220 0.0636 1.0000
vt 0.6220 0.0705 1.0000
vt 0.6285 0.0785 1.0000
vt 0.6285 0.0636 1.0000
vt 0.6351 0.0702 1.0000
vt 0.6220 0.0785 1.0000
vt 0.6285 0.0865 1.0000
vt 0.6351 0.0632 1.0000
vt 0.6416 0.0694 1.0000
vt 0.6351 0.0785 1.0000
vt 0.6351 0.0868 1.0000
vt 0.6416 0.0785 1.0000
vt 0.6220 0.0865 1.0000
vt 0.6220 0.0935 1.0000
vt 0.6285 0.0935 1.0000
vt 0.6351 0.0939 1.0000
vt 0.6416 0.0876 1.0000
vt 0.6481 0.0988 1.0000
vt 0.6481 0.0887 1.0000
vt 0.6416 0.0951 1.0000
vt 0.6481 0.0785 1.0000
vt 0.6481 0.0684 1.0000
vt 0.6481 0.0582 1.0000
vt 0.6416 0.0620 1.0000
vt 0.6025 0.0705 1.0000
vt 0.6025 0.0785 1.0000
vt 0.6025 0.0636 1.0000
vt 0.6090 0.0705 1.0000
vt 0.6025 0.0865 1.0000
vt 0.6090 0.0636 1.0000
vt 0.6155 0.0705 1.0000
vt 0.6090 0.0785 1.0000
vt 0.6090 0.0865 1.0000
vt 0.6155 0.0785 1.0000
vt 0.6025 0.0935 1.0000
vt 0.6090 0.0935 1.0000
vt 0.6155 0.0865 1.0000
vt 0.6155 0.0935 1.0000
vt 0.6155 0.0636 1.0000
vt 0.1755 0.3597 0.0000
vt 0.1546 0.2953 0.0000
vt 0.1419 0.3452 0.0000
vt 0.1619 0.4032 0.0000
vt 0.1937 0.3179 0.0000
vt 0.2073 0.3733 0.0000
vt 0.1283 0.3942 0.0000
vt 0.1519 0.4486 0.0000
vt 0.2254 0.3361 0.0000
vt 0.2381 0.3851 0.0000
vt 0.1955 0.4123 0.0000
vt 0.1864 0.4523 0.0000
vt 0.2272 0.4205 0.0000
vt 0.1156 0.4441 0.0000
vt 0.1020 0.4931 0.0000
vt 0.1465 0.4931 0.0000
vt 0.1828 0.4931 0.0000
vt 0.2182 0.4568 0.0000
vt 0.2408 0.4931 0.0000
vt 0.2490 0.4613 0.0000
vt 0.2154 0.4931 0.0000
vt 0.2581 0.4296 0.0000
vt 0.2663 0.3969 0.0000
vt 0.2753 0.3651 0.0000
vt 0.2526 0.3524 0.0000
vt 0.1519 0.5385 0.0000
vt 0.1156 0.5430 0.0000
vt 0.1619 0.5829 0.0000
vt 0.1864 0.5339 0.0000
vt 0.1283 0.5920 0.0000
vt 0.1755 0.6274 0.0000
vt 0.2182 0.5294 0.0000
vt 0.1955 0.5738 0.0000
vt 0.2073 0.6129 0.0000
vt 0.2272 0.5657 0.0000
vt 0.1419 0.6410 0.0000
vt 0.1546 0.6909 0.0000
vt 0.1937 0.6682 0.0000
vt 0.2254 0.6501 0.0000
vt 0.2381 0.6011 0.0000
vt 0.2753 0.6210 0.0000
vt 0.2663 0.5893 0.0000
vt 0.2526 0.6337 0.0000
vt 0.2581 0.5575 0.0000
vt 0.2490 0.5248 0.0000
vt 0.2200 0.7045 0.0000
vt 0.1909 0.7272 0.0000
vt 0.2517 0.7381 0.0000
vt 0.2481 0.6837 0.0000
vt 0.2272 0.7626 0.0000
vt 0.2853 0.7699 0.0000
vt 0.2744 0.6637 0.0000
vt 0.2762 0.7145 0.0000
vt 0.3062 0.7417 0.0000
vt 0.2989 0.6909 0.0000
vt 0.2635 0.7989 0.0000
vt 0.2998 0.8352 0.0000
vt 0.3216 0.7962 0.0000
vt 0.3398 0.7653 0.0000
vt 0.3261 0.7163 0.0000
vt 0.3688 0.7154 0.0000
vt 0.3452 0.6918 0.0000
vt 0.3561 0.7372 0.0000
vt 0.3216 0.6682 0.0000
vt 0.2989 0.6446 0.0000
vt 0.3634 0.8152 0.0000
vt 0.3488 0.8488 0.0000
vt 0.4069 0.8279 0.0000
vt 0.3770 0.7826 0.0000
vt 0.3978 0.8615 0.0000
vt 0.4523 0.8388 0.0000
vt 0.3897 0.7526 0.0000
vt 0.4160 0.7953 0.0000
vt 0.4559 0.8034 0.0000
vt 0.4251 0.7635 0.0000
vt 0.4477 0.8751 0.0000
vt 0.4967 0.8878 0.0000
vt 0.4967 0.8434 0.0000
vt 0.4967 0.8071 0.0000
vt 0.4604 0.7717 0.0000
vt 0.4967 0.7490 0.0000
vt 0.4650 0.7408 0.0000
vt 0.4967 0.7753 0.0000
vt 0.4332 0.7327 0.0000
vt 0.4006 0.7236 0.0000
vt 0.5421 0.8388 0.0000
vt 0.5467 0.8751 0.0000
vt 0.5866 0.8279 0.0000
vt 0.5376 0.8034 0.0000
vt 0.5957 0.8615 0.0000
vt 0.6311 0.8152 0.0000
vt 0.5330 0.7717 0.0000
vt 0.5775 0.7953 0.0000
vt 0.6174 0.7826 0.0000
vt 0.5693 0.7635 0.0000
vt 0.6456 0.8488 0.0000
vt 0.6946 0.8352 0.0000
vt 0.6719 0.7962 0.0000
vt 0.6537 0.7653 0.0000
vt 0.6047 0.7526 0.0000
vt 0.6247 0.7154 0.0000
vt 0.5929 0.7236 0.0000
vt 0.6383 0.7372 0.0000
vt 0.5612 0.7327 0.0000
vt 0.5294 0.7408 0.0000
vt 0.7091 0.7699 0.0000
vt 0.7309 0.7989 0.0000
vt 0.7418 0.7381 0.0000
vt 0.6873 0.7417 0.0000
vt 0.7672 0.7626 0.0000
vt 0.7735 0.7045 0.0000
vt 0.6673 0.7163 0.0000
vt 0.7182 0.7145 0.0000
vt 0.7454 0.6837 0.0000
vt 0.6946 0.6909 0.0000
vt 0.8026 0.7272 0.0000
vt 0.8389 0.6909 0.0000
vt 0.7998 0.6682 0.0000
vt 0.7690 0.6501 0.0000
vt 0.7200 0.6637 0.0000
vt 0.7191 0.6210 0.0000
vt 0.6955 0.6446 0.0000
vt 0.7409 0.6337 0.0000
vt 0.6719 0.6682 0.0000
vt 0.6483 0.6918 0.0000
vt 0.8189 0.6274 0.0000
vt 0.8525 0.6410 0.0000
vt 0.8316 0.5829 0.0000
vt 0.7862 0.6129 0.0000
vt 0.8652 0.5920 0.0000
vt 0.8425 0.5385 0.0000
vt 0.7563 0.6011 0.0000
vt 0.7989 0.5738 0.0000
vt 0.8080 0.5339 0.0000
vt 0.7672 0.5657 0.0000
vt 0.8788 0.5430 0.0000
vt 0.8924 0.4931 0.0000
vt 0.8470 0.4931 0.0000
vt 0.8107 0.4931 0.0000
vt 0.7753 0.5294 0.0000
vt 0.7536 0.4931 0.0000
vt 0.7445 0.5248 0.0000
vt 0.7790 0.4931 0.0000
vt 0.7363 0.5575 0.0000
vt 0.7272 0.5893 0.0000
vt 0.8425 0.4486 0.0000
vt 0.8788 0.4441 0.0000
vt 0.8316 0.4032 0.0000
vt 0.8080 0.4523 0.0000
vt 0.8652 0.3942 0.0000
vt 0.8189 0.3597 0.0000
vt 0.7753 0.4568 0.0000
vt 0.7989 0.4123 0.0000
vt 0.7862 0.3733 0.0000
vt 0.7672 0.4205 0.0000
vt 0.8525 0.3452 0.0000
vt 0.8389 0.2953 0.0000
vt 0.7998 0.3179 0.0000
vt 0.7690 0.3361 0.0000
vt 0.7563 0.3851 0.0000
vt 0.7191 0.3651 0.0000
vt 0.7272 0.3969 0.0000
vt 0.7409 0.3524 0.0000
vt 0.7363 0.4296 0.0000
vt 0.7445 0.4613 0.0000
vt 0.7735 0.2817 0.0000
vt 0.8026 0.2599 0.0000
vt 0.7418 0.2481 0.0000
vt 0.7454 0.3025 0.0000
vt 0.7672 0.2236 0.0000
vt 0.7091 0.2163 0.0000
vt 0.7200 0.3225 0.0000
vt 0.7182 0.2726 0.0000
vt 0.6873 0.2444 0.0000
vt 0.6946 0.2953 0.0000
vt 0.7309 0.1873 0.0000
vt 0.6946 0.1510 0.0000
vt 0.6719 0.1900 0.0000
vt 0.6537 0.2209 0.0000
vt 0.6673 0.2699 0.0000
vt 0.6247 0.2717 0.0000
vt 0.6483 0.2944 0.0000
vt 0.6383 0.2490 0.0000
vt 0.6719 0.3179 0.0000
vt 0.6955 0.3415 0.0000
vt 0.6311 0.1718 0.0000
vt 0.6456 0.1383 0.0000
vt 0.5866 0.1582 0.0000
vt 0.6174 0.2036 0.0000
vt 0.5957 0.1247 0.0000
vt 0.5421 0.1473 0.0000
vt 0.6047 0.2336 0.0000
vt 0.5775 0.1909 0.0000
vt 0.5376 0.1827 0.0000
vt 0.5693 0.2227 0.0000
vt 0.5467 0.1110 0.0000
vt 0.4967 0.0983 0.0000
vt 0.4967 0.1428 0.0000
vt 0.4967 0.1791 0.0000
vt 0.5330 0.2145 0.0000
vt 0.4967 0.2372 0.0000
vt 0.5294 0.2454 0.0000
vt 0.4967 0.2109 0.0000
vt 0.5612 0.2544 0.0000
vt 0.5929 0.2626 0.0000
vt 0.4523 0.1473 0.0000
vt 0.4477 0.1110 0.0000
vt 0.4069 0.1582 0.0000
vt 0.4559 0.1827 0.0000
vt 0.3978 0.1247 0.0000
vt 0.3634 0.1718 0.0000
vt 0.4604 0.2145 0.0000
vt 0.4160 0.1909 0.0000
vt 0.3770 0.2036 0.0000
vt 0.4251 0.2227 0.0000
vt 0.3488 0.1383 0.0000
vt 0.2998 0.1510 0.0000
vt 0.3216 0.1900 0.0000
vt 0.3398 0.2209 0.0000
vt 0.3897 0.2336 0.0000
vt 0.3688 0.2717 0.0000
vt 0.4006 0.2626 0.0000
vt 0.3561 0.2490 0.0000
vt 0.4332 0.2544 0.0000
vt 0.4650 0.2454 0.0000
vt 0.2853 0.2163 0.0000
vt 0.2635 0.1873 0.0000
vt 0.2517 0.2481 0.0000
vt 0.3062 0.2444 0.0000
vt 0.2272 0.2236 0.0000
vt 0.2200 0.2817 0.0000
vt 0.3261 0.2699 0.0000
vt 0.2762 0.2726 0.0000
vt 0.2481 0.3025 0.0000
vt 0.2989 0.2953 0.0000
vt 0.1909 0.2599 0.0000
vt 0.2744 0.3225 0.0000
vt 0.2989 0.3415 0.0000
vt 0.3216 0.3179 0.0000
vt 0.3452 0.2944 0.0000
vt 0.1593 0.4411 0.0000
vt 0.1102 0.4849 0.0000
vt 0.1236 0.4366 0.0000
vt 0.1692 0.3964 0.0000
vt 0.1549 0.4849 0.0000
vt 0.1933 0.4447 0.0000
vt 0.1361 0.3875 0.0000
vt 0.1826 0.3535 0.0000
vt 0.1897 0.4849 0.0000
vt 0.2255 0.4492 0.0000
vt 0.2023 0.4054 0.0000
vt 0.2148 0.3669 0.0000
vt 0.2335 0.4134 0.0000
vt 0.1495 0.3392 0.0000
vt 0.1629 0.2900 0.0000
vt 0.2005 0.3124 0.0000
vt 0.2318 0.3303 0.0000
vt 0.2443 0.3785 0.0000
vt 0.2809 0.3589 0.0000
vt 0.2729 0.3902 0.0000
vt 0.2586 0.3464 0.0000
vt 0.2639 0.4223 0.0000
vt 0.2559 0.4536 0.0000
vt 0.2470 0.4849 0.0000
vt 0.2219 0.4849 0.0000
vt 0.2273 0.2766 0.0000
vt 0.1978 0.2552 0.0000
vt 0.2577 0.2436 0.0000
vt 0.2550 0.2972 0.0000
vt 0.2335 0.2194 0.0000
vt 0.2908 0.2123 0.0000
vt 0.2800 0.3169 0.0000
vt 0.2818 0.2677 0.0000
vt 0.3122 0.2400 0.0000
vt 0.3051 0.2900 0.0000
vt 0.2693 0.1837 0.0000
vt 0.3051 0.1479 0.0000
vt 0.3274 0.1864 0.0000
vt 0.3453 0.2167 0.0000
vt 0.3310 0.2650 0.0000
vt 0.3730 0.2668 0.0000
vt 0.3506 0.2892 0.0000
vt 0.3605 0.2445 0.0000
vt 0.3274 0.3124 0.0000
vt 0.3042 0.3356 0.0000
vt 0.3676 0.1685 0.0000
vt 0.3533 0.1354 0.0000
vt 0.4114 0.1551 0.0000
vt 0.3810 0.1998 0.0000
vt 0.4025 0.1220 0.0000
vt 0.4552 0.1443 0.0000
vt 0.3936 0.2293 0.0000
vt 0.4195 0.1872 0.0000
vt 0.4597 0.1792 0.0000
vt 0.4284 0.2185 0.0000
vt 0.4508 0.1086 0.0000
vt 0.4999 0.0961 0.0000
vt 0.4999 0.1399 0.0000
vt 0.4999 0.1756 0.0000
vt 0.4633 0.2105 0.0000
vt 0.4999 0.2328 0.0000
vt 0.4677 0.2409 0.0000
vt 0.4999 0.2069 0.0000
vt 0.4365 0.2498 0.0000
vt 0.4052 0.2579 0.0000
vt 0.5437 0.1443 0.0000
vt 0.5482 0.1086 0.0000
vt 0.5875 0.1551 0.0000
vt 0.5393 0.1792 0.0000
vt 0.5965 0.1220 0.0000
vt 0.6313 0.1685 0.0000
vt 0.5357 0.2105 0.0000
vt 0.5795 0.1872 0.0000
vt 0.6179 0.1998 0.0000
vt 0.5705 0.2185 0.0000
vt 0.6456 0.1354 0.0000
vt 0.6939 0.1479 0.0000
vt 0.6716 0.1864 0.0000
vt 0.6546 0.2167 0.0000
vt 0.6054 0.2293 0.0000
vt 0.6260 0.2668 0.0000
vt 0.5938 0.2579 0.0000
vt 0.6385 0.2445 0.0000
vt 0.5625 0.2498 0.0000
vt 0.5312 0.2409 0.0000
vt 0.7082 0.2123 0.0000
vt 0.7297 0.1837 0.0000
vt 0.7413 0.2436 0.0000
vt 0.6868 0.2400 0.0000
vt 0.7654 0.2194 0.0000
vt 0.7717 0.2766 0.0000
vt 0.6680 0.2650 0.0000
vt 0.7171 0.2677 0.0000
vt 0.7440 0.2972 0.0000
vt 0.6939 0.2900 0.0000
vt 0.8012 0.2552 0.0000
vt 0.8360 0.2900 0.0000
vt 0.7985 0.3124 0.0000
vt 0.7672 0.3303 0.0000
vt 0.7189 0.3169 0.0000
vt 0.7180 0.3589 0.0000
vt 0.6948 0.3356 0.0000
vt 0.7404 0.3464 0.0000
vt 0.6716 0.3124 0.0000
vt 0.6483 0.2892 0.0000
vt 0.8164 0.3535 0.0000
vt 0.8494 0.3392 0.0000
vt 0.8298 0.3964 0.0000
vt 0.7842 0.3669 0.0000
vt 0.8629 0.3875 0.0000
vt 0.8396 0.4411 0.0000
vt 0.7547 0.3785 0.0000
vt 0.7967 0.4054 0.0000
vt 0.8056 0.4447 0.0000
vt 0.7654 0.4134 0.0000
vt 0.8754 0.4366 0.0000
vt 0.8888 0.4849 0.0000
vt 0.8441 0.4849 0.0000
vt 0.8092 0.4849 0.0000
vt 0.7735 0.4492 0.0000
vt 0.7520 0.4849 0.0000
vt 0.7431 0.4536 0.0000
vt 0.7770 0.4849 0.0000
vt 0.7350 0.4223 0.0000
vt 0.7261 0.3902 0.0000
vt 0.8396 0.5296 0.0000
vt 0.8754 0.5341 0.0000
vt 0.8298 0.5734 0.0000
vt 0.8056 0.5251 0.0000
vt 0.8629 0.5824 0.0000
vt 0.8164 0.6172 0.0000
vt 0.7735 0.5207 0.0000
vt 0.7967 0.5645 0.0000
vt 0.7842 0.6029 0.0000
vt 0.7654 0.5564 0.0000
vt 0.8494 0.6306 0.0000
vt 0.8360 0.6798 0.0000
vt 0.7985 0.6574 0.0000
vt 0.7672 0.6396 0.0000
vt 0.7547 0.5913 0.0000
vt 0.7180 0.6110 0.0000
vt 0.7261 0.5797 0.0000
vt 0.7404 0.6235 0.0000
vt 0.7350 0.5484 0.0000
vt 0.7431 0.5162 0.0000
vt 0.7717 0.6932 0.0000
vt 0.8012 0.7155 0.0000
vt 0.7413 0.7263 0.0000
vt 0.7440 0.6726 0.0000
vt 0.7654 0.7504 0.0000
vt 0.7082 0.7576 0.0000
vt 0.7189 0.6530 0.0000
vt 0.7171 0.7030 0.0000
vt 0.6868 0.7298 0.0000
vt 0.6939 0.6798 0.0000
vt 0.7297 0.7862 0.0000
vt 0.6939 0.8219 0.0000
vt 0.6716 0.7835 0.0000
vt 0.6546 0.7531 0.0000
vt 0.6680 0.7048 0.0000
vt 0.6260 0.7039 0.0000
vt 0.6483 0.6807 0.0000
vt 0.6385 0.7254 0.0000
vt 0.6716 0.6574 0.0000
vt 0.6948 0.6342 0.0000
vt 0.6313 0.8023 0.0000
vt 0.6456 0.8353 0.0000
vt 0.5875 0.8148 0.0000
vt 0.6179 0.7701 0.0000
vt 0.5965 0.8478 0.0000
vt 0.5437 0.8255 0.0000
vt 0.6054 0.7406 0.0000
vt 0.5795 0.7826 0.0000
vt 0.5393 0.7906 0.0000
vt 0.5705 0.7513 0.0000
vt 0.5482 0.8613 0.0000
vt 0.4999 0.8738 0.0000
vt 0.4999 0.8300 0.0000
vt 0.4999 0.7942 0.0000
vt 0.5357 0.7593 0.0000
vt 0.4999 0.7370 0.0000
vt 0.5312 0.7290 0.0000
vt 0.4999 0.7629 0.0000
vt 0.5625 0.7209 0.0000
vt 0.5938 0.7120 0.0000
vt 0.4552 0.8255 0.0000
vt 0.4508 0.8613 0.0000
vt 0.4114 0.8148 0.0000
vt 0.4597 0.7906 0.0000
vt 0.4025 0.8478 0.0000
vt 0.3676 0.8023 0.0000
vt 0.4633 0.7593 0.0000
vt 0.4195 0.7826 0.0000
vt 0.3810 0.7701 0.0000
vt 0.4284 0.7513 0.0000
vt 0.3533 0.8353 0.0000
vt 0.3051 0.8219 0.0000
vt 0.3274 0.7835 0.0000
vt 0.3453 0.7531 0.0000
vt 0.3936 0.7406 0.0000
vt 0.3730 0.7039 0.0000
vt 0.4052 0.7120 0.0000
vt 0.3605 0.7254 0.0000
vt 0.4365 0.7209 0.0000
vt 0.4677 0.7290 0.0000
vt 0.2908 0.7576 0.0000
vt 0.2693 0.7862 0.0000
vt 0.2577 0.7263 0.0000
vt 0.3122 0.7298 0.0000
vt 0.2335 0.7504 0.0000
vt 0.2273 0.6932 0.0000
vt 0.3310 0.7048 0.0000
vt 0.2818 0.7030 0.0000
vt 0.2550 0.6726 0.0000
vt 0.3051 0.6798 0.0000
vt 0.1978 0.7155 0.0000
vt 0.1629 0.6798 0.0000
vt 0.2005 0.6574 0.0000
vt 0.2318 0.6396 0.0000
vt 0.2800 0.6530 0.0000
vt 0.2809 0.6110 0.0000
vt 0.3042 0.6342 0.0000
vt 0.2586 0.6235 0.0000
vt 0.3274 0.6574 0.0000
vt 0.3506 0.6807 0.0000
vt 0.1826 0.6172 0.0000
vt 0.1495 0.6306 0.0000
vt 0.1692 0.5734 0.0000
vt 0.2148 0.6029 0.0000
vt 0.1361 0.5824 0.0000
vt 0.1593 0.5296 0.0000
vt 0.2443 0.5913 0.0000
vt 0.2023 0.5645 0.0000
vt 0.1933 0.5251 0.0000
vt 0.2335 0.5564 0.0000
vt 0.1236 0.5341 0.0000
vt 0.2255 0.5207 0.0000
vt 0.2559 0.5162 0.0000
vt 0.2639 0.5484 0.0000
vt 0.2729 0.5797 0.0000
vt 0.4507 0.4746 0.0000
vt 0.4420 0.4578 0.0000
vt 0.4396 0.4665 0.0000
vt 0.4458 0.4836 0.0000
vt 0.4558 0.4657 0.0000
vt 0.4619 0.4831 0.0000
vt 0.4374 0.4750 0.0000
vt 0.4406 0.4923 0.0000
vt 0.4689 0.4733 0.0000
vt 0.4736 0.4923 0.0000
vt 0.4540 0.4923 0.0000
vt 0.4458 0.5010 0.0000
vt 0.4619 0.5013 0.0000
vt 0.4351 0.4836 0.0000
vt 0.4329 0.4923 0.0000
vt 0.4351 0.5008 0.0000
vt 0.4374 0.5095 0.0000
vt 0.4507 0.5098 0.0000
vt 0.4420 0.5266 0.0000
vt 0.4558 0.5187 0.0000
vt 0.4396 0.5180 0.0000
vt 0.4689 0.5111 0.0000
vt 0.4829 0.4815 0.0000
vt 0.4829 0.5030 0.0000
vt 0.5016 0.4923 0.0000
vt 0.4610 0.5275 0.0000
vt 0.4483 0.5329 0.0000
vt 0.4662 0.5362 0.0000
vt 0.4739 0.5220 0.0000
vt 0.4547 0.5392 0.0000
vt 0.4711 0.5450 0.0000
vt 0.4875 0.5164 0.0000
vt 0.4779 0.5334 0.0000
vt 0.4812 0.5449 0.0000
vt 0.4896 0.5310 0.0000
vt 0.4608 0.5455 0.0000
vt 0.4671 0.5518 0.0000
vt 0.4758 0.5540 0.0000
vt 0.4844 0.5564 0.0000
vt 0.4913 0.5450 0.0000
vt 0.5016 0.5610 0.0000
vt 0.5016 0.5452 0.0000
vt 0.4929 0.5586 0.0000
vt 0.5016 0.5300 0.0000
vt 0.5016 0.5138 0.0000
vt 0.5117 0.5450 0.0000
vt 0.5101 0.5586 0.0000
vt 0.5220 0.5449 0.0000
vt 0.5134 0.5310 0.0000
vt 0.5188 0.5564 0.0000
vt 0.5321 0.5450 0.0000
vt 0.5155 0.5164 0.0000
vt 0.5253 0.5334 0.0000
vt 0.5370 0.5362 0.0000
vt 0.5292 0.5220 0.0000
vt 0.5273 0.5540 0.0000
vt 0.5359 0.5518 0.0000
vt 0.5422 0.5455 0.0000
vt 0.5485 0.5392 0.0000
vt 0.5422 0.5275 0.0000
vt 0.5611 0.5266 0.0000
vt 0.5474 0.5187 0.0000
vt 0.5548 0.5329 0.0000
vt 0.5343 0.5111 0.0000
vt 0.5202 0.5030 0.0000
vt 0.5523 0.5098 0.0000
vt 0.5634 0.5180 0.0000
vt 0.5574 0.5010 0.0000
vt 0.5411 0.5013 0.0000
vt 0.5657 0.5095 0.0000
vt 0.5626 0.4923 0.0000
vt 0.5295 0.4923 0.0000
vt 0.5490 0.4923 0.0000
vt 0.5574 0.4836 0.0000
vt 0.5411 0.4831 0.0000
vt 0.5681 0.5008 0.0000
vt 0.5703 0.4923 0.0000
vt 0.5681 0.4836 0.0000
vt 0.5657 0.4750 0.0000
vt 0.5523 0.4746 0.0000
vt 0.5611 0.4578 0.0000
vt 0.5474 0.4657 0.0000
vt 0.5634 0.4665 0.0000
vt 0.5343 0.4733 0.0000
vt 0.5202 0.4815 0.0000
vt 0.5422 0.4570 0.0000
vt 0.5548 0.4515 0.0000
vt 0.5370 0.4483 0.0000
vt 0.5292 0.4626 0.0000
vt 0.5485 0.4452 0.0000
vt 0.5321 0.4393 0.0000
vt 0.5155 0.4679 0.0000
vt 0.5253 0.4512 0.0000
vt 0.5220 0.4397 0.0000
vt 0.5134 0.4534 0.0000
vt 0.5422 0.4390 0.0000
vt 0.5359 0.4327 0.0000
vt 0.5273 0.4303 0.0000
vt 0.5188 0.4281 0.0000
vt 0.5117 0.4395 0.0000
vt 0.5016 0.4235 0.0000
vt 0.5016 0.4393 0.0000
vt 0.5101 0.4258 0.0000
vt 0.5016 0.4545 0.0000
vt 0.5016 0.4708 0.0000
vt 0.4913 0.4395 0.0000
vt 0.4929 0.4258 0.0000
vt 0.4812 0.4397 0.0000
vt 0.4896 0.4534 0.0000
vt 0.4844 0.4281 0.0000
vt 0.4711 0.4393 0.0000
vt 0.4875 0.4679 0.0000
vt 0.4779 0.4512 0.0000
vt 0.4662 0.4483 0.0000
vt 0.4739 0.4626 0.0000
vt 0.4758 0.4303 0.0000
vt 0.4671 0.4327 0.0000
vt 0.4608 0.4390 0.0000
vt 0.4547 0.4452 0.0000
vt 0.4610 0.4570 0.0000
vt 0.4483 0.4515 0.0000
vt 0.2934 0.4562 0.0000
vt 0.2307 0.4960 0.0000
vt 0.2394 0.4625 0.0000
vt 0.2940 0.4159 0.0000
vt 0.2928 0.4960 0.0000
vt 0.3487 0.4494 0.0000
vt 0.2487 0.4283 0.0000
vt 0.2934 0.3762 0.0000
vt 0.3524 0.4960 0.0000
vt 0.4058 0.4413 0.0000
vt 0.3394 0.4029 0.0000
vt 0.3282 0.3569 0.0000
vt 0.3841 0.3873 0.0000
vt 0.2580 0.3948 0.0000
vt 0.2667 0.3606 0.0000
vt 0.2916 0.3364 0.0000
vt 0.3164 0.3116 0.0000
vt 0.3623 0.3364 0.0000
vt 0.3661 0.2619 0.0000
vt 0.3971 0.3159 0.0000
vt 0.3412 0.2868 0.0000
vt 0.4269 0.3675 0.0000
vt 0.4163 0.4960 0.0000
vt 0.4586 0.4227 0.0000
vt 0.5008 0.4960 0.0000
vt 0.4319 0.2967 0.0000
vt 0.3996 0.2532 0.0000
vt 0.4666 0.2768 0.0000
vt 0.4654 0.3408 0.0000
vt 0.4331 0.2439 0.0000
vt 0.5008 0.2563 0.0000
vt 0.5008 0.3861 0.0000
vt 0.5008 0.3097 0.0000
vt 0.5349 0.2768 0.0000
vt 0.5368 0.3408 0.0000
vt 0.4673 0.2346 0.0000
vt 0.5008 0.2259 0.0000
vt 0.5349 0.2346 0.0000
vt 0.5684 0.2439 0.0000
vt 0.5697 0.2967 0.0000
vt 0.6361 0.2619 0.0000
vt 0.6051 0.3159 0.0000
vt 0.6020 0.2532 0.0000
vt 0.5753 0.3675 0.0000
vt 0.5430 0.4227 0.0000
vt 0.6392 0.3364 0.0000
vt 0.6609 0.2868 0.0000
vt 0.6734 0.3569 0.0000
vt 0.6175 0.3873 0.0000
vt 0.6852 0.3116 0.0000
vt 0.7087 0.3762 0.0000
vt 0.5964 0.4413 0.0000
vt 0.6622 0.4029 0.0000
vt 0.7075 0.4159 0.0000
vt 0.6535 0.4494 0.0000
vt 0.7100 0.3364 0.0000
vt 0.7348 0.3606 0.0000
vt 0.7441 0.3948 0.0000
vt 0.7528 0.4283 0.0000
vt 0.7081 0.4562 0.0000
vt 0.7708 0.4960 0.0000
vt 0.7087 0.4960 0.0000
vt 0.7621 0.4625 0.0000
vt 0.6491 0.4960 0.0000
vt 0.5852 0.4960 0.0000
vt 0.7081 0.5357 0.0000
vt 0.7621 0.5301 0.0000
vt 0.7075 0.5761 0.0000
vt 0.6535 0.5432 0.0000
vt 0.7528 0.5636 0.0000
vt 0.7087 0.6158 0.0000
vt 0.5964 0.5512 0.0000
vt 0.6622 0.5891 0.0000
vt 0.6734 0.6350 0.0000
vt 0.6175 0.6046 0.0000
vt 0.7441 0.5972 0.0000
vt 0.7348 0.6313 0.0000
vt 0.7100 0.6561 0.0000
vt 0.6852 0.6804 0.0000
vt 0.6392 0.6555 0.0000
vt 0.6361 0.7300 0.0000
vt 0.6051 0.6760 0.0000
vt 0.6609 0.7052 0.0000
vt 0.5753 0.6245 0.0000
vt 0.5430 0.5692 0.0000
vt 0.5697 0.6959 0.0000
vt 0.6020 0.7393 0.0000
vt 0.5349 0.7151 0.0000
vt 0.5368 0.6518 0.0000
vt 0.5684 0.7480 0.0000
vt 0.5008 0.7356 0.0000
vt 0.5008 0.6059 0.0000
vt 0.5008 0.6828 0.0000
vt 0.4666 0.7151 0.0000
vt 0.4654 0.6518 0.0000
vt 0.5349 0.7573 0.0000
vt 0.5008 0.7660 0.0000
vt 0.4673 0.7573 0.0000
vt 0.4331 0.7480 0.0000
vt 0.4319 0.6959 0.0000
vt 0.3661 0.7300 0.0000
vt 0.3971 0.6760 0.0000
vt 0.3996 0.7393 0.0000
vt 0.4269 0.6245 0.0000
vt 0.4586 0.5692 0.0000
vt 0.3623 0.6555 0.0000
vt 0.3412 0.7052 0.0000
vt 0.3282 0.6350 0.0000
vt 0.3841 0.6046 0.0000
vt 0.3164 0.6804 0.0000
vt 0.2934 0.6158 0.0000
vt 0.4058 0.5512 0.0000
vt 0.3394 0.5891 0.0000
vt 0.2940 0.5761 0.0000
vt 0.3487 0.5432 0.0000
vt 0.2916 0.6561 0.0000
vt 0.2667 0.6313 0.0000
vt 0.2580 0.5972 0.0000
vt 0.2487 0.5636 0.0000
vt 0.2934 0.5357 0.0000
vt 0.2394 0.5301 0.0000
vt 0.5765 0.0983 1.0000
vt 0.5700 0.0983 1.0000
vt 0.5765 0.1015 1.0000
vt 0.5830 0.0983 1.0000
vt 0.5700 0.1015 1.0000
vt 0.5765 0.1037 1.0000
vt 0.5895 0.0983 1.0000
vt 0.5830 0.1015 1.0000
vt 0.5830 0.1037 1.0000
vt 0.5895 0.1015 1.0000
vt 0.5700 0.1037 1.0000
vt 0.5700 0.1053 1.0000
vt 0.5765 0.1053 1.0000
vt 0.5830 0.1053 1.0000
vt 0.5895 0.1037 1.0000
vt 0.5960 0.1053 1.0000
vt 0.5960 0.1037 1.0000
vt 0.5895 0.1053 1.0000
vt 0.5960 0.1015 1.0000
vt 0.5960 0.0983 1.0000
vt 0.5895 0.0587 1.0000
vt 0.5960 0.0587 1.0000
vt 0.5895 0.0555 1.0000
vt 0.5830 0.0587 1.0000
vt 0.5960 0.0555 1.0000
vt 0.5895 0.0534 1.0000
vt 0.5765 0.0587 1.0000
vt 0.5830 0.0555 1.0000
vt 0.5830 0.0534 1.0000
vt 0.5765 0.0555 1.0000
vt 0.5960 0.0534 1.0000
vt 0.5960 0.0517 1.0000
vt 0.5895 0.0517 1.0000
vt 0.5830 0.0517 1.0000
vt 0.5765 0.0534 1.0000
vt 0.5700 0.0517 1.0000
vt 0.5700 0.0534 1.0000
vt 0.5765 0.0517 1.0000
vt 0.5700 0.0555 1.0000
vt 0.5700 0.0587 1.0000
vt 0.5505 0.0983 1.0000
vt 0.5440 0.0983 1.0000
vt 0.5505 0.1015 1.0000
vt 0.5570 0.0983 1.0000
vt 0.5440 0.1015 1.0000
vt 0.5505 0.1037 1.0000
vt 0.5635 0.0983 1.0000
vt 0.5570 0.1015 1.0000
vt 0.5570 0.1037 1.0000
vt 0.5635 0.1015 1.0000
vt 0.5440 0.1037 1.0000
vt 0.5440 0.1053 1.0000
vt 0.5505 0.1053 1.0000
vt 0.5570 0.1053 1.0000
vt 0.5635 0.1037 1.0000
vt 0.5635 0.1053 1.0000
vt 0.5635 0.0587 1.0000
vt 0.5635 0.0555 1.0000
vt 0.5570 0.0587 1.0000
vt 0.5635 0.0534 1.0000
vt 0.5505 0.0587 1.0000
vt 0.5570 0.0555 1.0000
vt 0.5570 0.0534 1.0000
vt 0.5505 0.0555 1.0000
vt 0.5635 0.0517 1.0000
vt 0.5570 0.0517 1.0000
vt 0.5505 0.0534 1.0000
vt 0.5440 0.0517 1.0000
vt 0.5440 0.0534 1.0000
vt 0.5505 0.0517 1.0000
vt 0.5440 0.0555 1.0000
vt 0.5440 0.0587 1.0000
vt 0.5245 0.0983 1.0000
vt 0.5180 0.0983 1.0000
vt 0.5245 0.1015 1.0000
vt 0.5310 0.0983 1.0000
vt 0.5180 0.1015 1.0000
vt 0.5245 0.1037 1.0000
vt 0.5375 0.0983 1.0000
vt 0.5310 0.1015 1.0000
vt 0.5310 0.1037 1.0000
vt 0.5375 0.1015 1.0000
vt 0.5180 0.1037 1.0000
vt 0.5180 0.1053 1.0000
vt 0.5245 0.1053 1.0000
vt 0.5310 0.1053 1.0000
vt 0.5375 0.1037 1.0000
vt 0.5375 0.1053 1.0000
vt 0.5375 0.0587 1.0000
vt 0.5375 0.0555 1.0000
vt 0.5310 0.0587 1.0000
vt 0.5375 0.0534 1.0000
vt 0.5245 0.0587 1.0000
vt 0.5310 0.0555 1.0000
vt 0.5310 0.0534 1.0000
vt 0.5245 0.0555 1.0000
vt 0.5375 0.0517 1.0000
vt 0.5310 0.0517 1.0000
vt 0.5245 0.0534 1.0000
vt 0.5180 0.0517 1.0000
vt 0.5180 0.0534 1.0000
vt 0.5245 0.0517 1.0000
vt 0.5180 0.0555 1.0000
vt 0.5180 0.0587 1.0000
vt 0.4985 0.0983 1.0000
vt 0.4920 0.0983 1.0000
vt 0.4985 0.1015 1.0000
vt 0.5050 0.0983 1.0000
vt 0.4920 0.1015 1.0000
vt 0.4985 0.1037 1.0000
vt 0.5115 0.0983 1.0000
vt 0.5050 0.1015 1.0000
vt 0.5050 0.1037 1.0000
vt 0.5115 0.1015 1.0000
vt 0.4920 0.1037 1.0000
vt 0.4920 0.1053 1.0000
vt 0.4985 0.1053 1.0000
vt 0.5050 0.1053 1.0000
vt 0.5115 0.1037 1.0000
vt 0.5115 0.1053 1.0000
vt 0.5115 0.0587 1.0000
vt 0.5115 0.0555 1.0000
vt 0.5050 0.0587 1.0000
vt 0.5115 0.0534 1.0000
vt 0.4985 0.0587 1.0000
vt 0.5050 0.0555 1.0000
vt 0.5050 0.0534 1.0000
vt 0.4985 0.0555 1.0000
vt 0.5115 0.0517 1.0000
vt 0.5050 0.0517 1.0000
vt 0.4985 0.0534 1.0000
vt 0.4920 0.0517 1.0000
vt 0.4920 0.0534 1.0000
vt 0.4985 0.0517 1.0000
vt 0.4920 0.0555 1.0000
vt 0.4920 0.0587 1.0000
vt 0.4725 0.0983 1.0000
vt 0.4660 0.0983 1.0000
vt 0.4725 0.1015 1.0000
vt 0.4790 0.0983 1.0000
vt 0.4660 0.1015 1.0000
vt 0.4725 0.1037 1.0000
vt 0.4855 0.0983 1.0000
vt 0.4790 0.1015 1.0000
vt 0.4790 0.1037 1.0000
vt 0.4855 0.1015 1.0000
vt 0.4660 0.1037 1.0000
vt 0.4660 0.1053 1.0000
vt 0.4725 0.1053 1.0000
vt 0.4790 0.1053 1.0000
vt 0.4855 0.1037 1.0000
vt 0.4855 0.1053 1.0000
vt 0.4855 0.0587 1.0000
vt 0.4855 0.0555 1.0000
vt 0.4790 0.0587 1.0000
vt 0.4855 0.0534 1.0000
vt 0.4725 0.0587 1.0000
vt 0.4790 0.0555 1.0000
vt 0.4790 0.0534 1.0000
vt 0.4725 0.0555 1.0000
vt 0.4855 0.0517 1.0000
vt 0.4790 0.0517 1.0000
vt 0.4725 0.0534 1.0000
vt 0.4660 0.0517 1.0000
vt 0.4660 0.0534 1.0000
vt 0.4725 0.0517 1.0000
vt 0.4660 0.0555 1.0000
vt 0.4660 0.0587 1.0000
vt 0.4465 0.0983 1.0000
vt 0.4400 0.0983 1.0000
vt 0.4465 0.1015 1.0000
vt 0.4530 0.0983 1.0000
vt 0.4400 0.1015 1.0000
vt 0.4465 0.1037 1.0000
vt 0.4595 0.0983 1.0000
vt 0.4530 0.1015 1.0000
vt 0.4530 0.1037 1.0000
vt 0.4595 0.1015 1.0000
vt 0.4400 0.1037 1.0000
vt 0.4400 0.1053 1.0000
vt 0.4465 0.1053 1.0000
vt 0.4530 0.1053 1.0000
vt 0.4595 0.1037 1.0000
vt 0.4595 0.1053 1.0000
vt 0.4595 0.0587 1.0000
vt 0.4595 0.0555 1.0000
vt 0.4530 0.0587 1.0000
vt 0.4595 0.0534 1.0000
vt 0.4465 0.0587 1.0000
vt 0.4530 0.0555 1.0000
vt 0.4530 0.0534 1.0000
vt 0.4465 0.0555 1.0000
vt 0.4595 0.0517 1.0000
vt 0.4530 0.0517 1.0000
vt 0.4465 0.0534 1.0000
vt 0.4400 0.0517 1.0000
vt 0.4400 0.0534 1.0000
vt 0.4465 0.0517 1.0000
vt 0.4400 0.0555 1.0000
vt 0.4400 0.0587 1.0000
vt 0.4204 0.0983 1.0000
vt 0.4139 0.0983 1.0000
vt 0.4204 0.1015 1.0000
vt 0.4269 0.0983 1.0000
vt 0.4139 0.1015 1.0000
vt 0.4204 0.1037 1.0000
vt 0.4334 0.0983 1.0000
vt 0.4269 0.1015 1.0000
vt 0.4269 0.1037 1.0000
vt 0.4334 0.1015 1.0000
vt 0.4139 0.1037 1.0000
vt 0.4139 0.1053 1.0000
vt 0.4204 0.1053 1.0000
vt 0.4269 0.1053 1.0000
vt 0.4334 0.1037 1.0000
vt 0.4334 0.1053 1.0000
vt 0.4334 0.0587 1.0000
vt 0.4334 0.0555 1.0000
vt 0.4269 0.0587 1.0000
vt 0.4334 0.0534 1.0000
vt 0.4204 0.0587 1.0000
vt 0.4269 0.0555 1.0000
vt 0.4269 0.0534 1.0000
vt 0.4204 0.0555 1.0000
vt 0.4334 0.0517 1.0000
vt 0.4269 0.0517 1.0000
vt 0.4204 0.0534 1.0000
vt 0.4139 0.0517 1.0000
vt 0.4139 0.0534 1.0000
vt 0.4204 0.0517 1.0000
vt 0.4139 0.0555 1.0000
vt 0.4139 0.0587 1.0000
vt 0.3944 0.0983 1.0000
vt 0.3879 0.0983 1.0000
vt 0.3944 0.1015 1.0000
vt 0.4009 0.0983 1.0000
vt 0.3879 0.1015 1.0000
vt 0.3944 0.1037 1.0000
vt 0.4074 0.0983 1.0000
vt 0.4009 0.1015 1.0000
vt 0.4009 0.1037 1.0000
vt 0.4074 0.1015 1.0000
vt 0.3879 0.1037 1.0000
vt 0.3879 0.1053 1.0000
vt 0.3944 0.1053 1.0000
vt 0.4009 0.1053 1.0000
vt 0.4074 0.1037 1.0000
vt 0.4074 0.1053 1.0000
vt 0.4074 0.0587 1.0000
vt 0.4074 0.0555 1.0000
vt 0.4009 0.0587 1.0000
vt 0.4074 0.0534 1.0000
vt 0.3944 0.0587 1.0000
vt 0.4009 0.0555 1.0000
vt 0.4009 0.0534 1.0000
vt 0.3944 0.0555 1.0000
vt 0.4074 0.0517 1.0000
vt 0.4009 0.0517 1.0000
vt 0.3944 0.0534 1.0000
vt 0.3879 0.0517 1.0000
vt 0.3879 0.0534 1.0000
vt 0.3944 0.0517 1.0000
vt 0.3879 0.0555 1.0000
vt 0.3879 0.0587 1.0000
vt 0.3684 0.0983 1.0000
vt 0.3619 0.0983 1.0000
vt 0.3684 0.1015 1.0000
vt 0.3749 0.0983 1.0000
vt 0.3619 0.1015 1.0000
vt 0.3684 0.1037 1.0000
vt 0.3814 0.0983 1.0000
vt 0.3749 0.1015 1.0000
vt 0.3749 0.1037 1.0000
vt 0.3814 0.1015 1.0000
vt 0.3619 0.1037 1.0000
vt 0.3619 0.1053 1.0000
vt 0.3684 0.1053 1.0000
vt 0.3749 0.1053 1.0000
vt 0.3814 0.1037 1.0000
vt 0.3814 0.1053 1.0000
vt 0.3814 0.0587 1.0000
vt 0.3814 0.0555 1.0000
vt 0.3749 0.0587 1.0000
vt 0.3814 0.0534 1.0000
vt 0.3684 0.0587 1.0000
vt 0.3749 0.0555 1.0000
vt 0.3749 0.0534 1.0000
vt 0.3684 0.0555 1.0000
vt 0.3814 0.0517 1.0000
vt 0.3749 0.0517 1.0000
vt 0.3684 0.0534 1.0000
vt 0.3619 0.0517 1.0000
vt 0.3619 0.0534 1.0000
vt 0.3684 0.0517 1.0000
vt 0.3619 0.0555 1.0000
vt 0.3619 0.0587 1.0000
vt 0.3424 0.0994 1.0000
vt 0.3359 0.1004 1.0000
vt 0.3424 0.1018 1.0000
vt 0.3489 0.0986 1.0000
vt 0.3359 0.1021 1.0000
vt 0.3424 0.1037 1.0000
vt 0.3554 0.0983 1.0000
vt 0.3489 0.1016 1.0000
vt 0.3489 0.1037 1.0000
vt 0.3554 0.1015 1.0000
vt 0.3359 0.1037 1.0000
vt 0.3359 0.1053 1.0000
vt 0.3424 0.1053 1.0000
vt 0.3489 0.1053 1.0000
vt 0.3554 0.1037 1.0000
vt 0.3554 0.1053 1.0000
vt 0.3554 0.0587 1.0000
vt 0.3554 0.0555 1.0000
vt 0.3489 0.0585 1.0000
vt 0.3554 0.0534 1.0000
vt 0.3424 0.0577 1.0000
vt 0.3489 0.0555 1.0000
vt 0.3489 0.0534 1.0000
vt 0.3424 0.0553 1.0000
vt 0.3554 0.0517 1.0000
vt 0.3489 0.0517 1.0000
vt 0.3424 0.0534 1.0000
vt 0.3359 0.0517 1.0000
vt 0.3359 0.0534 1.0000
vt 0.3424 0.0517 1.0000
vt 0.3359 0.0550 1.0000
vt 0.3359 0.0566 1.0000
vt 0.6285 0.0983 1.0000
vt 0.6220 0.0983 1.0000
vt 0.6285 0.1015 1.0000
vt 0.6351 0.0986 1.0000
vt 0.6220 0.1015 1.0000
vt 0.6285 0.1037 1.0000
vt 0.6416 0.0994 1.0000
vt 0.6351 0.1016 1.0000
vt 0.6351 0.1037 1.0000
vt 0.6416 0.1018 1.0000
vt 0.6220 0.1037 1.0000
vt 0.6220 0.1053 1.0000
vt 0.6285 0.1053 1.0000
vt 0.6351 0.1053 1.0000
vt 0.6416 0.1037 1.0000
vt 0.6481 0.1053 1.0000
vt 0.6481 0.1037 1.0000
vt 0.6416 0.1053 1.0000
vt 0.6481 0.1021 1.0000
vt 0.6481 0.1004 1.0000
vt 0.6416 0.0577 1.0000
vt 0.6481 0.0566 1.0000
vt 0.6416 0.0553 1.0000
vt 0.6351 0.0585 1.0000
vt 0.6481 0.0550 1.0000
vt 0.6416 0.0534 1.0000
vt 0.6285 0.0587 1.0000
vt 0.6351 0.0555 1.0000
vt 0.6351 0.0534 1.0000
vt 0.6285 0.0555 1.0000
vt 0.6481 0.0534 1.0000
vt 0.6481 0.0517 1.0000
vt 0.6416 0.0517 1.0000
vt 0.6351 0.0517 1.0000
vt 0.6285 0.0534 1.0000
vt 0.6220 0.0517 1.0000
vt 0.6220 0.0534 1.0000
vt 0.6285 0.0517 1.0000
vt 0.6220 0.0555 1.0000
vt 0.6220 0.0587 1.0000
vt 0.6025 0.0983 1.0000
vt 0.6025 0.1015 1.0000
vt 0.6090 0.0983 1.0000
vt 0.6025 0.1037 1.0000
vt 0.6155 0.0983 1.0000
vt 0.6090 0.1015 1.0000
vt 0.6090 0.1037 1.0000
vt 0.6155 0.1015 1.0000
vt 0.6025 0.1053 1.0000
vt 0.6090 0.1053 1.0000
vt 0.6155 0.1037 1.0000
vt 0.6155 0.1053 1.0000
vt 0.6155 0.0587 1.0000
vt 0.6155 0.0555 1.0000
vt 0.6090 0.0587 1.0000
vt 0.6155 0.0534 1.0000
vt 0.6025 0.0587 1.0000
vt 0.6090 0.0555 1.0000
vt 0.6090 0.0534 1.0000
vt 0.6025 0.0555 1.0000
vt 0.6155 0.0517 1.0000
vt 0.6090 0.0517 1.0000
vt 0.6025 0.0534 1.0000
vt 0.6025 0.0517 1.0000
vt 0.4545 0.3895 1.0000
vt 0.4570 0.3792 1.0000
vt 0.4545 0.3792 1.0000
vt 0.4520 0.3895 1.0000
vt 0.4570 0.3895 1.0000
vt 0.4545 0.3998 1.0000
vt 0.4520 0.3792 1.0000
vt 0.4495 0.3895 1.0000
vt 0.4570 0.3998 1.0000
vt 0.4545 0.4101 1.0000
vt 0.4520 0.3998 1.0000
vt 0.4495 0.3998 1.0000
vt 0.4520 0.4101 1.0000
vt 0.4495 0.3792 1.0000
vt 0.4471 0.3792 1.0000
vt 0.4471 0.3895 1.0000
vt 0.4471 0.3998 1.0000
vt 0.4495 0.4101 1.0000
vt 0.4471 0.4204 1.0000
vt 0.4495 0.4204 1.0000
vt 0.4471 0.4101 1.0000
vt 0.4520 0.4204 1.0000
vt 0.4545 0.4204 1.0000
vt 0.4570 0.4204 1.0000
vt 0.4570 0.4101 1.0000
vt 0.4446 0.3895 1.0000
vt 0.4446 0.3792 1.0000
vt 0.4421 0.3895 1.0000
vt 0.4446 0.3998 1.0000
vt 0.4421 0.3792 1.0000
vt 0.4397 0.3895 1.0000
vt 0.4446 0.4101 1.0000
vt 0.4421 0.3998 1.0000
vt 0.4397 0.3998 1.0000
vt 0.4421 0.4101 1.0000
vt 0.4397 0.3792 1.0000
vt 0.4372 0.3792 1.0000
vt 0.4372 0.3895 1.0000
vt 0.4372 0.3998 1.0000
vt 0.4397 0.4101 1.0000
vt 0.4372 0.4204 1.0000
vt 0.4397 0.4204 1.0000
vt 0.4372 0.4101 1.0000
vt 0.4421 0.4204 1.0000
vt 0.4446 0.4204 1.0000
vt 0.4347 0.3895 1.0000
vt 0.4347 0.3792 1.0000
vt 0.4322 0.3895 1.0000
vt 0.4347 0.3998 1.0000
vt 0.4322 0.3792 1.0000
vt 0.4298 0.3895 1.0000
vt 0.4347 0.4101 1.0000
vt 0.4322 0.3998 1.0000
vt 0.4298 0.3998 1.0000
vt 0.4322 0.4101 1.0000
vt 0.4298 0.3792 1.0000
vt 0.4273 0.3792 1.0000
vt 0.4273 0.3895 1.0000
vt 0.4273 0.3998 1.0000
vt 0.4298 0.4101 1.0000
vt 0.4273 0.4204 1.0000
vt 0.4298 0.4204 1.0000
vt 0.4273 0.4101 1.0000
vt 0.4322 0.4204 1.0000
vt 0.4347 0.4204 1.0000
vt 0.4248 0.3895 1.0000
vt 0.4248 0.3792 1.0000
vt 0.4224 0.3895 1.0000
vt 0.4248 0.3998 1.0000
vt 0.4224 0.3792 1.0000
vt 0.4199 0.3895 1.0000
vt 0.4248 0.4101 1.0000
vt 0.4224 0.3998 1.0000
vt 0.4199 0.3998 1.0000
vt 0.4224 0.4101 1.0000
vt 0.4199 0.3792 1.0000
vt 0.4174 0.3792 1.0000
vt 0.4174 0.3895 1.0000
vt 0.4174 0.3998 1.0000
vt 0.4199 0.4101 1.0000
vt 0.4174 0.4204 1.0000
vt 0.4199 0.4204 1.0000
vt 0.4174 0.4101 1.0000
vt 0.4224 0.4204 1.0000
vt 0.4248 0.4204 1.0000
vt 0.4149 0.3895 1.0000
vt 0.4149 0.3792 1.0000
vt 0.4125 0.3895 1.0000
vt 0.4149 0.3998 1.0000
vt 0.4125 0.3792 1.0000
vt 0.4100 0.3895 1.0000
vt 0.4149 0.4101 1.0000
vt 0.4125 0.3998 1.0000
vt 0.4100 0.3998 1.0000
vt 0.4125 0.4101 1.0000
vt 0.4100 0.3792 1.0000
vt 0.4075 0.3792 1.0000
vt 0.4075 0.3895 1.0000
vt 0.4075 0.3998 1.0000
vt 0.4100 0.4101 1.0000
vt 0.4075 0.4204 1.0000
vt 0.4100 0.4204 1.0000
vt 0.4075 0.4101 1.0000
vt 0.4125 0.4204 1.0000
vt 0.4149 0.4204 1.0000
vt 0.4644 0.3895 1.0000
vt 0.4668 0.3792 1.0000
vt 0.4644 0.3792 1.0000
vt 0.4619 0.3895 1.0000
vt 0.4668 0.3895 1.0000
vt 0.4644 0.3998 1.0000
vt 0.4619 0.3792 1.0000
vt 0.4594 0.3895 1.0000
vt 0.4668 0.3998 1.0000
vt 0.4644 0.4101 1.0000
vt 0.4619 0.3998 1.0000
vt 0.4594 0.3998 1.0000
vt 0.4619 0.4101 1.0000
vt 0.4594 0.3792 1.0000
vt 0.4594 0.4101 1.0000
vt 0.4594 0.4204 1.0000
vt 0.4619 0.4204 1.0000
vt 0.4644 0.4204 1.0000
vt 0.4668 0.4204 1.0000
vt 0.4668 0.4101 1.0000
vt 0.5140 0.3556 0.0000
vt 0.5107 0.3580 0.0000
vt 0.5112 0.3564 0.0000
vt 0.5141 0.3541 0.0000
vt 0.5142 0.3571 0.0000
vt 0.5169 0.3548 0.0000
vt 0.5116 0.3547 0.0000
vt 0.5141 0.3525 0.0000
vt 0.5173 0.3563 0.0000
vt 0.5198 0.3541 0.0000
vt 0.5165 0.3534 0.0000
vt 0.5161 0.3520 0.0000
vt 0.5190 0.3528 0.0000
vt 0.5120 0.3531 0.0000
vt 0.5125 0.3515 0.0000
vt 0.5141 0.3510 0.0000
vt 0.5158 0.3506 0.0000
vt 0.5182 0.3514 0.0000
vt 0.5190 0.3497 0.0000
vt 0.5202 0.3509 0.0000
vt 0.5174 0.3501 0.0000
vt 0.5214 0.3521 0.0000
vt 0.5204 0.3554 0.0000
vt 0.5226 0.3533 0.0000
vt 0.5238 0.3545 0.0000
vt 0.5205 0.3569 0.0000
vt 0.5234 0.3561 0.0000
vt 0.5205 0.3584 0.0000
vt 0.5177 0.3577 0.0000
vt 0.5230 0.3578 0.0000
vt 0.5205 0.3600 0.0000
vt 0.5148 0.3584 0.0000
vt 0.5180 0.3591 0.0000
vt 0.5184 0.3605 0.0000
vt 0.5156 0.3598 0.0000
vt 0.5225 0.3594 0.0000
vt 0.5221 0.3611 0.0000
vt 0.5204 0.3615 0.0000
vt 0.5188 0.3619 0.0000
vt 0.5164 0.3611 0.0000
vt 0.5155 0.3628 0.0000
vt 0.5143 0.3616 0.0000
vt 0.5172 0.3624 0.0000
vt 0.5131 0.3604 0.0000
vt 0.5119 0.3592 0.0000
vt 0.5216 0.3398 0.0000
vt 0.5235 0.3399 0.0000
vt 0.5223 0.3411 0.0000
vt 0.5201 0.3413 0.0000
vt 0.5231 0.3383 0.0000
vt 0.5208 0.3384 0.0000
vt 0.5211 0.3423 0.0000
vt 0.5186 0.3428 0.0000
vt 0.5226 0.3366 0.0000
vt 0.5201 0.3371 0.0000
vt 0.5190 0.3402 0.0000
vt 0.5172 0.3420 0.0000
vt 0.5180 0.3392 0.0000
vt 0.5199 0.3435 0.0000
vt 0.5187 0.3447 0.0000
vt 0.5171 0.3443 0.0000
vt 0.5154 0.3438 0.0000
vt 0.5159 0.3413 0.0000
vt 0.5121 0.3430 0.0000
vt 0.5147 0.3404 0.0000
vt 0.5138 0.3434 0.0000
vt 0.5169 0.3382 0.0000
vt 0.5134 0.3460 0.0000
vt 0.5192 0.3359 0.0000
vt 0.5129 0.3444 0.0000
vt 0.5138 0.3392 0.0000
vt 0.5117 0.3413 0.0000
vt 0.5131 0.3379 0.0000
vt 0.5159 0.3371 0.0000
vt 0.5113 0.3397 0.0000
vt 0.5123 0.3365 0.0000
vt 0.5180 0.3350 0.0000
vt 0.5149 0.3361 0.0000
vt 0.5138 0.3350 0.0000
vt 0.5167 0.3343 0.0000
vt 0.5108 0.3380 0.0000
vt 0.5104 0.3364 0.0000
vt 0.5116 0.3352 0.0000
vt 0.5040 0.3450 0.0000
vt 0.5065 0.3445 0.0000
vt 0.5064 0.3426 0.0000
vt 0.5080 0.3430 0.0000
vt 0.5052 0.3438 0.0000
vt 0.5097 0.3435 0.0000
vt 0.5113 0.3439 0.0000
# 1574 texture coords

o LlantaTIz
g LlantaTIz
usemtl 09___Default
s 8
f 1/1/1 2/2/2 3/3/2 
f 3/3/2 4/4/1 1/1/1 
f 5/5/1 2/2/2 1/1/1 
f 1/1/1 6/6/3 5/5/1 
f 4/4/1 3/3/2 7/7/2 
f 7/7/2 8/8/1 4/4/1 
f 9/9/3 5/5/1 6/6/3 
f 6/6/3 10/10/4 9/9/3 
f 11/11/3 1/1/1 4/4/1 
f 4/4/1 12/12/3 11/11/3 
f 6/6/3 1/1/1 11/11/3 
f 11/11/3 13/13/4 6/6/3 
f 8/8/1 14/14/2 15/15/2 
f 15/15/2 16/16/1 8/8/1 
f 12/12/3 8/8/1 16/16/1 
f 16/16/1 17/17/3 12/12/3 
f 7/7/2 14/14/2 8/8/1 
f 4/4/1 8/8/1 12/12/3 
f 18/18/4 19/19/5 20/20/5 
f 20/20/5 13/13/4 18/18/4 
f 21/21/4 19/19/5 18/18/4 
f 18/18/4 12/12/3 21/21/4 
f 13/13/4 20/20/5 22/22/5 
f 22/22/5 10/10/4 13/13/4 
f 12/12/3 17/17/3 21/21/4 
f 12/12/3 18/18/4 13/13/4 
f 13/13/4 11/11/3 12/12/3 
f 10/10/4 23/23/5 24/24/5 
f 24/24/5 25/25/4 10/10/4 
f 10/10/4 25/25/4 9/9/3 
f 22/22/5 23/23/5 10/10/4 
f 13/13/4 10/10/4 6/6/3 
f 26/26/6 27/27/7 28/28/7 
f 28/28/7 29/29/6 26/26/6 
f 30/30/6 27/27/7 26/26/6 
f 26/26/6 31/31/8 30/30/6 
f 29/29/6 28/28/7 32/32/7 
f 32/32/7 33/33/6 29/29/6 
f 34/34/8 30/30/6 31/31/8 
f 31/31/8 35/35/9 34/34/8 
f 36/36/8 26/26/6 29/29/6 
f 29/29/6 37/37/8 36/36/8 
f 31/31/8 26/26/6 36/36/8 
f 36/36/8 38/38/10 31/31/8 
f 33/33/6 39/39/7 40/40/7 
f 40/40/7 41/41/6 33/33/6 
f 37/37/8 33/33/6 41/41/6 
f 41/41/6 42/42/8 37/37/8 
f 32/32/7 39/39/7 33/33/6 
f 29/29/6 33/33/6 37/37/8 
f 43/43/9 15/15/2 14/14/2 
f 14/14/2 38/38/10 43/43/9 
f 44/44/10 15/15/2 43/43/9 
f 43/43/9 37/37/8 44/44/10 
f 38/38/10 14/14/2 7/7/2 
f 7/7/2 35/35/9 38/38/10 
f 37/37/8 42/42/8 44/44/10 
f 37/37/8 43/43/9 38/38/10 
f 38/38/10 36/36/8 37/37/8 
f 35/35/9 3/3/2 2/2/2 
f 2/2/2 45/45/10 35/35/9 
f 35/35/9 45/45/10 34/34/8 
f 7/7/2 3/3/2 35/35/9 
f 38/38/10 35/35/9 31/31/8 
f 46/46/11 47/47/12 48/48/12 
f 48/48/12 49/49/11 46/46/11 
f 50/50/11 47/47/12 46/46/11 
f 46/46/11 51/51/13 50/50/11 
f 49/49/11 48/48/12 52/52/12 
f 52/52/12 53/53/11 49/49/11 
f 54/54/13 50/50/11 51/51/13 
f 51/51/13 55/55/14 54/54/13 
f 56/56/13 46/46/11 49/49/11 
f 49/49/11 57/57/13 56/56/13 
f 51/51/13 46/46/11 56/56/13 
f 56/56/13 58/58/14 51/51/13 
f 53/53/11 59/59/12 60/60/12 
f 60/60/12 61/61/11 53/53/11 
f 57/57/13 53/53/11 61/61/11 
f 61/61/11 62/62/13 57/57/13 
f 52/52/12 59/59/12 53/53/11 
f 49/49/11 53/53/11 57/57/13 
f 63/63/14 40/40/7 39/39/7 
f 39/39/7 58/58/14 63/63/14 
f 64/64/14 40/40/7 63/63/14 
f 63/63/14 57/57/13 64/64/14 
f 58/58/14 39/39/7 32/32/7 
f 32/32/7 55/55/14 58/58/14 
f 57/57/13 62/62/13 64/64/14 
f 57/57/13 63/63/14 58/58/14 
f 58/58/14 56/56/13 57/57/13 
f 55/55/14 28/28/7 27/27/7 
f 27/27/7 65/65/14 55/55/14 
f 55/55/14 65/65/14 54/54/13 
f 32/32/7 28/28/7 55/55/14 
f 58/58/14 55/55/14 51/51/13 
f 66/66/15 67/67/16 68/68/16 
f 68/68/16 69/69/15 66/66/15 
f 70/70/15 67/67/16 66/66/15 
f 66/66/15 71/71/17 70/70/15 
f 69/69/15 68/68/16 72/72/16 
f 72/72/16 73/73/15 69/69/15 
f 74/74/17 70/70/15 71/71/17 
f 71/71/17 75/75/18 74/74/17 
f 76/76/17 66/66/15 69/69/15 
f 69/69/15 77/77/17 76/76/17 
f 71/71/17 66/66/15 76/76/17 
f 76/76/17 78/78/18 71/71/17 
f 73/73/15 79/79/16 80/80/16 
f 80/80/16 81/81/15 73/73/15 
f 77/77/17 73/73/15 81/81/15 
f 81/81/15 82/82/17 77/77/17 
f 72/72/16 79/79/16 73/73/15 
f 69/69/15 73/73/15 77/77/17 
f 83/83/18 60/60/12 59/59/12 
f 59/59/12 78/78/18 83/83/18 
f 84/84/18 60/60/12 83/83/18 
f 83/83/18 77/77/17 84/84/18 
f 78/78/18 59/59/12 52/52/12 
f 52/52/12 75/75/18 78/78/18 
f 77/77/17 82/82/17 84/84/18 
f 77/77/17 83/83/18 78/78/18 
f 78/78/18 76/76/17 77/77/17 
f 75/75/18 48/48/12 47/47/12 
f 47/47/12 85/85/18 75/75/18 
f 75/75/18 85/85/18 74/74/17 
f 52/52/12 48/48/12 75/75/18 
f 78/78/18 75/75/18 71/71/17 
f 86/86/19 87/87/20 88/88/20 
f 88/88/20 89/89/19 86/86/19 
f 90/90/19 87/87/20 86/86/19 
f 86/86/19 91/91/21 90/90/19 
f 89/89/19 88/88/20 92/92/20 
f 92/92/20 93/93/19 89/89/19 
f 94/94/21 90/90/19 91/91/21 
f 91/91/21 95/95/22 94/94/21 
f 96/96/21 86/86/19 89/89/19 
f 89/89/19 97/97/21 96/96/21 
f 91/91/21 86/86/19 96/96/21 
f 96/96/21 98/98/22 91/91/21 
f 93/93/19 99/99/20 100/100/20 
f 100/100/20 101/101/19 93/93/19 
f 97/97/21 93/93/19 101/101/19 
f 101/101/19 102/102/21 97/97/21 
f 92/92/20 99/99/20 93/93/19 
f 89/89/19 93/93/19 97/97/21 
f 103/103/22 80/80/16 79/79/16 
f 79/79/16 98/98/22 103/103/22 
f 104/104/22 80/80/16 103/103/22 
f 103/103/22 97/97/21 104/104/22 
f 98/98/22 79/79/16 72/72/16 
f 72/72/16 95/95/22 98/98/22 
f 97/97/21 102/102/21 104/104/22 
f 97/97/21 103/103/22 98/98/22 
f 98/98/22 96/96/21 97/97/21 
f 95/95/22 68/68/16 67/67/16 
f 67/67/16 105/105/22 95/95/22 
f 95/95/22 105/105/22 94/94/21 
f 72/72/16 68/68/16 95/95/22 
f 98/98/22 95/95/22 91/91/21 
f 106/106/23 107/107/24 108/108/24 
f 108/108/24 109/109/23 106/106/23 
f 110/110/23 107/107/24 106/106/23 
f 106/106/23 111/111/25 110/110/23 
f 109/109/23 108/108/24 112/112/24 
f 112/112/24 113/113/23 109/109/23 
f 114/114/25 110/110/23 111/111/25 
f 111/111/25 115/115/26 114/114/25 
f 116/116/25 106/106/23 109/109/23 
f 109/109/23 117/117/25 116/116/25 
f 111/111/25 106/106/23 116/116/25 
f 116/116/25 118/118/26 111/111/25 
f 113/113/23 119/119/24 120/120/24 
f 120/120/24 121/121/23 113/113/23 
f 117/117/25 113/113/23 121/121/23 
f 121/121/23 122/122/25 117/117/25 
f 112/112/24 119/119/24 113/113/23 
f 109/109/23 113/113/23 117/117/25 
f 123/123/26 100/100/20 99/99/20 
f 99/99/20 118/118/26 123/123/26 
f 124/124/26 100/100/20 123/123/26 
f 123/123/26 117/117/25 124/124/26 
f 118/118/26 99/99/20 92/92/20 
f 92/92/20 115/115/26 118/118/26 
f 117/117/25 122/122/25 124/124/26 
f 117/117/25 123/123/26 118/118/26 
f 118/118/26 116/116/25 117/117/25 
f 115/115/26 88/88/20 87/87/20 
f 87/87/20 125/125/26 115/115/26 
f 115/115/26 125/125/26 114/114/25 
f 92/92/20 88/88/20 115/115/26 
f 118/118/26 115/115/26 111/111/25 
f 126/126/27 127/127/28 128/128/28 
f 128/128/28 129/129/27 126/126/27 
f 130/130/27 127/127/28 126/126/27 
f 126/126/27 131/131/29 130/130/27 
f 129/129/27 128/128/28 132/132/28 
f 132/132/28 133/133/27 129/129/27 
f 134/134/29 130/130/27 131/131/29 
f 131/131/29 135/135/30 134/134/29 
f 136/136/29 126/126/27 129/129/27 
f 129/129/27 137/137/29 136/136/29 
f 131/131/29 126/126/27 136/136/29 
f 136/136/29 138/138/30 131/131/29 
f 133/133/27 139/139/28 140/140/28 
f 140/140/28 141/141/27 133/133/27 
f 137/137/29 133/133/27 141/141/27 
f 141/141/27 142/142/29 137/137/29 
f 132/132/28 139/139/28 133/133/27 
f 129/129/27 133/133/27 137/137/29 
f 143/143/30 120/120/24 119/119/24 
f 119/119/24 138/138/30 143/143/30 
f 144/144/30 120/120/24 143/143/30 
f 143/143/30 137/137/29 144/144/30 
f 138/138/30 119/119/24 112/112/24 
f 112/112/24 135/135/30 138/138/30 
f 137/137/29 142/142/29 144/144/30 
f 137/137/29 143/143/30 138/138/30 
f 138/138/30 136/136/29 137/137/29 
f 135/135/30 108/108/24 107/107/24 
f 107/107/24 145/145/30 135/135/30 
f 135/135/30 145/145/30 134/134/29 
f 112/112/24 108/108/24 135/135/30 
f 138/138/30 135/135/30 131/131/29 
f 146/146/31 147/147/32 148/148/32 
f 148/148/32 149/149/31 146/146/31 
f 150/150/31 147/147/32 146/146/31 
f 146/146/31 151/151/33 150/150/31 
f 149/149/31 148/148/32 152/152/32 
f 152/152/32 153/153/31 149/149/31 
f 154/154/33 150/150/31 151/151/33 
f 151/151/33 155/155/34 154/154/33 
f 156/156/33 146/146/31 149/149/31 
f 149/149/31 157/157/33 156/156/33 
f 151/151/33 146/146/31 156/156/33 
f 156/156/33 158/158/35 151/151/33 
f 153/153/31 159/159/32 160/160/32 
f 160/160/32 161/161/31 153/153/31 
f 157/157/33 153/153/31 161/161/31 
f 161/161/31 162/162/33 157/157/33 
f 152/152/32 159/159/32 153/153/31 
f 149/149/31 153/153/31 157/157/33 
f 163/163/34 140/140/28 139/139/28 
f 139/139/28 158/158/35 163/163/34 
f 164/164/34 140/140/28 163/163/34 
f 163/163/34 157/157/33 164/164/34 
f 158/158/35 139/139/28 132/132/28 
f 132/132/28 155/155/34 158/158/35 
f 157/157/33 162/162/33 164/164/34 
f 157/157/33 163/163/34 158/158/35 
f 158/158/35 156/156/33 157/157/33 
f 155/155/34 128/128/28 127/127/28 
f 127/127/28 165/165/34 155/155/34 
f 155/155/34 165/165/34 154/154/33 
f 132/132/28 128/128/28 155/155/34 
f 158/158/35 155/155/34 151/151/33 
f 166/166/36 167/167/37 168/168/37 
f 168/168/37 169/169/36 166/166/36 
f 170/170/36 167/167/37 166/166/36 
f 166/166/36 171/171/38 170/170/36 
f 169/169/36 168/168/37 172/172/37 
f 172/172/37 173/173/36 169/169/36 
f 174/174/38 170/170/36 171/171/38 
f 171/171/38 175/175/39 174/174/38 
f 176/176/38 166/166/36 169/169/36 
f 169/169/36 177/177/38 176/176/38 
f 171/171/38 166/166/36 176/176/38 
f 176/176/38 178/178/39 171/171/38 
f 173/173/36 179/179/37 180/180/37 
f 180/180/37 181/181/36 173/173/36 
f 177/177/38 173/173/36 181/181/36 
f 181/181/36 182/182/38 177/177/38 
f 172/172/37 179/179/37 173/173/36 
f 169/169/36 173/173/36 177/177/38 
f 183/183/39 160/160/32 159/159/32 
f 159/159/32 178/178/39 183/183/39 
f 184/184/39 160/160/32 183/183/39 
f 183/183/39 177/177/38 184/184/39 
f 178/178/39 159/159/32 152/152/32 
f 152/152/32 175/175/39 178/178/39 
f 177/177/38 182/182/38 184/184/39 
f 177/177/38 183/183/39 178/178/39 
f 178/178/39 176/176/38 177/177/38 
f 175/175/39 148/148/32 147/147/32 
f 147/147/32 185/185/39 175/175/39 
f 175/175/39 185/185/39 174/174/38 
f 152/152/32 148/148/32 175/175/39 
f 178/178/39 175/175/39 171/171/38 
f 186/186/40 187/187/41 188/188/41 
f 188/188/41 189/189/40 186/186/40 
f 190/190/40 187/187/41 186/186/40 
f 186/186/40 191/191/42 190/190/40 
f 189/189/40 188/188/41 192/192/41 
f 192/192/41 193/193/40 189/189/40 
f 194/194/42 190/190/40 191/191/42 
f 191/191/42 195/195/43 194/194/42 
f 196/196/42 186/186/40 189/189/40 
f 189/189/40 197/197/42 196/196/42 
f 191/191/42 186/186/40 196/196/42 
f 196/196/42 198/198/43 191/191/42 
f 193/193/40 199/199/41 200/200/41 
f 200/200/41 201/201/40 193/193/40 
f 197/197/42 193/193/40 201/201/40 
f 201/201/40 202/202/42 197/197/42 
f 192/192/41 199/199/41 193/193/40 
f 189/189/40 193/193/40 197/197/42 
f 203/203/43 180/180/37 179/179/37 
f 179/179/37 198/198/43 203/203/43 
f 204/204/43 180/180/37 203/203/43 
f 203/203/43 197/197/42 204/204/43 
f 198/198/43 179/179/37 172/172/37 
f 172/172/37 195/195/43 198/198/43 
f 197/197/42 202/202/42 204/204/43 
f 197/197/42 203/203/43 198/198/43 
f 198/198/43 196/196/42 197/197/42 
f 195/195/43 168/168/37 167/167/37 
f 167/167/37 205/205/43 195/195/43 
f 195/195/43 205/205/43 194/194/42 
f 172/172/37 168/168/37 195/195/43 
f 198/198/43 195/195/43 191/191/42 
f 206/206/44 207/207/45 208/208/45 
f 208/208/45 209/209/44 206/206/44 
f 210/210/44 207/207/45 206/206/44 
f 206/206/44 211/211/46 210/210/44 
f 209/209/44 208/208/45 212/212/45 
f 212/212/45 213/213/44 209/209/44 
f 214/214/46 210/210/44 211/211/46 
f 211/211/46 215/215/47 214/214/46 
f 216/216/46 206/206/44 209/209/44 
f 209/209/44 217/217/46 216/216/46 
f 211/211/46 206/206/44 216/216/46 
f 216/216/46 218/218/47 211/211/46 
f 213/213/44 219/219/45 220/220/45 
f 220/220/45 221/221/44 213/213/44 
f 217/217/46 213/213/44 221/221/44 
f 221/221/44 222/222/46 217/217/46 
f 212/212/45 219/219/45 213/213/44 
f 209/209/44 213/213/44 217/217/46 
f 223/223/47 200/224/41 199/225/41 
f 199/225/41 218/218/47 223/223/47 
f 224/226/47 200/224/41 223/223/47 
f 223/223/47 217/217/46 224/226/47 
f 218/218/47 199/225/41 192/227/41 
f 192/227/41 215/215/47 218/218/47 
f 217/217/46 222/222/46 224/226/47 
f 217/217/46 223/223/47 218/218/47 
f 218/218/47 216/216/46 217/217/46 
f 215/215/47 188/228/41 187/229/41 
f 187/229/41 225/230/47 215/215/47 
f 215/215/47 225/230/47 214/214/46 
f 192/227/41 188/228/41 215/215/47 
f 218/218/47 215/215/47 211/211/46 
f 226/231/48 24/24/5 23/23/5 
f 23/23/5 227/232/48 226/231/48 
f 228/233/48 24/24/5 226/231/48 
f 226/231/48 229/234/49 228/233/48 
f 227/232/48 23/23/5 22/22/5 
f 22/22/5 230/235/48 227/232/48 
f 231/236/49 228/233/48 229/234/49 
f 229/234/49 232/237/50 231/236/49 
f 233/238/49 226/231/48 227/232/48 
f 227/232/48 234/239/49 233/238/49 
f 229/234/49 226/231/48 233/238/49 
f 233/238/49 235/240/50 229/234/49 
f 230/235/48 20/20/5 19/19/5 
f 19/19/5 236/241/48 230/235/48 
f 234/239/49 230/235/48 236/241/48 
f 236/241/48 237/242/49 234/239/49 
f 22/22/5 20/20/5 230/235/48 
f 227/232/48 230/235/48 234/239/49 
f 238/243/50 220/220/45 219/219/45 
f 219/219/45 235/240/50 238/243/50 
f 239/244/50 220/220/45 238/243/50 
f 238/243/50 234/239/49 239/244/50 
f 235/240/50 219/219/45 212/212/45 
f 212/212/45 232/237/50 235/240/50 
f 234/239/49 237/242/49 239/244/50 
f 234/239/49 238/243/50 235/240/50 
f 235/240/50 233/238/49 234/239/49 
f 232/237/50 208/208/45 207/207/45 
f 207/207/45 240/245/50 232/237/50 
f 232/237/50 240/245/50 231/236/49 
f 212/212/45 208/208/45 232/237/50 
f 235/240/50 232/237/50 229/234/49 
f 241/246/51 242/247/52 243/248/53 
f 243/248/53 244/249/54 241/246/51 
f 245/250/55 242/247/52 241/246/51 
f 241/246/51 246/251/56 245/250/55 
f 244/249/54 243/248/53 247/252/57 
f 247/252/57 248/253/58 244/249/54 
f 249/254/59 245/250/55 246/251/56 
f 246/251/56 250/255/60 249/254/59 
f 251/256/61 241/246/51 244/249/54 
f 244/249/54 252/257/62 251/256/61 
f 246/251/56 241/246/51 251/256/61 
f 251/256/61 253/258/63 246/251/56 
f 248/253/58 254/259/64 255/260/65 
f 255/260/65 256/261/66 248/253/58 
f 252/257/62 248/253/58 256/261/66 
f 256/261/66 257/262/67 252/257/62 
f 247/252/57 254/259/64 248/253/58 
f 244/249/54 248/253/58 252/257/62 
f 258/263/68 259/264/69 260/265/69 
f 260/265/69 253/258/63 258/263/68 
f 261/266/70 259/264/69 258/263/68 
f 258/263/68 252/257/62 261/266/70 
f 253/258/63 260/265/69 262/267/69 
f 262/267/69 250/255/60 253/258/63 
f 252/257/62 257/262/67 261/266/70 
f 252/257/62 258/263/68 253/258/63 
f 253/258/63 251/256/61 252/257/62 
f 250/255/60 263/268/69 264/269/69 
f 264/269/69 265/270/71 250/255/60 
f 250/255/60 265/270/71 249/254/59 
f 262/267/69 263/268/69 250/255/60 
f 253/258/63 250/255/60 246/251/56 
f 266/271/72 255/260/65 267/272/73 
f 267/272/73 268/273/74 266/271/72 
f 256/261/66 255/260/65 266/271/72 
f 266/271/72 269/274/75 256/261/66 
f 268/273/74 267/272/73 270/275/76 
f 270/275/76 271/276/77 268/273/74 
f 257/262/67 256/261/66 269/274/75 
f 269/274/75 272/277/78 257/262/67 
f 273/278/79 266/271/72 268/273/74 
f 268/273/74 274/279/80 273/278/79 
f 269/274/75 266/271/72 273/278/79 
f 273/278/79 275/280/81 269/274/75 
f 271/276/77 276/281/82 277/282/83 
f 277/282/83 278/283/84 271/276/77 
f 274/279/80 271/276/77 278/283/84 
f 278/283/84 279/284/85 274/279/80 
f 270/275/76 276/281/82 271/276/77 
f 268/273/74 271/276/77 274/279/80 
f 280/285/86 281/286/69 282/287/69 
f 282/287/69 275/280/81 280/285/86 
f 283/288/87 281/286/69 280/285/86 
f 280/285/86 274/279/80 283/288/87 
f 275/280/81 282/287/69 284/289/69 
f 284/289/69 272/277/78 275/280/81 
f 274/279/80 279/284/85 283/288/87 
f 274/279/80 280/285/86 275/280/81 
f 275/280/81 273/278/79 274/279/80 
f 272/277/78 285/290/69 259/264/69 
f 259/264/69 261/266/70 272/277/78 
f 272/277/78 261/266/70 257/262/67 
f 284/289/69 285/290/69 272/277/78 
f 275/280/81 272/277/78 269/274/75 
f 286/291/88 277/282/83 287/292/89 
f 287/292/89 288/293/90 286/291/88 
f 278/283/84 277/282/83 286/291/88 
f 286/291/88 289/294/91 278/283/84 
f 288/293/90 287/292/89 290/295/92 
f 290/295/92 291/296/93 288/293/90 
f 279/284/85 278/283/84 289/294/91 
f 289/294/91 292/297/94 279/284/85 
f 293/298/95 286/291/88 288/293/90 
f 288/293/90 294/299/96 293/298/95 
f 289/294/91 286/291/88 293/298/95 
f 293/298/95 295/300/97 289/294/91 
f 291/296/93 296/301/98 297/302/99 
f 297/302/99 298/303/100 291/296/93 
f 294/299/96 291/296/93 298/303/100 
f 298/303/100 299/304/101 294/299/96 
f 290/295/92 296/301/98 291/296/93 
f 288/293/90 291/296/93 294/299/96 
f 300/305/102 301/306/69 302/307/69 
f 302/307/69 295/300/97 300/305/102 
f 303/308/103 301/306/69 300/305/102 
f 300/305/102 294/299/96 303/308/103 
f 295/300/97 302/307/69 304/309/69 
f 304/309/69 292/297/94 295/300/97 
f 294/299/96 299/304/101 303/308/103 
f 294/299/96 300/305/102 295/300/97 
f 295/300/97 293/298/95 294/299/96 
f 292/297/94 305/310/69 281/286/69 
f 281/286/69 283/288/87 292/297/94 
f 292/297/94 283/288/87 279/284/85 
f 304/309/69 305/310/69 292/297/94 
f 295/300/97 292/297/94 289/294/91 
f 306/311/104 297/302/99 307/312/105 
f 307/312/105 308/313/106 306/311/104 
f 298/303/100 297/302/99 306/311/104 
f 306/311/104 309/314/107 298/303/100 
f 308/313/106 307/312/105 310/315/108 
f 310/315/108 311/316/109 308/313/106 
f 299/304/101 298/303/100 309/314/107 
f 309/314/107 312/317/110 299/304/101 
f 313/318/111 306/311/104 308/313/106 
f 308/313/106 314/319/112 313/318/111 
f 309/314/107 306/311/104 313/318/111 
f 313/318/111 315/320/113 309/314/107 
f 311/316/109 316/321/114 317/322/115 
f 317/322/115 318/323/116 311/316/109 
f 314/319/112 311/316/109 318/323/116 
f 318/323/116 319/324/117 314/319/112 
f 310/315/108 316/321/114 311/316/109 
f 308/313/106 311/316/109 314/319/112 
f 320/325/118 321/326/69 322/327/69 
f 322/327/69 315/320/113 320/325/118 
f 323/328/119 321/326/69 320/325/118 
f 320/325/118 314/319/112 323/328/119 
f 315/320/113 322/327/69 324/329/69 
f 324/329/69 312/317/110 315/320/113 
f 314/319/112 319/324/117 323/328/119 
f 314/319/112 320/325/118 315/320/113 
f 315/320/113 313/318/111 314/319/112 
f 312/317/110 325/330/69 301/306/69 
f 301/306/69 303/308/103 312/317/110 
f 312/317/110 303/308/103 299/304/101 
f 324/329/69 325/330/69 312/317/110 
f 315/320/113 312/317/110 309/314/107 
f 326/331/120 317/322/115 327/332/121 
f 327/332/121 328/333/122 326/331/120 
f 318/323/116 317/322/115 326/331/120 
f 326/331/120 329/334/123 318/323/116 
f 328/333/122 327/332/121 330/335/124 
f 330/335/124 331/336/125 328/333/122 
f 319/324/117 318/323/116 329/334/123 
f 329/334/123 332/337/126 319/324/117 
f 333/338/127 326/331/120 328/333/122 
f 328/333/122 334/339/128 333/338/127 
f 329/334/123 326/331/120 333/338/127 
f 333/338/127 335/340/129 329/334/123 
f 331/336/125 336/341/130 337/342/131 
f 337/342/131 338/343/132 331/336/125 
f 334/339/128 331/336/125 338/343/132 
f 338/343/132 339/344/133 334/339/128 
f 330/335/124 336/341/130 331/336/125 
f 328/333/122 331/336/125 334/339/128 
f 340/345/134 341/346/69 342/347/69 
f 342/347/69 335/340/129 340/345/134 
f 343/348/135 341/346/69 340/345/134 
f 340/345/134 334/339/128 343/348/135 
f 335/340/129 342/347/69 344/349/69 
f 344/349/69 332/337/126 335/340/129 
f 334/339/128 339/344/133 343/348/135 
f 334/339/128 340/345/134 335/340/129 
f 335/340/129 333/338/127 334/339/128 
f 332/337/126 345/350/69 321/326/69 
f 321/326/69 323/328/119 332/337/126 
f 332/337/126 323/328/119 319/324/117 
f 344/349/69 345/350/69 332/337/126 
f 335/340/129 332/337/126 329/334/123 
f 346/351/136 337/342/131 347/352/137 
f 347/352/137 348/353/138 346/351/136 
f 338/343/132 337/342/131 346/351/136 
f 346/351/136 349/354/139 338/343/132 
f 348/353/138 347/352/137 350/355/140 
f 350/355/140 351/356/141 348/353/138 
f 339/344/133 338/343/132 349/354/139 
f 349/354/139 352/357/142 339/344/133 
f 353/358/143 346/351/136 348/353/138 
f 348/353/138 354/359/144 353/358/143 
f 349/354/139 346/351/136 353/358/143 
f 353/358/143 355/360/145 349/354/139 
f 351/356/141 356/361/146 357/362/147 
f 357/362/147 358/363/148 351/356/141 
f 354/359/144 351/356/141 358/363/148 
f 358/363/148 359/364/149 354/359/144 
f 350/355/140 356/361/146 351/356/141 
f 348/353/138 351/356/141 354/359/144 
f 360/365/150 361/366/69 362/367/69 
f 362/367/69 355/360/145 360/365/150 
f 363/368/151 361/366/69 360/365/150 
f 360/365/150 354/359/144 363/368/151 
f 355/360/145 362/367/69 364/369/69 
f 364/369/69 352/357/142 355/360/145 
f 354/359/144 359/364/149 363/368/151 
f 354/359/144 360/365/150 355/360/145 
f 355/360/145 353/358/143 354/359/144 
f 352/357/142 365/370/69 341/346/69 
f 341/346/69 343/348/135 352/357/142 
f 352/357/142 343/348/135 339/344/133 
f 364/369/69 365/370/69 352/357/142 
f 355/360/145 352/357/142 349/354/139 
f 366/371/152 357/362/147 367/372/153 
f 367/372/153 368/373/154 366/371/152 
f 358/363/148 357/362/147 366/371/152 
f 366/371/152 369/374/155 358/363/148 
f 368/373/154 367/372/153 370/375/156 
f 370/375/156 371/376/157 368/373/154 
f 359/364/149 358/363/148 369/374/155 
f 369/374/155 372/377/158 359/364/149 
f 373/378/159 366/371/152 368/373/154 
f 368/373/154 374/379/160 373/378/159 
f 369/374/155 366/371/152 373/378/159 
f 373/378/159 375/380/161 369/374/155 
f 371/376/157 376/381/162 377/382/163 
f 377/382/163 378/383/164 371/376/157 
f 374/379/160 371/376/157 378/383/164 
f 378/383/164 379/384/165 374/379/160 
f 370/375/156 376/381/162 371/376/157 
f 368/373/154 371/376/157 374/379/160 
f 380/385/166 381/386/69 382/387/69 
f 382/387/69 375/380/161 380/385/166 
f 383/388/167 381/386/69 380/385/166 
f 380/385/166 374/379/160 383/388/167 
f 375/380/161 382/387/69 384/389/69 
f 384/389/69 372/377/158 375/380/161 
f 374/379/160 379/384/165 383/388/167 
f 374/379/160 380/385/166 375/380/161 
f 375/380/161 373/378/159 374/379/160 
f 372/377/158 385/390/69 361/366/69 
f 361/366/69 363/368/151 372/377/158 
f 372/377/158 363/368/151 359/364/149 
f 384/389/69 385/390/69 372/377/158 
f 375/380/161 372/377/158 369/374/155 
f 386/391/168 377/382/163 387/392/169 
f 387/392/169 388/393/170 386/391/168 
f 378/383/164 377/382/163 386/391/168 
f 386/391/168 389/394/171 378/383/164 
f 388/393/170 387/392/169 390/395/172 
f 390/395/172 391/396/173 388/393/170 
f 379/384/165 378/383/164 389/394/171 
f 389/394/171 392/397/174 379/384/165 
f 393/398/175 386/391/168 388/393/170 
f 388/393/170 394/399/176 393/398/175 
f 389/394/171 386/391/168 393/398/175 
f 393/398/175 395/400/177 389/394/171 
f 391/396/173 396/401/178 397/402/179 
f 397/402/179 398/403/180 391/396/173 
f 394/399/176 391/396/173 398/403/180 
f 398/403/180 399/404/181 394/399/176 
f 390/395/172 396/401/178 391/396/173 
f 388/393/170 391/396/173 394/399/176 
f 400/405/182 401/406/69 402/407/69 
f 402/407/69 395/400/177 400/405/182 
f 403/408/183 401/406/69 400/405/182 
f 400/405/182 394/399/176 403/408/183 
f 395/400/177 402/407/69 404/409/69 
f 404/409/69 392/397/174 395/400/177 
f 394/399/176 399/404/181 403/408/183 
f 394/399/176 400/405/182 395/400/177 
f 395/400/177 393/398/175 394/399/176 
f 392/397/174 405/410/69 381/386/69 
f 381/386/69 383/388/167 392/397/174 
f 392/397/174 383/388/167 379/384/165 
f 404/409/69 405/410/69 392/397/174 
f 395/400/177 392/397/174 389/394/171 
f 406/411/184 397/402/179 407/412/185 
f 407/412/185 408/413/186 406/411/184 
f 398/403/180 397/402/179 406/411/184 
f 406/411/184 409/414/187 398/403/180 
f 408/413/186 407/412/185 410/415/188 
f 410/415/188 411/416/189 408/413/186 
f 399/404/181 398/403/180 409/414/187 
f 409/414/187 412/417/190 399/404/181 
f 413/418/191 406/411/184 408/413/186 
f 408/413/186 414/419/192 413/418/191 
f 409/414/187 406/411/184 413/418/191 
f 413/418/191 415/420/193 409/414/187 
f 411/416/189 416/421/194 417/422/195 
f 417/422/195 418/423/196 411/416/189 
f 414/419/192 411/416/189 418/423/196 
f 418/423/196 419/424/197 414/419/192 
f 410/415/188 416/421/194 411/416/189 
f 408/413/186 411/416/189 414/419/192 
f 420/425/198 421/426/69 422/427/69 
f 422/427/69 415/420/193 420/425/198 
f 423/428/199 421/426/69 420/425/198 
f 420/425/198 414/419/192 423/428/199 
f 415/420/193 422/427/69 424/429/69 
f 424/429/69 412/417/190 415/420/193 
f 414/419/192 419/424/197 423/428/199 
f 414/419/192 420/425/198 415/420/193 
f 415/420/193 413/418/191 414/419/192 
f 412/417/190 425/430/69 401/406/69 
f 401/406/69 403/408/183 412/417/190 
f 412/417/190 403/408/183 399/404/181 
f 424/429/69 425/430/69 412/417/190 
f 415/420/193 412/417/190 409/414/187 
f 426/431/200 417/422/195 427/432/201 
f 427/432/201 428/433/202 426/431/200 
f 418/423/196 417/422/195 426/431/200 
f 426/431/200 429/434/203 418/423/196 
f 428/433/202 427/432/201 430/435/204 
f 430/435/204 431/436/205 428/433/202 
f 419/424/197 418/423/196 429/434/203 
f 429/434/203 432/437/206 419/424/197 
f 433/438/207 426/431/200 428/433/202 
f 428/433/202 434/439/208 433/438/207 
f 429/434/203 426/431/200 433/438/207 
f 433/438/207 435/440/209 429/434/203 
f 431/436/205 436/441/210 437/442/211 
f 437/442/211 438/443/212 431/436/205 
f 434/439/208 431/436/205 438/443/212 
f 438/443/212 439/444/213 434/439/208 
f 430/435/204 436/441/210 431/436/205 
f 428/433/202 431/436/205 434/439/208 
f 440/445/214 441/446/69 442/447/69 
f 442/447/69 435/440/209 440/445/214 
f 443/448/215 441/446/69 440/445/214 
f 440/445/214 434/439/208 443/448/215 
f 435/440/209 442/447/69 444/449/69 
f 444/449/69 432/437/206 435/440/209 
f 434/439/208 439/444/213 443/448/215 
f 434/439/208 440/445/214 435/440/209 
f 435/440/209 433/438/207 434/439/208 
f 432/437/206 445/450/69 421/426/69 
f 421/426/69 423/428/199 432/437/206 
f 432/437/206 423/428/199 419/424/197 
f 444/449/69 445/450/69 432/437/206 
f 435/440/209 432/437/206 429/434/203 
f 446/451/216 437/442/211 447/452/217 
f 447/452/217 448/453/218 446/451/216 
f 438/443/212 437/442/211 446/451/216 
f 446/451/216 449/454/219 438/443/212 
f 448/453/218 447/452/217 450/455/220 
f 450/455/220 451/456/221 448/453/218 
f 439/444/213 438/443/212 449/454/219 
f 449/454/219 452/457/222 439/444/213 
f 453/458/223 446/451/216 448/453/218 
f 448/453/218 454/459/224 453/458/223 
f 449/454/219 446/451/216 453/458/223 
f 453/458/223 455/460/225 449/454/219 
f 451/456/221 456/461/226 457/462/227 
f 457/462/227 458/463/228 451/456/221 
f 454/459/224 451/456/221 458/463/228 
f 458/463/228 459/464/229 454/459/224 
f 450/455/220 456/461/226 451/456/221 
f 448/453/218 451/456/221 454/459/224 
f 460/465/230 461/466/69 462/467/69 
f 462/467/69 455/460/225 460/465/230 
f 463/468/231 461/466/69 460/465/230 
f 460/465/230 454/459/224 463/468/231 
f 455/460/225 462/467/69 464/469/69 
f 464/469/69 452/457/222 455/460/225 
f 454/459/224 459/464/229 463/468/231 
f 454/459/224 460/465/230 455/460/225 
f 455/460/225 453/458/223 454/459/224 
f 452/457/222 465/470/69 441/446/69 
f 441/446/69 443/448/215 452/457/222 
f 452/457/222 443/448/215 439/444/213 
f 464/469/69 465/470/69 452/457/222 
f 455/460/225 452/457/222 449/454/219 
f 466/471/232 457/462/227 467/472/233 
f 467/472/233 468/473/234 466/471/232 
f 458/463/228 457/462/227 466/471/232 
f 466/471/232 469/474/235 458/463/228 
f 468/473/234 467/472/233 470/475/236 
f 470/475/236 471/476/237 468/473/234 
f 459/464/229 458/463/228 469/474/235 
f 469/474/235 472/477/238 459/464/229 
f 473/478/239 466/471/232 468/473/234 
f 468/473/234 474/479/240 473/478/239 
f 469/474/235 466/471/232 473/478/239 
f 473/478/239 475/480/241 469/474/235 
f 471/476/237 476/481/242 242/247/52 
f 242/247/52 245/250/55 471/476/237 
f 474/479/240 471/476/237 245/250/55 
f 245/250/55 249/254/59 474/479/240 
f 470/475/236 476/481/242 471/476/237 
f 468/473/234 471/476/237 474/479/240 
f 477/482/243 264/269/69 478/483/69 
f 478/483/69 475/480/241 477/482/243 
f 265/270/71 264/269/69 477/482/243 
f 477/482/243 474/479/240 265/270/71 
f 475/480/241 478/483/69 479/484/69 
f 479/484/69 472/477/238 475/480/241 
f 474/479/240 249/254/59 265/270/71 
f 474/479/240 477/482/243 475/480/241 
f 475/480/241 473/478/239 474/479/240 
f 472/477/238 480/485/69 461/466/69 
f 461/466/69 463/468/231 472/477/238 
f 472/477/238 463/468/231 459/464/229 
f 479/484/69 480/485/69 472/477/238 
f 475/480/241 472/477/238 469/474/235 
f 481/486/244 482/487/245 483/488/246 
f 483/488/246 484/489/247 481/486/244 
f 485/490/248 482/487/245 481/486/244 
f 481/486/244 486/491/249 485/490/248 
f 484/489/247 483/488/246 487/492/250 
f 487/492/250 488/493/251 484/489/247 
f 489/494/252 485/490/248 486/491/249 
f 486/491/249 490/495/253 489/494/252 
f 491/496/254 481/486/244 484/489/247 
f 484/489/247 492/497/255 491/496/254 
f 486/491/249 481/486/244 491/496/254 
f 491/496/254 493/498/256 486/491/249 
f 488/493/251 494/499/257 495/500/258 
f 495/500/258 496/501/259 488/493/251 
f 492/497/255 488/493/251 496/501/259 
f 496/501/259 497/502/260 492/497/255 
f 487/492/250 494/499/257 488/493/251 
f 484/489/247 488/493/251 492/497/255 
f 498/503/261 499/504/262 500/505/262 
f 500/505/262 493/498/256 498/503/261 
f 501/506/263 499/504/262 498/503/261 
f 498/503/261 492/497/255 501/506/263 
f 493/498/256 500/505/262 502/507/262 
f 502/507/262 490/495/253 493/498/256 
f 492/497/255 497/502/260 501/506/263 
f 492/497/255 498/503/261 493/498/256 
f 493/498/256 491/496/254 492/497/255 
f 490/495/253 503/508/262 504/509/262 
f 504/509/262 505/510/264 490/495/253 
f 490/495/253 505/510/264 489/494/252 
f 502/507/262 503/508/262 490/495/253 
f 493/498/256 490/495/253 486/491/249 
f 506/511/265 495/500/258 507/512/266 
f 507/512/266 508/513/267 506/511/265 
f 496/501/259 495/500/258 506/511/265 
f 506/511/265 509/514/268 496/501/259 
f 508/513/267 507/512/266 510/515/269 
f 510/515/269 511/516/270 508/513/267 
f 497/502/260 496/501/259 509/514/268 
f 509/514/268 512/517/271 497/502/260 
f 513/518/272 506/511/265 508/513/267 
f 508/513/267 514/519/273 513/518/272 
f 509/514/268 506/511/265 513/518/272 
f 513/518/272 515/520/274 509/514/268 
f 511/516/270 516/521/275 517/522/276 
f 517/522/276 518/523/277 511/516/270 
f 514/519/273 511/516/270 518/523/277 
f 518/523/277 519/524/278 514/519/273 
f 510/515/269 516/521/275 511/516/270 
f 508/513/267 511/516/270 514/519/273 
f 520/525/279 521/526/262 522/527/262 
f 522/527/262 515/520/274 520/525/279 
f 523/528/280 521/526/262 520/525/279 
f 520/525/279 514/519/273 523/528/280 
f 515/520/274 522/527/262 524/529/262 
f 524/529/262 512/517/271 515/520/274 
f 514/519/273 519/524/278 523/528/280 
f 514/519/273 520/525/279 515/520/274 
f 515/520/274 513/518/272 514/519/273 
f 512/517/271 525/530/262 499/504/262 
f 499/504/262 501/506/263 512/517/271 
f 512/517/271 501/506/263 497/502/260 
f 524/529/262 525/530/262 512/517/271 
f 515/520/274 512/517/271 509/514/268 
f 526/531/281 517/522/276 527/532/282 
f 527/532/282 528/533/283 526/531/281 
f 518/523/277 517/522/276 526/531/281 
f 526/531/281 529/534/284 518/523/277 
f 528/533/283 527/532/282 530/535/285 
f 530/535/285 531/536/286 528/533/283 
f 519/524/278 518/523/277 529/534/284 
f 529/534/284 532/537/287 519/524/278 
f 533/538/288 526/531/281 528/533/283 
f 528/533/283 534/539/289 533/538/288 
f 529/534/284 526/531/281 533/538/288 
f 533/538/288 535/540/290 529/534/284 
f 531/536/286 536/541/291 537/542/292 
f 537/542/292 538/543/293 531/536/286 
f 534/539/289 531/536/286 538/543/293 
f 538/543/293 539/544/294 534/539/289 
f 530/535/285 536/541/291 531/536/286 
f 528/533/283 531/536/286 534/539/289 
f 540/545/295 541/546/262 542/547/262 
f 542/547/262 535/540/290 540/545/295 
f 543/548/296 541/546/262 540/545/295 
f 540/545/295 534/539/289 543/548/296 
f 535/540/290 542/547/262 544/549/262 
f 544/549/262 532/537/287 535/540/290 
f 534/539/289 539/544/294 543/548/296 
f 534/539/289 540/545/295 535/540/290 
f 535/540/290 533/538/288 534/539/289 
f 532/537/287 545/550/262 521/526/262 
f 521/526/262 523/528/280 532/537/287 
f 532/537/287 523/528/280 519/524/278 
f 544/549/262 545/550/262 532/537/287 
f 535/540/290 532/537/287 529/534/284 
f 546/551/297 537/542/292 547/552/298 
f 547/552/298 548/553/299 546/551/297 
f 538/543/293 537/542/292 546/551/297 
f 546/551/297 549/554/300 538/543/293 
f 548/553/299 547/552/298 550/555/301 
f 550/555/301 551/556/302 548/553/299 
f 539/544/294 538/543/293 549/554/300 
f 549/554/300 552/557/303 539/544/294 
f 553/558/304 546/551/297 548/553/299 
f 548/553/299 554/559/305 553/558/304 
f 549/554/300 546/551/297 553/558/304 
f 553/558/304 555/560/306 549/554/300 
f 551/556/302 556/561/307 557/562/308 
f 557/562/308 558/563/309 551/556/302 
f 554/559/305 551/556/302 558/563/309 
f 558/563/309 559/564/310 554/559/305 
f 550/555/301 556/561/307 551/556/302 
f 548/553/299 551/556/302 554/559/305 
f 560/565/311 561/566/262 562/567/262 
f 562/567/262 555/560/306 560/565/311 
f 563/568/312 561/566/262 560/565/311 
f 560/565/311 554/559/305 563/568/312 
f 555/560/306 562/567/262 564/569/262 
f 564/569/262 552/557/303 555/560/306 
f 554/559/305 559/564/310 563/568/312 
f 554/559/305 560/565/311 555/560/306 
f 555/560/306 553/558/304 554/559/305 
f 552/557/303 565/570/262 541/546/262 
f 541/546/262 543/548/296 552/557/303 
f 552/557/303 543/548/296 539/544/294 
f 564/569/262 565/570/262 552/557/303 
f 555/560/306 552/557/303 549/554/300 
f 566/571/313 557/562/308 567/572/314 
f 567/572/314 568/573/315 566/571/313 
f 558/563/309 557/562/308 566/571/313 
f 566/571/313 569/574/316 558/563/309 
f 568/573/315 567/572/314 570/575/317 
f 570/575/317 571/576/318 568/573/315 
f 559/564/310 558/563/309 569/574/316 
f 569/574/316 572/577/319 559/564/310 
f 573/578/320 566/571/313 568/573/315 
f 568/573/315 574/579/321 573/578/320 
f 569/574/316 566/571/313 573/578/320 
f 573/578/320 575/580/322 569/574/316 
f 571/576/318 576/581/323 577/582/324 
f 577/582/324 578/583/325 571/576/318 
f 574/579/321 571/576/318 578/583/325 
f 578/583/325 579/584/326 574/579/321 
f 570/575/317 576/581/323 571/576/318 
f 568/573/315 571/576/318 574/579/321 
f 580/585/327 581/586/262 582/587/262 
f 582/587/262 575/580/322 580/585/327 
f 583/588/328 581/586/262 580/585/327 
f 580/585/327 574/579/321 583/588/328 
f 575/580/322 582/587/262 584/589/262 
f 584/589/262 572/577/319 575/580/322 
f 574/579/321 579/584/326 583/588/328 
f 574/579/321 580/585/327 575/580/322 
f 575/580/322 573/578/320 574/579/321 
f 572/577/319 585/590/262 561/566/262 
f 561/566/262 563/568/312 572/577/319 
f 572/577/319 563/568/312 559/564/310 
f 584/589/262 585/590/262 572/577/319 
f 575/580/322 572/577/319 569/574/316 
f 586/591/329 577/582/324 587/592/330 
f 587/592/330 588/593/331 586/591/329 
f 578/583/325 577/582/324 586/591/329 
f 586/591/329 589/594/332 578/583/325 
f 588/593/331 587/592/330 590/595/333 
f 590/595/333 591/596/334 588/593/331 
f 579/584/326 578/583/325 589/594/332 
f 589/594/332 592/597/335 579/584/326 
f 593/598/336 586/591/329 588/593/331 
f 588/593/331 594/599/337 593/598/336 
f 589/594/332 586/591/329 593/598/336 
f 593/598/336 595/600/338 589/594/332 
f 591/596/334 596/601/339 597/602/340 
f 597/602/340 598/603/341 591/596/334 
f 594/599/337 591/596/334 598/603/341 
f 598/603/341 599/604/342 594/599/337 
f 590/595/333 596/601/339 591/596/334 
f 588/593/331 591/596/334 594/599/337 
f 600/605/343 601/606/262 602/607/262 
f 602/607/262 595/600/338 600/605/343 
f 603/608/344 601/606/262 600/605/343 
f 600/605/343 594/599/337 603/608/344 
f 595/600/338 602/607/262 604/609/262 
f 604/609/262 592/597/335 595/600/338 
f 594/599/337 599/604/342 603/608/344 
f 594/599/337 600/605/343 595/600/338 
f 595/600/338 593/598/336 594/599/337 
f 592/597/335 605/610/262 581/586/262 
f 581/586/262 583/588/328 592/597/335 
f 592/597/335 583/588/328 579/584/326 
f 604/609/262 605/610/262 592/597/335 
f 595/600/338 592/597/335 589/594/332 
f 606/611/345 597/602/340 607/612/346 
f 607/612/346 608/613/347 606/611/345 
f 598/603/341 597/602/340 606/611/345 
f 606/611/345 609/614/348 598/603/341 
f 608/613/347 607/612/346 610/615/349 
f 610/615/349 611/616/350 608/613/347 
f 599/604/342 598/603/341 609/614/348 
f 609/614/348 612/617/351 599/604/342 
f 613/618/352 606/611/345 608/613/347 
f 608/613/347 614/619/353 613/618/352 
f 609/614/348 606/611/345 613/618/352 
f 613/618/352 615/620/354 609/614/348 
f 611/616/350 616/621/355 617/622/356 
f 617/622/356 618/623/357 611/616/350 
f 614/619/353 611/616/350 618/623/357 
f 618/623/357 619/624/358 614/619/353 
f 610/615/349 616/621/355 611/616/350 
f 608/613/347 611/616/350 614/619/353 
f 620/625/359 621/626/262 622/627/262 
f 622/627/262 615/620/354 620/625/359 
f 623/628/360 621/626/262 620/625/359 
f 620/625/359 614/619/353 623/628/360 
f 615/620/354 622/627/262 624/629/262 
f 624/629/262 612/617/351 615/620/354 
f 614/619/353 619/624/358 623/628/360 
f 614/619/353 620/625/359 615/620/354 
f 615/620/354 613/618/352 614/619/353 
f 612/617/351 625/630/262 601/606/262 
f 601/606/262 603/608/344 612/617/351 
f 612/617/351 603/608/344 599/604/342 
f 624/629/262 625/630/262 612/617/351 
f 615/620/354 612/617/351 609/614/348 
f 626/631/361 617/622/356 627/632/362 
f 627/632/362 628/633/363 626/631/361 
f 618/623/357 617/622/356 626/631/361 
f 626/631/361 629/634/364 618/623/357 
f 628/633/363 627/632/362 630/635/365 
f 630/635/365 631/636/366 628/633/363 
f 619/624/358 618/623/357 629/634/364 
f 629/634/364 632/637/367 619/624/358 
f 633/638/368 626/631/361 628/633/363 
f 628/633/363 634/639/369 633/638/368 
f 629/634/364 626/631/361 633/638/368 
f 633/638/368 635/640/370 629/634/364 
f 631/636/366 636/641/371 637/642/372 
f 637/642/372 638/643/373 631/636/366 
f 634/639/369 631/636/366 638/643/373 
f 638/643/373 639/644/374 634/639/369 
f 630/635/365 636/641/371 631/636/366 
f 628/633/363 631/636/366 634/639/369 
f 640/645/375 641/646/262 642/647/262 
f 642/647/262 635/640/370 640/645/375 
f 643/648/376 641/646/262 640/645/375 
f 640/645/375 634/639/369 643/648/376 
f 635/640/370 642/647/262 644/649/262 
f 644/649/262 632/637/367 635/640/370 
f 634/639/369 639/644/374 643/648/376 
f 634/639/369 640/645/375 635/640/370 
f 635/640/370 633/638/368 634/639/369 
f 632/637/367 645/650/262 621/626/262 
f 621/626/262 623/628/360 632/637/367 
f 632/637/367 623/628/360 619/624/358 
f 644/649/262 645/650/262 632/637/367 
f 635/640/370 632/637/367 629/634/364 
f 646/651/377 637/642/372 647/652/378 
f 647/652/378 648/653/379 646/651/377 
f 638/643/373 637/642/372 646/651/377 
f 646/651/377 649/654/380 638/643/373 
f 648/653/379 647/652/378 650/655/381 
f 650/655/381 651/656/382 648/653/379 
f 639/644/374 638/643/373 649/654/380 
f 649/654/380 652/657/383 639/644/374 
f 653/658/384 646/651/377 648/653/379 
f 648/653/379 654/659/385 653/658/384 
f 649/654/380 646/651/377 653/658/384 
f 653/658/384 655/660/386 649/654/380 
f 651/656/382 656/661/387 657/662/388 
f 657/662/388 658/663/389 651/656/382 
f 654/659/385 651/656/382 658/663/389 
f 658/663/389 659/664/390 654/659/385 
f 650/655/381 656/661/387 651/656/382 
f 648/653/379 651/656/382 654/659/385 
f 660/665/391 661/666/262 662/667/262 
f 662/667/262 655/660/386 660/665/391 
f 663/668/392 661/666/262 660/665/391 
f 660/665/391 654/659/385 663/668/392 
f 655/660/386 662/667/262 664/669/262 
f 664/669/262 652/657/383 655/660/386 
f 654/659/385 659/664/390 663/668/392 
f 654/659/385 660/665/391 655/660/386 
f 655/660/386 653/658/384 654/659/385 
f 652/657/383 665/670/262 641/646/262 
f 641/646/262 643/648/376 652/657/383 
f 652/657/383 643/648/376 639/644/374 
f 664/669/262 665/670/262 652/657/383 
f 655/660/386 652/657/383 649/654/380 
f 666/671/393 657/662/388 667/672/394 
f 667/672/394 668/673/395 666/671/393 
f 658/663/389 657/662/388 666/671/393 
f 666/671/393 669/674/396 658/663/389 
f 668/673/395 667/672/394 670/675/397 
f 670/675/397 671/676/398 668/673/395 
f 659/664/390 658/663/389 669/674/396 
f 669/674/396 672/677/399 659/664/390 
f 673/678/400 666/671/393 668/673/395 
f 668/673/395 674/679/401 673/678/400 
f 669/674/396 666/671/393 673/678/400 
f 673/678/400 675/680/402 669/674/396 
f 671/676/398 676/681/403 677/682/404 
f 677/682/404 678/683/405 671/676/398 
f 674/679/401 671/676/398 678/683/405 
f 678/683/405 679/684/406 674/679/401 
f 670/675/397 676/681/403 671/676/398 
f 668/673/395 671/676/398 674/679/401 
f 680/685/407 681/686/262 682/687/262 
f 682/687/262 675/680/402 680/685/407 
f 683/688/408 681/686/262 680/685/407 
f 680/685/407 674/679/401 683/688/408 
f 675/680/402 682/687/262 684/689/262 
f 684/689/262 672/677/399 675/680/402 
f 674/679/401 679/684/406 683/688/408 
f 674/679/401 680/685/407 675/680/402 
f 675/680/402 673/678/400 674/679/401 
f 672/677/399 685/690/262 661/666/262 
f 661/666/262 663/668/392 672/677/399 
f 672/677/399 663/668/392 659/664/390 
f 684/689/262 685/690/262 672/677/399 
f 675/680/402 672/677/399 669/674/396 
f 686/691/409 677/682/404 687/692/410 
f 687/692/410 688/693/411 686/691/409 
f 678/683/405 677/682/404 686/691/409 
f 686/691/409 689/694/412 678/683/405 
f 688/693/411 687/692/410 690/695/413 
f 690/695/413 691/696/414 688/693/411 
f 679/684/406 678/683/405 689/694/412 
f 689/694/412 692/697/415 679/684/406 
f 693/698/416 686/691/409 688/693/411 
f 688/693/411 694/699/417 693/698/416 
f 689/694/412 686/691/409 693/698/416 
f 693/698/416 695/700/418 689/694/412 
f 691/696/414 696/701/419 697/702/420 
f 697/702/420 698/703/421 691/696/414 
f 694/699/417 691/696/414 698/703/421 
f 698/703/421 699/704/422 694/699/417 
f 690/695/413 696/701/419 691/696/414 
f 688/693/411 691/696/414 694/699/417 
f 700/705/423 701/706/262 702/707/262 
f 702/707/262 695/700/418 700/705/423 
f 703/708/424 701/706/262 700/705/423 
f 700/705/423 694/699/417 703/708/424 
f 695/700/418 702/707/262 704/709/262 
f 704/709/262 692/697/415 695/700/418 
f 694/699/417 699/704/422 703/708/424 
f 694/699/417 700/705/423 695/700/418 
f 695/700/418 693/698/416 694/699/417 
f 692/697/415 705/710/262 681/686/262 
f 681/686/262 683/688/408 692/697/415 
f 692/697/415 683/688/408 679/684/406 
f 704/709/262 705/710/262 692/697/415 
f 695/700/418 692/697/415 689/694/412 
f 706/711/425 697/702/420 707/712/426 
f 707/712/426 708/713/427 706/711/425 
f 698/703/421 697/702/420 706/711/425 
f 706/711/425 709/714/428 698/703/421 
f 708/713/427 707/712/426 710/715/429 
f 710/715/429 711/716/430 708/713/427 
f 699/704/422 698/703/421 709/714/428 
f 709/714/428 712/717/431 699/704/422 
f 713/718/432 706/711/425 708/713/427 
f 708/713/427 714/719/433 713/718/432 
f 709/714/428 706/711/425 713/718/432 
f 713/718/432 715/720/434 709/714/428 
f 711/716/430 716/721/435 482/487/245 
f 482/487/245 485/490/248 711/716/430 
f 714/719/433 711/716/430 485/490/248 
f 485/490/248 489/494/252 714/719/433 
f 710/715/429 716/721/435 711/716/430 
f 708/713/427 711/716/430 714/719/433 
f 717/722/436 504/509/262 718/723/262 
f 718/723/262 715/720/434 717/722/436 
f 505/510/264 504/509/262 717/722/436 
f 717/722/436 714/719/433 505/510/264 
f 715/720/434 718/723/262 719/724/262 
f 719/724/262 712/717/431 715/720/434 
f 714/719/433 489/494/252 505/510/264 
f 714/719/433 717/722/436 715/720/434 
f 715/720/434 713/718/432 714/719/433 
f 712/717/431 720/725/262 701/706/262 
f 701/706/262 703/708/424 712/717/431 
f 712/717/431 703/708/424 699/704/422 
f 719/724/262 720/725/262 712/717/431 
f 715/720/434 712/717/431 709/714/428 
s 16777216
f 721/726/437 264/727/438 263/728/439 
f 263/728/439 722/729/440 721/726/437 
f 723/730/441 264/727/438 721/726/437 
f 721/726/437 724/731/442 723/730/441 
f 722/729/440 263/728/439 262/732/443 
f 262/732/443 725/733/444 722/729/440 
f 726/734/445 723/730/441 724/731/442 
f 724/731/442 727/735/446 726/734/445 
f 728/736/447 721/726/437 722/729/440 
f 722/729/440 729/737/448 728/736/447 
f 724/731/442 721/726/437 728/736/447 
f 728/736/447 730/738/449 724/731/442 
f 725/733/444 260/739/450 259/740/69 
f 259/740/69 285/741/451 725/733/444 
f 729/737/448 725/733/444 285/741/451 
f 285/741/451 284/742/452 729/737/448 
f 262/732/443 260/739/450 725/733/444 
f 722/729/440 725/733/444 729/737/448 
f 731/743/453 281/744/454 732/745/455 
f 732/745/455 730/738/449 731/743/453 
f 282/746/456 281/744/454 731/743/453 
f 731/743/453 729/737/448 282/746/456 
f 730/738/449 732/745/455 733/747/457 
f 733/747/457 727/735/446 730/738/449 
f 729/737/448 284/742/452 282/746/456 
f 729/737/448 731/743/453 730/738/449 
f 730/738/449 728/736/447 729/737/448 
f 734/748/458 727/735/446 735/749/459 
f 735/749/459 736/750/69 734/748/458 
f 727/735/446 734/748/458 726/734/445 
f 733/747/457 735/749/459 727/735/446 
f 730/738/449 727/735/446 724/731/442 
f 737/751/460 281/744/454 305/752/461 
f 305/752/461 738/753/462 737/751/460 
f 732/745/455 281/744/454 737/751/460 
f 737/751/460 739/754/463 732/745/455 
f 738/753/462 305/752/461 304/755/464 
f 304/755/464 740/756/465 738/753/462 
f 733/747/457 732/745/455 739/754/463 
f 739/754/463 741/757/466 733/747/457 
f 742/758/467 737/751/460 738/753/462 
f 738/753/462 743/759/468 742/758/467 
f 739/754/463 737/751/460 742/758/467 
f 742/758/467 744/760/469 739/754/463 
f 740/756/465 302/761/470 301/762/69 
f 301/762/69 325/763/471 740/756/465 
f 743/759/468 740/756/465 325/763/471 
f 325/763/471 324/764/472 743/759/468 
f 304/755/464 302/761/470 740/756/465 
f 738/753/462 740/756/465 743/759/468 
f 745/765/473 321/766/474 746/767/475 
f 746/767/475 744/760/469 745/765/473 
f 322/768/476 321/766/474 745/765/473 
f 745/765/473 743/759/468 322/768/476 
f 744/760/469 746/767/475 747/769/477 
f 747/769/477 741/757/466 744/760/469 
f 743/759/468 324/764/472 322/768/476 
f 743/759/468 745/765/473 744/760/469 
f 744/760/469 742/758/467 743/759/468 
f 735/749/459 741/757/466 748/770/478 
f 748/770/478 736/750/69 735/749/459 
f 741/757/466 735/749/459 733/747/457 
f 747/769/477 748/770/478 741/757/466 
f 744/760/469 741/757/466 739/754/463 
f 749/771/479 321/766/474 345/772/480 
f 345/772/480 750/773/481 749/771/479 
f 746/767/475 321/766/474 749/771/479 
f 749/771/479 751/774/482 746/767/475 
f 750/773/481 345/772/480 344/775/483 
f 344/775/483 752/776/484 750/773/481 
f 747/769/477 746/767/475 751/774/482 
f 751/774/482 753/777/485 747/769/477 
f 754/778/486 749/771/479 750/773/481 
f 750/773/481 755/779/487 754/778/486 
f 751/774/482 749/771/479 754/778/486 
f 754/778/486 756/780/488 751/774/482 
f 752/776/484 342/781/489 341/782/69 
f 341/782/69 365/783/490 752/776/484 
f 755/779/487 752/776/484 365/783/490 
f 365/783/490 364/784/491 755/779/487 
f 344/775/483 342/781/489 752/776/484 
f 750/773/481 752/776/484 755/779/487 
f 757/785/492 361/786/493 758/787/494 
f 758/787/494 756/780/488 757/785/492 
f 362/788/495 361/786/493 757/785/492 
f 757/785/492 755/779/487 362/788/495 
f 756/780/488 758/787/494 759/789/496 
f 759/789/496 753/777/485 756/780/488 
f 755/779/487 364/784/491 362/788/495 
f 755/779/487 757/785/492 756/780/488 
f 756/780/488 754/778/486 755/779/487 
f 748/770/478 753/777/485 760/790/497 
f 760/790/497 736/750/69 748/770/478 
f 753/777/485 748/770/478 747/769/477 
f 759/789/496 760/790/497 753/777/485 
f 756/780/488 753/777/485 751/774/482 
f 761/791/498 361/786/493 385/792/499 
f 385/792/499 762/793/500 761/791/498 
f 758/787/494 361/786/493 761/791/498 
f 761/791/498 763/794/501 758/787/494 
f 762/793/500 385/792/499 384/795/502 
f 384/795/502 764/796/503 762/793/500 
f 759/789/496 758/787/494 763/794/501 
f 763/794/501 765/797/504 759/789/496 
f 766/798/505 761/791/498 762/793/500 
f 762/793/500 767/799/506 766/798/505 
f 763/794/501 761/791/498 766/798/505 
f 766/798/505 768/800/507 763/794/501 
f 764/796/503 382/801/508 381/802/69 
f 381/802/69 405/803/509 764/796/503 
f 767/799/506 764/796/503 405/803/509 
f 405/803/509 404/804/510 767/799/506 
f 384/795/502 382/801/508 764/796/503 
f 762/793/500 764/796/503 767/799/506 
f 769/805/511 401/806/512 770/807/513 
f 770/807/513 768/800/507 769/805/511 
f 402/808/514 401/806/512 769/805/511 
f 769/805/511 767/799/506 402/808/514 
f 768/800/507 770/807/513 771/809/515 
f 771/809/515 765/797/504 768/800/507 
f 767/799/506 404/804/510 402/808/514 
f 767/799/506 769/805/511 768/800/507 
f 768/800/507 766/798/505 767/799/506 
f 760/790/497 765/797/504 772/810/516 
f 772/810/516 736/750/69 760/790/497 
f 765/797/504 760/790/497 759/789/496 
f 771/809/515 772/810/516 765/797/504 
f 768/800/507 765/797/504 763/794/501 
f 773/811/517 401/806/512 425/812/518 
f 425/812/518 774/813/519 773/811/517 
f 770/807/513 401/806/512 773/811/517 
f 773/811/517 775/814/520 770/807/513 
f 774/813/519 425/812/518 424/815/521 
f 424/815/521 776/816/522 774/813/519 
f 771/809/515 770/807/513 775/814/520 
f 775/814/520 777/817/523 771/809/515 
f 778/818/524 773/811/517 774/813/519 
f 774/813/519 779/819/525 778/818/524 
f 775/814/520 773/811/517 778/818/524 
f 778/818/524 780/820/526 775/814/520 
f 776/816/522 422/821/527 421/822/69 
f 421/822/69 445/823/528 776/816/522 
f 779/819/525 776/816/522 445/823/528 
f 445/823/528 444/824/529 779/819/525 
f 424/815/521 422/821/527 776/816/522 
f 774/813/519 776/816/522 779/819/525 
f 781/825/530 441/826/531 782/827/532 
f 782/827/532 780/820/526 781/825/530 
f 442/828/533 441/826/531 781/825/530 
f 781/825/530 779/819/525 442/828/533 
f 780/820/526 782/827/532 783/829/534 
f 783/829/534 777/817/523 780/820/526 
f 779/819/525 444/824/529 442/828/533 
f 779/819/525 781/825/530 780/820/526 
f 780/820/526 778/818/524 779/819/525 
f 772/810/516 777/817/523 784/830/535 
f 784/830/535 736/750/69 772/810/516 
f 777/817/523 772/810/516 771/809/515 
f 783/829/534 784/830/535 777/817/523 
f 780/820/526 777/817/523 775/814/520 
f 785/831/536 441/826/531 465/832/537 
f 465/832/537 786/833/538 785/831/536 
f 782/827/532 441/826/531 785/831/536 
f 785/831/536 787/834/539 782/827/532 
f 786/833/538 465/832/537 464/835/540 
f 464/835/540 788/836/541 786/833/538 
f 783/829/534 782/827/532 787/834/539 
f 787/834/539 789/837/542 783/829/534 
f 790/838/543 785/831/536 786/833/538 
f 786/833/538 791/839/544 790/838/543 
f 787/834/539 785/831/536 790/838/543 
f 790/838/543 792/840/545 787/834/539 
f 788/836/541 462/841/546 461/842/69 
f 461/842/69 480/843/547 788/836/541 
f 791/839/544 788/836/541 480/843/547 
f 480/843/547 479/844/548 791/839/544 
f 464/835/540 462/841/546 788/836/541 
f 786/833/538 788/836/541 791/839/544 
f 793/845/549 264/727/438 723/730/441 
f 723/730/441 792/840/545 793/845/549 
f 478/846/550 264/727/438 793/845/549 
f 793/845/549 791/839/544 478/846/550 
f 792/840/545 723/730/441 726/734/445 
f 726/734/445 789/837/542 792/840/545 
f 791/839/544 479/844/548 478/846/550 
f 791/839/544 793/845/549 792/840/545 
f 792/840/545 790/838/543 791/839/544 
f 784/830/535 789/837/542 734/748/458 
f 734/748/458 736/750/69 784/830/535 
f 789/837/542 784/830/535 783/829/534 
f 726/734/445 734/748/458 789/837/542 
f 792/840/545 789/837/542 787/834/539 
s 16
f 794/847/262 504/848/262 503/849/262 
f 503/849/262 795/850/262 794/847/262 
f 796/851/262 504/848/262 794/847/262 
f 794/847/262 797/852/262 796/851/262 
f 795/850/262 503/849/262 502/853/262 
f 502/853/262 798/854/262 795/850/262 
f 799/855/262 796/851/262 797/852/262 
f 797/852/262 800/856/262 799/855/262 
f 801/857/262 794/847/262 795/850/262 
f 795/850/262 802/858/262 801/857/262 
f 797/852/262 794/847/262 801/857/262 
f 801/857/262 803/859/262 797/852/262 
f 798/854/262 500/860/262 499/861/262 
f 499/861/262 525/862/262 798/854/262 
f 802/858/262 798/854/262 525/862/262 
f 525/862/262 524/863/262 802/858/262 
f 502/853/262 500/860/262 798/854/262 
f 795/850/262 798/854/262 802/858/262 
f 804/864/262 521/865/262 805/866/262 
f 805/866/262 803/859/262 804/864/262 
f 522/867/262 521/865/262 804/864/262 
f 804/864/262 802/858/262 522/867/262 
f 803/859/262 805/866/262 806/868/262 
f 806/868/262 800/856/262 803/859/262 
f 802/858/262 524/863/262 522/867/262 
f 802/858/262 804/864/262 803/859/262 
f 803/859/262 801/857/262 802/858/262 
f 807/869/262 800/856/262 808/870/262 
f 808/870/262 809/871/262 807/869/262 
f 800/856/262 807/869/262 799/855/262 
f 806/868/262 808/870/262 800/856/262 
f 803/859/262 800/856/262 797/852/262 
f 810/872/262 521/865/262 545/873/262 
f 545/873/262 811/874/262 810/872/262 
f 805/866/262 521/865/262 810/872/262 
f 810/872/262 812/875/262 805/866/262 
f 811/874/262 545/873/262 544/876/262 
f 544/876/262 813/877/262 811/874/262 
f 806/868/262 805/866/262 812/875/262 
f 812/875/262 814/878/262 806/868/262 
f 815/879/262 810/872/262 811/874/262 
f 811/874/262 816/880/262 815/879/262 
f 812/875/262 810/872/262 815/879/262 
f 815/879/262 817/881/262 812/875/262 
f 813/877/262 542/882/262 541/883/262 
f 541/883/262 565/884/262 813/877/262 
f 816/880/262 813/877/262 565/884/262 
f 565/884/262 564/885/262 816/880/262 
f 544/876/262 542/882/262 813/877/262 
f 811/874/262 813/877/262 816/880/262 
f 818/886/262 561/887/262 819/888/262 
f 819/888/262 817/881/262 818/886/262 
f 562/889/262 561/887/262 818/886/262 
f 818/886/262 816/880/262 562/889/262 
f 817/881/262 819/888/262 820/890/262 
f 820/890/262 814/878/262 817/881/262 
f 816/880/262 564/885/262 562/889/262 
f 816/880/262 818/886/262 817/881/262 
f 817/881/262 815/879/262 816/880/262 
f 808/870/262 814/878/262 821/891/262 
f 821/891/262 809/871/262 808/870/262 
f 814/878/262 808/870/262 806/868/262 
f 820/890/262 821/891/262 814/878/262 
f 817/881/262 814/878/262 812/875/262 
f 822/892/262 561/887/262 585/893/262 
f 585/893/262 823/894/262 822/892/262 
f 819/888/262 561/887/262 822/892/262 
f 822/892/262 824/895/262 819/888/262 
f 823/894/262 585/893/262 584/896/262 
f 584/896/262 825/897/262 823/894/262 
f 820/890/262 819/888/262 824/895/262 
f 824/895/262 826/898/262 820/890/262 
f 827/899/262 822/892/262 823/894/262 
f 823/894/262 828/900/262 827/899/262 
f 824/895/262 822/892/262 827/899/262 
f 827/899/262 829/901/262 824/895/262 
f 825/897/262 582/902/262 581/903/262 
f 581/903/262 605/904/262 825/897/262 
f 828/900/262 825/897/262 605/904/262 
f 605/904/262 604/905/262 828/900/262 
f 584/896/262 582/902/262 825/897/262 
f 823/894/262 825/897/262 828/900/262 
f 830/906/262 601/907/262 831/908/262 
f 831/908/262 829/901/262 830/906/262 
f 602/909/262 601/907/262 830/906/262 
f 830/906/262 828/900/262 602/909/262 
f 829/901/262 831/908/262 832/910/262 
f 832/910/262 826/898/262 829/901/262 
f 828/900/262 604/905/262 602/909/262 
f 828/900/262 830/906/262 829/901/262 
f 829/901/262 827/899/262 828/900/262 
f 821/891/262 826/898/262 833/911/262 
f 833/911/262 809/871/262 821/891/262 
f 826/898/262 821/891/262 820/890/262 
f 832/910/262 833/911/262 826/898/262 
f 829/901/262 826/898/262 824/895/262 
f 834/912/262 601/907/262 625/913/262 
f 625/913/262 835/914/262 834/912/262 
f 831/908/262 601/907/262 834/912/262 
f 834/912/262 836/915/262 831/908/262 
f 835/914/262 625/913/262 624/916/262 
f 624/916/262 837/917/262 835/914/262 
f 832/910/262 831/908/262 836/915/262 
f 836/915/262 838/918/262 832/910/262 
f 839/919/262 834/912/262 835/914/262 
f 835/914/262 840/920/262 839/919/262 
f 836/915/262 834/912/262 839/919/262 
f 839/919/262 841/921/262 836/915/262 
f 837/917/262 622/922/262 621/923/262 
f 621/923/262 645/924/262 837/917/262 
f 840/920/262 837/917/262 645/924/262 
f 645/924/262 644/925/262 840/920/262 
f 624/916/262 622/922/262 837/917/262 
f 835/914/262 837/917/262 840/920/262 
f 842/926/262 641/927/262 843/928/262 
f 843/928/262 841/921/262 842/926/262 
f 642/929/262 641/927/262 842/926/262 
f 842/926/262 840/920/262 642/929/262 
f 841/921/262 843/928/262 844/930/262 
f 844/930/262 838/918/262 841/921/262 
f 840/920/262 644/925/262 642/929/262 
f 840/920/262 842/926/262 841/921/262 
f 841/921/262 839/919/262 840/920/262 
f 833/911/262 838/918/262 845/931/262 
f 845/931/262 809/871/262 833/911/262 
f 838/918/262 833/911/262 832/910/262 
f 844/930/262 845/931/262 838/918/262 
f 841/921/262 838/918/262 836/915/262 
f 846/932/262 641/927/262 665/933/262 
f 665/933/262 847/934/262 846/932/262 
f 843/928/262 641/927/262 846/932/262 
f 846/932/262 848/935/262 843/928/262 
f 847/934/262 665/933/262 664/936/262 
f 664/936/262 849/937/262 847/934/262 
f 844/930/262 843/928/262 848/935/262 
f 848/935/262 850/938/262 844/930/262 
f 851/939/262 846/932/262 847/934/262 
f 847/934/262 852/940/262 851/939/262 
f 848/935/262 846/932/262 851/939/262 
f 851/939/262 853/941/262 848/935/262 
f 849/937/262 662/942/262 661/943/262 
f 661/943/262 685/944/262 849/937/262 
f 852/940/262 849/937/262 685/944/262 
f 685/944/262 684/945/262 852/940/262 
f 664/936/262 662/942/262 849/937/262 
f 847/934/262 849/937/262 852/940/262 
f 854/946/262 681/947/262 855/948/262 
f 855/948/262 853/941/262 854/946/262 
f 682/949/262 681/947/262 854/946/262 
f 854/946/262 852/940/262 682/949/262 
f 853/941/262 855/948/262 856/950/262 
f 856/950/262 850/938/262 853/941/262 
f 852/940/262 684/945/262 682/949/262 
f 852/940/262 854/946/262 853/941/262 
f 853/941/262 851/939/262 852/940/262 
f 845/931/262 850/938/262 857/951/262 
f 857/951/262 809/871/262 845/931/262 
f 850/938/262 845/931/262 844/930/262 
f 856/950/262 857/951/262 850/938/262 
f 853/941/262 850/938/262 848/935/262 
f 858/952/262 681/947/262 705/953/262 
f 705/953/262 859/954/262 858/952/262 
f 855/948/262 681/947/262 858/952/262 
f 858/952/262 860/955/262 855/948/262 
f 859/954/262 705/953/262 704/956/262 
f 704/956/262 861/957/262 859/954/262 
f 856/950/262 855/948/262 860/955/262 
f 860/955/262 862/958/262 856/950/262 
f 863/959/262 858/952/262 859/954/262 
f 859/954/262 864/960/262 863/959/262 
f 860/955/262 858/952/262 863/959/262 
f 863/959/262 865/961/262 860/955/262 
f 861/957/262 702/962/262 701/963/262 
f 701/963/262 720/964/262 861/957/262 
f 864/960/262 861/957/262 720/964/262 
f 720/964/262 719/965/262 864/960/262 
f 704/956/262 702/962/262 861/957/262 
f 859/954/262 861/957/262 864/960/262 
f 866/966/262 504/848/262 796/851/262 
f 796/851/262 865/961/262 866/966/262 
f 718/967/262 504/848/262 866/966/262 
f 866/966/262 864/960/262 718/967/262 
f 865/961/262 796/851/262 799/855/262 
f 799/855/262 862/958/262 865/961/262 
f 864/960/262 719/965/262 718/967/262 
f 864/960/262 866/966/262 865/961/262 
f 865/961/262 863/959/262 864/960/262 
f 857/951/262 862/958/262 807/869/262 
f 807/869/262 809/871/262 857/951/262 
f 862/958/262 857/951/262 856/950/262 
f 799/855/262 807/869/262 862/958/262 
f 865/961/262 862/958/262 860/955/262 
s 8
f 867/968/551 15/15/2 868/969/552 
f 868/969/552 869/970/553 867/968/551 
f 16/16/1 15/15/2 867/968/551 
f 867/968/551 870/971/554 16/16/1 
f 869/970/553 868/969/552 871/972/555 
f 871/972/555 872/973/556 869/970/553 
f 17/17/3 16/16/1 870/971/554 
f 870/971/554 873/974/557 17/17/3 
f 874/975/558 867/968/551 869/970/553 
f 869/970/553 875/976/559 874/975/558 
f 870/971/554 867/968/551 874/975/558 
f 874/975/558 876/977/560 870/971/554 
f 872/973/556 877/978/561 495/979/258 
f 495/979/258 494/980/257 872/973/556 
f 875/976/559 872/973/556 494/980/257 
f 494/980/257 487/981/250 875/976/559 
f 871/972/555 877/978/561 872/973/556 
f 869/970/553 872/973/556 875/976/559 
f 878/982/562 482/983/245 879/984/563 
f 879/984/563 876/977/560 878/982/562 
f 483/985/246 482/983/245 878/982/562 
f 878/982/562 875/976/559 483/985/246 
f 876/977/560 879/984/563 880/986/564 
f 880/986/564 873/974/557 876/977/560 
f 875/976/559 487/981/250 483/985/246 
f 875/976/559 878/982/562 876/977/560 
f 876/977/560 874/975/558 875/976/559 
f 873/974/557 881/987/565 19/19/5 
f 19/19/5 21/21/4 873/974/557 
f 873/974/557 21/21/4 17/17/3 
f 880/986/564 881/987/565 873/974/557 
f 876/977/560 873/974/557 870/971/554 
f 882/988/566 24/24/5 883/989/567 
f 883/989/567 884/990/568 882/988/566 
f 25/25/4 24/24/5 882/988/566 
f 882/988/566 885/991/569 25/25/4 
f 884/990/568 883/989/567 886/992/570 
f 886/992/570 887/993/571 884/990/568 
f 9/9/3 25/25/4 885/991/569 
f 885/991/569 888/994/572 9/9/3 
f 889/995/573 882/988/566 884/990/568 
f 884/990/568 890/996/574 889/995/573 
f 885/991/569 882/988/566 889/995/573 
f 889/995/573 891/997/575 885/991/569 
f 887/993/571 892/998/576 255/999/65 
f 255/999/65 254/1000/64 887/993/571 
f 890/996/574 887/993/571 254/1000/64 
f 254/1000/64 247/1001/57 890/996/574 
f 886/992/570 892/998/576 887/993/571 
f 884/990/568 887/993/571 890/996/574 
f 893/1002/577 242/1003/52 894/1004/578 
f 894/1004/578 891/997/575 893/1002/577 
f 243/1005/53 242/1003/52 893/1002/577 
f 893/1002/577 890/996/574 243/1005/53 
f 891/997/575 894/1004/578 895/1006/579 
f 895/1006/579 888/994/572 891/997/575 
f 890/996/574 247/1001/57 243/1005/53 
f 890/996/574 893/1002/577 891/997/575 
f 891/997/575 889/995/573 890/996/574 
f 888/994/572 896/1007/580 2/2/2 
f 2/2/2 5/5/1 888/994/572 
f 888/994/572 5/5/1 9/9/3 
f 895/1006/579 896/1007/580 888/994/572 
f 891/997/575 888/994/572 885/991/569 
f 897/1008/581 40/40/7 898/1009/582 
f 898/1009/582 899/1010/583 897/1008/581 
f 41/41/6 40/40/7 897/1008/581 
f 897/1008/581 900/1011/584 41/41/6 
f 899/1010/583 898/1009/582 901/1012/585 
f 901/1012/585 902/1013/586 899/1010/583 
f 42/42/8 41/41/6 900/1011/584 
f 900/1011/584 903/1014/587 42/42/8 
f 904/1015/588 897/1008/581 899/1010/583 
f 899/1010/583 905/1016/589 904/1015/588 
f 900/1011/584 897/1008/581 904/1015/588 
f 904/1015/588 906/1017/590 900/1011/584 
f 902/1013/586 907/1018/591 517/1019/276 
f 517/1019/276 516/1020/275 902/1013/586 
f 905/1016/589 902/1013/586 516/1020/275 
f 516/1020/275 510/1021/269 905/1016/589 
f 901/1012/585 907/1018/591 902/1013/586 
f 899/1010/583 902/1013/586 905/1016/589 
f 908/1022/592 495/979/258 877/978/561 
f 877/978/561 906/1017/590 908/1022/592 
f 507/1023/266 495/979/258 908/1022/592 
f 908/1022/592 905/1016/589 507/1023/266 
f 906/1017/590 877/978/561 871/972/555 
f 871/972/555 903/1014/587 906/1017/590 
f 905/1016/589 510/1021/269 507/1023/266 
f 905/1016/589 908/1022/592 906/1017/590 
f 906/1017/590 904/1015/588 905/1016/589 
f 903/1014/587 868/969/552 15/15/2 
f 15/15/2 44/44/10 903/1014/587 
f 903/1014/587 44/44/10 42/42/8 
f 871/972/555 868/969/552 903/1014/587 
f 906/1017/590 903/1014/587 900/1011/584 
f 909/1024/593 2/2/2 896/1007/580 
f 896/1007/580 910/1025/594 909/1024/593 
f 45/45/10 2/2/2 909/1024/593 
f 909/1024/593 911/1026/595 45/45/10 
f 910/1025/594 896/1007/580 895/1006/579 
f 895/1006/579 912/1027/596 910/1025/594 
f 34/34/8 45/45/10 911/1026/595 
f 911/1026/595 913/1028/597 34/34/8 
f 914/1029/598 909/1024/593 910/1025/594 
f 910/1025/594 915/1030/599 914/1029/598 
f 911/1026/595 909/1024/593 914/1029/598 
f 914/1029/598 916/1031/600 911/1026/595 
f 912/1027/596 894/1004/578 242/1003/52 
f 242/1003/52 476/1032/242 912/1027/596 
f 915/1030/599 912/1027/596 476/1032/242 
f 476/1032/242 470/1033/236 915/1030/599 
f 895/1006/579 894/1004/578 912/1027/596 
f 910/1025/594 912/1027/596 915/1030/599 
f 917/1034/601 457/1035/227 918/1036/602 
f 918/1036/602 916/1031/600 917/1034/601 
f 467/1037/233 457/1035/227 917/1034/601 
f 917/1034/601 915/1030/599 467/1037/233 
f 916/1031/600 918/1036/602 919/1038/603 
f 919/1038/603 913/1028/597 916/1031/600 
f 915/1030/599 470/1033/236 467/1037/233 
f 915/1030/599 917/1034/601 916/1031/600 
f 916/1031/600 914/1029/598 915/1030/599 
f 913/1028/597 920/1039/604 27/27/7 
f 27/27/7 30/30/6 913/1028/597 
f 913/1028/597 30/30/6 34/34/8 
f 919/1038/603 920/1039/604 913/1028/597 
f 916/1031/600 913/1028/597 911/1026/595 
f 921/1040/605 60/60/12 922/1041/606 
f 922/1041/606 923/1042/607 921/1040/605 
f 61/61/11 60/60/12 921/1040/605 
f 921/1040/605 924/1043/608 61/61/11 
f 923/1042/607 922/1041/606 925/1044/609 
f 925/1044/609 926/1045/610 923/1042/607 
f 62/62/13 61/61/11 924/1043/608 
f 924/1043/608 927/1046/611 62/62/13 
f 928/1047/612 921/1040/605 923/1042/607 
f 923/1042/607 929/1048/613 928/1047/612 
f 924/1043/608 921/1040/605 928/1047/612 
f 928/1047/612 930/1049/614 924/1043/608 
f 926/1045/610 931/1050/615 537/1051/292 
f 537/1051/292 536/1052/291 926/1045/610 
f 929/1048/613 926/1045/610 536/1052/291 
f 536/1052/291 530/1053/285 929/1048/613 
f 925/1044/609 931/1050/615 926/1045/610 
f 923/1042/607 926/1045/610 929/1048/613 
f 932/1054/616 517/1019/276 907/1018/591 
f 907/1018/591 930/1049/614 932/1054/616 
f 527/1055/282 517/1019/276 932/1054/616 
f 932/1054/616 929/1048/613 527/1055/282 
f 930/1049/614 907/1018/591 901/1012/585 
f 901/1012/585 927/1046/611 930/1049/614 
f 929/1048/613 530/1053/285 527/1055/282 
f 929/1048/613 932/1054/616 930/1049/614 
f 930/1049/614 928/1047/612 929/1048/613 
f 927/1046/611 898/1009/582 40/40/7 
f 40/40/7 64/64/14 927/1046/611 
f 927/1046/611 64/64/14 62/62/13 
f 901/1012/585 898/1009/582 927/1046/611 
f 930/1049/614 927/1046/611 924/1043/608 
f 933/1056/617 27/27/7 920/1039/604 
f 920/1039/604 934/1057/618 933/1056/617 
f 65/65/14 27/27/7 933/1056/617 
f 933/1056/617 935/1058/619 65/65/14 
f 934/1057/618 920/1039/604 919/1038/603 
f 919/1038/603 936/1059/620 934/1057/618 
f 54/54/13 65/65/14 935/1058/619 
f 935/1058/619 937/1060/621 54/54/13 
f 938/1061/622 933/1056/617 934/1057/618 
f 934/1057/618 939/1062/623 938/1061/622 
f 935/1058/619 933/1056/617 938/1061/622 
f 938/1061/622 940/1063/624 935/1058/619 
f 936/1059/620 918/1036/602 457/1035/227 
f 457/1035/227 456/1064/226 936/1059/620 
f 939/1062/623 936/1059/620 456/1064/226 
f 456/1064/226 450/1065/220 939/1062/623 
f 919/1038/603 918/1036/602 936/1059/620 
f 934/1057/618 936/1059/620 939/1062/623 
f 941/1066/625 437/1067/211 942/1068/626 
f 942/1068/626 940/1063/624 941/1066/625 
f 447/1069/217 437/1067/211 941/1066/625 
f 941/1066/625 939/1062/623 447/1069/217 
f 940/1063/624 942/1068/626 943/1070/627 
f 943/1070/627 937/1060/621 940/1063/624 
f 939/1062/623 450/1065/220 447/1069/217 
f 939/1062/623 941/1066/625 940/1063/624 
f 940/1063/624 938/1061/622 939/1062/623 
f 937/1060/621 944/1071/628 47/47/12 
f 47/47/12 50/50/11 937/1060/621 
f 937/1060/621 50/50/11 54/54/13 
f 943/1070/627 944/1071/628 937/1060/621 
f 940/1063/624 937/1060/621 935/1058/619 
f 945/1072/629 80/80/16 946/1073/630 
f 946/1073/630 947/1074/631 945/1072/629 
f 81/81/15 80/80/16 945/1072/629 
f 945/1072/629 948/1075/632 81/81/15 
f 947/1074/631 946/1073/630 949/1076/633 
f 949/1076/633 950/1077/634 947/1074/631 
f 82/82/17 81/81/15 948/1075/632 
f 948/1075/632 951/1078/635 82/82/17 
f 952/1079/636 945/1072/629 947/1074/631 
f 947/1074/631 953/1080/637 952/1079/636 
f 948/1075/632 945/1072/629 952/1079/636 
f 952/1079/636 954/1081/638 948/1075/632 
f 950/1077/634 955/1082/639 557/1083/308 
f 557/1083/308 556/1084/307 950/1077/634 
f 953/1080/637 950/1077/634 556/1084/307 
f 556/1084/307 550/1085/301 953/1080/637 
f 949/1076/633 955/1082/639 950/1077/634 
f 947/1074/631 950/1077/634 953/1080/637 
f 956/1086/640 537/1051/292 931/1050/615 
f 931/1050/615 954/1081/638 956/1086/640 
f 547/1087/298 537/1051/292 956/1086/640 
f 956/1086/640 953/1080/637 547/1087/298 
f 954/1081/638 931/1050/615 925/1044/609 
f 925/1044/609 951/1078/635 954/1081/638 
f 953/1080/637 550/1085/301 547/1087/298 
f 953/1080/637 956/1086/640 954/1081/638 
f 954/1081/638 952/1079/636 953/1080/637 
f 951/1078/635 922/1041/606 60/60/12 
f 60/60/12 84/84/18 951/1078/635 
f 951/1078/635 84/84/18 82/82/17 
f 925/1044/609 922/1041/606 951/1078/635 
f 954/1081/638 951/1078/635 948/1075/632 
f 957/1088/641 47/47/12 944/1071/628 
f 944/1071/628 958/1089/642 957/1088/641 
f 85/85/18 47/47/12 957/1088/641 
f 957/1088/641 959/1090/643 85/85/18 
f 958/1089/642 944/1071/628 943/1070/627 
f 943/1070/627 960/1091/644 958/1089/642 
f 74/74/17 85/85/18 959/1090/643 
f 959/1090/643 961/1092/645 74/74/17 
f 962/1093/646 957/1088/641 958/1089/642 
f 958/1089/642 963/1094/647 962/1093/646 
f 959/1090/643 957/1088/641 962/1093/646 
f 962/1093/646 964/1095/648 959/1090/643 
f 960/1091/644 942/1068/626 437/1067/211 
f 437/1067/211 436/1096/210 960/1091/644 
f 963/1094/647 960/1091/644 436/1096/210 
f 436/1096/210 430/1097/204 963/1094/647 
f 943/1070/627 942/1068/626 960/1091/644 
f 958/1089/642 960/1091/644 963/1094/647 
f 965/1098/649 417/1099/195 966/1100/650 
f 966/1100/650 964/1095/648 965/1098/649 
f 427/1101/201 417/1099/195 965/1098/649 
f 965/1098/649 963/1094/647 427/1101/201 
f 964/1095/648 966/1100/650 967/1102/651 
f 967/1102/651 961/1092/645 964/1095/648 
f 963/1094/647 430/1097/204 427/1101/201 
f 963/1094/647 965/1098/649 964/1095/648 
f 964/1095/648 962/1093/646 963/1094/647 
f 961/1092/645 968/1103/652 67/67/16 
f 67/67/16 70/70/15 961/1092/645 
f 961/1092/645 70/70/15 74/74/17 
f 967/1102/651 968/1103/652 961/1092/645 
f 964/1095/648 961/1092/645 959/1090/643 
f 969/1104/653 100/100/20 970/1105/654 
f 970/1105/654 971/1106/655 969/1104/653 
f 101/101/19 100/100/20 969/1104/653 
f 969/1104/653 972/1107/656 101/101/19 
f 971/1106/655 970/1105/654 973/1108/657 
f 973/1108/657 974/1109/658 971/1106/655 
f 102/102/21 101/101/19 972/1107/656 
f 972/1107/656 975/1110/659 102/102/21 
f 976/1111/660 969/1104/653 971/1106/655 
f 971/1106/655 977/1112/661 976/1111/660 
f 972/1107/656 969/1104/653 976/1111/660 
f 976/1111/660 978/1113/662 972/1107/656 
f 974/1109/658 979/1114/663 577/1115/324 
f 577/1115/324 576/1116/323 974/1109/658 
f 977/1112/661 974/1109/658 576/1116/323 
f 576/1116/323 570/1117/317 977/1112/661 
f 973/1108/657 979/1114/663 974/1109/658 
f 971/1106/655 974/1109/658 977/1112/661 
f 980/1118/664 557/1083/308 955/1082/639 
f 955/1082/639 978/1113/662 980/1118/664 
f 567/1119/314 557/1083/308 980/1118/664 
f 980/1118/664 977/1112/661 567/1119/314 
f 978/1113/662 955/1082/639 949/1076/633 
f 949/1076/633 975/1110/659 978/1113/662 
f 977/1112/661 570/1117/317 567/1119/314 
f 977/1112/661 980/1118/664 978/1113/662 
f 978/1113/662 976/1111/660 977/1112/661 
f 975/1110/659 946/1073/630 80/80/16 
f 80/80/16 104/104/22 975/1110/659 
f 975/1110/659 104/104/22 102/102/21 
f 949/1076/633 946/1073/630 975/1110/659 
f 978/1113/662 975/1110/659 972/1107/656 
f 981/1120/665 67/67/16 968/1103/652 
f 968/1103/652 982/1121/666 981/1120/665 
f 105/105/22 67/67/16 981/1120/665 
f 981/1120/665 983/1122/667 105/105/22 
f 982/1121/666 968/1103/652 967/1102/651 
f 967/1102/651 984/1123/668 982/1121/666 
f 94/94/21 105/105/22 983/1122/667 
f 983/1122/667 985/1124/669 94/94/21 
f 986/1125/670 981/1120/665 982/1121/666 
f 982/1121/666 987/1126/671 986/1125/670 
f 983/1122/667 981/1120/665 986/1125/670 
f 986/1125/670 988/1127/672 983/1122/667 
f 984/1123/668 966/1100/650 417/1099/195 
f 417/1099/195 416/1128/194 984/1123/668 
f 987/1126/671 984/1123/668 416/1128/194 
f 416/1128/194 410/1129/188 987/1126/671 
f 967/1102/651 966/1100/650 984/1123/668 
f 982/1121/666 984/1123/668 987/1126/671 
f 989/1130/673 397/1131/179 990/1132/674 
f 990/1132/674 988/1127/672 989/1130/673 
f 407/1133/185 397/1131/179 989/1130/673 
f 989/1130/673 987/1126/671 407/1133/185 
f 988/1127/672 990/1132/674 991/1134/675 
f 991/1134/675 985/1124/669 988/1127/672 
f 987/1126/671 410/1129/188 407/1133/185 
f 987/1126/671 989/1130/673 988/1127/672 
f 988/1127/672 986/1125/670 987/1126/671 
f 985/1124/669 992/1135/676 87/87/20 
f 87/87/20 90/90/19 985/1124/669 
f 985/1124/669 90/90/19 94/94/21 
f 991/1134/675 992/1135/676 985/1124/669 
f 988/1127/672 985/1124/669 983/1122/667 
f 993/1136/677 120/120/24 994/1137/678 
f 994/1137/678 995/1138/679 993/1136/677 
f 121/121/23 120/120/24 993/1136/677 
f 993/1136/677 996/1139/680 121/121/23 
f 995/1138/679 994/1137/678 997/1140/681 
f 997/1140/681 998/1141/682 995/1138/679 
f 122/122/25 121/121/23 996/1139/680 
f 996/1139/680 999/1142/683 122/122/25 
f 1000/1143/684 993/1136/677 995/1138/679 
f 995/1138/679 1001/1144/685 1000/1143/684 
f 996/1139/680 993/1136/677 1000/1143/684 
f 1000/1143/684 1002/1145/686 996/1139/680 
f 998/1141/682 1003/1146/687 597/1147/340 
f 597/1147/340 596/1148/339 998/1141/682 
f 1001/1144/685 998/1141/682 596/1148/339 
f 596/1148/339 590/1149/333 1001/1144/685 
f 997/1140/681 1003/1146/687 998/1141/682 
f 995/1138/679 998/1141/682 1001/1144/685 
f 1004/1150/688 577/1115/324 979/1114/663 
f 979/1114/663 1002/1145/686 1004/1150/688 
f 587/1151/330 577/1115/324 1004/1150/688 
f 1004/1150/688 1001/1144/685 587/1151/330 
f 1002/1145/686 979/1114/663 973/1108/657 
f 973/1108/657 999/1142/683 1002/1145/686 
f 1001/1144/685 590/1149/333 587/1151/330 
f 1001/1144/685 1004/1150/688 1002/1145/686 
f 1002/1145/686 1000/1143/684 1001/1144/685 
f 999/1142/683 970/1105/654 100/100/20 
f 100/100/20 124/124/26 999/1142/683 
f 999/1142/683 124/124/26 122/122/25 
f 973/1108/657 970/1105/654 999/1142/683 
f 1002/1145/686 999/1142/683 996/1139/680 
f 1005/1152/689 87/87/20 992/1135/676 
f 992/1135/676 1006/1153/690 1005/1152/689 
f 125/125/26 87/87/20 1005/1152/689 
f 1005/1152/689 1007/1154/691 125/125/26 
f 1006/1153/690 992/1135/676 991/1134/675 
f 991/1134/675 1008/1155/692 1006/1153/690 
f 114/114/25 125/125/26 1007/1154/691 
f 1007/1154/691 1009/1156/693 114/114/25 
f 1010/1157/694 1005/1152/689 1006/1153/690 
f 1006/1153/690 1011/1158/695 1010/1157/694 
f 1007/1154/691 1005/1152/689 1010/1157/694 
f 1010/1157/694 1012/1159/696 1007/1154/691 
f 1008/1155/692 990/1132/674 397/1131/179 
f 397/1131/179 396/1160/178 1008/1155/692 
f 1011/1158/695 1008/1155/692 396/1160/178 
f 396/1160/178 390/1161/172 1011/1158/695 
f 991/1134/675 990/1132/674 1008/1155/692 
f 1006/1153/690 1008/1155/692 1011/1158/695 
f 1013/1162/697 377/1163/163 1014/1164/698 
f 1014/1164/698 1012/1159/696 1013/1162/697 
f 387/1165/169 377/1163/163 1013/1162/697 
f 1013/1162/697 1011/1158/695 387/1165/169 
f 1012/1159/696 1014/1164/698 1015/1166/699 
f 1015/1166/699 1009/1156/693 1012/1159/696 
f 1011/1158/695 390/1161/172 387/1165/169 
f 1011/1158/695 1013/1162/697 1012/1159/696 
f 1012/1159/696 1010/1157/694 1011/1158/695 
f 1009/1156/693 1016/1167/700 107/107/24 
f 107/107/24 110/110/23 1009/1156/693 
f 1009/1156/693 110/110/23 114/114/25 
f 1015/1166/699 1016/1167/700 1009/1156/693 
f 1012/1159/696 1009/1156/693 1007/1154/691 
f 1017/1168/701 140/140/28 1018/1169/702 
f 1018/1169/702 1019/1170/703 1017/1168/701 
f 141/141/27 140/140/28 1017/1168/701 
f 1017/1168/701 1020/1171/704 141/141/27 
f 1019/1170/703 1018/1169/702 1021/1172/705 
f 1021/1172/705 1022/1173/706 1019/1170/703 
f 142/142/29 141/141/27 1020/1171/704 
f 1020/1171/704 1023/1174/707 142/142/29 
f 1024/1175/708 1017/1168/701 1019/1170/703 
f 1019/1170/703 1025/1176/709 1024/1175/708 
f 1020/1171/704 1017/1168/701 1024/1175/708 
f 1024/1175/708 1026/1177/710 1020/1171/704 
f 1022/1173/706 1027/1178/711 617/1179/356 
f 617/1179/356 616/1180/355 1022/1173/706 
f 1025/1176/709 1022/1173/706 616/1180/355 
f 616/1180/355 610/1181/349 1025/1176/709 
f 1021/1172/705 1027/1178/711 1022/1173/706 
f 1019/1170/703 1022/1173/706 1025/1176/709 
f 1028/1182/712 597/1147/340 1003/1146/687 
f 1003/1146/687 1026/1177/710 1028/1182/712 
f 607/1183/346 597/1147/340 1028/1182/712 
f 1028/1182/712 1025/1176/709 607/1183/346 
f 1026/1177/710 1003/1146/687 997/1140/681 
f 997/1140/681 1023/1174/707 1026/1177/710 
f 1025/1176/709 610/1181/349 607/1183/346 
f 1025/1176/709 1028/1182/712 1026/1177/710 
f 1026/1177/710 1024/1175/708 1025/1176/709 
f 1023/1174/707 994/1137/678 120/120/24 
f 120/120/24 144/144/30 1023/1174/707 
f 1023/1174/707 144/144/30 142/142/29 
f 997/1140/681 994/1137/678 1023/1174/707 
f 1026/1177/710 1023/1174/707 1020/1171/704 
f 1029/1184/713 107/107/24 1016/1167/700 
f 1016/1167/700 1030/1185/714 1029/1184/713 
f 145/145/30 107/107/24 1029/1184/713 
f 1029/1184/713 1031/1186/715 145/145/30 
f 1030/1185/714 1016/1167/700 1015/1166/699 
f 1015/1166/699 1032/1187/716 1030/1185/714 
f 134/134/29 145/145/30 1031/1186/715 
f 1031/1186/715 1033/1188/717 134/134/29 
f 1034/1189/718 1029/1184/713 1030/1185/714 
f 1030/1185/714 1035/1190/719 1034/1189/718 
f 1031/1186/715 1029/1184/713 1034/1189/718 
f 1034/1189/718 1036/1191/720 1031/1186/715 
f 1032/1187/716 1014/1164/698 377/1163/163 
f 377/1163/163 376/1192/162 1032/1187/716 
f 1035/1190/719 1032/1187/716 376/1192/162 
f 376/1192/162 370/1193/156 1035/1190/719 
f 1015/1166/699 1014/1164/698 1032/1187/716 
f 1030/1185/714 1032/1187/716 1035/1190/719 
f 1037/1194/721 357/1195/147 1038/1196/722 
f 1038/1196/722 1036/1191/720 1037/1194/721 
f 367/1197/153 357/1195/147 1037/1194/721 
f 1037/1194/721 1035/1190/719 367/1197/153 
f 1036/1191/720 1038/1196/722 1039/1198/723 
f 1039/1198/723 1033/1188/717 1036/1191/720 
f 1035/1190/719 370/1193/156 367/1197/153 
f 1035/1190/719 1037/1194/721 1036/1191/720 
f 1036/1191/720 1034/1189/718 1035/1190/719 
f 1033/1188/717 1040/1199/724 127/127/28 
f 127/127/28 130/130/27 1033/1188/717 
f 1033/1188/717 130/130/27 134/134/29 
f 1039/1198/723 1040/1199/724 1033/1188/717 
f 1036/1191/720 1033/1188/717 1031/1186/715 
f 1041/1200/725 160/160/32 1042/1201/726 
f 1042/1201/726 1043/1202/727 1041/1200/725 
f 161/161/31 160/160/32 1041/1200/725 
f 1041/1200/725 1044/1203/728 161/161/31 
f 1043/1202/727 1042/1201/726 1045/1204/729 
f 1045/1204/729 1046/1205/730 1043/1202/727 
f 162/162/33 161/161/31 1044/1203/728 
f 1044/1203/728 1047/1206/731 162/162/33 
f 1048/1207/732 1041/1200/725 1043/1202/727 
f 1043/1202/727 1049/1208/733 1048/1207/732 
f 1044/1203/728 1041/1200/725 1048/1207/732 
f 1048/1207/732 1050/1209/734 1044/1203/728 
f 1046/1205/730 1051/1210/735 637/1211/372 
f 637/1211/372 636/1212/371 1046/1205/730 
f 1049/1208/733 1046/1205/730 636/1212/371 
f 636/1212/371 630/1213/365 1049/1208/733 
f 1045/1204/729 1051/1210/735 1046/1205/730 
f 1043/1202/727 1046/1205/730 1049/1208/733 
f 1052/1214/736 617/1179/356 1027/1178/711 
f 1027/1178/711 1050/1209/734 1052/1214/736 
f 627/1215/362 617/1179/356 1052/1214/736 
f 1052/1214/736 1049/1208/733 627/1215/362 
f 1050/1209/734 1027/1178/711 1021/1172/705 
f 1021/1172/705 1047/1206/731 1050/1209/734 
f 1049/1208/733 630/1213/365 627/1215/362 
f 1049/1208/733 1052/1214/736 1050/1209/734 
f 1050/1209/734 1048/1207/732 1049/1208/733 
f 1047/1206/731 1018/1169/702 140/140/28 
f 140/140/28 164/164/34 1047/1206/731 
f 1047/1206/731 164/164/34 162/162/33 
f 1021/1172/705 1018/1169/702 1047/1206/731 
f 1050/1209/734 1047/1206/731 1044/1203/728 
f 1053/1216/737 127/127/28 1040/1199/724 
f 1040/1199/724 1054/1217/738 1053/1216/737 
f 165/165/34 127/127/28 1053/1216/737 
f 1053/1216/737 1055/1218/739 165/165/34 
f 1054/1217/738 1040/1199/724 1039/1198/723 
f 1039/1198/723 1056/1219/740 1054/1217/738 
f 154/154/33 165/165/34 1055/1218/739 
f 1055/1218/739 1057/1220/741 154/154/33 
f 1058/1221/742 1053/1216/737 1054/1217/738 
f 1054/1217/738 1059/1222/743 1058/1221/742 
f 1055/1218/739 1053/1216/737 1058/1221/742 
f 1058/1221/742 1060/1223/744 1055/1218/739 
f 1056/1219/740 1038/1196/722 357/1195/147 
f 357/1195/147 356/1224/146 1056/1219/740 
f 1059/1222/743 1056/1219/740 356/1224/146 
f 356/1224/146 350/1225/140 1059/1222/743 
f 1039/1198/723 1038/1196/722 1056/1219/740 
f 1054/1217/738 1056/1219/740 1059/1222/743 
f 1061/1226/745 337/1227/131 1062/1228/746 
f 1062/1228/746 1060/1223/744 1061/1226/745 
f 347/1229/137 337/1227/131 1061/1226/745 
f 1061/1226/745 1059/1222/743 347/1229/137 
f 1060/1223/744 1062/1228/746 1063/1230/747 
f 1063/1230/747 1057/1220/741 1060/1223/744 
f 1059/1222/743 350/1225/140 347/1229/137 
f 1059/1222/743 1061/1226/745 1060/1223/744 
f 1060/1223/744 1058/1221/742 1059/1222/743 
f 1057/1220/741 1064/1231/748 147/147/32 
f 147/147/32 150/150/31 1057/1220/741 
f 1057/1220/741 150/150/31 154/154/33 
f 1063/1230/747 1064/1231/748 1057/1220/741 
f 1060/1223/744 1057/1220/741 1055/1218/739 
f 1065/1232/749 180/180/37 1066/1233/750 
f 1066/1233/750 1067/1234/751 1065/1232/749 
f 181/181/36 180/180/37 1065/1232/749 
f 1065/1232/749 1068/1235/752 181/181/36 
f 1067/1234/751 1066/1233/750 1069/1236/753 
f 1069/1236/753 1070/1237/754 1067/1234/751 
f 182/182/38 181/181/36 1068/1235/752 
f 1068/1235/752 1071/1238/755 182/182/38 
f 1072/1239/756 1065/1232/749 1067/1234/751 
f 1067/1234/751 1073/1240/757 1072/1239/756 
f 1068/1235/752 1065/1232/749 1072/1239/756 
f 1072/1239/756 1074/1241/758 1068/1235/752 
f 1070/1237/754 1075/1242/759 657/1243/388 
f 657/1243/388 656/1244/387 1070/1237/754 
f 1073/1240/757 1070/1237/754 656/1244/387 
f 656/1244/387 650/1245/381 1073/1240/757 
f 1069/1236/753 1075/1242/759 1070/1237/754 
f 1067/1234/751 1070/1237/754 1073/1240/757 
f 1076/1246/760 637/1211/372 1051/1210/735 
f 1051/1210/735 1074/1241/758 1076/1246/760 
f 647/1247/378 637/1211/372 1076/1246/760 
f 1076/1246/760 1073/1240/757 647/1247/378 
f 1074/1241/758 1051/1210/735 1045/1204/729 
f 1045/1204/729 1071/1238/755 1074/1241/758 
f 1073/1240/757 650/1245/381 647/1247/378 
f 1073/1240/757 1076/1246/760 1074/1241/758 
f 1074/1241/758 1072/1239/756 1073/1240/757 
f 1071/1238/755 1042/1201/726 160/160/32 
f 160/160/32 184/184/39 1071/1238/755 
f 1071/1238/755 184/184/39 182/182/38 
f 1045/1204/729 1042/1201/726 1071/1238/755 
f 1074/1241/758 1071/1238/755 1068/1235/752 
f 1077/1248/761 147/147/32 1064/1231/748 
f 1064/1231/748 1078/1249/762 1077/1248/761 
f 185/185/39 147/147/32 1077/1248/761 
f 1077/1248/761 1079/1250/763 185/185/39 
f 1078/1249/762 1064/1231/748 1063/1230/747 
f 1063/1230/747 1080/1251/764 1078/1249/762 
f 174/174/38 185/185/39 1079/1250/763 
f 1079/1250/763 1081/1252/765 174/174/38 
f 1082/1253/766 1077/1248/761 1078/1249/762 
f 1078/1249/762 1083/1254/767 1082/1253/766 
f 1079/1250/763 1077/1248/761 1082/1253/766 
f 1082/1253/766 1084/1255/768 1079/1250/763 
f 1080/1251/764 1062/1228/746 337/1227/131 
f 337/1227/131 336/1256/130 1080/1251/764 
f 1083/1254/767 1080/1251/764 336/1256/130 
f 336/1256/130 330/1257/124 1083/1254/767 
f 1063/1230/747 1062/1228/746 1080/1251/764 
f 1078/1249/762 1080/1251/764 1083/1254/767 
f 1085/1258/769 317/1259/115 1086/1260/770 
f 1086/1260/770 1084/1255/768 1085/1258/769 
f 327/1261/121 317/1259/115 1085/1258/769 
f 1085/1258/769 1083/1254/767 327/1261/121 
f 1084/1255/768 1086/1260/770 1087/1262/771 
f 1087/1262/771 1081/1252/765 1084/1255/768 
f 1083/1254/767 330/1257/124 327/1261/121 
f 1083/1254/767 1085/1258/769 1084/1255/768 
f 1084/1255/768 1082/1253/766 1083/1254/767 
f 1081/1252/765 1088/1263/772 167/167/37 
f 167/167/37 170/170/36 1081/1252/765 
f 1081/1252/765 170/170/36 174/174/38 
f 1087/1262/771 1088/1263/772 1081/1252/765 
f 1084/1255/768 1081/1252/765 1079/1250/763 
f 1089/1264/773 200/200/41 1090/1265/774 
f 1090/1265/774 1091/1266/775 1089/1264/773 
f 201/201/40 200/200/41 1089/1264/773 
f 1089/1264/773 1092/1267/776 201/201/40 
f 1091/1266/775 1090/1265/774 1093/1268/777 
f 1093/1268/777 1094/1269/778 1091/1266/775 
f 202/202/42 201/201/40 1092/1267/776 
f 1092/1267/776 1095/1270/779 202/202/42 
f 1096/1271/780 1089/1264/773 1091/1266/775 
f 1091/1266/775 1097/1272/781 1096/1271/780 
f 1092/1267/776 1089/1264/773 1096/1271/780 
f 1096/1271/780 1098/1273/782 1092/1267/776 
f 1094/1269/778 1099/1274/783 677/1275/404 
f 677/1275/404 676/1276/403 1094/1269/778 
f 1097/1272/781 1094/1269/778 676/1276/403 
f 676/1276/403 670/1277/397 1097/1272/781 
f 1093/1268/777 1099/1274/783 1094/1269/778 
f 1091/1266/775 1094/1269/778 1097/1272/781 
f 1100/1278/784 657/1243/388 1075/1242/759 
f 1075/1242/759 1098/1273/782 1100/1278/784 
f 667/1279/394 657/1243/388 1100/1278/784 
f 1100/1278/784 1097/1272/781 667/1279/394 
f 1098/1273/782 1075/1242/759 1069/1236/753 
f 1069/1236/753 1095/1270/779 1098/1273/782 
f 1097/1272/781 670/1277/397 667/1279/394 
f 1097/1272/781 1100/1278/784 1098/1273/782 
f 1098/1273/782 1096/1271/780 1097/1272/781 
f 1095/1270/779 1066/1233/750 180/180/37 
f 180/180/37 204/204/43 1095/1270/779 
f 1095/1270/779 204/204/43 202/202/42 
f 1069/1236/753 1066/1233/750 1095/1270/779 
f 1098/1273/782 1095/1270/779 1092/1267/776 
f 1101/1280/785 167/167/37 1088/1263/772 
f 1088/1263/772 1102/1281/786 1101/1280/785 
f 205/205/43 167/167/37 1101/1280/785 
f 1101/1280/785 1103/1282/787 205/205/43 
f 1102/1281/786 1088/1263/772 1087/1262/771 
f 1087/1262/771 1104/1283/788 1102/1281/786 
f 194/194/42 205/205/43 1103/1282/787 
f 1103/1282/787 1105/1284/789 194/194/42 
f 1106/1285/790 1101/1280/785 1102/1281/786 
f 1102/1281/786 1107/1286/791 1106/1285/790 
f 1103/1282/787 1101/1280/785 1106/1285/790 
f 1106/1285/790 1108/1287/792 1103/1282/787 
f 1104/1283/788 1086/1260/770 317/1259/115 
f 317/1259/115 316/1288/114 1104/1283/788 
f 1107/1286/791 1104/1283/788 316/1288/114 
f 316/1288/114 310/1289/108 1107/1286/791 
f 1087/1262/771 1086/1260/770 1104/1283/788 
f 1102/1281/786 1104/1283/788 1107/1286/791 
f 1109/1290/793 297/1291/99 1110/1292/794 
f 1110/1292/794 1108/1287/792 1109/1290/793 
f 307/1293/105 297/1291/99 1109/1290/793 
f 1109/1290/793 1107/1286/791 307/1293/105 
f 1108/1287/792 1110/1292/794 1111/1294/795 
f 1111/1294/795 1105/1284/789 1108/1287/792 
f 1107/1286/791 310/1289/108 307/1293/105 
f 1107/1286/791 1109/1290/793 1108/1287/792 
f 1108/1287/792 1106/1285/790 1107/1286/791 
f 1105/1284/789 1112/1295/796 187/187/41 
f 187/187/41 190/190/40 1105/1284/789 
f 1105/1284/789 190/190/40 194/194/42 
f 1111/1294/795 1112/1295/796 1105/1284/789 
f 1108/1287/792 1105/1284/789 1103/1282/787 
f 1113/1296/797 220/220/45 1114/1297/798 
f 1114/1297/798 1115/1298/799 1113/1296/797 
f 221/221/44 220/220/45 1113/1296/797 
f 1113/1296/797 1116/1299/800 221/221/44 
f 1115/1298/799 1114/1297/798 1117/1300/801 
f 1117/1300/801 1118/1301/802 1115/1298/799 
f 222/222/46 221/221/44 1116/1299/800 
f 1116/1299/800 1119/1302/803 222/222/46 
f 1120/1303/804 1113/1296/797 1115/1298/799 
f 1115/1298/799 1121/1304/805 1120/1303/804 
f 1116/1299/800 1113/1296/797 1120/1303/804 
f 1120/1303/804 1122/1305/806 1116/1299/800 
f 1118/1301/802 1123/1306/807 697/1307/420 
f 697/1307/420 696/1308/419 1118/1301/802 
f 1121/1304/805 1118/1301/802 696/1308/419 
f 696/1308/419 690/1309/413 1121/1304/805 
f 1117/1300/801 1123/1306/807 1118/1301/802 
f 1115/1298/799 1118/1301/802 1121/1304/805 
f 1124/1310/808 677/1311/404 1099/1312/783 
f 1099/1312/783 1122/1305/806 1124/1310/808 
f 687/1313/410 677/1311/404 1124/1310/808 
f 1124/1310/808 1121/1304/805 687/1313/410 
f 1122/1305/806 1099/1312/783 1093/1314/777 
f 1093/1314/777 1119/1302/803 1122/1305/806 
f 1121/1304/805 690/1309/413 687/1313/410 
f 1121/1304/805 1124/1310/808 1122/1305/806 
f 1122/1305/806 1120/1303/804 1121/1304/805 
f 1119/1302/803 1090/1315/774 200/224/41 
f 200/224/41 224/226/47 1119/1302/803 
f 1119/1302/803 224/226/47 222/222/46 
f 1093/1314/777 1090/1315/774 1119/1302/803 
f 1122/1305/806 1119/1302/803 1116/1299/800 
f 1125/1316/809 187/229/41 1112/1317/796 
f 1112/1317/796 1126/1318/810 1125/1316/809 
f 225/230/47 187/229/41 1125/1316/809 
f 1125/1316/809 1127/1319/811 225/230/47 
f 1126/1318/810 1112/1317/796 1111/1320/795 
f 1111/1320/795 1128/1321/812 1126/1318/810 
f 214/214/46 225/230/47 1127/1319/811 
f 1127/1319/811 1129/1322/813 214/214/46 
f 1130/1323/814 1125/1316/809 1126/1318/810 
f 1126/1318/810 1131/1324/815 1130/1323/814 
f 1127/1319/811 1125/1316/809 1130/1323/814 
f 1130/1323/814 1132/1325/816 1127/1319/811 
f 1128/1321/812 1110/1326/794 297/1327/99 
f 297/1327/99 296/1328/98 1128/1321/812 
f 1131/1324/815 1128/1321/812 296/1328/98 
f 296/1328/98 290/1329/92 1131/1324/815 
f 1111/1320/795 1110/1326/794 1128/1321/812 
f 1126/1318/810 1128/1321/812 1131/1324/815 
f 1133/1330/817 277/1331/83 1134/1332/818 
f 1134/1332/818 1132/1325/816 1133/1330/817 
f 287/1333/89 277/1331/83 1133/1330/817 
f 1133/1330/817 1131/1324/815 287/1333/89 
f 1132/1325/816 1134/1332/818 1135/1334/819 
f 1135/1334/819 1129/1322/813 1132/1325/816 
f 1131/1324/815 290/1329/92 287/1333/89 
f 1131/1324/815 1133/1330/817 1132/1325/816 
f 1132/1325/816 1130/1323/814 1131/1324/815 
f 1129/1322/813 1136/1335/820 207/207/45 
f 207/207/45 210/210/44 1129/1322/813 
f 1129/1322/813 210/210/44 214/214/46 
f 1135/1334/819 1136/1335/820 1129/1322/813 
f 1132/1325/816 1129/1322/813 1127/1319/811 
f 1137/1336/821 19/19/5 881/987/565 
f 881/987/565 1138/1337/822 1137/1336/821 
f 236/241/48 19/19/5 1137/1336/821 
f 1137/1336/821 1139/1338/823 236/241/48 
f 1138/1337/822 881/987/565 880/986/564 
f 880/986/564 1140/1339/824 1138/1337/822 
f 237/242/49 236/241/48 1139/1338/823 
f 1139/1338/823 1141/1340/825 237/242/49 
f 1142/1341/826 1137/1336/821 1138/1337/822 
f 1138/1337/822 1143/1342/827 1142/1341/826 
f 1139/1338/823 1137/1336/821 1142/1341/826 
f 1142/1341/826 1144/1343/828 1139/1338/823 
f 1140/1339/824 879/984/563 482/983/245 
f 482/983/245 716/1344/435 1140/1339/824 
f 1143/1342/827 1140/1339/824 716/1344/435 
f 716/1344/435 710/1345/429 1143/1342/827 
f 880/986/564 879/984/563 1140/1339/824 
f 1138/1337/822 1140/1339/824 1143/1342/827 
f 1145/1346/829 697/1307/420 1123/1306/807 
f 1123/1306/807 1144/1343/828 1145/1346/829 
f 707/1347/426 697/1307/420 1145/1346/829 
f 1145/1346/829 1143/1342/827 707/1347/426 
f 1144/1343/828 1123/1306/807 1117/1300/801 
f 1117/1300/801 1141/1340/825 1144/1343/828 
f 1143/1342/827 710/1345/429 707/1347/426 
f 1143/1342/827 1145/1346/829 1144/1343/828 
f 1144/1343/828 1142/1341/826 1143/1342/827 
f 1141/1340/825 1114/1297/798 220/220/45 
f 220/220/45 239/244/50 1141/1340/825 
f 1141/1340/825 239/244/50 237/242/49 
f 1117/1300/801 1114/1297/798 1141/1340/825 
f 1144/1343/828 1141/1340/825 1139/1338/823 
f 1146/1348/830 207/207/45 1136/1335/820 
f 1136/1335/820 1147/1349/831 1146/1348/830 
f 240/245/50 207/207/45 1146/1348/830 
f 1146/1348/830 1148/1350/832 240/245/50 
f 1147/1349/831 1136/1335/820 1135/1334/819 
f 1135/1334/819 1149/1351/833 1147/1349/831 
f 231/236/49 240/245/50 1148/1350/832 
f 1148/1350/832 1150/1352/834 231/236/49 
f 1151/1353/835 1146/1348/830 1147/1349/831 
f 1147/1349/831 1152/1354/836 1151/1353/835 
f 1148/1350/832 1146/1348/830 1151/1353/835 
f 1151/1353/835 1153/1355/837 1148/1350/832 
f 1149/1351/833 1134/1332/818 277/1331/83 
f 277/1331/83 276/1356/82 1149/1351/833 
f 1152/1354/836 1149/1351/833 276/1356/82 
f 276/1356/82 270/1357/76 1152/1354/836 
f 1135/1334/819 1134/1332/818 1149/1351/833 
f 1147/1349/831 1149/1351/833 1152/1354/836 
f 1154/1358/838 255/999/65 892/998/576 
f 892/998/576 1153/1355/837 1154/1358/838 
f 267/1359/73 255/999/65 1154/1358/838 
f 1154/1358/838 1152/1354/836 267/1359/73 
f 1153/1355/837 892/998/576 886/992/570 
f 886/992/570 1150/1352/834 1153/1355/837 
f 1152/1354/836 270/1357/76 267/1359/73 
f 1152/1354/836 1154/1358/838 1153/1355/837 
f 1153/1355/837 1151/1353/835 1152/1354/836 
f 1150/1352/834 883/989/567 24/24/5 
f 24/24/5 228/233/48 1150/1352/834 
f 1150/1352/834 228/233/48 231/236/49 
f 886/992/570 883/989/567 1150/1352/834 
f 1153/1355/837 1150/1352/834 1148/1350/832 
f 1155/1360/839 1156/1361/5 1157/1362/839 
f 1157/1362/839 1158/1363/2 1155/1360/839 
f 1159/1364/5 1156/1361/5 1155/1360/839 
f 1155/1360/839 1160/1365/839 1159/1364/5 
f 1158/1363/2 1157/1362/839 1161/1366/2 
f 1161/1366/2 1162/1367/840 1158/1363/2 
f 1163/1368/5 1159/1364/5 1160/1365/839 
f 1160/1365/839 1164/1369/839 1163/1368/5 
f 1165/1370/2 1155/1360/839 1158/1363/2 
f 1158/1363/2 1166/1371/841 1165/1370/2 
f 1160/1365/839 1155/1360/839 1165/1370/2 
f 1165/1370/2 1167/1372/2 1160/1365/839 
f 1162/1367/840 1168/1373/841 1169/1374/7 
f 1169/1374/7 1170/1375/7 1162/1367/840 
f 1166/1371/841 1162/1367/840 1170/1375/7 
f 1170/1375/7 1171/1376/7 1166/1371/841 
f 1161/1366/2 1168/1373/841 1162/1367/840 
f 1158/1363/2 1162/1367/840 1166/1371/841 
f 1172/1377/841 1173/1378/7 1174/1379/841 
f 1174/1379/841 1167/1372/2 1172/1377/841 
f 1175/1380/7 1173/1378/7 1172/1377/841 
f 1172/1377/841 1166/1371/841 1175/1380/7 
f 1167/1372/2 1174/1379/841 1176/1381/2 
f 1176/1381/2 1164/1369/839 1167/1372/2 
f 1166/1371/841 1171/1376/7 1175/1380/7 
f 1166/1371/841 1172/1377/841 1167/1372/2 
f 1167/1372/2 1165/1370/2 1166/1371/841 
f 1164/1369/839 1177/1382/839 1178/1383/5 
f 1178/1383/5 1179/1384/5 1164/1369/839 
f 1164/1369/839 1179/1384/5 1163/1368/5 
f 1176/1381/2 1177/1382/839 1164/1369/839 
f 1167/1372/2 1164/1369/839 1160/1365/839 
f 1180/1385/842 1169/1374/7 1181/1386/842 
f 1181/1386/842 1182/1387/12 1180/1385/842 
f 1170/1375/7 1169/1374/7 1180/1385/842 
f 1180/1385/842 1183/1388/842 1170/1375/7 
f 1182/1387/12 1181/1386/842 1184/1389/12 
f 1184/1389/12 1185/1390/843 1182/1387/12 
f 1171/1376/7 1170/1375/7 1183/1388/842 
f 1183/1388/842 1186/1391/842 1171/1376/7 
f 1187/1392/12 1180/1385/842 1182/1387/12 
f 1182/1387/12 1188/1393/843 1187/1392/12 
f 1183/1388/842 1180/1385/842 1187/1392/12 
f 1187/1392/12 1189/1394/12 1183/1388/842 
f 1185/1390/843 1190/1395/843 1191/1396/16 
f 1191/1396/16 1192/1397/16 1185/1390/843 
f 1188/1393/843 1185/1390/843 1192/1397/16 
f 1192/1397/16 1193/1398/16 1188/1393/843 
f 1184/1389/12 1190/1395/843 1185/1390/843 
f 1182/1387/12 1185/1390/843 1188/1393/843 
f 1194/1399/843 1195/1400/16 1196/1401/843 
f 1196/1401/843 1189/1394/12 1194/1399/843 
f 1197/1402/16 1195/1400/16 1194/1399/843 
f 1194/1399/843 1188/1393/843 1197/1402/16 
f 1189/1394/12 1196/1401/843 1198/1403/12 
f 1198/1403/12 1186/1391/842 1189/1394/12 
f 1188/1393/843 1193/1398/16 1197/1402/16 
f 1188/1393/843 1194/1399/843 1189/1394/12 
f 1189/1394/12 1187/1392/12 1188/1393/843 
f 1186/1391/842 1199/1404/842 1173/1378/7 
f 1173/1378/7 1175/1380/7 1186/1391/842 
f 1186/1391/842 1175/1380/7 1171/1376/7 
f 1198/1403/12 1199/1404/842 1186/1391/842 
f 1189/1394/12 1186/1391/842 1183/1388/842 
f 1200/1405/844 1191/1396/16 1201/1406/844 
f 1201/1406/844 1202/1407/20 1200/1405/844 
f 1192/1397/16 1191/1396/16 1200/1405/844 
f 1200/1405/844 1203/1408/844 1192/1397/16 
f 1202/1407/20 1201/1406/844 1204/1409/20 
f 1204/1409/20 1205/1410/845 1202/1407/20 
f 1193/1398/16 1192/1397/16 1203/1408/844 
f 1203/1408/844 1206/1411/844 1193/1398/16 
f 1207/1412/20 1200/1405/844 1202/1407/20 
f 1202/1407/20 1208/1413/845 1207/1412/20 
f 1203/1408/844 1200/1405/844 1207/1412/20 
f 1207/1412/20 1209/1414/20 1203/1408/844 
f 1205/1410/845 1210/1415/845 1211/1416/24 
f 1211/1416/24 1212/1417/24 1205/1410/845 
f 1208/1413/845 1205/1410/845 1212/1417/24 
f 1212/1417/24 1213/1418/24 1208/1413/845 
f 1204/1409/20 1210/1415/845 1205/1410/845 
f 1202/1407/20 1205/1410/845 1208/1413/845 
f 1214/1419/845 1215/1420/24 1216/1421/845 
f 1216/1421/845 1209/1414/20 1214/1419/845 
f 1217/1422/24 1215/1420/24 1214/1419/845 
f 1214/1419/845 1208/1413/845 1217/1422/24 
f 1209/1414/20 1216/1421/845 1218/1423/20 
f 1218/1423/20 1206/1411/844 1209/1414/20 
f 1208/1413/845 1213/1418/24 1217/1422/24 
f 1208/1413/845 1214/1419/845 1209/1414/20 
f 1209/1414/20 1207/1412/20 1208/1413/845 
f 1206/1411/844 1219/1424/844 1195/1400/16 
f 1195/1400/16 1197/1402/16 1206/1411/844 
f 1206/1411/844 1197/1402/16 1193/1398/16 
f 1218/1423/20 1219/1424/844 1206/1411/844 
f 1209/1414/20 1206/1411/844 1203/1408/844 
f 1220/1425/846 1211/1416/24 1221/1426/846 
f 1221/1426/846 1222/1427/28 1220/1425/846 
f 1212/1417/24 1211/1416/24 1220/1425/846 
f 1220/1425/846 1223/1428/846 1212/1417/24 
f 1222/1427/28 1221/1426/846 1224/1429/28 
f 1224/1429/28 1225/1430/847 1222/1427/28 
f 1213/1418/24 1212/1417/24 1223/1428/846 
f 1223/1428/846 1226/1431/846 1213/1418/24 
f 1227/1432/28 1220/1425/846 1222/1427/28 
f 1222/1427/28 1228/1433/847 1227/1432/28 
f 1223/1428/846 1220/1425/846 1227/1432/28 
f 1227/1432/28 1229/1434/28 1223/1428/846 
f 1225/1430/847 1230/1435/847 1231/1436/32 
f 1231/1436/32 1232/1437/32 1225/1430/847 
f 1228/1433/847 1225/1430/847 1232/1437/32 
f 1232/1437/32 1233/1438/32 1228/1433/847 
f 1224/1429/28 1230/1435/847 1225/1430/847 
f 1222/1427/28 1225/1430/847 1228/1433/847 
f 1234/1439/847 1235/1440/32 1236/1441/847 
f 1236/1441/847 1229/1434/28 1234/1439/847 
f 1237/1442/32 1235/1440/32 1234/1439/847 
f 1234/1439/847 1228/1433/847 1237/1442/32 
f 1229/1434/28 1236/1441/847 1238/1443/28 
f 1238/1443/28 1226/1431/846 1229/1434/28 
f 1228/1433/847 1233/1438/32 1237/1442/32 
f 1228/1433/847 1234/1439/847 1229/1434/28 
f 1229/1434/28 1227/1432/28 1228/1433/847 
f 1226/1431/846 1239/1444/846 1215/1420/24 
f 1215/1420/24 1217/1422/24 1226/1431/846 
f 1226/1431/846 1217/1422/24 1213/1418/24 
f 1238/1443/28 1239/1444/846 1226/1431/846 
f 1229/1434/28 1226/1431/846 1223/1428/846 
f 1240/1445/848 1231/1436/32 1241/1446/848 
f 1241/1446/848 1242/1447/37 1240/1445/848 
f 1232/1437/32 1231/1436/32 1240/1445/848 
f 1240/1445/848 1243/1448/848 1232/1437/32 
f 1242/1447/37 1241/1446/848 1244/1449/37 
f 1244/1449/37 1245/1450/849 1242/1447/37 
f 1233/1438/32 1232/1437/32 1243/1448/848 
f 1243/1448/848 1246/1451/848 1233/1438/32 
f 1247/1452/37 1240/1445/848 1242/1447/37 
f 1242/1447/37 1248/1453/849 1247/1452/37 
f 1243/1448/848 1240/1445/848 1247/1452/37 
f 1247/1452/37 1249/1454/37 1243/1448/848 
f 1245/1450/849 1250/1455/849 1251/1456/41 
f 1251/1456/41 1252/1457/41 1245/1450/849 
f 1248/1453/849 1245/1450/849 1252/1457/41 
f 1252/1457/41 1253/1458/41 1248/1453/849 
f 1244/1449/37 1250/1455/849 1245/1450/849 
f 1242/1447/37 1245/1450/849 1248/1453/849 
f 1254/1459/849 1255/1460/41 1256/1461/849 
f 1256/1461/849 1249/1454/37 1254/1459/849 
f 1257/1462/41 1255/1460/41 1254/1459/849 
f 1254/1459/849 1248/1453/849 1257/1462/41 
f 1249/1454/37 1256/1461/849 1258/1463/37 
f 1258/1463/37 1246/1451/848 1249/1454/37 
f 1248/1453/849 1253/1458/41 1257/1462/41 
f 1248/1453/849 1254/1459/849 1249/1454/37 
f 1249/1454/37 1247/1452/37 1248/1453/849 
f 1246/1451/848 1259/1464/848 1235/1440/32 
f 1235/1440/32 1237/1442/32 1246/1451/848 
f 1246/1451/848 1237/1442/32 1233/1438/32 
f 1258/1463/37 1259/1464/848 1246/1451/848 
f 1249/1454/37 1246/1451/848 1243/1448/848 
f 1260/1465/850 1251/1466/41 1261/1467/850 
f 1261/1467/850 1262/1468/45 1260/1465/850 
f 1252/1469/41 1251/1466/41 1260/1465/850 
f 1260/1465/850 1263/1470/850 1252/1469/41 
f 1262/1468/45 1261/1467/850 1264/1471/45 
f 1264/1471/45 1265/1472/851 1262/1468/45 
f 1253/1473/41 1252/1469/41 1263/1470/850 
f 1263/1470/850 1266/1474/852 1253/1473/41 
f 1267/1475/45 1260/1465/850 1262/1468/45 
f 1262/1468/45 1268/1476/851 1267/1475/45 
f 1263/1470/850 1260/1465/850 1267/1475/45 
f 1267/1475/45 1269/1477/45 1263/1470/850 
f 1265/1472/851 1270/1478/851 1156/1361/5 
f 1156/1361/5 1159/1364/5 1265/1472/851 
f 1268/1476/851 1265/1472/851 1159/1364/5 
f 1159/1364/5 1163/1368/5 1268/1476/851 
f 1264/1471/45 1270/1478/851 1265/1472/851 
f 1262/1468/45 1265/1472/851 1268/1476/851 
f 1271/1479/851 1178/1383/5 1272/1480/851 
f 1272/1480/851 1269/1477/45 1271/1479/851 
f 1179/1384/5 1178/1383/5 1271/1479/851 
f 1271/1479/851 1268/1476/851 1179/1384/5 
f 1269/1477/45 1272/1480/851 1273/1481/45 
f 1273/1481/45 1266/1474/852 1269/1477/45 
f 1268/1476/851 1163/1368/5 1179/1384/5 
f 1268/1476/851 1271/1479/851 1269/1477/45 
f 1269/1477/45 1267/1475/45 1268/1476/851 
f 1266/1474/852 1274/1482/852 1255/1483/41 
f 1255/1483/41 1257/1484/41 1266/1474/852 
f 1266/1474/852 1257/1484/41 1253/1473/41 
f 1273/1481/45 1274/1482/852 1266/1474/852 
f 1269/1477/45 1266/1474/852 1263/1470/850 
s 65536
f 1275/1485/262 1215/1486/262 1239/1487/262 
f 1239/1487/262 1276/1488/262 1275/1485/262 
f 1277/1489/262 1215/1486/262 1275/1485/262 
f 1275/1485/262 1278/1490/262 1277/1489/262 
f 1276/1488/262 1239/1487/262 1238/1491/262 
f 1238/1491/262 1279/1492/262 1276/1488/262 
f 1280/1493/262 1277/1489/262 1278/1490/262 
f 1278/1490/262 1281/1494/262 1280/1493/262 
f 1282/1495/262 1275/1485/262 1276/1488/262 
f 1276/1488/262 1283/1496/262 1282/1495/262 
f 1278/1490/262 1275/1485/262 1282/1495/262 
f 1282/1495/262 1284/1497/262 1278/1490/262 
f 1236/1498/262 1235/1499/262 1259/1500/262 
f 1259/1500/262 1279/1492/262 1236/1498/262 
f 1283/1496/262 1279/1492/262 1259/1500/262 
f 1259/1500/262 1258/1501/262 1283/1496/262 
f 1238/1491/262 1236/1498/262 1279/1492/262 
f 1276/1488/262 1279/1492/262 1283/1496/262 
f 1285/1502/262 1255/1503/262 1274/1504/262 
f 1274/1504/262 1284/1497/262 1285/1502/262 
f 1256/1505/262 1255/1503/262 1285/1502/262 
f 1285/1502/262 1283/1496/262 1256/1505/262 
f 1284/1497/262 1274/1504/262 1273/1506/262 
f 1273/1506/262 1281/1494/262 1284/1497/262 
f 1283/1496/262 1258/1501/262 1256/1505/262 
f 1282/1495/262 1283/1496/262 1285/1502/262 
f 1285/1502/262 1284/1497/262 1282/1495/262 
f 1286/1507/262 1281/1494/262 1272/1508/262 
f 1272/1508/262 1178/1509/262 1286/1507/262 
f 1281/1494/262 1286/1507/262 1280/1493/262 
f 1273/1506/262 1272/1508/262 1281/1494/262 
f 1284/1497/262 1281/1494/262 1278/1490/262 
f 1287/1510/262 1178/1509/262 1177/1511/262 
f 1177/1511/262 1288/1512/262 1287/1510/262 
f 1286/1507/262 1178/1509/262 1287/1510/262 
f 1287/1510/262 1289/1513/262 1286/1507/262 
f 1288/1512/262 1177/1511/262 1176/1514/262 
f 1176/1514/262 1290/1515/262 1288/1512/262 
f 1280/1493/262 1286/1507/262 1289/1513/262 
f 1289/1513/262 1291/1516/262 1280/1493/262 
f 1292/1517/262 1287/1510/262 1288/1512/262 
f 1288/1512/262 1293/1518/262 1292/1517/262 
f 1289/1513/262 1287/1510/262 1292/1517/262 
f 1292/1517/262 1294/1519/262 1289/1513/262 
f 1174/1520/262 1173/1521/262 1199/1522/262 
f 1199/1522/262 1290/1515/262 1174/1520/262 
f 1293/1518/262 1290/1515/262 1199/1522/262 
f 1199/1522/262 1198/1523/262 1293/1518/262 
f 1176/1514/262 1174/1520/262 1290/1515/262 
f 1288/1512/262 1290/1515/262 1293/1518/262 
f 1295/1524/262 1195/1525/262 1219/1526/262 
f 1219/1526/262 1294/1519/262 1295/1524/262 
f 1196/1527/262 1195/1525/262 1295/1524/262 
f 1295/1524/262 1293/1518/262 1196/1527/262 
f 1294/1519/262 1219/1526/262 1218/1528/262 
f 1218/1528/262 1291/1516/262 1294/1519/262 
f 1293/1518/262 1198/1523/262 1196/1527/262 
f 1292/1517/262 1293/1518/262 1295/1524/262 
f 1295/1524/262 1294/1519/262 1292/1517/262 
f 1277/1489/262 1291/1516/262 1216/1529/262 
f 1216/1529/262 1215/1486/262 1277/1489/262 
f 1291/1516/262 1277/1489/262 1280/1493/262 
f 1218/1528/262 1216/1529/262 1291/1516/262 
f 1294/1519/262 1291/1516/262 1289/1513/262 
f 1296/1530/69 1156/1531/69 1270/1532/69 
f 1270/1532/69 1297/1533/69 1296/1530/69 
f 1157/1534/69 1156/1531/69 1296/1530/69 
f 1296/1530/69 1298/1535/69 1157/1534/69 
f 1297/1533/69 1270/1532/69 1264/1536/69 
f 1264/1536/69 1299/1537/69 1297/1533/69 
f 1161/1538/69 1157/1534/69 1298/1535/69 
f 1298/1535/69 1300/1539/69 1161/1538/69 
f 1301/1540/69 1296/1530/69 1297/1533/69 
f 1297/1533/69 1302/1541/69 1301/1540/69 
f 1298/1535/69 1296/1530/69 1301/1540/69 
f 1301/1540/69 1303/1542/69 1298/1535/69 
f 1261/1543/69 1251/1544/69 1250/1545/69 
f 1250/1545/69 1299/1537/69 1261/1543/69 
f 1302/1541/69 1299/1537/69 1250/1545/69 
f 1250/1545/69 1244/1546/69 1302/1541/69 
f 1264/1536/69 1261/1543/69 1299/1537/69 
f 1297/1533/69 1299/1537/69 1302/1541/69 
f 1304/1547/69 1231/1548/69 1305/1549/69 
f 1305/1549/69 1303/1542/69 1304/1547/69 
f 1241/1550/69 1231/1548/69 1304/1547/69 
f 1304/1547/69 1302/1541/69 1241/1550/69 
f 1303/1542/69 1305/1549/69 1306/1551/69 
f 1306/1551/69 1300/1539/69 1303/1542/69 
f 1302/1541/69 1244/1546/69 1241/1550/69 
f 1302/1541/69 1304/1547/69 1303/1542/69 
f 1303/1542/69 1301/1540/69 1302/1541/69 
f 1168/1552/69 1300/1539/69 1307/1553/69 
f 1307/1553/69 1169/1554/69 1168/1552/69 
f 1300/1539/69 1168/1552/69 1161/1538/69 
f 1306/1551/69 1307/1553/69 1300/1539/69 
f 1303/1542/69 1300/1539/69 1298/1535/69 
f 1308/1555/69 1231/1548/69 1230/1556/69 
f 1230/1556/69 1309/1557/69 1308/1555/69 
f 1305/1549/69 1231/1548/69 1308/1555/69 
f 1308/1555/69 1310/1558/69 1305/1549/69 
f 1309/1557/69 1230/1556/69 1224/1559/69 
f 1224/1559/69 1311/1560/69 1309/1557/69 
f 1306/1551/69 1305/1549/69 1310/1558/69 
f 1310/1558/69 1312/1561/69 1306/1551/69 
f 1313/1562/69 1308/1555/69 1309/1557/69 
f 1309/1557/69 1314/1563/69 1313/1562/69 
f 1310/1558/69 1308/1555/69 1313/1562/69 
f 1313/1562/69 1315/1564/69 1310/1558/69 
f 1221/1565/69 1211/1566/69 1210/1567/69 
f 1210/1567/69 1311/1560/69 1221/1565/69 
f 1314/1563/69 1311/1560/69 1210/1567/69 
f 1210/1567/69 1204/1568/69 1314/1563/69 
f 1224/1559/69 1221/1565/69 1311/1560/69 
f 1309/1557/69 1311/1560/69 1314/1563/69 
f 1316/1569/69 1191/1570/69 1190/1571/69 
f 1190/1571/69 1315/1564/69 1316/1569/69 
f 1201/1572/69 1191/1570/69 1316/1569/69 
f 1316/1569/69 1314/1563/69 1201/1572/69 
f 1315/1564/69 1190/1571/69 1184/1573/69 
f 1184/1573/69 1312/1561/69 1315/1564/69 
f 1314/1563/69 1204/1568/69 1201/1572/69 
f 1313/1562/69 1314/1563/69 1316/1569/69 
f 1316/1569/69 1315/1564/69 1313/1562/69 
f 1307/1553/69 1312/1561/69 1181/1574/69 
f 1181/1574/69 1169/1554/69 1307/1553/69 
f 1312/1561/69 1307/1553/69 1306/1551/69 
f 1184/1573/69 1181/1574/69 1312/1561/69 
f 1315/1564/69 1312/1561/69 1310/1558/69 
# 2624 faces

