# 3ds Max Wavefront OBJ Exporter v0.99 - (c)2007 guruware
# File Created: 21.03.2025 19:34:29

mtllib LLantaDDO.mtl

#
# object LlantaDIz
#

v  -0.2580 -0.1450 -1.0089
v  -0.2514 -0.0901 -0.5193
v  -0.2514 -0.0901 -1.0089
v  -0.2580 -0.1450 -1.4986
v  -0.2580 -0.1450 -0.5193
v  -0.2503 -0.2000 -1.0089
v  -0.2514 -0.0901 -1.4986
v  -0.2580 -0.1450 -1.9886
v  -0.2503 -0.2000 -0.5193
v  -0.2293 -0.2518 -1.0089
v  -0.2503 -0.2000 -1.4986
v  -0.2503 -0.2000 -1.9886
v  -0.2293 -0.2518 -1.4986
v  -0.2514 -0.0901 -1.9886
v  -0.2514 -0.0901 -2.4782
v  -0.2580 -0.1450 -2.4782
v  -0.2503 -0.2000 -2.4782
v  -0.2293 -0.2518 -1.9886
v  -0.1964 -0.2959 -2.4782
v  -0.1964 -0.2959 -1.9886
v  -0.2293 -0.2518 -2.4782
v  -0.1964 -0.2959 -1.4986
v  -0.1964 -0.2959 -1.0089
v  -0.1964 -0.2959 -0.5193
v  -0.2293 -0.2518 -0.5193
v  -0.1520 -0.3291 -1.0089
v  -0.1520 -0.3291 -1.4986
v  -0.1520 -0.3291 -0.5193
v  -0.1005 -0.3498 -1.0089
v  -0.1520 -0.3291 -1.9886
v  -0.1005 -0.3498 -0.5193
v  -0.0452 -0.3575 -1.0089
v  -0.1005 -0.3498 -1.4986
v  -0.1005 -0.3498 -1.9886
v  -0.0452 -0.3575 -1.4986
v  -0.1520 -0.3291 -2.4782
v  -0.1005 -0.3498 -2.4782
v  -0.0452 -0.3575 -1.9886
v  0.0094 -0.3512 -2.4782
v  0.0094 -0.3512 -1.9886
v  -0.0452 -0.3575 -2.4782
v  0.0094 -0.3512 -1.4986
v  0.0094 -0.3512 -1.0089
v  0.0094 -0.3512 -0.5193
v  -0.0452 -0.3575 -0.5193
v  0.0601 -0.3291 -1.0089
v  0.0601 -0.3291 -1.4986
v  0.0601 -0.3291 -0.5193
v  0.1042 -0.2952 -1.0089
v  0.0601 -0.3291 -1.9886
v  0.1042 -0.2952 -0.5193
v  0.1385 -0.2511 -1.0089
v  0.1042 -0.2952 -1.4986
v  0.1042 -0.2952 -1.9886
v  0.1385 -0.2511 -1.4986
v  0.0601 -0.3291 -2.4782
v  0.1042 -0.2952 -2.4782
v  0.1385 -0.2511 -1.9886
v  0.1602 -0.2003 -2.4782
v  0.1602 -0.2003 -1.9886
v  0.1385 -0.2511 -2.4782
v  0.1602 -0.2003 -1.4986
v  0.1602 -0.2003 -1.0089
v  0.1602 -0.2003 -0.5193
v  0.1385 -0.2511 -0.5193
v  0.1665 -0.1457 -1.0089
v  0.1665 -0.1457 -1.4986
v  0.1665 -0.1457 -0.5193
v  0.1588 -0.0904 -1.0089
v  0.1665 -0.1457 -1.9886
v  0.1588 -0.0904 -0.5193
v  0.1382 -0.0390 -1.0089
v  0.1588 -0.0904 -1.4986
v  0.1588 -0.0904 -1.9886
v  0.1382 -0.0390 -1.4986
v  0.1665 -0.1457 -2.4782
v  0.1588 -0.0904 -2.4782
v  0.1382 -0.0390 -1.9886
v  0.1049 0.0055 -2.4782
v  0.1049 0.0055 -1.9886
v  0.1382 -0.0390 -2.4782
v  0.1049 0.0055 -1.4986
v  0.1049 0.0055 -1.0089
v  0.1049 0.0055 -0.5193
v  0.1382 -0.0390 -0.5193
v  0.0608 0.0384 -1.0089
v  0.0608 0.0384 -1.4986
v  0.0608 0.0384 -0.5193
v  0.0090 0.0594 -1.0089
v  0.0608 0.0384 -1.9886
v  0.0090 0.0594 -0.5193
v  -0.0459 0.0671 -1.0089
v  0.0090 0.0594 -1.4986
v  0.0090 0.0594 -1.9886
v  -0.0459 0.0671 -1.4986
v  0.0608 0.0384 -2.4782
v  0.0090 0.0594 -2.4782
v  -0.0459 0.0671 -1.9886
v  -0.1009 0.0604 -2.4782
v  -0.1009 0.0604 -1.9886
v  -0.0459 0.0671 -2.4782
v  -0.1009 0.0604 -1.4986
v  -0.1009 0.0604 -1.0089
v  -0.1009 0.0604 -0.5193
v  -0.0459 0.0671 -0.5193
v  -0.1516 0.0387 -1.0089
v  -0.1516 0.0387 -1.4986
v  -0.1516 0.0387 -0.5193
v  -0.1954 0.0044 -1.0089
v  -0.1516 0.0387 -1.9886
v  -0.1954 0.0044 -0.5193
v  -0.2297 -0.0393 -1.0089
v  -0.1954 0.0044 -1.4986
v  -0.1954 0.0044 -1.9886
v  -0.2297 -0.0393 -1.4986
v  -0.1516 0.0387 -2.4782
v  -0.1954 0.0044 -2.4782
v  -0.2297 -0.0393 -1.9886
v  -0.2297 -0.0393 -2.4782
v  -0.2297 -0.0393 -0.5193
v  -1.4239 -0.3221 -0.2918
v  -1.3889 -0.4996 -0.1206
v  -1.4239 -0.3221 -0.1206
v  -1.4354 -0.1415 -0.2918
v  -1.3889 -0.4996 -0.2918
v  -1.4239 -0.3221 -0.4892
v  -1.4354 -0.1415 -0.1206
v  -1.4239 0.0391 -0.2918
v  -1.3889 -0.4996 -0.4892
v  -1.4239 -0.3221 -0.6866
v  -1.4354 -0.1415 -0.4892
v  -1.4239 0.0391 -0.4892
v  -1.4354 -0.1415 -0.6866
v  -1.4239 0.0391 -0.1206
v  -1.3889 0.2165 -0.1206
v  -1.3889 0.2165 -0.2918
v  -1.3889 0.2165 -0.4892
v  -1.4239 0.0391 -0.6866
v  -1.3889 0.2165 -0.8577
v  -1.4239 0.0391 -0.8577
v  -1.3889 0.2165 -0.6866
v  -1.4354 -0.1415 -0.8577
v  -1.4239 -0.3221 -0.8577
v  -1.3889 -0.4996 -0.8577
v  -1.3889 -0.4996 -0.6866
v  -1.1498 -0.9833 -0.2918
v  -1.0308 -1.1194 -0.1206
v  -1.1498 -0.9833 -0.1206
v  -1.2503 -0.8328 -0.2918
v  -1.0308 -1.1194 -0.2918
v  -1.1498 -0.9833 -0.4892
v  -1.2503 -0.8328 -0.1206
v  -1.3304 -0.6707 -0.2918
v  -1.0308 -1.1194 -0.4892
v  -1.1498 -0.9833 -0.6866
v  -1.2503 -0.8328 -0.4892
v  -1.3304 -0.6707 -0.4892
v  -1.2503 -0.8328 -0.6866
v  -1.3304 -0.6707 -0.1206
v  -1.3304 -0.6707 -0.6866
v  -1.3304 -0.6707 -0.8577
v  -1.2503 -0.8328 -0.8577
v  -1.1498 -0.9833 -0.8577
v  -1.0308 -1.1194 -0.8577
v  -1.0308 -1.1194 -0.6866
v  -0.5818 -1.4190 -0.2918
v  -0.4106 -1.4775 -0.1206
v  -0.5818 -1.4190 -0.1206
v  -0.7442 -1.3389 -0.2918
v  -0.4106 -1.4775 -0.2918
v  -0.5818 -1.4190 -0.4892
v  -0.7442 -1.3389 -0.1206
v  -0.8947 -1.2384 -0.2918
v  -0.4106 -1.4775 -0.4892
v  -0.5818 -1.4190 -0.6866
v  -0.7442 -1.3389 -0.4892
v  -0.8947 -1.2384 -0.4892
v  -0.7442 -1.3389 -0.6866
v  -0.8947 -1.2384 -0.1206
v  -0.8947 -1.2384 -0.6866
v  -0.8947 -1.2384 -0.8577
v  -0.7442 -1.3389 -0.8577
v  -0.5818 -1.4190 -0.8577
v  -0.4106 -1.4775 -0.8577
v  -0.4106 -1.4775 -0.6866
v  0.1277 -1.5125 -0.2918
v  0.3051 -1.4775 -0.1206
v  0.1277 -1.5125 -0.1206
v  -0.0529 -1.5240 -0.2918
v  0.3051 -1.4775 -0.2918
v  0.1277 -1.5125 -0.4892
v  -0.0529 -1.5240 -0.1206
v  -0.2332 -1.5125 -0.2918
v  0.3051 -1.4775 -0.4892
v  0.1277 -1.5125 -0.6866
v  -0.0529 -1.5240 -0.4892
v  -0.2332 -1.5125 -0.4892
v  -0.0529 -1.5240 -0.6866
v  -0.2332 -1.5125 -0.1206
v  -0.2332 -1.5125 -0.6866
v  -0.2332 -1.5125 -0.8577
v  -0.0529 -1.5240 -0.8577
v  0.1277 -1.5125 -0.8577
v  0.3051 -1.4775 -0.8577
v  0.3051 -1.4775 -0.6866
v  0.7892 -1.2384 -0.2918
v  0.9253 -1.1194 -0.1206
v  0.7892 -1.2384 -0.1206
v  0.6387 -1.3389 -0.2918
v  0.9253 -1.1194 -0.2918
v  0.7892 -1.2384 -0.4892
v  0.6387 -1.3389 -0.1206
v  0.4763 -1.4190 -0.2918
v  0.9253 -1.1194 -0.4892
v  0.7892 -1.2384 -0.6866
v  0.6387 -1.3389 -0.4892
v  0.4763 -1.4190 -0.4892
v  0.6387 -1.3389 -0.6866
v  0.4763 -1.4190 -0.1206
v  0.4763 -1.4190 -0.6866
v  0.4763 -1.4190 -0.8577
v  0.6387 -1.3389 -0.8577
v  0.7892 -1.2384 -0.8577
v  0.9253 -1.1194 -0.8577
v  0.9253 -1.1194 -0.6866
v  1.2249 -0.6707 -0.2918
v  1.2830 -0.4996 -0.1206
v  1.2249 -0.6707 -0.1206
v  1.1444 -0.8328 -0.2918
v  1.2830 -0.4996 -0.2918
v  1.2249 -0.6707 -0.4892
v  1.1444 -0.8328 -0.1206
v  1.0443 -0.9833 -0.2918
v  1.2830 -0.4996 -0.4892
v  1.2249 -0.6707 -0.6866
v  1.1444 -0.8328 -0.4892
v  1.0443 -0.9833 -0.4892
v  1.1444 -0.8328 -0.6866
v  1.0443 -0.9833 -0.1206
v  1.0443 -0.9833 -0.6866
v  1.0443 -0.9833 -0.8577
v  1.1444 -0.8328 -0.8577
v  1.2249 -0.6707 -0.8577
v  1.2830 -0.4996 -0.8577
v  1.2830 -0.4996 -0.6866
v  1.3180 0.0391 -0.2918
v  1.2830 0.2165 -0.1206
v  1.3180 0.0391 -0.1206
v  1.3299 -0.1415 -0.2918
v  1.2830 0.2165 -0.2918
v  1.3180 0.0391 -0.4892
v  1.3299 -0.1415 -0.1206
v  1.3180 -0.3221 -0.2918
v  1.2830 0.2165 -0.4892
v  1.3180 0.0391 -0.6866
v  1.3299 -0.1415 -0.4892
v  1.3180 -0.3221 -0.4892
v  1.3299 -0.1415 -0.6866
v  1.3180 -0.3221 -0.1206
v  1.3180 -0.3221 -0.6866
v  1.3180 -0.3221 -0.8577
v  1.3299 -0.1415 -0.8577
v  1.3180 0.0391 -0.8577
v  1.2830 0.2165 -0.8577
v  1.2830 0.2165 -0.6866
v  1.0443 0.7002 -0.2918
v  0.9253 0.8364 -0.1206
v  1.0443 0.7002 -0.1206
v  1.1444 0.5497 -0.2918
v  0.9253 0.8364 -0.2918
v  1.0443 0.7002 -0.4892
v  1.1444 0.5497 -0.1206
v  1.2249 0.3877 -0.2918
v  0.9253 0.8364 -0.4892
v  1.0443 0.7002 -0.6866
v  1.1444 0.5497 -0.4892
v  1.2249 0.3877 -0.4892
v  1.1444 0.5497 -0.6866
v  1.2249 0.3877 -0.1206
v  1.2249 0.3877 -0.6866
v  1.2249 0.3877 -0.8577
v  1.1444 0.5497 -0.8577
v  1.0443 0.7002 -0.8577
v  0.9253 0.8364 -0.8577
v  0.9253 0.8364 -0.6866
v  0.4763 1.1360 -0.2918
v  0.3051 1.1944 -0.1206
v  0.4763 1.1360 -0.1206
v  0.6387 1.0558 -0.2918
v  0.3051 1.1944 -0.2918
v  0.4763 1.1360 -0.4892
v  0.6387 1.0558 -0.1206
v  0.7892 0.9554 -0.2918
v  0.3051 1.1944 -0.4892
v  0.4763 1.1360 -0.6866
v  0.6387 1.0558 -0.4892
v  0.7892 0.9554 -0.4892
v  0.6387 1.0558 -0.6866
v  0.7892 0.9554 -0.1206
v  0.7892 0.9554 -0.6866
v  0.7892 0.9554 -0.8577
v  0.6387 1.0558 -0.8577
v  0.4763 1.1360 -0.8577
v  0.3051 1.1944 -0.8577
v  0.3051 1.1944 -0.6866
v  -0.2332 1.2294 -0.2918
v  -0.4106 1.1944 -0.1206
v  -0.2332 1.2294 -0.1206
v  -0.0529 1.2410 -0.2918
v  -0.4106 1.1944 -0.2918
v  -0.2332 1.2294 -0.4892
v  -0.0529 1.2410 -0.1206
v  0.1277 1.2294 -0.2918
v  -0.4106 1.1944 -0.4892
v  -0.2332 1.2294 -0.6866
v  -0.0529 1.2410 -0.4892
v  0.1277 1.2294 -0.4892
v  -0.0529 1.2410 -0.6866
v  0.1277 1.2294 -0.1206
v  0.1277 1.2294 -0.6866
v  0.1277 1.2294 -0.8577
v  -0.0529 1.2410 -0.8577
v  -0.2332 1.2294 -0.8577
v  -0.4106 1.1944 -0.8577
v  -0.4106 1.1944 -0.6866
v  -0.8947 0.9554 -0.2918
v  -1.0308 0.8364 -0.1206
v  -0.8947 0.9554 -0.1206
v  -0.7442 1.0558 -0.2918
v  -1.0308 0.8364 -0.2918
v  -0.8947 0.9554 -0.4892
v  -0.7442 1.0558 -0.1206
v  -0.5818 1.1360 -0.2918
v  -1.0308 0.8364 -0.4892
v  -0.8947 0.9554 -0.6866
v  -0.7442 1.0558 -0.4892
v  -0.5818 1.1360 -0.4892
v  -0.7442 1.0558 -0.6866
v  -0.5818 1.1360 -0.1206
v  -0.5818 1.1360 -0.6866
v  -0.5818 1.1360 -0.8577
v  -0.7442 1.0558 -0.8577
v  -0.8947 0.9554 -0.8577
v  -1.0308 0.8364 -0.8577
v  -1.0308 0.8364 -0.6866
v  -1.3304 0.3877 -0.2918
v  -1.3304 0.3877 -0.1206
v  -1.2503 0.5497 -0.2918
v  -1.3304 0.3877 -0.4892
v  -1.2503 0.5497 -0.1206
v  -1.1498 0.7002 -0.2918
v  -1.3304 0.3877 -0.6866
v  -1.2503 0.5497 -0.4892
v  -1.1498 0.7002 -0.4892
v  -1.2503 0.5497 -0.6866
v  -1.1498 0.7002 -0.1206
v  -1.1498 0.7002 -0.6866
v  -1.1498 0.7002 -0.8577
v  -1.2503 0.5497 -0.8577
v  -1.3304 0.3877 -0.8577
v  -1.2730 -0.3022 0.1604
v  -1.3154 -0.4800 0.1454
v  -1.2419 -0.4600 0.1604
v  -1.1754 -0.2892 0.1678
v  -1.3486 -0.3120 0.1454
v  -1.2835 -0.1415 0.1604
v  -1.1467 -0.4345 0.1678
v  -1.0623 -0.2745 0.1702
v  -1.3595 -0.1415 0.1454
v  -1.2730 0.0191 0.1604
v  -1.1848 -0.1415 0.1678
v  -1.0711 -0.1415 0.1702
v  -1.1754 0.0062 0.1678
v  -1.0368 -0.4051 0.1702
v  -0.9192 -0.3736 0.1702
v  -0.9419 -0.2584 0.1702
v  -0.9496 -0.1415 0.1702
v  -1.0623 -0.0085 0.1702
v  -0.9192 0.0905 0.1702
v  -1.0368 0.1220 0.1702
v  -0.9419 -0.0243 0.1702
v  -1.1467 0.1514 0.1678
v  -1.2419 0.1770 0.1604
v  -1.3154 0.1969 0.1454
v  -1.3486 0.0293 0.1454
v  -1.1901 0.3296 0.1604
v  -1.0987 0.2918 0.1678
v  -1.2601 0.3586 0.1454
v  -1.1187 0.4738 0.1604
v  -0.9937 0.2480 0.1702
v  -1.1845 0.5119 0.1454
v  -1.0294 0.6078 0.1604
v  -1.0333 0.4244 0.1678
v  -0.9346 0.3677 0.1702
v  -0.9510 0.5476 0.1678
v  -0.8814 0.2018 0.1702
v  -0.8292 0.3068 0.1702
v  -0.8607 0.4783 0.1702
v  -0.6871 0.4927 0.1702
v  -0.7729 0.5788 0.1702
v  -0.7641 0.4045 0.1702
v  -0.8534 0.6593 0.1678
v  -0.9234 0.7289 0.1604
v  -0.9769 0.7828 0.1454
v  -1.0896 0.6540 0.1454
v  -0.8023 0.8350 0.1604
v  -0.7421 0.7566 0.1678
v  -0.8485 0.8952 0.1454
v  -0.6682 0.9242 0.1604
v  -0.6728 0.6663 0.1702
v  -0.7060 0.9900 0.1454
v  -0.5237 0.9956 0.1604
v  -0.6189 0.8388 0.1678
v  -0.5618 0.7401 0.1702
v  -0.4859 0.9046 0.1678
v  -0.5989 0.5700 0.1702
v  -0.5013 0.6351 0.1702
v  -0.4425 0.7993 0.1702
v  -0.2850 0.7251 0.1702
v  -0.3165 0.8423 0.1702
v  -0.3959 0.6869 0.1702
v  -0.3459 0.9522 0.1678
v  -0.3714 1.0478 0.1604
v  -0.3910 1.1209 0.1454
v  -0.5527 1.0660 0.1454
v  -0.2136 1.0789 0.1604
v  -0.2006 0.9809 0.1678
v  -0.2234 1.1542 0.1454
v  -0.0529 1.0894 0.1604
v  -0.1856 0.8682 0.1702
v  -0.0529 1.1654 0.1454
v  0.1081 1.0789 0.1604
v  -0.0529 0.9907 0.1678
v  -0.0529 0.8766 0.1702
v  0.0951 0.9809 0.1678
v  -0.1698 0.7478 0.1702
v  -0.0529 0.7552 0.1702
v  0.0801 0.8682 0.1702
v  0.1795 0.7251 0.1702
v  0.2110 0.8423 0.1702
v  0.0643 0.7478 0.1702
v  0.2404 0.9522 0.1678
v  0.2659 1.0478 0.1604
v  0.2855 1.1209 0.1454
v  0.1179 1.1542 0.1454
v  0.4182 0.9956 0.1604
v  0.3804 0.9046 0.1678
v  0.4472 1.0660 0.1454
v  0.5627 0.9242 0.1604
v  0.3370 0.7993 0.1702
v  0.6005 0.9900 0.1454
v  0.6964 0.8350 0.1604
v  0.5134 0.8388 0.1678
v  0.4563 0.7401 0.1702
v  0.6366 0.7566 0.1678
v  0.2904 0.6869 0.1702
v  0.3954 0.6351 0.1702
v  0.5673 0.6663 0.1702
v  0.5816 0.4927 0.1702
v  0.6674 0.5788 0.1702
v  0.4931 0.5700 0.1702
v  0.7479 0.6593 0.1678
v  0.8179 0.7289 0.1604
v  0.8714 0.7828 0.1454
v  0.7430 0.8952 0.1454
v  0.9236 0.6078 0.1604
v  0.8455 0.5476 0.1678
v  0.9841 0.6540 0.1454
v  1.0132 0.4738 0.1604
v  0.7552 0.4783 0.1702
v  1.0790 0.5119 0.1454
v  1.0846 0.3296 0.1604
v  0.9278 0.4244 0.1678
v  0.8291 0.3677 0.1702
v  0.9932 0.2918 0.1678
v  0.6586 0.4045 0.1702
v  0.7237 0.3068 0.1702
v  0.8879 0.2480 0.1702
v  0.8137 0.0905 0.1702
v  0.9309 0.1220 0.1702
v  0.7759 0.2018 0.1702
v  1.0412 0.1514 0.1678
v  1.1364 0.1770 0.1604
v  1.2099 0.1969 0.1454
v  1.1546 0.3586 0.1454
v  1.1675 0.0191 0.1604
v  1.0699 0.0062 0.1678
v  1.2428 0.0293 0.1454
v  1.1780 -0.1415 0.1604
v  0.9568 -0.0085 0.1702
v  1.2540 -0.1415 0.1454
v  1.1675 -0.3022 0.1604
v  1.0793 -0.1415 0.1678
v  0.9656 -0.1415 0.1702
v  1.0699 -0.2892 0.1678
v  0.8364 -0.0243 0.1702
v  0.8438 -0.1415 0.1702
v  0.9568 -0.2745 0.1702
v  0.8137 -0.3736 0.1702
v  0.9309 -0.4051 0.1702
v  0.8364 -0.2584 0.1702
v  1.0412 -0.4345 0.1678
v  1.1364 -0.4600 0.1604
v  1.2099 -0.4800 0.1454
v  1.2428 -0.3120 0.1454
v  1.0846 -0.6126 0.1604
v  0.9932 -0.5748 0.1678
v  1.1546 -0.6417 0.1454
v  1.0132 -0.7568 0.1604
v  0.8879 -0.5311 0.1702
v  1.0790 -0.7950 0.1454
v  0.9236 -0.8909 0.1604
v  0.9278 -0.7075 0.1678
v  0.8291 -0.6508 0.1702
v  0.8455 -0.8307 0.1678
v  0.7759 -0.4845 0.1702
v  0.7237 -0.5899 0.1702
v  0.7552 -0.7614 0.1702
v  0.5816 -0.7757 0.1702
v  0.6674 -0.8618 0.1702
v  0.6586 -0.6875 0.1702
v  0.7479 -0.9423 0.1678
v  0.8179 -1.0120 0.1604
v  0.8714 -1.0659 0.1454
v  0.9841 -0.9371 0.1454
v  0.6964 -1.1180 0.1604
v  0.6366 -1.0396 0.1678
v  0.7430 -1.1782 0.1454
v  0.5627 -1.2073 0.1604
v  0.5673 -0.9493 0.1702
v  0.6005 -1.2731 0.1454
v  0.4182 -1.2787 0.1604
v  0.5134 -1.1219 0.1678
v  0.4563 -1.0232 0.1702
v  0.3804 -1.1877 0.1678
v  0.4931 -0.8531 0.1702
v  0.3954 -0.9182 0.1702
v  0.3370 -1.0823 0.1702
v  0.1795 -1.0078 0.1702
v  0.2110 -1.1254 0.1702
v  0.2904 -0.9700 0.1702
v  0.2404 -1.2353 0.1678
v  0.2659 -1.3308 0.1604
v  0.2855 -1.4040 0.1454
v  0.4472 -1.3490 0.1454
v  0.1081 -1.3620 0.1604
v  0.0951 -1.2640 0.1678
v  0.1179 -1.4372 0.1454
v  -0.0529 -1.3721 0.1604
v  0.0801 -1.1513 0.1702
v  -0.0529 -1.4481 0.1454
v  -0.2136 -1.3620 0.1604
v  -0.0529 -1.2734 0.1678
v  -0.0529 -1.1597 0.1702
v  -0.2006 -1.2640 0.1678
v  0.0643 -1.0305 0.1702
v  -0.0529 -1.0382 0.1702
v  -0.1859 -1.1513 0.1702
v  -0.2850 -1.0078 0.1702
v  -0.3165 -1.1254 0.1702
v  -0.1698 -1.0305 0.1702
v  -0.3459 -1.2353 0.1678
v  -0.3714 -1.3308 0.1604
v  -0.3910 -1.4040 0.1454
v  -0.2234 -1.4372 0.1454
v  -0.5237 -1.2787 0.1604
v  -0.4859 -1.1877 0.1678
v  -0.5527 -1.3490 0.1454
v  -0.6682 -1.2073 0.1604
v  -0.4425 -1.0823 0.1702
v  -0.7060 -1.2731 0.1454
v  -0.8023 -1.1180 0.1604
v  -0.6189 -1.1219 0.1678
v  -0.5618 -1.0232 0.1702
v  -0.7421 -1.0396 0.1678
v  -0.3959 -0.9700 0.1702
v  -0.5013 -0.9182 0.1702
v  -0.6728 -0.9493 0.1702
v  -0.6871 -0.7757 0.1702
v  -0.7729 -0.8618 0.1702
v  -0.5989 -0.8531 0.1702
v  -0.8534 -0.9423 0.1678
v  -0.9234 -1.0120 0.1604
v  -0.9769 -1.0659 0.1454
v  -0.8485 -1.1782 0.1454
v  -1.0294 -0.8909 0.1604
v  -0.9510 -0.8307 0.1678
v  -1.0896 -0.9371 0.1454
v  -1.1187 -0.7568 0.1604
v  -0.8607 -0.7614 0.1702
v  -1.1845 -0.7950 0.1454
v  -1.1901 -0.6126 0.1604
v  -1.0333 -0.7075 0.1678
v  -0.9346 -0.6508 0.1702
v  -1.0987 -0.5748 0.1678
v  -0.7641 -0.6875 0.1702
v  -0.8292 -0.5899 0.1702
v  -0.9937 -0.5311 0.1702
v  -0.8814 -0.4845 0.1702
v  -1.2601 -0.6417 0.1454
v  -1.2730 0.0191 -1.1388
v  -1.3154 0.1969 -1.1237
v  -1.2419 0.1770 -1.1388
v  -1.1754 0.0062 -1.1461
v  -1.3486 0.0293 -1.1237
v  -1.2835 -0.1415 -1.1388
v  -1.1467 0.1514 -1.1461
v  -1.0623 -0.0085 -1.1489
v  -1.3595 -0.1415 -1.1237
v  -1.2730 -0.3022 -1.1388
v  -1.1848 -0.1415 -1.1461
v  -1.0711 -0.1415 -1.1489
v  -1.1754 -0.2892 -1.1461
v  -1.0368 0.1220 -1.1489
v  -0.9192 0.0905 -1.1489
v  -0.9419 -0.0243 -1.1489
v  -0.9496 -0.1415 -1.1489
v  -1.0623 -0.2745 -1.1489
v  -0.9192 -0.3736 -1.1489
v  -1.0368 -0.4051 -1.1489
v  -0.9419 -0.2584 -1.1489
v  -1.1467 -0.4345 -1.1461
v  -1.2419 -0.4600 -1.1388
v  -1.3154 -0.4800 -1.1237
v  -1.3486 -0.3120 -1.1237
v  -1.1901 -0.6126 -1.1388
v  -1.0987 -0.5748 -1.1461
v  -1.2601 -0.6417 -1.1237
v  -1.1187 -0.7568 -1.1388
v  -0.9937 -0.5311 -1.1489
v  -1.1845 -0.7950 -1.1237
v  -1.0294 -0.8909 -1.1388
v  -1.0333 -0.7075 -1.1461
v  -0.9346 -0.6508 -1.1489
v  -0.9510 -0.8307 -1.1461
v  -0.8814 -0.4845 -1.1489
v  -0.8292 -0.5899 -1.1489
v  -0.8607 -0.7614 -1.1489
v  -0.6871 -0.7757 -1.1489
v  -0.7729 -0.8618 -1.1489
v  -0.7641 -0.6875 -1.1489
v  -0.8534 -0.9423 -1.1461
v  -0.9234 -1.0120 -1.1388
v  -0.9769 -1.0659 -1.1237
v  -1.0896 -0.9371 -1.1237
v  -0.8023 -1.1180 -1.1388
v  -0.7421 -1.0396 -1.1461
v  -0.8485 -1.1782 -1.1237
v  -0.6682 -1.2073 -1.1388
v  -0.6728 -0.9493 -1.1489
v  -0.7060 -1.2731 -1.1237
v  -0.5237 -1.2787 -1.1388
v  -0.6189 -1.1219 -1.1461
v  -0.5618 -1.0232 -1.1489
v  -0.4859 -1.1877 -1.1461
v  -0.5989 -0.8531 -1.1489
v  -0.5013 -0.9182 -1.1489
v  -0.4425 -1.0823 -1.1489
v  -0.2850 -1.0078 -1.1489
v  -0.3165 -1.1254 -1.1489
v  -0.3959 -0.9700 -1.1489
v  -0.3459 -1.2353 -1.1461
v  -0.3714 -1.3308 -1.1388
v  -0.3910 -1.4040 -1.1237
v  -0.5527 -1.3490 -1.1237
v  -0.2136 -1.3620 -1.1388
v  -0.2006 -1.2640 -1.1461
v  -0.2234 -1.4372 -1.1237
v  -0.0529 -1.3721 -1.1388
v  -0.1856 -1.1513 -1.1489
v  -0.0529 -1.4481 -1.1237
v  0.1081 -1.3620 -1.1388
v  -0.0529 -1.2734 -1.1461
v  -0.0529 -1.1597 -1.1489
v  0.0951 -1.2640 -1.1461
v  -0.1698 -1.0305 -1.1489
v  -0.0529 -1.0382 -1.1489
v  0.0801 -1.1513 -1.1489
v  0.1795 -1.0078 -1.1489
v  0.2110 -1.1254 -1.1489
v  0.0643 -1.0305 -1.1489
v  0.2404 -1.2353 -1.1461
v  0.2659 -1.3308 -1.1388
v  0.2855 -1.4040 -1.1237
v  0.1179 -1.4372 -1.1237
v  0.4182 -1.2787 -1.1388
v  0.3804 -1.1877 -1.1461
v  0.4472 -1.3490 -1.1237
v  0.5627 -1.2073 -1.1388
v  0.3370 -1.0823 -1.1489
v  0.6005 -1.2731 -1.1237
v  0.6964 -1.1180 -1.1388
v  0.5134 -1.1219 -1.1461
v  0.4563 -1.0232 -1.1489
v  0.6366 -1.0396 -1.1461
v  0.2904 -0.9700 -1.1489
v  0.3954 -0.9182 -1.1489
v  0.5673 -0.9493 -1.1489
v  0.5816 -0.7757 -1.1489
v  0.6674 -0.8618 -1.1489
v  0.4931 -0.8531 -1.1489
v  0.7479 -0.9423 -1.1461
v  0.8179 -1.0120 -1.1388
v  0.8714 -1.0659 -1.1237
v  0.7430 -1.1782 -1.1237
v  0.9236 -0.8909 -1.1388
v  0.8455 -0.8307 -1.1461
v  0.9841 -0.9371 -1.1237
v  1.0132 -0.7568 -1.1388
v  0.7552 -0.7614 -1.1489
v  1.0790 -0.7950 -1.1237
v  1.0846 -0.6126 -1.1388
v  0.9278 -0.7075 -1.1461
v  0.8291 -0.6508 -1.1489
v  0.9932 -0.5748 -1.1461
v  0.6586 -0.6875 -1.1489
v  0.7237 -0.5899 -1.1489
v  0.8879 -0.5311 -1.1489
v  0.8137 -0.3736 -1.1489
v  0.9309 -0.4051 -1.1489
v  0.7759 -0.4845 -1.1489
v  1.0412 -0.4345 -1.1461
v  1.1364 -0.4600 -1.1388
v  1.2099 -0.4800 -1.1237
v  1.1546 -0.6417 -1.1237
v  1.1675 -0.3022 -1.1388
v  1.0699 -0.2892 -1.1461
v  1.2428 -0.3120 -1.1237
v  1.1780 -0.1415 -1.1388
v  0.9568 -0.2745 -1.1489
v  1.2540 -0.1415 -1.1237
v  1.1675 0.0191 -1.1388
v  1.0793 -0.1415 -1.1461
v  0.9656 -0.1415 -1.1489
v  1.0699 0.0062 -1.1461
v  0.8364 -0.2584 -1.1489
v  0.8438 -0.1415 -1.1489
v  0.9568 -0.0085 -1.1489
v  0.8137 0.0905 -1.1489
v  0.9309 0.1220 -1.1489
v  0.8364 -0.0243 -1.1489
v  1.0412 0.1514 -1.1461
v  1.1364 0.1770 -1.1388
v  1.2099 0.1969 -1.1237
v  1.2428 0.0293 -1.1237
v  1.0846 0.3296 -1.1388
v  0.9932 0.2918 -1.1461
v  1.1546 0.3586 -1.1237
v  1.0132 0.4738 -1.1388
v  0.8879 0.2480 -1.1489
v  1.0790 0.5119 -1.1237
v  0.9236 0.6078 -1.1388
v  0.9278 0.4244 -1.1461
v  0.8291 0.3677 -1.1489
v  0.8455 0.5476 -1.1461
v  0.7759 0.2018 -1.1489
v  0.7237 0.3068 -1.1489
v  0.7552 0.4783 -1.1489
v  0.5816 0.4927 -1.1489
v  0.6674 0.5788 -1.1489
v  0.6586 0.4045 -1.1489
v  0.7479 0.6593 -1.1461
v  0.8179 0.7289 -1.1388
v  0.8714 0.7828 -1.1237
v  0.9841 0.6540 -1.1237
v  0.6964 0.8350 -1.1388
v  0.6366 0.7566 -1.1461
v  0.7430 0.8952 -1.1237
v  0.5627 0.9242 -1.1388
v  0.5673 0.6663 -1.1489
v  0.6005 0.9900 -1.1237
v  0.4182 0.9956 -1.1388
v  0.5134 0.8388 -1.1461
v  0.4563 0.7401 -1.1489
v  0.3804 0.9046 -1.1461
v  0.4931 0.5700 -1.1489
v  0.3954 0.6351 -1.1489
v  0.3370 0.7993 -1.1489
v  0.1795 0.7251 -1.1489
v  0.2110 0.8423 -1.1489
v  0.2904 0.6869 -1.1489
v  0.2404 0.9522 -1.1461
v  0.2659 1.0478 -1.1388
v  0.2855 1.1209 -1.1237
v  0.4472 1.0660 -1.1237
v  0.1081 1.0789 -1.1388
v  0.0951 0.9809 -1.1461
v  0.1179 1.1542 -1.1237
v  -0.0529 1.0894 -1.1388
v  0.0801 0.8682 -1.1489
v  -0.0529 1.1654 -1.1237
v  -0.2136 1.0789 -1.1388
v  -0.0529 0.9907 -1.1461
v  -0.0529 0.8766 -1.1489
v  -0.2006 0.9809 -1.1461
v  0.0643 0.7478 -1.1489
v  -0.0529 0.7552 -1.1489
v  -0.1856 0.8682 -1.1489
v  -0.2850 0.7251 -1.1489
v  -0.3165 0.8423 -1.1489
v  -0.1698 0.7478 -1.1489
v  -0.3459 0.9522 -1.1461
v  -0.3714 1.0478 -1.1388
v  -0.3910 1.1209 -1.1237
v  -0.2234 1.1542 -1.1237
v  -0.5237 0.9956 -1.1388
v  -0.4859 0.9046 -1.1461
v  -0.5527 1.0660 -1.1237
v  -0.6682 0.9242 -1.1388
v  -0.4425 0.7993 -1.1489
v  -0.7060 0.9900 -1.1237
v  -0.8023 0.8350 -1.1388
v  -0.6189 0.8388 -1.1461
v  -0.5618 0.7401 -1.1489
v  -0.7421 0.7566 -1.1461
v  -0.3959 0.6869 -1.1489
v  -0.5013 0.6351 -1.1489
v  -0.6728 0.6663 -1.1489
v  -0.6871 0.4927 -1.1489
v  -0.7729 0.5788 -1.1489
v  -0.5989 0.5700 -1.1489
v  -0.8534 0.6593 -1.1461
v  -0.9234 0.7289 -1.1388
v  -0.9769 0.7828 -1.1237
v  -0.8485 0.8952 -1.1237
v  -1.0294 0.6078 -1.1388
v  -0.9510 0.5476 -1.1461
v  -1.0896 0.6540 -1.1237
v  -1.1187 0.4738 -1.1388
v  -0.8607 0.4783 -1.1489
v  -1.1845 0.5119 -1.1237
v  -1.1901 0.3296 -1.1388
v  -1.0333 0.4244 -1.1461
v  -0.9346 0.3677 -1.1489
v  -1.0987 0.2918 -1.1461
v  -0.7641 0.4045 -1.1489
v  -0.8292 0.3068 -1.1489
v  -0.9937 0.2480 -1.1489
v  -0.8814 0.2018 -1.1489
v  -1.2601 0.3586 -1.1237
v  -0.7753 -0.1916 0.1286
v  -0.7379 -0.3249 0.1244
v  -0.6031 -0.1212 0.0897
v  -0.8124 -0.0593 0.1391
v  -0.5468 -0.2738 0.0806
v  -0.4208 -0.0428 0.0565
v  -0.8474 0.0716 0.1538
v  -0.6759 0.0254 0.1111
v  -0.5398 0.1161 0.0897
v  -0.7519 0.1672 0.1391
v  -0.2598 0.0657 0.0411
v  -0.3357 -0.2171 0.0411
v  -0.0529 -0.1415 0.0089
v  -0.4145 0.2200 0.0806
v  -0.6532 0.2631 0.1286
v  -0.5545 0.3600 0.1244
v  -0.4575 0.4591 0.1286
v  -0.3102 0.3453 0.0897
v  -0.3616 0.5574 0.1391
v  -0.1513 0.2267 0.0565
v  -0.2657 0.6533 0.1538
v  -0.2199 0.4815 0.1111
v  -0.0732 0.4090 0.0897
v  -0.1348 0.6183 0.1391
v  0.0230 0.1413 0.0411
v  0.0797 0.3523 0.0806
v  -0.0025 0.5809 0.1286
v  0.1308 0.5438 0.1244
v  0.2649 0.5091 0.1286
v  0.2400 0.3250 0.0897
v  0.3982 0.4755 0.1391
v  0.2166 0.1280 0.0565
v  0.5291 0.4402 0.1538
v  0.4035 0.3145 0.1111
v  0.4136 0.1514 0.0897
v  0.5641 0.3093 0.1391
v  0.2299 -0.0656 0.0411
v  0.4413 -0.0092 0.0806
v  0.5981 0.1763 0.1286
v  0.6324 0.0422 0.1244
v  0.6695 -0.0911 0.1286
v  0.4976 -0.1618 0.0897
v  0.7069 -0.2234 0.1391
v  0.3153 -0.2402 0.0565
v  0.7419 -0.3543 0.1538
v  0.5704 -0.3085 0.1111
v  0.4339 -0.3991 0.0897
v  0.6464 -0.4502 0.1391
v  0.1543 -0.3484 0.0411
v  0.3086 -0.5031 0.0806
v  0.5477 -0.5461 0.1286
v  0.4486 -0.6431 0.1244
v  0.3520 -0.7421 0.1286
v  0.2047 -0.6284 0.0897
v  0.2561 -0.8405 0.1391
v  0.0458 -0.5097 0.0565
v  0.1602 -0.9364 0.1538
v  0.1140 -0.7645 0.1111
v  -0.0323 -0.6921 0.0897
v  0.0293 -0.9014 0.1391
v  -0.1285 -0.4243 0.0411
v  -0.1852 -0.6354 0.0806
v  -0.1030 -0.8639 0.1286
v  -0.2363 -0.8268 0.1244
v  -0.3704 -0.7922 0.1286
v  -0.3455 -0.6081 0.0897
v  -0.5037 -0.7586 0.1391
v  -0.3224 -0.4110 0.0565
v  -0.6346 -0.7232 0.1538
v  -0.5090 -0.5976 0.1111
v  -0.5191 -0.4345 0.0897
v  -0.6696 -0.5923 0.1391
v  -0.7036 -0.4593 0.1286
v  -0.7753 -0.0911 -1.1489
v  -0.7379 0.0422 -1.1489
v  -0.6031 -0.1618 -1.1489
v  -0.8124 -0.2234 -1.1489
v  -0.5468 -0.0092 -1.1489
v  -0.4208 -0.2402 -1.1489
v  -0.8474 -0.3543 -1.1489
v  -0.6759 -0.3085 -1.1489
v  -0.5398 -0.3991 -1.1489
v  -0.7519 -0.4502 -1.1489
v  -0.2598 -0.3484 -1.1489
v  -0.3357 -0.0656 -1.1489
v  -0.0529 -0.1415 -1.1489
v  -0.4145 -0.5031 -1.1489
v  -0.6532 -0.5461 -1.1489
v  -0.5545 -0.6431 -1.1489
v  -0.4575 -0.7421 -1.1489
v  -0.3102 -0.6284 -1.1489
v  -0.3616 -0.8405 -1.1489
v  -0.1513 -0.5097 -1.1489
v  -0.2657 -0.9364 -1.1489
v  -0.2199 -0.7645 -1.1489
v  -0.0732 -0.6921 -1.1489
v  -0.1348 -0.9014 -1.1489
v  0.0230 -0.4243 -1.1489
v  0.0797 -0.6354 -1.1489
v  -0.0025 -0.8639 -1.1489
v  0.1308 -0.8268 -1.1489
v  0.2649 -0.7922 -1.1489
v  0.2400 -0.6081 -1.1489
v  0.3982 -0.7586 -1.1489
v  0.2166 -0.4110 -1.1489
v  0.5291 -0.7232 -1.1489
v  0.4035 -0.5976 -1.1489
v  0.4136 -0.4345 -1.1489
v  0.5641 -0.5923 -1.1489
v  0.2299 -0.2171 -1.1489
v  0.4413 -0.2738 -1.1489
v  0.5981 -0.4593 -1.1489
v  0.6324 -0.3249 -1.1489
v  0.6695 -0.1916 -1.1489
v  0.4976 -0.1212 -1.1489
v  0.7069 -0.0593 -1.1489
v  0.3153 -0.0428 -1.1489
v  0.7419 0.0716 -1.1489
v  0.5704 0.0254 -1.1489
v  0.4339 0.1161 -1.1489
v  0.6464 0.1672 -1.1489
v  0.1543 0.0657 -1.1489
v  0.3086 0.2200 -1.1489
v  0.5477 0.2631 -1.1489
v  0.4486 0.3600 -1.1489
v  0.3520 0.4591 -1.1489
v  0.2047 0.3453 -1.1489
v  0.2561 0.5574 -1.1489
v  0.0458 0.2267 -1.1489
v  0.1602 0.6533 -1.1489
v  0.1140 0.4815 -1.1489
v  -0.0323 0.4090 -1.1489
v  0.0293 0.6183 -1.1489
v  -0.1285 0.1413 -1.1489
v  -0.1852 0.3523 -1.1489
v  -0.1030 0.5809 -1.1489
v  -0.2363 0.5438 -1.1489
v  -0.3704 0.5091 -1.1489
v  -0.3455 0.3250 -1.1489
v  -0.5037 0.4755 -1.1489
v  -0.3224 0.1280 -1.1489
v  -0.6346 0.4402 -1.1489
v  -0.5090 0.3145 -1.1489
v  -0.5191 0.1514 -1.1489
v  -0.6696 0.3093 -1.1489
v  -0.7036 0.1763 -1.1489
v  -1.4239 -0.3221 -0.9764
v  -1.4354 -0.1415 -0.9764
v  -1.3889 -0.4996 -0.9764
v  -1.4162 -0.3211 -1.0534
v  -1.4239 0.0391 -0.9764
v  -1.3815 -0.4975 -1.0534
v  -1.3938 -0.3179 -1.0989
v  -1.4277 -0.1415 -1.0534
v  -1.4162 0.0380 -1.0534
v  -1.4050 -0.1415 -1.0989
v  -1.3889 0.2165 -0.9764
v  -1.3815 0.2144 -1.0534
v  -1.3938 0.0352 -1.0989
v  -1.3595 0.2085 -1.0989
v  -1.3595 -0.4915 -1.0989
v  -1.4239 0.0391 -0.0020
v  -1.4354 -0.1415 -0.0020
v  -1.3889 0.2165 -0.0020
v  -1.4162 0.0380 0.0747
v  -1.4239 -0.3221 -0.0020
v  -1.3815 0.2144 0.0747
v  -1.3938 0.0352 0.1205
v  -1.4277 -0.1415 0.0747
v  -1.4162 -0.3211 0.0747
v  -1.4050 -0.1415 0.1205
v  -1.3889 -0.4996 -0.0020
v  -1.3815 -0.4975 0.0747
v  -1.3938 -0.3179 0.1205
v  -1.3595 -0.4915 0.1205
v  -1.3595 0.2085 0.1205
v  -1.1498 -0.9833 -0.9764
v  -1.2503 -0.8328 -0.9764
v  -1.0308 -1.1194 -0.9764
v  -1.1439 -0.9787 -1.0534
v  -1.3304 -0.6707 -0.9764
v  -1.0252 -1.1142 -1.0534
v  -1.1257 -0.9647 -1.0989
v  -1.2436 -0.8289 -1.0534
v  -1.3234 -0.6676 -1.0534
v  -1.2240 -0.8177 -1.0989
v  -1.3024 -0.6588 -1.0989
v  -1.0091 -1.0981 -1.0989
v  -1.3304 -0.6707 -0.0020
v  -1.2503 -0.8328 -0.0020
v  -1.3234 -0.6676 0.0747
v  -1.1498 -0.9833 -0.0020
v  -1.3024 -0.6588 0.1205
v  -1.2436 -0.8289 0.0747
v  -1.1439 -0.9787 0.0747
v  -1.2240 -0.8177 0.1205
v  -1.0308 -1.1194 -0.0020
v  -1.0252 -1.1142 0.0747
v  -1.1257 -0.9647 0.1205
v  -1.0091 -1.0981 0.1205
v  -0.5818 -1.4190 -0.9764
v  -0.7442 -1.3389 -0.9764
v  -0.4106 -1.4775 -0.9764
v  -0.5790 -1.4120 -1.0534
v  -0.8947 -1.2384 -0.9764
v  -0.4089 -1.4701 -1.0534
v  -0.5702 -1.3910 -1.0989
v  -0.7403 -1.3322 -1.0534
v  -0.8901 -1.2325 -1.0534
v  -0.7288 -1.3126 -1.0989
v  -0.8761 -1.2143 -1.0989
v  -0.4029 -1.4481 -1.0989
v  -0.8947 -1.2384 -0.0020
v  -0.7442 -1.3389 -0.0020
v  -0.8901 -1.2325 0.0747
v  -0.5818 -1.4190 -0.0020
v  -0.8761 -1.2143 0.1205
v  -0.7403 -1.3322 0.0747
v  -0.5790 -1.4120 0.0747
v  -0.7288 -1.3126 0.1205
v  -0.4106 -1.4775 -0.0020
v  -0.4089 -1.4701 0.0747
v  -0.5702 -1.3910 0.1205
v  -0.4029 -1.4481 0.1205
v  0.1277 -1.5125 -0.9764
v  -0.0529 -1.5240 -0.9764
v  0.3051 -1.4775 -0.9764
v  0.1266 -1.5048 -1.0534
v  -0.2332 -1.5125 -0.9764
v  0.3034 -1.4701 -1.0534
v  0.1238 -1.4824 -1.0989
v  -0.0529 -1.5167 -1.0534
v  -0.2325 -1.5048 -1.0534
v  -0.0529 -1.4939 -1.0989
v  -0.2293 -1.4824 -1.0989
v  0.2974 -1.4481 -1.0989
v  -0.2332 -1.5125 -0.0020
v  -0.0529 -1.5240 -0.0020
v  -0.2325 -1.5048 0.0747
v  0.1277 -1.5125 -0.0020
v  -0.2293 -1.4824 0.1205
v  -0.0529 -1.5167 0.0747
v  0.1266 -1.5048 0.0747
v  -0.0529 -1.4939 0.1205
v  0.3051 -1.4775 -0.0020
v  0.3034 -1.4701 0.0747
v  0.1238 -1.4824 0.1205
v  0.2974 -1.4481 0.1205
v  0.7892 -1.2384 -0.9764
v  0.6387 -1.3389 -0.9764
v  0.9253 -1.1194 -0.9764
v  0.7843 -1.2325 -1.0534
v  0.4763 -1.4190 -0.9764
v  0.9197 -1.1142 -1.0534
v  0.7706 -1.2143 -1.0989
v  0.6348 -1.3322 -1.0534
v  0.4735 -1.4120 -1.0534
v  0.6233 -1.3126 -1.0989
v  0.4647 -1.3910 -1.0989
v  0.9036 -1.0981 -1.0989
v  0.4763 -1.4190 -0.0020
v  0.6387 -1.3389 -0.0020
v  0.4735 -1.4120 0.0747
v  0.7892 -1.2384 -0.0020
v  0.4647 -1.3910 0.1205
v  0.6348 -1.3322 0.0747
v  0.7843 -1.2325 0.0747
v  0.6233 -1.3126 0.1205
v  0.9253 -1.1194 -0.0020
v  0.9197 -1.1142 0.0747
v  0.7706 -1.2143 0.1205
v  0.9036 -1.0981 0.1205
v  1.2249 -0.6707 -0.9764
v  1.1444 -0.8328 -0.9764
v  1.2830 -0.4996 -0.9764
v  1.2176 -0.6676 -1.0534
v  1.0443 -0.9833 -0.9764
v  1.2757 -0.4975 -1.0534
v  1.1966 -0.6588 -1.0989
v  1.1381 -0.8289 -1.0534
v  1.0380 -0.9787 -1.0534
v  1.1182 -0.8177 -1.0989
v  1.0202 -0.9647 -1.0989
v  1.2536 -0.4915 -1.0989
v  1.0443 -0.9833 -0.0020
v  1.1444 -0.8328 -0.0020
v  1.0380 -0.9787 0.0747
v  1.2249 -0.6707 -0.0020
v  1.0202 -0.9647 0.1205
v  1.1381 -0.8289 0.0747
v  1.2176 -0.6676 0.0747
v  1.1182 -0.8177 0.1205
v  1.2830 -0.4996 -0.0020
v  1.2757 -0.4975 0.0747
v  1.1966 -0.6588 0.1205
v  1.2536 -0.4915 0.1205
v  1.3180 0.0391 -0.9764
v  1.3299 -0.1415 -0.9764
v  1.2830 0.2165 -0.9764
v  1.3107 0.0380 -1.0534
v  1.3180 -0.3221 -0.9764
v  1.2757 0.2144 -1.0534
v  1.2879 0.0352 -1.0989
v  1.3222 -0.1415 -1.0534
v  1.3107 -0.3211 -1.0534
v  1.2995 -0.1415 -1.0989
v  1.2879 -0.3179 -1.0989
v  1.2536 0.2085 -1.0989
v  1.3180 -0.3221 -0.0020
v  1.3299 -0.1415 -0.0020
v  1.3107 -0.3211 0.0747
v  1.3180 0.0391 -0.0020
v  1.2879 -0.3179 0.1205
v  1.3222 -0.1415 0.0747
v  1.3107 0.0380 0.0747
v  1.2995 -0.1415 0.1205
v  1.2830 0.2165 -0.0020
v  1.2757 0.2144 0.0747
v  1.2879 0.0352 0.1205
v  1.2536 0.2085 0.1205
v  1.0443 0.7002 -0.9764
v  1.1444 0.5497 -0.9764
v  0.9253 0.8364 -0.9764
v  1.0380 0.6957 -1.0534
v  1.2249 0.3877 -0.9764
v  0.9197 0.8311 -1.0534
v  1.0202 0.6817 -1.0989
v  1.1381 0.5459 -1.0534
v  1.2176 0.3849 -1.0534
v  1.1182 0.5347 -1.0989
v  1.1966 0.3761 -1.0989
v  0.9036 0.8150 -1.0989
v  1.2249 0.3877 -0.0020
v  1.1444 0.5497 -0.0020
v  1.2176 0.3849 0.0747
v  1.0443 0.7002 -0.0020
v  1.1966 0.3761 0.1205
v  1.1381 0.5459 0.0747
v  1.0380 0.6957 0.0747
v  1.1182 0.5347 0.1205
v  0.9253 0.8364 -0.0020
v  0.9197 0.8311 0.0747
v  1.0202 0.6817 0.1205
v  0.9036 0.8150 0.1205
v  0.4763 1.1360 -0.9764
v  0.6387 1.0558 -0.9764
v  0.3051 1.1944 -0.9764
v  0.4735 1.1290 -1.0534
v  0.7892 0.9554 -0.9764
v  0.3034 1.1871 -1.0534
v  0.4647 1.1080 -1.0989
v  0.6348 1.0492 -1.0534
v  0.7843 0.9494 -1.0534
v  0.6233 1.0296 -1.0989
v  0.7706 0.9316 -1.0989
v  0.2974 1.1650 -1.0989
v  0.7892 0.9554 -0.0020
v  0.6387 1.0558 -0.0020
v  0.7843 0.9494 0.0747
v  0.4763 1.1360 -0.0020
v  0.7706 0.9316 0.1205
v  0.6348 1.0492 0.0747
v  0.4735 1.1290 0.0747
v  0.6233 1.0296 0.1205
v  0.3051 1.1944 -0.0020
v  0.3034 1.1871 0.0747
v  0.4647 1.1080 0.1205
v  0.2974 1.1650 0.1205
v  -0.2332 1.2294 -0.9764
v  -0.0529 1.2410 -0.9764
v  -0.4106 1.1944 -0.9764
v  -0.2325 1.2221 -1.0534
v  0.1277 1.2294 -0.9764
v  -0.4089 1.1871 -1.0534
v  -0.2293 1.1993 -1.0989
v  -0.0529 1.2336 -1.0534
v  0.1266 1.2221 -1.0534
v  -0.0529 1.2109 -1.0989
v  0.1238 1.1993 -1.0989
v  -0.4029 1.1650 -1.0989
v  0.1277 1.2294 -0.0020
v  -0.0529 1.2410 -0.0020
v  0.1266 1.2221 0.0747
v  -0.2332 1.2294 -0.0020
v  0.1238 1.1993 0.1205
v  -0.0529 1.2336 0.0747
v  -0.2325 1.2221 0.0747
v  -0.0529 1.2109 0.1205
v  -0.4106 1.1944 -0.0020
v  -0.4089 1.1871 0.0747
v  -0.2293 1.1993 0.1205
v  -0.4029 1.1650 0.1205
v  -0.8947 0.9554 -0.9764
v  -0.7442 1.0558 -0.9764
v  -1.0308 0.8364 -0.9764
v  -0.8901 0.9494 -1.0534
v  -0.5818 1.1360 -0.9764
v  -1.0252 0.8311 -1.0534
v  -0.8761 0.9316 -1.0989
v  -0.7403 1.0492 -1.0534
v  -0.5790 1.1290 -1.0534
v  -0.7288 1.0296 -1.0989
v  -0.5702 1.1080 -1.0989
v  -1.0091 0.8150 -1.0989
v  -0.5818 1.1360 -0.0020
v  -0.7442 1.0558 -0.0020
v  -0.5790 1.1290 0.0747
v  -0.8947 0.9554 -0.0020
v  -0.5702 1.1080 0.1205
v  -0.7403 1.0492 0.0747
v  -0.8901 0.9494 0.0747
v  -0.7288 1.0296 0.1205
v  -1.0308 0.8364 -0.0020
v  -1.0252 0.8311 0.0747
v  -0.8761 0.9316 0.1205
v  -1.0091 0.8150 0.1205
v  -1.3304 0.3877 -0.9764
v  -1.2503 0.5497 -0.9764
v  -1.3234 0.3849 -1.0534
v  -1.1498 0.7002 -0.9764
v  -1.3024 0.3761 -1.0989
v  -1.2436 0.5459 -1.0534
v  -1.1439 0.6957 -1.0534
v  -1.2240 0.5347 -1.0989
v  -1.1257 0.6817 -1.0989
v  -1.1498 0.7002 -0.0020
v  -1.2503 0.5497 -0.0020
v  -1.1439 0.6957 0.0747
v  -1.3304 0.3877 -0.0020
v  -1.1257 0.6817 0.1205
v  -1.2436 0.5459 0.0747
v  -1.3234 0.3849 0.0747
v  -1.2240 0.5347 0.1205
v  -1.3024 0.3761 0.1205
v  0.0675 -0.1191 -2.4782
v  0.0573 -0.1727 -2.4782
v  -0.0316 -0.0925 -2.4782
v  0.0706 -0.0652 -2.4782
v  -0.0456 -0.1454 -2.4782
v  -0.1306 -0.0659 -2.4782
v  0.0675 -0.0127 -2.4782
v  -0.0176 -0.0404 -2.4782
v  -0.1065 -0.0176 -2.4782
v  -0.0043 0.0097 -2.4782
v  -0.1485 -0.1177 -2.4782
v  -0.0774 0.0258 -2.4782
v  -0.1590 -0.1716 -2.4782
v  -0.0599 -0.1982 -2.4782
v  -0.1621 -0.2255 -2.4782
v  0.0391 -0.2245 -2.4782
v  -0.1586 -0.2777 -2.4782
v  -0.0736 -0.2500 -2.4782
v  0.0150 -0.2731 -2.4782
v  -0.0872 -0.3004 -2.4782
v  -0.0141 -0.3165 -2.4782
v  -0.2097 -0.0873 -0.5193
v  -0.1866 -0.1342 -0.5193
v  -0.1593 -0.0316 -0.5193
v  -0.1569 -0.1793 -0.5193
v  -0.1037 0.0188 -0.5193
v  -0.1222 -0.0687 -0.5193
v  -0.0844 -0.1065 -0.5193
v  -0.0568 -0.0043 -0.5193
v  -0.1208 -0.2206 -0.5193
v  -0.0456 -0.1454 -0.5193
v  -0.0116 -0.0341 -0.5193
v  0.0297 -0.0698 -0.5193
v  0.0654 -0.1114 -0.5193
v  -0.0071 -0.1839 -0.5193
v  0.0955 -0.1566 -0.5193
v  -0.0795 -0.2563 -0.5193
v  0.1186 -0.2035 -0.5193
v  0.0311 -0.2220 -0.5193
v  -0.0344 -0.2861 -0.5193
v  0.0678 -0.2588 -0.5193
v  0.0125 -0.3095 -0.5193
# 1316 vertices

vn -0.9999 -0.0101 -0.0000
vn -0.9659 0.2588 -0.0000
vn -0.9659 -0.2588 -0.0000
vn -0.8710 -0.4912 -0.0000
vn -0.7071 -0.7071 -0.0000
vn -0.4912 -0.8710 -0.0000
vn -0.2588 -0.9659 -0.0000
vn -0.0101 -0.9999 -0.0000
vn 0.2588 -0.9659 0.0000
vn 0.5087 -0.8609 0.0000
vn 0.7071 -0.7071 0.0000
vn 0.8609 -0.5087 0.0000
vn 0.9659 -0.2588 0.0000
vn 0.9999 0.0101 0.0000
vn 0.9659 0.2588 0.0000
vn 0.8710 0.4912 0.0000
vn 0.7071 0.7071 0.0000
vn 0.4912 0.8710 0.0000
vn 0.2588 0.9659 0.0000
vn 0.0101 0.9999 0.0000
vn -0.2588 0.9659 -0.0000
vn -0.5087 0.8609 -0.0000
vn -0.7071 0.7071 -0.0000
vn -0.5088 0.8609 -0.0000
vn -0.8609 0.5087 -0.0000
vn -0.9916 -0.1294 -0.0000
vn -1.0000 0.0000 -0.0000
vn -0.9916 0.1294 -0.0000
vn -0.7941 -0.6078 -0.0000
vn -0.8660 -0.5000 -0.0000
vn -0.9234 -0.3837 -0.0000
vn -0.3838 -0.9234 -0.0000
vn -0.5000 -0.8660 -0.0000
vn -0.6078 -0.7941 -0.0000
vn 0.1294 -0.9916 0.0000
vn -0.0000 -1.0000 -0.0000
vn -0.1294 -0.9916 -0.0000
vn 0.6078 -0.7941 0.0000
vn 0.5000 -0.8660 0.0000
vn 0.3838 -0.9234 0.0000
vn 0.9234 -0.3838 0.0000
vn 0.8660 -0.5000 0.0000
vn 0.9234 -0.3837 0.0000
vn 0.7941 -0.6078 0.0000
vn 0.9916 0.1294 0.0000
vn 1.0000 -0.0000 0.0000
vn 0.9916 -0.1294 0.0000
vn 0.7941 0.6078 0.0000
vn 0.8660 0.5000 0.0000
vn 0.9234 0.3837 0.0000
vn 0.9234 0.3838 0.0000
vn 0.3838 0.9234 0.0000
vn 0.5000 0.8660 0.0000
vn 0.6078 0.7941 0.0000
vn -0.1294 0.9916 -0.0000
vn 0.0000 1.0000 0.0000
vn 0.1294 0.9916 0.0000
vn -0.6078 0.7941 -0.0000
vn -0.5000 0.8660 -0.0000
vn -0.3838 0.9234 -0.0000
vn -0.9234 0.3838 -0.0000
vn -0.8660 0.5000 -0.0000
vn -0.7941 0.6078 -0.0000
vn -0.1361 -0.0178 0.9905
vn -0.3350 -0.0898 0.9379
vn -0.1327 -0.0355 0.9905
vn -0.0495 -0.0065 0.9988
vn -0.3438 -0.0448 0.9380
vn -0.1373 0.0000 0.9905
vn -0.0482 -0.0129 0.9988
vn -0.0113 -0.0015 0.9999
vn -0.3467 0.0000 0.9380
vn -0.1362 0.0178 0.9905
vn -0.0499 0.0000 0.9988
vn -0.0114 0.0000 0.9999
vn -0.0495 0.0065 0.9988
vn -0.0110 -0.0030 0.9999
vn -0.0000 0.0000 1.0000
vn -0.0113 0.0015 0.9999
vn -0.0110 0.0030 0.9999
vn -0.0482 0.0129 0.9988
vn -0.1327 0.0355 0.9905
vn -0.3350 0.0898 0.9379
vn -0.3438 0.0449 0.9380
vn -0.1268 0.0527 0.9905
vn -0.0461 0.0192 0.9988
vn -0.3202 0.1331 0.9380
vn -0.1189 0.0686 0.9905
vn -0.0105 0.0044 0.9999
vn -0.3003 0.1734 0.9380
vn -0.1090 0.0835 0.9905
vn -0.0432 0.0250 0.9988
vn -0.0099 0.0057 0.9999
vn -0.0396 0.0303 0.9988
vn -0.0091 0.0069 0.9999
vn -0.0081 0.0081 0.9999
vn -0.0353 0.0353 0.9988
vn -0.0971 0.0971 0.9905
vn -0.2452 0.2452 0.9379
vn -0.2753 0.2107 0.9380
vn -0.0835 0.1090 0.9905
vn -0.0303 0.0397 0.9988
vn -0.2107 0.2753 0.9380
vn -0.0687 0.1189 0.9905
vn -0.0069 0.0091 0.9999
vn -0.1734 0.3003 0.9380
vn -0.0527 0.1268 0.9905
vn -0.0250 0.0432 0.9988
vn -0.0057 0.0099 0.9999
vn -0.0192 0.0461 0.9988
vn -0.0044 0.0105 0.9999
vn -0.0030 0.0110 0.9999
vn -0.0129 0.0482 0.9988
vn -0.0355 0.1327 0.9905
vn -0.0898 0.3350 0.9379
vn -0.1331 0.3202 0.9380
vn -0.0178 0.1361 0.9905
vn -0.0065 0.0495 0.9988
vn -0.0448 0.3438 0.9380
vn -0.0000 0.1373 0.9905
vn -0.0015 0.0113 0.9999
vn -0.0000 0.3467 0.9380
vn 0.0178 0.1362 0.9905
vn -0.0000 0.0499 0.9988
vn -0.0000 0.0114 0.9999
vn 0.0065 0.0495 0.9988
vn 0.0015 0.0113 0.9999
vn 0.0030 0.0110 0.9999
vn 0.0129 0.0482 0.9988
vn 0.0355 0.1327 0.9905
vn 0.0898 0.3350 0.9379
vn 0.0449 0.3438 0.9380
vn 0.0527 0.1268 0.9905
vn 0.0192 0.0461 0.9988
vn 0.1331 0.3202 0.9380
vn 0.0686 0.1189 0.9905
vn 0.0044 0.0105 0.9999
vn 0.1734 0.3003 0.9380
vn 0.0835 0.1090 0.9905
vn 0.0250 0.0432 0.9988
vn 0.0057 0.0099 0.9999
vn 0.0303 0.0396 0.9988
vn 0.0069 0.0091 0.9999
vn 0.0081 0.0081 0.9999
vn 0.0353 0.0353 0.9988
vn 0.0971 0.0971 0.9905
vn 0.2452 0.2452 0.9379
vn 0.2107 0.2753 0.9380
vn 0.1090 0.0835 0.9905
vn 0.0397 0.0303 0.9988
vn 0.2753 0.2107 0.9380
vn 0.1189 0.0687 0.9905
vn 0.0091 0.0069 0.9999
vn 0.3003 0.1734 0.9380
vn 0.1268 0.0527 0.9905
vn 0.0432 0.0250 0.9988
vn 0.0099 0.0057 0.9999
vn 0.0461 0.0192 0.9988
vn 0.0105 0.0044 0.9999
vn 0.0110 0.0030 0.9999
vn 0.0482 0.0129 0.9988
vn 0.1327 0.0355 0.9905
vn 0.3350 0.0898 0.9379
vn 0.3202 0.1331 0.9380
vn 0.1361 0.0178 0.9905
vn 0.0495 0.0065 0.9988
vn 0.3438 0.0448 0.9380
vn 0.1373 -0.0000 0.9905
vn 0.0113 0.0015 0.9999
vn 0.3467 -0.0000 0.9380
vn 0.1362 -0.0178 0.9905
vn 0.0499 -0.0000 0.9988
vn 0.0114 -0.0000 0.9999
vn 0.0495 -0.0065 0.9988
vn 0.0113 -0.0015 0.9999
vn 0.0110 -0.0030 0.9999
vn 0.0482 -0.0129 0.9988
vn 0.1327 -0.0355 0.9905
vn 0.3350 -0.0898 0.9379
vn 0.3438 -0.0449 0.9380
vn 0.1268 -0.0527 0.9905
vn 0.0461 -0.0192 0.9988
vn 0.3202 -0.1331 0.9380
vn 0.1189 -0.0686 0.9905
vn 0.0105 -0.0044 0.9999
vn 0.3003 -0.1734 0.9380
vn 0.1090 -0.0835 0.9905
vn 0.0432 -0.0250 0.9988
vn 0.0099 -0.0057 0.9999
vn 0.0396 -0.0303 0.9988
vn 0.0091 -0.0069 0.9999
vn 0.0081 -0.0081 0.9999
vn 0.0353 -0.0353 0.9988
vn 0.0971 -0.0971 0.9905
vn 0.2452 -0.2452 0.9379
vn 0.2753 -0.2107 0.9380
vn 0.0835 -0.1090 0.9905
vn 0.0303 -0.0397 0.9988
vn 0.2107 -0.2753 0.9380
vn 0.0687 -0.1189 0.9905
vn 0.0069 -0.0091 0.9999
vn 0.1734 -0.3003 0.9380
vn 0.0527 -0.1268 0.9905
vn 0.0250 -0.0432 0.9988
vn 0.0057 -0.0099 0.9999
vn 0.0192 -0.0461 0.9988
vn 0.0044 -0.0105 0.9999
vn 0.0030 -0.0110 0.9999
vn 0.0129 -0.0482 0.9988
vn 0.0355 -0.1327 0.9905
vn 0.0898 -0.3350 0.9379
vn 0.1331 -0.3202 0.9380
vn 0.0178 -0.1361 0.9905
vn 0.0065 -0.0495 0.9988
vn 0.0448 -0.3438 0.9380
vn -0.0000 -0.1373 0.9905
vn 0.0015 -0.0113 0.9999
vn -0.0000 -0.3467 0.9380
vn -0.0178 -0.1362 0.9905
vn -0.0000 -0.0499 0.9988
vn -0.0000 -0.0114 0.9999
vn -0.0065 -0.0495 0.9988
vn -0.0015 -0.0113 0.9999
vn -0.0030 -0.0110 0.9999
vn -0.0129 -0.0482 0.9988
vn -0.0355 -0.1327 0.9905
vn -0.0898 -0.3350 0.9379
vn -0.0449 -0.3438 0.9380
vn -0.0527 -0.1268 0.9905
vn -0.0192 -0.0461 0.9988
vn -0.1331 -0.3202 0.9380
vn -0.0686 -0.1189 0.9905
vn -0.0044 -0.0105 0.9999
vn -0.1734 -0.3003 0.9380
vn -0.0835 -0.1090 0.9905
vn -0.0250 -0.0432 0.9988
vn -0.0057 -0.0099 0.9999
vn -0.0303 -0.0396 0.9988
vn -0.0069 -0.0091 0.9999
vn -0.0081 -0.0081 0.9999
vn -0.0353 -0.0353 0.9988
vn -0.0971 -0.0971 0.9905
vn -0.2452 -0.2452 0.9379
vn -0.2107 -0.2753 0.9380
vn -0.1090 -0.0835 0.9905
vn -0.0397 -0.0303 0.9988
vn -0.2753 -0.2107 0.9380
vn -0.1189 -0.0687 0.9905
vn -0.0091 -0.0069 0.9999
vn -0.3003 -0.1733 0.9380
vn -0.1268 -0.0527 0.9905
vn -0.0432 -0.0250 0.9988
vn -0.0099 -0.0057 0.9999
vn -0.0461 -0.0192 0.9988
vn -0.0105 -0.0044 0.9999
vn -0.3202 -0.1331 0.9380
vn -0.1361 0.0178 -0.9905
vn -0.3350 0.0898 -0.9379
vn -0.1327 0.0355 -0.9905
vn -0.0495 0.0065 -0.9988
vn -0.3438 0.0448 -0.9380
vn -0.1373 0.0000 -0.9905
vn -0.0482 0.0129 -0.9988
vn -0.0113 0.0015 -0.9999
vn -0.3467 0.0000 -0.9380
vn -0.1361 -0.0178 -0.9905
vn -0.0499 0.0000 -0.9988
vn -0.0114 0.0000 -0.9999
vn -0.0495 -0.0065 -0.9988
vn -0.0110 0.0030 -0.9999
vn 0.0000 0.0000 -1.0000
vn -0.0113 -0.0015 -0.9999
vn -0.0110 -0.0030 -0.9999
vn -0.0482 -0.0129 -0.9988
vn -0.1327 -0.0355 -0.9905
vn -0.3350 -0.0898 -0.9379
vn -0.3438 -0.0449 -0.9380
vn -0.1268 -0.0527 -0.9905
vn -0.0461 -0.0192 -0.9988
vn -0.3202 -0.1331 -0.9380
vn -0.1189 -0.0686 -0.9905
vn -0.0105 -0.0044 -0.9999
vn -0.3002 -0.1733 -0.9380
vn -0.1090 -0.0835 -0.9905
vn -0.0432 -0.0250 -0.9988
vn -0.0099 -0.0057 -0.9999
vn -0.0396 -0.0303 -0.9988
vn -0.0091 -0.0069 -0.9999
vn -0.0081 -0.0081 -0.9999
vn -0.0353 -0.0353 -0.9988
vn -0.0971 -0.0971 -0.9905
vn -0.2452 -0.2452 -0.9379
vn -0.2753 -0.2107 -0.9380
vn -0.0835 -0.1090 -0.9905
vn -0.0303 -0.0396 -0.9988
vn -0.2107 -0.2753 -0.9380
vn -0.0686 -0.1189 -0.9905
vn -0.0069 -0.0091 -0.9999
vn -0.1733 -0.3002 -0.9380
vn -0.0527 -0.1268 -0.9905
vn -0.0250 -0.0432 -0.9988
vn -0.0057 -0.0099 -0.9999
vn -0.0192 -0.0461 -0.9988
vn -0.0044 -0.0105 -0.9999
vn -0.0030 -0.0110 -0.9999
vn -0.0129 -0.0482 -0.9988
vn -0.0355 -0.1327 -0.9905
vn -0.0898 -0.3350 -0.9379
vn -0.1331 -0.3202 -0.9380
vn -0.0178 -0.1361 -0.9905
vn -0.0065 -0.0495 -0.9988
vn -0.0449 -0.3438 -0.9380
vn 0.0000 -0.1373 -0.9905
vn -0.0015 -0.0113 -0.9999
vn 0.0000 -0.3467 -0.9380
vn 0.0178 -0.1361 -0.9905
vn 0.0000 -0.0499 -0.9988
vn 0.0000 -0.0114 -0.9999
vn 0.0065 -0.0495 -0.9988
vn 0.0015 -0.0113 -0.9999
vn 0.0030 -0.0110 -0.9999
vn 0.0129 -0.0482 -0.9988
vn 0.0355 -0.1327 -0.9905
vn 0.0898 -0.3350 -0.9379
vn 0.0449 -0.3438 -0.9380
vn 0.0527 -0.1268 -0.9905
vn 0.0192 -0.0461 -0.9988
vn 0.1331 -0.3202 -0.9380
vn 0.0686 -0.1189 -0.9905
vn 0.0044 -0.0105 -0.9999
vn 0.1733 -0.3002 -0.9380
vn 0.0835 -0.1090 -0.9905
vn 0.0250 -0.0432 -0.9988
vn 0.0057 -0.0099 -0.9999
vn 0.0303 -0.0396 -0.9988
vn 0.0069 -0.0091 -0.9999
vn 0.0081 -0.0081 -0.9999
vn 0.0353 -0.0353 -0.9988
vn 0.0971 -0.0971 -0.9905
vn 0.2452 -0.2452 -0.9379
vn 0.2107 -0.2753 -0.9380
vn 0.1090 -0.0835 -0.9905
vn 0.0396 -0.0303 -0.9988
vn 0.2753 -0.2107 -0.9380
vn 0.1189 -0.0686 -0.9905
vn 0.0091 -0.0069 -0.9999
vn 0.3002 -0.1733 -0.9380
vn 0.1268 -0.0527 -0.9905
vn 0.0432 -0.0250 -0.9988
vn 0.0099 -0.0057 -0.9999
vn 0.0461 -0.0192 -0.9988
vn 0.0105 -0.0044 -0.9999
vn 0.0110 -0.0030 -0.9999
vn 0.0482 -0.0129 -0.9988
vn 0.1327 -0.0355 -0.9905
vn 0.3350 -0.0898 -0.9379
vn 0.3202 -0.1331 -0.9380
vn 0.1361 -0.0178 -0.9905
vn 0.0495 -0.0065 -0.9988
vn 0.3438 -0.0449 -0.9380
vn 0.1373 -0.0000 -0.9905
vn 0.0113 -0.0015 -0.9999
vn 0.3467 -0.0000 -0.9380
vn 0.1361 0.0178 -0.9905
vn 0.0499 -0.0000 -0.9988
vn 0.0114 -0.0000 -0.9999
vn 0.0495 0.0065 -0.9988
vn 0.0113 0.0015 -0.9999
vn 0.0110 0.0030 -0.9999
vn 0.0482 0.0129 -0.9988
vn 0.1327 0.0355 -0.9905
vn 0.3350 0.0898 -0.9379
vn 0.3438 0.0449 -0.9380
vn 0.1268 0.0527 -0.9905
vn 0.0461 0.0192 -0.9988
vn 0.3202 0.1331 -0.9380
vn 0.1189 0.0686 -0.9905
vn 0.0105 0.0044 -0.9999
vn 0.3002 0.1733 -0.9380
vn 0.1090 0.0835 -0.9905
vn 0.0432 0.0250 -0.9988
vn 0.0099 0.0057 -0.9999
vn 0.0397 0.0303 -0.9988
vn 0.0091 0.0069 -0.9999
vn 0.0081 0.0081 -0.9999
vn 0.0353 0.0353 -0.9988
vn 0.0971 0.0971 -0.9905
vn 0.2452 0.2452 -0.9379
vn 0.2753 0.2107 -0.9380
vn 0.0835 0.1090 -0.9905
vn 0.0303 0.0396 -0.9988
vn 0.2107 0.2753 -0.9380
vn 0.0686 0.1189 -0.9905
vn 0.0069 0.0091 -0.9999
vn 0.1733 0.3002 -0.9380
vn 0.0527 0.1268 -0.9905
vn 0.0250 0.0432 -0.9988
vn 0.0057 0.0099 -0.9999
vn 0.0192 0.0461 -0.9988
vn 0.0044 0.0105 -0.9999
vn 0.0030 0.0110 -0.9999
vn 0.0129 0.0482 -0.9988
vn 0.0355 0.1327 -0.9905
vn 0.0898 0.3350 -0.9379
vn 0.1331 0.3202 -0.9380
vn 0.0178 0.1361 -0.9905
vn 0.0065 0.0495 -0.9988
vn 0.0449 0.3438 -0.9380
vn 0.0000 0.1373 -0.9905
vn 0.0015 0.0113 -0.9999
vn 0.0000 0.3467 -0.9380
vn -0.0178 0.1361 -0.9905
vn 0.0000 0.0499 -0.9988
vn 0.0000 0.0114 -0.9999
vn -0.0065 0.0495 -0.9988
vn -0.0015 0.0113 -0.9999
vn -0.0030 0.0110 -0.9999
vn -0.0129 0.0482 -0.9988
vn -0.0355 0.1327 -0.9905
vn -0.0898 0.3350 -0.9379
vn -0.0449 0.3438 -0.9380
vn -0.0527 0.1268 -0.9905
vn -0.0192 0.0461 -0.9988
vn -0.1331 0.3202 -0.9380
vn -0.0686 0.1189 -0.9905
vn -0.0044 0.0105 -0.9999
vn -0.1733 0.3002 -0.9380
vn -0.0835 0.1090 -0.9905
vn -0.0250 0.0432 -0.9988
vn -0.0057 0.0099 -0.9999
vn -0.0303 0.0397 -0.9988
vn -0.0069 0.0091 -0.9999
vn -0.0081 0.0081 -0.9999
vn -0.0353 0.0353 -0.9988
vn -0.0971 0.0971 -0.9905
vn -0.2452 0.2452 -0.9379
vn -0.2107 0.2753 -0.9380
vn -0.1090 0.0835 -0.9905
vn -0.0396 0.0303 -0.9988
vn -0.2753 0.2107 -0.9380
vn -0.1189 0.0686 -0.9905
vn -0.0091 0.0069 -0.9999
vn -0.3002 0.1733 -0.9380
vn -0.1268 0.0527 -0.9905
vn -0.0432 0.0250 -0.9988
vn -0.0099 0.0057 -0.9999
vn -0.0461 0.0192 -0.9988
vn -0.0105 0.0044 -0.9999
vn -0.3202 0.1331 -0.9380
vn 0.2271 0.0094 0.9738
vn 0.2246 0.0602 0.9726
vn 0.2171 0.0582 0.9744
vn 0.2038 -0.0122 0.9789
vn 0.2271 0.0274 0.9735
vn 0.2288 -0.0297 0.9730
vn 0.1877 0.0503 0.9809
vn 0.1606 -0.0430 0.9861
vn 0.2171 -0.0004 0.9761
vn 0.2197 -0.0589 0.9738
vn 0.2130 -0.0571 0.9754
vn 0.1826 -0.0914 0.9789
vn 0.2130 -0.0887 0.9730
vn 0.0978 -0.0978 0.9904
vn 0.1336 0.0358 0.9904
vn 0.1374 -0.1374 0.9809
vn 0.1919 -0.1217 0.9738
vn 0.1644 -0.1644 0.9726
vn 0.1829 -0.1373 0.9735
vn 0.1589 -0.1589 0.9744
vn 0.1883 -0.1082 0.9761
vn 0.1753 -0.0773 0.9815
vn 0.1905 -0.0207 0.9815
vn 0.1217 -0.1919 0.9738
vn 0.0914 -0.1826 0.9789
vn 0.1373 -0.1829 0.9735
vn 0.0887 -0.2130 0.9730
vn 0.0430 -0.1606 0.9861
vn 0.1082 -0.1883 0.9761
vn 0.0589 -0.2197 0.9738
vn 0.0571 -0.2130 0.9754
vn 0.0122 -0.2038 0.9789
vn 0.0297 -0.2288 0.9730
vn -0.0358 -0.1336 0.9904
vn -0.0503 -0.1877 0.9809
vn -0.0094 -0.2271 0.9738
vn -0.0602 -0.2246 0.9726
vn -0.0274 -0.2271 0.9735
vn -0.0582 -0.2171 0.9744
vn 0.0004 -0.2171 0.9761
vn 0.0207 -0.1905 0.9815
vn 0.0773 -0.1753 0.9815
vn -0.1054 -0.2014 0.9738
vn -0.1125 -0.1704 0.9789
vn -0.0898 -0.2104 0.9735
vn -0.1401 -0.1833 0.9730
vn -0.1176 -0.1176 0.9861
vn -0.1089 -0.1878 0.9761
vn -0.1609 -0.1609 0.9738
vn -0.1559 -0.1559 0.9754
vn -0.1704 -0.1125 0.9789
vn -0.1833 -0.1401 0.9730
vn -0.1336 -0.0358 0.9904
vn -0.1877 -0.0503 0.9809
vn -0.2014 -0.1054 0.9738
vn -0.2246 -0.0602 0.9726
vn -0.2104 -0.0898 0.9735
vn -0.2171 -0.0582 0.9744
vn -0.1878 -0.1089 0.9761
vn -0.1546 -0.1132 0.9815
vn -0.1132 -0.1546 0.9815
vn -0.2271 -0.0094 0.9738
vn -0.2038 0.0122 0.9789
vn -0.2271 -0.0274 0.9735
vn -0.2288 0.0297 0.9730
vn -0.1606 0.0430 0.9861
vn -0.2171 0.0004 0.9761
vn -0.2197 0.0589 0.9738
vn -0.2130 0.0571 0.9754
vn -0.1826 0.0914 0.9789
vn -0.2130 0.0887 0.9730
vn -0.0978 0.0978 0.9904
vn -0.1374 0.1374 0.9809
vn -0.1919 0.1217 0.9738
vn -0.1644 0.1644 0.9726
vn -0.1829 0.1373 0.9735
vn -0.1589 0.1589 0.9744
vn -0.1883 0.1082 0.9761
vn -0.1753 0.0773 0.9815
vn -0.1905 0.0207 0.9815
vn -0.1217 0.1919 0.9738
vn -0.0914 0.1826 0.9789
vn -0.1373 0.1829 0.9735
vn -0.0887 0.2130 0.9730
vn -0.0430 0.1606 0.9861
vn -0.1082 0.1883 0.9761
vn -0.0589 0.2197 0.9738
vn -0.0571 0.2130 0.9754
vn -0.0122 0.2038 0.9789
vn -0.0297 0.2288 0.9730
vn 0.0358 0.1336 0.9904
vn 0.0503 0.1877 0.9809
vn 0.0094 0.2271 0.9738
vn 0.0602 0.2246 0.9726
vn 0.0274 0.2271 0.9735
vn 0.0582 0.2171 0.9744
vn -0.0004 0.2171 0.9761
vn -0.0207 0.1905 0.9815
vn -0.0773 0.1753 0.9815
vn 0.1054 0.2014 0.9738
vn 0.1125 0.1704 0.9789
vn 0.0898 0.2104 0.9735
vn 0.1401 0.1833 0.9730
vn 0.1176 0.1176 0.9861
vn 0.1089 0.1878 0.9761
vn 0.1609 0.1609 0.9738
vn 0.1559 0.1559 0.9754
vn 0.1704 0.1125 0.9789
vn 0.1833 0.1401 0.9730
vn 0.2014 0.1054 0.9738
vn 0.2104 0.0898 0.9735
vn 0.1878 0.1089 0.9761
vn 0.1546 0.1132 0.9815
vn 0.1132 0.1546 0.9815
vn -0.9904 -0.1292 -0.0491
vn -0.9988 0.0000 -0.0491
vn -0.9648 -0.2585 -0.0491
vn -0.9533 -0.1244 -0.2753
vn -0.9904 0.1292 -0.0491
vn -0.9286 -0.2488 -0.2753
vn -0.7202 -0.0940 -0.6874
vn -0.9614 0.0000 -0.2753
vn -0.9533 0.1244 -0.2753
vn -0.7262 0.0000 -0.6874
vn -0.9648 0.2585 -0.0491
vn -0.9286 0.2488 -0.2753
vn -0.7202 0.0940 -0.6874
vn -0.7016 0.1880 -0.6873
vn -0.7016 -0.1880 -0.6873
vn -0.9904 0.1292 0.0491
vn -0.9988 0.0000 0.0491
vn -0.9648 0.2585 0.0491
vn -0.9533 0.1244 0.2753
vn -0.9904 -0.1292 0.0491
vn -0.9286 0.2488 0.2753
vn -0.7202 0.0940 0.6874
vn -0.9614 0.0000 0.2753
vn -0.9533 -0.1244 0.2753
vn -0.7262 0.0000 0.6874
vn -0.9648 -0.2585 0.0491
vn -0.9286 -0.2488 0.2753
vn -0.7202 -0.0940 0.6874
vn -0.7016 -0.1880 0.6873
vn -0.7016 0.1880 0.6873
vn -0.7931 -0.6071 -0.0491
vn -0.8650 -0.4994 -0.0491
vn -0.7063 -0.7063 -0.0491
vn -0.7634 -0.5844 -0.2753
vn -0.9223 -0.3833 -0.0491
vn -0.6798 -0.6798 -0.2753
vn -0.5767 -0.4415 -0.6874
vn -0.8326 -0.4807 -0.2753
vn -0.8878 -0.3689 -0.2753
vn -0.6289 -0.3631 -0.6874
vn -0.6707 -0.2787 -0.6874
vn -0.5136 -0.5136 -0.6873
vn -0.9223 -0.3833 0.0491
vn -0.8650 -0.4994 0.0491
vn -0.8878 -0.3689 0.2753
vn -0.7931 -0.6071 0.0491
vn -0.6707 -0.2787 0.6874
vn -0.8326 -0.4807 0.2753
vn -0.7634 -0.5844 0.2753
vn -0.6289 -0.3631 0.6874
vn -0.7063 -0.7063 0.0491
vn -0.6798 -0.6798 0.2753
vn -0.5767 -0.4415 0.6874
vn -0.5136 -0.5136 0.6873
vn -0.3833 -0.9223 -0.0491
vn -0.4994 -0.8650 -0.0491
vn -0.2585 -0.9648 -0.0491
vn -0.3689 -0.8878 -0.2753
vn -0.6071 -0.7931 -0.0491
vn -0.2488 -0.9286 -0.2753
vn -0.2787 -0.6707 -0.6874
vn -0.4807 -0.8326 -0.2753
vn -0.5844 -0.7634 -0.2753
vn -0.3631 -0.6289 -0.6874
vn -0.4415 -0.5767 -0.6874
vn -0.1880 -0.7016 -0.6873
vn -0.6071 -0.7931 0.0491
vn -0.4994 -0.8650 0.0491
vn -0.5844 -0.7634 0.2753
vn -0.3833 -0.9223 0.0491
vn -0.4415 -0.5767 0.6874
vn -0.4807 -0.8326 0.2753
vn -0.3689 -0.8878 0.2753
vn -0.3631 -0.6289 0.6874
vn -0.2585 -0.9648 0.0491
vn -0.2488 -0.9286 0.2753
vn -0.2787 -0.6707 0.6874
vn -0.1880 -0.7016 0.6873
vn 0.1292 -0.9904 -0.0491
vn -0.0000 -0.9988 -0.0491
vn 0.2585 -0.9648 -0.0491
vn 0.1244 -0.9533 -0.2753
vn -0.1292 -0.9904 -0.0491
vn 0.2488 -0.9286 -0.2753
vn 0.0940 -0.7202 -0.6874
vn -0.0000 -0.9614 -0.2753
vn -0.1244 -0.9533 -0.2753
vn -0.0000 -0.7262 -0.6874
vn -0.0940 -0.7202 -0.6874
vn 0.1880 -0.7016 -0.6873
vn -0.1292 -0.9904 0.0491
vn -0.0000 -0.9988 0.0491
vn -0.1244 -0.9533 0.2753
vn 0.1292 -0.9904 0.0491
vn -0.0940 -0.7202 0.6874
vn -0.0000 -0.9614 0.2753
vn 0.1244 -0.9533 0.2753
vn -0.0000 -0.7262 0.6874
vn 0.2585 -0.9648 0.0491
vn 0.2488 -0.9286 0.2753
vn 0.0940 -0.7202 0.6874
vn 0.1880 -0.7016 0.6873
vn 0.6071 -0.7931 -0.0491
vn 0.4994 -0.8650 -0.0491
vn 0.7063 -0.7063 -0.0491
vn 0.5844 -0.7634 -0.2753
vn 0.3833 -0.9223 -0.0491
vn 0.6798 -0.6798 -0.2753
vn 0.4415 -0.5767 -0.6874
vn 0.4807 -0.8326 -0.2753
vn 0.3689 -0.8878 -0.2753
vn 0.3631 -0.6289 -0.6874
vn 0.2787 -0.6707 -0.6874
vn 0.5136 -0.5136 -0.6873
vn 0.3833 -0.9223 0.0491
vn 0.4994 -0.8650 0.0491
vn 0.3689 -0.8878 0.2753
vn 0.6071 -0.7931 0.0491
vn 0.2787 -0.6707 0.6874
vn 0.4807 -0.8326 0.2753
vn 0.5844 -0.7634 0.2753
vn 0.3631 -0.6289 0.6874
vn 0.7063 -0.7063 0.0491
vn 0.6798 -0.6798 0.2753
vn 0.4415 -0.5767 0.6874
vn 0.5136 -0.5136 0.6873
vn 0.9223 -0.3833 -0.0491
vn 0.8650 -0.4994 -0.0491
vn 0.9648 -0.2585 -0.0491
vn 0.8878 -0.3689 -0.2753
vn 0.7931 -0.6071 -0.0491
vn 0.9286 -0.2488 -0.2753
vn 0.6707 -0.2787 -0.6874
vn 0.8326 -0.4807 -0.2753
vn 0.7634 -0.5844 -0.2753
vn 0.6289 -0.3631 -0.6874
vn 0.5767 -0.4415 -0.6874
vn 0.7016 -0.1880 -0.6873
vn 0.7931 -0.6071 0.0491
vn 0.8650 -0.4994 0.0491
vn 0.7634 -0.5844 0.2753
vn 0.9223 -0.3833 0.0491
vn 0.5767 -0.4415 0.6874
vn 0.8326 -0.4807 0.2753
vn 0.8878 -0.3689 0.2753
vn 0.6289 -0.3631 0.6874
vn 0.9648 -0.2585 0.0491
vn 0.9286 -0.2488 0.2753
vn 0.6707 -0.2787 0.6874
vn 0.7016 -0.1880 0.6873
vn 0.9904 0.1292 -0.0491
vn 0.9988 -0.0000 -0.0491
vn 0.9648 0.2585 -0.0491
vn 0.9533 0.1244 -0.2753
vn 0.9904 -0.1292 -0.0491
vn 0.9286 0.2488 -0.2753
vn 0.7202 0.0940 -0.6874
vn 0.9614 -0.0000 -0.2753
vn 0.9533 -0.1244 -0.2753
vn 0.7262 -0.0000 -0.6874
vn 0.7202 -0.0940 -0.6874
vn 0.7016 0.1880 -0.6873
vn 0.9904 -0.1292 0.0491
vn 0.9988 -0.0000 0.0491
vn 0.9533 -0.1244 0.2753
vn 0.9904 0.1292 0.0491
vn 0.7202 -0.0940 0.6874
vn 0.9614 -0.0000 0.2753
vn 0.9533 0.1244 0.2753
vn 0.7262 -0.0000 0.6874
vn 0.9648 0.2585 0.0491
vn 0.9286 0.2488 0.2753
vn 0.7202 0.0940 0.6874
vn 0.7016 0.1880 0.6873
vn 0.7931 0.6071 -0.0491
vn 0.8650 0.4994 -0.0491
vn 0.7063 0.7063 -0.0491
vn 0.7634 0.5844 -0.2753
vn 0.9223 0.3833 -0.0491
vn 0.6798 0.6798 -0.2753
vn 0.5767 0.4415 -0.6874
vn 0.8326 0.4807 -0.2753
vn 0.8878 0.3689 -0.2753
vn 0.6289 0.3631 -0.6874
vn 0.6707 0.2787 -0.6874
vn 0.5136 0.5136 -0.6873
vn 0.9223 0.3833 0.0491
vn 0.8650 0.4994 0.0491
vn 0.8878 0.3689 0.2753
vn 0.7931 0.6071 0.0491
vn 0.6707 0.2787 0.6874
vn 0.8326 0.4807 0.2753
vn 0.7634 0.5844 0.2753
vn 0.6289 0.3631 0.6874
vn 0.7063 0.7063 0.0491
vn 0.6798 0.6798 0.2753
vn 0.5767 0.4415 0.6874
vn 0.5136 0.5136 0.6873
vn 0.3833 0.9223 -0.0491
vn 0.4994 0.8650 -0.0491
vn 0.2585 0.9648 -0.0491
vn 0.3689 0.8878 -0.2753
vn 0.6071 0.7931 -0.0491
vn 0.2488 0.9286 -0.2753
vn 0.2787 0.6707 -0.6874
vn 0.4807 0.8326 -0.2753
vn 0.5844 0.7634 -0.2753
vn 0.3631 0.6289 -0.6874
vn 0.4415 0.5767 -0.6874
vn 0.1880 0.7016 -0.6873
vn 0.6071 0.7931 0.0491
vn 0.4994 0.8650 0.0491
vn 0.5844 0.7634 0.2753
vn 0.3833 0.9223 0.0491
vn 0.4415 0.5767 0.6874
vn 0.4807 0.8326 0.2753
vn 0.3689 0.8878 0.2753
vn 0.3631 0.6289 0.6874
vn 0.2585 0.9648 0.0491
vn 0.2488 0.9286 0.2753
vn 0.2787 0.6707 0.6874
vn 0.1880 0.7016 0.6873
vn -0.1292 0.9904 -0.0491
vn 0.0000 0.9988 -0.0491
vn -0.2585 0.9648 -0.0491
vn -0.1244 0.9533 -0.2753
vn 0.1292 0.9904 -0.0491
vn -0.2488 0.9286 -0.2753
vn -0.0940 0.7202 -0.6874
vn 0.0000 0.9614 -0.2753
vn 0.1244 0.9533 -0.2753
vn 0.0000 0.7262 -0.6874
vn 0.0940 0.7202 -0.6874
vn -0.1880 0.7016 -0.6873
vn 0.1292 0.9904 0.0491
vn 0.0000 0.9988 0.0491
vn 0.1244 0.9533 0.2753
vn -0.1292 0.9904 0.0491
vn 0.0940 0.7202 0.6874
vn 0.0000 0.9614 0.2753
vn -0.1244 0.9533 0.2753
vn 0.0000 0.7262 0.6874
vn -0.2585 0.9648 0.0491
vn -0.2488 0.9286 0.2753
vn -0.0940 0.7202 0.6874
vn -0.1880 0.7016 0.6873
vn -0.6071 0.7931 -0.0491
vn -0.4994 0.8650 -0.0491
vn -0.7063 0.7063 -0.0491
vn -0.5844 0.7634 -0.2753
vn -0.3833 0.9223 -0.0491
vn -0.6798 0.6798 -0.2753
vn -0.4415 0.5767 -0.6874
vn -0.4807 0.8326 -0.2753
vn -0.3689 0.8878 -0.2753
vn -0.3631 0.6289 -0.6874
vn -0.2787 0.6707 -0.6874
vn -0.5136 0.5136 -0.6873
vn -0.3833 0.9223 0.0491
vn -0.4994 0.8650 0.0491
vn -0.3689 0.8878 0.2753
vn -0.6071 0.7931 0.0491
vn -0.2787 0.6707 0.6874
vn -0.4807 0.8326 0.2753
vn -0.5844 0.7634 0.2753
vn -0.3631 0.6289 0.6874
vn -0.7063 0.7063 0.0491
vn -0.6798 0.6798 0.2753
vn -0.4415 0.5767 0.6874
vn -0.5136 0.5136 0.6873
vn -0.9223 0.3833 -0.0491
vn -0.8650 0.4994 -0.0491
vn -0.8878 0.3689 -0.2753
vn -0.7931 0.6071 -0.0491
vn -0.6707 0.2787 -0.6874
vn -0.8326 0.4807 -0.2753
vn -0.7634 0.5844 -0.2753
vn -0.6289 0.3631 -0.6874
vn -0.5767 0.4415 -0.6874
vn -0.7931 0.6071 0.0491
vn -0.8650 0.4994 0.0491
vn -0.7634 0.5844 0.2753
vn -0.9223 0.3833 0.0491
vn -0.5767 0.4415 0.6874
vn -0.8326 0.4807 0.2753
vn -0.8878 0.3689 0.2753
vn -0.6289 0.3631 0.6874
vn -0.6707 0.2787 0.6874
# 851 vertex normals

vt 0.8953 0.9591 1.0000
vt 0.8977 0.9488 1.0000
vt 0.8977 0.9591 1.0000
vt 0.8953 0.9694 1.0000
vt 0.8953 0.9488 1.0000
vt 0.8928 0.9591 1.0000
vt 0.8977 0.9694 1.0000
vt 0.8953 0.9797 1.0000
vt 0.8928 0.9488 1.0000
vt 0.8903 0.9591 1.0000
vt 0.8928 0.9694 1.0000
vt 0.8928 0.9797 1.0000
vt 0.8903 0.9694 1.0000
vt 0.8977 0.9797 1.0000
vt 0.8977 0.9900 1.0000
vt 0.8953 0.9900 1.0000
vt 0.8928 0.9900 1.0000
vt 0.8903 0.9797 1.0000
vt 0.8879 0.9900 1.0000
vt 0.8879 0.9797 1.0000
vt 0.8903 0.9900 1.0000
vt 0.8879 0.9694 1.0000
vt 0.8879 0.9591 1.0000
vt 0.8879 0.9488 1.0000
vt 0.8903 0.9488 1.0000
vt 0.8854 0.9591 1.0000
vt 0.8854 0.9694 1.0000
vt 0.8854 0.9488 1.0000
vt 0.8829 0.9591 1.0000
vt 0.8854 0.9797 1.0000
vt 0.8829 0.9488 1.0000
vt 0.8804 0.9591 1.0000
vt 0.8829 0.9694 1.0000
vt 0.8829 0.9797 1.0000
vt 0.8804 0.9694 1.0000
vt 0.8854 0.9900 1.0000
vt 0.8829 0.9900 1.0000
vt 0.8804 0.9797 1.0000
vt 0.8780 0.9900 1.0000
vt 0.8780 0.9797 1.0000
vt 0.8804 0.9900 1.0000
vt 0.8780 0.9694 1.0000
vt 0.8780 0.9591 1.0000
vt 0.8780 0.9488 1.0000
vt 0.8804 0.9488 1.0000
vt 0.8755 0.9591 1.0000
vt 0.8755 0.9694 1.0000
vt 0.8755 0.9488 1.0000
vt 0.8730 0.9591 1.0000
vt 0.8755 0.9797 1.0000
vt 0.8730 0.9488 1.0000
vt 0.8706 0.9591 1.0000
vt 0.8730 0.9694 1.0000
vt 0.8730 0.9797 1.0000
vt 0.8706 0.9694 1.0000
vt 0.8755 0.9900 1.0000
vt 0.8730 0.9900 1.0000
vt 0.8706 0.9797 1.0000
vt 0.8681 0.9900 1.0000
vt 0.8681 0.9797 1.0000
vt 0.8706 0.9900 1.0000
vt 0.8681 0.9694 1.0000
vt 0.8681 0.9591 1.0000
vt 0.8681 0.9488 1.0000
vt 0.8706 0.9488 1.0000
vt 0.8656 0.9591 1.0000
vt 0.8656 0.9694 1.0000
vt 0.8656 0.9488 1.0000
vt 0.8631 0.9591 1.0000
vt 0.8656 0.9797 1.0000
vt 0.8631 0.9488 1.0000
vt 0.8607 0.9591 1.0000
vt 0.8631 0.9694 1.0000
vt 0.8631 0.9797 1.0000
vt 0.8607 0.9694 1.0000
vt 0.8656 0.9900 1.0000
vt 0.8631 0.9900 1.0000
vt 0.8607 0.9797 1.0000
vt 0.8582 0.9900 1.0000
vt 0.8582 0.9797 1.0000
vt 0.8607 0.9900 1.0000
vt 0.8582 0.9694 1.0000
vt 0.8582 0.9591 1.0000
vt 0.8582 0.9488 1.0000
vt 0.8607 0.9488 1.0000
vt 0.8557 0.9591 1.0000
vt 0.8557 0.9694 1.0000
vt 0.8557 0.9488 1.0000
vt 0.8533 0.9591 1.0000
vt 0.8557 0.9797 1.0000
vt 0.8533 0.9488 1.0000
vt 0.8508 0.9591 1.0000
vt 0.8533 0.9694 1.0000
vt 0.8533 0.9797 1.0000
vt 0.8508 0.9694 1.0000
vt 0.8557 0.9900 1.0000
vt 0.8533 0.9900 1.0000
vt 0.8508 0.9797 1.0000
vt 0.8483 0.9900 1.0000
vt 0.8483 0.9797 1.0000
vt 0.8508 0.9900 1.0000
vt 0.8483 0.9694 1.0000
vt 0.8483 0.9591 1.0000
vt 0.8483 0.9488 1.0000
vt 0.8508 0.9488 1.0000
vt 0.9052 0.9591 1.0000
vt 0.9076 0.9488 1.0000
vt 0.9076 0.9591 1.0000
vt 0.9052 0.9694 1.0000
vt 0.9052 0.9488 1.0000
vt 0.9027 0.9591 1.0000
vt 0.9076 0.9694 1.0000
vt 0.9052 0.9797 1.0000
vt 0.9027 0.9488 1.0000
vt 0.9002 0.9591 1.0000
vt 0.9027 0.9694 1.0000
vt 0.9027 0.9797 1.0000
vt 0.9002 0.9694 1.0000
vt 0.9076 0.9797 1.0000
vt 0.9076 0.9900 1.0000
vt 0.9052 0.9900 1.0000
vt 0.9027 0.9900 1.0000
vt 0.9002 0.9797 1.0000
vt 0.9002 0.9900 1.0000
vt 0.9002 0.9488 1.0000
vt 0.2534 0.7733 1.0000
vt 0.2469 0.7664 1.0000
vt 0.2534 0.7664 1.0000
vt 0.2599 0.7733 1.0000
vt 0.2469 0.7733 1.0000
vt 0.2534 0.7813 1.0000
vt 0.2599 0.7664 1.0000
vt 0.2665 0.7733 1.0000
vt 0.2469 0.7813 1.0000
vt 0.2534 0.7893 1.0000
vt 0.2599 0.7813 1.0000
vt 0.2665 0.7813 1.0000
vt 0.2599 0.7893 1.0000
vt 0.2665 0.7664 1.0000
vt 0.2730 0.7664 1.0000
vt 0.2730 0.7733 1.0000
vt 0.2730 0.7813 1.0000
vt 0.2665 0.7893 1.0000
vt 0.2730 0.7963 1.0000
vt 0.2665 0.7963 1.0000
vt 0.2730 0.7893 1.0000
vt 0.2599 0.7963 1.0000
vt 0.2534 0.7963 1.0000
vt 0.2469 0.7963 1.0000
vt 0.2469 0.7893 1.0000
vt 0.2274 0.7733 1.0000
vt 0.2209 0.7664 1.0000
vt 0.2274 0.7664 1.0000
vt 0.2339 0.7733 1.0000
vt 0.2209 0.7733 1.0000
vt 0.2274 0.7813 1.0000
vt 0.2339 0.7664 1.0000
vt 0.2404 0.7733 1.0000
vt 0.2209 0.7813 1.0000
vt 0.2274 0.7893 1.0000
vt 0.2339 0.7813 1.0000
vt 0.2404 0.7813 1.0000
vt 0.2339 0.7893 1.0000
vt 0.2404 0.7664 1.0000
vt 0.2404 0.7893 1.0000
vt 0.2404 0.7963 1.0000
vt 0.2339 0.7963 1.0000
vt 0.2274 0.7963 1.0000
vt 0.2209 0.7963 1.0000
vt 0.2209 0.7893 1.0000
vt 0.2014 0.7733 1.0000
vt 0.1949 0.7664 1.0000
vt 0.2014 0.7664 1.0000
vt 0.2079 0.7733 1.0000
vt 0.1949 0.7733 1.0000
vt 0.2014 0.7813 1.0000
vt 0.2079 0.7664 1.0000
vt 0.2144 0.7733 1.0000
vt 0.1949 0.7813 1.0000
vt 0.2014 0.7893 1.0000
vt 0.2079 0.7813 1.0000
vt 0.2144 0.7813 1.0000
vt 0.2079 0.7893 1.0000
vt 0.2144 0.7664 1.0000
vt 0.2144 0.7893 1.0000
vt 0.2144 0.7963 1.0000
vt 0.2079 0.7963 1.0000
vt 0.2014 0.7963 1.0000
vt 0.1949 0.7963 1.0000
vt 0.1949 0.7893 1.0000
vt 0.1754 0.7733 1.0000
vt 0.1689 0.7664 1.0000
vt 0.1754 0.7664 1.0000
vt 0.1819 0.7733 1.0000
vt 0.1689 0.7733 1.0000
vt 0.1754 0.7813 1.0000
vt 0.1819 0.7664 1.0000
vt 0.1884 0.7733 1.0000
vt 0.1689 0.7813 1.0000
vt 0.1754 0.7893 1.0000
vt 0.1819 0.7813 1.0000
vt 0.1884 0.7813 1.0000
vt 0.1819 0.7893 1.0000
vt 0.1884 0.7664 1.0000
vt 0.1884 0.7893 1.0000
vt 0.1884 0.7963 1.0000
vt 0.1819 0.7963 1.0000
vt 0.1754 0.7963 1.0000
vt 0.1689 0.7963 1.0000
vt 0.1689 0.7893 1.0000
vt 0.1494 0.7733 1.0000
vt 0.1429 0.7664 1.0000
vt 0.1494 0.7664 1.0000
vt 0.1559 0.7733 1.0000
vt 0.1429 0.7733 1.0000
vt 0.1494 0.7813 1.0000
vt 0.1559 0.7664 1.0000
vt 0.1624 0.7733 1.0000
vt 0.1429 0.7813 1.0000
vt 0.1494 0.7893 1.0000
vt 0.1559 0.7813 1.0000
vt 0.1624 0.7813 1.0000
vt 0.1559 0.7893 1.0000
vt 0.1624 0.7664 1.0000
vt 0.1624 0.7893 1.0000
vt 0.1624 0.7963 1.0000
vt 0.1559 0.7963 1.0000
vt 0.1494 0.7963 1.0000
vt 0.1429 0.7963 1.0000
vt 0.1429 0.7893 1.0000
vt 0.1234 0.7733 1.0000
vt 0.1169 0.7664 1.0000
vt 0.1234 0.7664 1.0000
vt 0.1299 0.7733 1.0000
vt 0.1169 0.7733 1.0000
vt 0.1234 0.7813 1.0000
vt 0.1299 0.7664 1.0000
vt 0.1364 0.7733 1.0000
vt 0.1169 0.7813 1.0000
vt 0.1234 0.7893 1.0000
vt 0.1299 0.7813 1.0000
vt 0.1364 0.7813 1.0000
vt 0.1299 0.7893 1.0000
vt 0.1364 0.7664 1.0000
vt 0.1364 0.7893 1.0000
vt 0.1364 0.7963 1.0000
vt 0.1299 0.7963 1.0000
vt 0.1234 0.7963 1.0000
vt 0.1169 0.7963 1.0000
vt 0.1169 0.7893 1.0000
vt 0.0974 0.7733 1.0000
vt 0.0909 0.7664 1.0000
vt 0.0974 0.7664 1.0000
vt 0.1039 0.7733 1.0000
vt 0.0909 0.7733 1.0000
vt 0.0974 0.7813 1.0000
vt 0.1039 0.7664 1.0000
vt 0.1104 0.7733 1.0000
vt 0.0909 0.7813 1.0000
vt 0.0974 0.7893 1.0000
vt 0.1039 0.7813 1.0000
vt 0.1104 0.7813 1.0000
vt 0.1039 0.7893 1.0000
vt 0.1104 0.7664 1.0000
vt 0.1104 0.7893 1.0000
vt 0.1104 0.7963 1.0000
vt 0.1039 0.7963 1.0000
vt 0.0974 0.7963 1.0000
vt 0.0909 0.7963 1.0000
vt 0.0909 0.7893 1.0000
vt 0.0714 0.7733 1.0000
vt 0.0649 0.7664 1.0000
vt 0.0714 0.7664 1.0000
vt 0.0779 0.7733 1.0000
vt 0.0649 0.7733 1.0000
vt 0.0714 0.7813 1.0000
vt 0.0779 0.7664 1.0000
vt 0.0844 0.7733 1.0000
vt 0.0649 0.7813 1.0000
vt 0.0714 0.7893 1.0000
vt 0.0779 0.7813 1.0000
vt 0.0844 0.7813 1.0000
vt 0.0779 0.7893 1.0000
vt 0.0844 0.7664 1.0000
vt 0.0844 0.7893 1.0000
vt 0.0844 0.7963 1.0000
vt 0.0779 0.7963 1.0000
vt 0.0714 0.7963 1.0000
vt 0.0649 0.7963 1.0000
vt 0.0649 0.7893 1.0000
vt 0.0453 0.7733 1.0000
vt 0.0388 0.7664 1.0000
vt 0.0453 0.7664 1.0000
vt 0.0518 0.7733 1.0000
vt 0.0388 0.7733 1.0000
vt 0.0453 0.7813 1.0000
vt 0.0518 0.7664 1.0000
vt 0.0583 0.7733 1.0000
vt 0.0388 0.7813 1.0000
vt 0.0453 0.7893 1.0000
vt 0.0518 0.7813 1.0000
vt 0.0583 0.7813 1.0000
vt 0.0518 0.7893 1.0000
vt 0.0583 0.7664 1.0000
vt 0.0583 0.7893 1.0000
vt 0.0583 0.7963 1.0000
vt 0.0518 0.7963 1.0000
vt 0.0453 0.7963 1.0000
vt 0.0388 0.7963 1.0000
vt 0.0388 0.7893 1.0000
vt 0.0193 0.7722 1.0000
vt 0.0128 0.7610 1.0000
vt 0.0193 0.7648 1.0000
vt 0.0258 0.7730 1.0000
vt 0.0128 0.7712 1.0000
vt 0.0193 0.7813 1.0000
vt 0.0258 0.7660 1.0000
vt 0.0323 0.7733 1.0000
vt 0.0128 0.7813 1.0000
vt 0.0193 0.7904 1.0000
vt 0.0258 0.7813 1.0000
vt 0.0323 0.7813 1.0000
vt 0.0258 0.7896 1.0000
vt 0.0323 0.7664 1.0000
vt 0.0323 0.7893 1.0000
vt 0.0323 0.7963 1.0000
vt 0.0258 0.7967 1.0000
vt 0.0193 0.7979 1.0000
vt 0.0128 0.8016 1.0000
vt 0.0128 0.7915 1.0000
vt 0.3055 0.7733 1.0000
vt 0.2990 0.7664 1.0000
vt 0.3055 0.7664 1.0000
vt 0.3120 0.7730 1.0000
vt 0.2990 0.7733 1.0000
vt 0.3055 0.7813 1.0000
vt 0.3120 0.7660 1.0000
vt 0.3185 0.7722 1.0000
vt 0.2990 0.7813 1.0000
vt 0.3055 0.7893 1.0000
vt 0.3120 0.7813 1.0000
vt 0.3185 0.7813 1.0000
vt 0.3120 0.7896 1.0000
vt 0.3185 0.7648 1.0000
vt 0.3250 0.7610 1.0000
vt 0.3250 0.7712 1.0000
vt 0.3250 0.7813 1.0000
vt 0.3185 0.7904 1.0000
vt 0.3250 0.8016 1.0000
vt 0.3185 0.7979 1.0000
vt 0.3250 0.7915 1.0000
vt 0.3120 0.7967 1.0000
vt 0.3055 0.7963 1.0000
vt 0.2990 0.7963 1.0000
vt 0.2990 0.7893 1.0000
vt 0.2795 0.7733 1.0000
vt 0.2795 0.7664 1.0000
vt 0.2860 0.7733 1.0000
vt 0.2795 0.7813 1.0000
vt 0.2860 0.7664 1.0000
vt 0.2925 0.7733 1.0000
vt 0.2795 0.7893 1.0000
vt 0.2860 0.7813 1.0000
vt 0.2925 0.7813 1.0000
vt 0.2860 0.7893 1.0000
vt 0.2925 0.7664 1.0000
vt 0.2925 0.7893 1.0000
vt 0.2925 0.7963 1.0000
vt 0.2860 0.7963 1.0000
vt 0.2795 0.7963 1.0000
vt 0.1022 0.8461 0.0000
vt 0.1000 0.8390 0.0000
vt 0.1042 0.8415 0.0000
vt 0.1058 0.8476 0.0000
vt 0.0985 0.8445 0.0000
vt 0.1008 0.8509 0.0000
vt 0.1077 0.8435 0.0000
vt 0.1091 0.8489 0.0000
vt 0.0971 0.8499 0.0000
vt 0.0996 0.8558 0.0000
vt 0.1044 0.8519 0.0000
vt 0.1079 0.8528 0.0000
vt 0.1034 0.8563 0.0000
vt 0.1108 0.8453 0.0000
vt 0.1132 0.8467 0.0000
vt 0.1123 0.8502 0.0000
vt 0.1113 0.8537 0.0000
vt 0.1070 0.8568 0.0000
vt 0.1094 0.8608 0.0000
vt 0.1066 0.8608 0.0000
vt 0.1104 0.8573 0.0000
vt 0.1031 0.8608 0.0000
vt 0.0991 0.8608 0.0000
vt 0.0941 0.8608 0.0000
vt 0.0956 0.8554 0.0000
vt 0.0996 0.8658 0.0000
vt 0.1034 0.8653 0.0000
vt 0.0956 0.8662 0.0000
vt 0.1008 0.8707 0.0000
vt 0.1070 0.8648 0.0000
vt 0.0971 0.8717 0.0000
vt 0.1022 0.8755 0.0000
vt 0.1044 0.8697 0.0000
vt 0.1079 0.8688 0.0000
vt 0.1058 0.8740 0.0000
vt 0.1104 0.8643 0.0000
vt 0.1113 0.8679 0.0000
vt 0.1091 0.8727 0.0000
vt 0.1132 0.8749 0.0000
vt 0.1108 0.8763 0.0000
vt 0.1123 0.8714 0.0000
vt 0.1077 0.8781 0.0000
vt 0.1042 0.8801 0.0000
vt 0.1000 0.8826 0.0000
vt 0.0985 0.8771 0.0000
vt 0.1072 0.8841 0.0000
vt 0.1103 0.8818 0.0000
vt 0.1040 0.8865 0.0000
vt 0.1107 0.8878 0.0000
vt 0.1131 0.8796 0.0000
vt 0.1079 0.8905 0.0000
vt 0.1143 0.8913 0.0000
vt 0.1133 0.8852 0.0000
vt 0.1159 0.8826 0.0000
vt 0.1167 0.8882 0.0000
vt 0.1158 0.8775 0.0000
vt 0.1184 0.8801 0.0000
vt 0.1189 0.8854 0.0000
vt 0.1236 0.8852 0.0000
vt 0.1221 0.8877 0.0000
vt 0.1210 0.8827 0.0000
vt 0.1204 0.8908 0.0000
vt 0.1184 0.8942 0.0000
vt 0.1159 0.8985 0.0000
vt 0.1119 0.8945 0.0000
vt 0.1229 0.8963 0.0000
vt 0.1244 0.8927 0.0000
vt 0.1213 0.9000 0.0000
vt 0.1278 0.8977 0.0000
vt 0.1258 0.8894 0.0000
vt 0.1268 0.9014 0.0000
vt 0.1327 0.8989 0.0000
vt 0.1288 0.8941 0.0000
vt 0.1297 0.8906 0.0000
vt 0.1332 0.8950 0.0000
vt 0.1271 0.8862 0.0000
vt 0.1306 0.8871 0.0000
vt 0.1337 0.8915 0.0000
vt 0.1377 0.8890 0.0000
vt 0.1377 0.8919 0.0000
vt 0.1341 0.8881 0.0000
vt 0.1377 0.8954 0.0000
vt 0.1377 0.8994 0.0000
vt 0.1377 0.9043 0.0000
vt 0.1322 0.9029 0.0000
vt 0.1426 0.8989 0.0000
vt 0.1422 0.8950 0.0000
vt 0.1431 0.9029 0.0000
vt 0.1476 0.8977 0.0000
vt 0.1417 0.8915 0.0000
vt 0.1485 0.9014 0.0000
vt 0.1524 0.8963 0.0000
vt 0.1466 0.8941 0.0000
vt 0.1456 0.8906 0.0000
vt 0.1509 0.8927 0.0000
vt 0.1412 0.8881 0.0000
vt 0.1447 0.8871 0.0000
vt 0.1495 0.8894 0.0000
vt 0.1518 0.8852 0.0000
vt 0.1532 0.8877 0.0000
vt 0.1483 0.8862 0.0000
vt 0.1550 0.8908 0.0000
vt 0.1570 0.8942 0.0000
vt 0.1594 0.8985 0.0000
vt 0.1540 0.9000 0.0000
vt 0.1610 0.8913 0.0000
vt 0.1587 0.8882 0.0000
vt 0.1634 0.8945 0.0000
vt 0.1647 0.8878 0.0000
vt 0.1565 0.8854 0.0000
vt 0.1674 0.8905 0.0000
vt 0.1682 0.8841 0.0000
vt 0.1620 0.8852 0.0000
vt 0.1595 0.8826 0.0000
vt 0.1651 0.8818 0.0000
vt 0.1544 0.8827 0.0000
vt 0.1569 0.8801 0.0000
vt 0.1622 0.8796 0.0000
vt 0.1621 0.8749 0.0000
vt 0.1646 0.8763 0.0000
vt 0.1595 0.8775 0.0000
vt 0.1676 0.8781 0.0000
vt 0.1711 0.8801 0.0000
vt 0.1754 0.8826 0.0000
vt 0.1714 0.8865 0.0000
vt 0.1731 0.8755 0.0000
vt 0.1696 0.8740 0.0000
vt 0.1768 0.8771 0.0000
vt 0.1746 0.8707 0.0000
vt 0.1662 0.8727 0.0000
vt 0.1783 0.8717 0.0000
vt 0.1757 0.8658 0.0000
vt 0.1709 0.8697 0.0000
vt 0.1674 0.8688 0.0000
vt 0.1719 0.8653 0.0000
vt 0.1631 0.8714 0.0000
vt 0.1640 0.8679 0.0000
vt 0.1683 0.8648 0.0000
vt 0.1659 0.8608 0.0000
vt 0.1687 0.8608 0.0000
vt 0.1650 0.8643 0.0000
vt 0.1723 0.8608 0.0000
vt 0.1763 0.8608 0.0000
vt 0.1812 0.8608 0.0000
vt 0.1797 0.8662 0.0000
vt 0.1757 0.8558 0.0000
vt 0.1719 0.8563 0.0000
vt 0.1797 0.8554 0.0000
vt 0.1746 0.8509 0.0000
vt 0.1683 0.8568 0.0000
vt 0.1783 0.8499 0.0000
vt 0.1731 0.8461 0.0000
vt 0.1709 0.8519 0.0000
vt 0.1674 0.8528 0.0000
vt 0.1696 0.8476 0.0000
vt 0.1650 0.8573 0.0000
vt 0.1640 0.8537 0.0000
vt 0.1662 0.8489 0.0000
vt 0.1621 0.8467 0.0000
vt 0.1646 0.8453 0.0000
vt 0.1631 0.8502 0.0000
vt 0.1676 0.8435 0.0000
vt 0.1711 0.8415 0.0000
vt 0.1754 0.8390 0.0000
vt 0.1768 0.8445 0.0000
vt 0.1682 0.8375 0.0000
vt 0.1651 0.8398 0.0000
vt 0.1714 0.8351 0.0000
vt 0.1647 0.8338 0.0000
vt 0.1622 0.8420 0.0000
vt 0.1674 0.8311 0.0000
vt 0.1610 0.8303 0.0000
vt 0.1620 0.8364 0.0000
vt 0.1595 0.8390 0.0000
vt 0.1587 0.8334 0.0000
vt 0.1595 0.8441 0.0000
vt 0.1569 0.8415 0.0000
vt 0.1565 0.8362 0.0000
vt 0.1518 0.8364 0.0000
vt 0.1532 0.8339 0.0000
vt 0.1544 0.8389 0.0000
vt 0.1550 0.8308 0.0000
vt 0.1570 0.8274 0.0000
vt 0.1594 0.8231 0.0000
vt 0.1634 0.8271 0.0000
vt 0.1524 0.8253 0.0000
vt 0.1509 0.8289 0.0000
vt 0.1540 0.8216 0.0000
vt 0.1476 0.8239 0.0000
vt 0.1495 0.8322 0.0000
vt 0.1485 0.8202 0.0000
vt 0.1426 0.8227 0.0000
vt 0.1466 0.8275 0.0000
vt 0.1456 0.8310 0.0000
vt 0.1422 0.8266 0.0000
vt 0.1483 0.8354 0.0000
vt 0.1447 0.8345 0.0000
vt 0.1417 0.8301 0.0000
vt 0.1377 0.8326 0.0000
vt 0.1377 0.8297 0.0000
vt 0.1412 0.8335 0.0000
vt 0.1377 0.8262 0.0000
vt 0.1377 0.8222 0.0000
vt 0.1377 0.8173 0.0000
vt 0.1431 0.8187 0.0000
vt 0.1327 0.8227 0.0000
vt 0.1332 0.8266 0.0000
vt 0.1322 0.8187 0.0000
vt 0.1278 0.8239 0.0000
vt 0.1337 0.8301 0.0000
vt 0.1268 0.8202 0.0000
vt 0.1229 0.8253 0.0000
vt 0.1288 0.8275 0.0000
vt 0.1297 0.8310 0.0000
vt 0.1244 0.8289 0.0000
vt 0.1341 0.8335 0.0000
vt 0.1306 0.8345 0.0000
vt 0.1258 0.8322 0.0000
vt 0.1236 0.8364 0.0000
vt 0.1221 0.8339 0.0000
vt 0.1271 0.8354 0.0000
vt 0.1204 0.8308 0.0000
vt 0.1184 0.8274 0.0000
vt 0.1159 0.8231 0.0000
vt 0.1213 0.8216 0.0000
vt 0.1143 0.8303 0.0000
vt 0.1167 0.8334 0.0000
vt 0.1119 0.8271 0.0000
vt 0.1107 0.8338 0.0000
vt 0.1189 0.8362 0.0000
vt 0.1079 0.8311 0.0000
vt 0.1072 0.8375 0.0000
vt 0.1133 0.8364 0.0000
vt 0.1159 0.8390 0.0000
vt 0.1103 0.8398 0.0000
vt 0.1210 0.8389 0.0000
vt 0.1184 0.8415 0.0000
vt 0.1131 0.8420 0.0000
vt 0.1158 0.8441 0.0000
vt 0.1040 0.8351 0.0000
vt 0.0107 0.8558 0.0000
vt 0.0053 0.8608 0.0000
vt 0.0102 0.8608 0.0000
vt 0.0146 0.8563 0.0000
vt 0.0067 0.8554 0.0000
vt 0.0119 0.8509 0.0000
vt 0.0142 0.8608 0.0000
vt 0.0181 0.8568 0.0000
vt 0.0082 0.8499 0.0000
vt 0.0133 0.8461 0.0000
vt 0.0155 0.8519 0.0000
vt 0.0190 0.8528 0.0000
vt 0.0169 0.8476 0.0000
vt 0.0177 0.8608 0.0000
vt 0.0206 0.8608 0.0000
vt 0.0215 0.8573 0.0000
vt 0.0224 0.8537 0.0000
vt 0.0202 0.8489 0.0000
vt 0.0243 0.8467 0.0000
vt 0.0219 0.8453 0.0000
vt 0.0234 0.8502 0.0000
vt 0.0188 0.8435 0.0000
vt 0.0154 0.8415 0.0000
vt 0.0111 0.8390 0.0000
vt 0.0096 0.8445 0.0000
vt 0.0183 0.8375 0.0000
vt 0.0214 0.8398 0.0000
vt 0.0151 0.8351 0.0000
vt 0.0218 0.8338 0.0000
vt 0.0242 0.8420 0.0000
vt 0.0191 0.8311 0.0000
vt 0.0255 0.8303 0.0000
vt 0.0244 0.8364 0.0000
vt 0.0270 0.8390 0.0000
vt 0.0278 0.8334 0.0000
vt 0.0269 0.8441 0.0000
vt 0.0295 0.8415 0.0000
vt 0.0300 0.8362 0.0000
vt 0.0347 0.8364 0.0000
vt 0.0333 0.8339 0.0000
vt 0.0321 0.8389 0.0000
vt 0.0315 0.8308 0.0000
vt 0.0295 0.8274 0.0000
vt 0.0270 0.8231 0.0000
vt 0.0230 0.8271 0.0000
vt 0.0340 0.8253 0.0000
vt 0.0356 0.8289 0.0000
vt 0.0325 0.8216 0.0000
vt 0.0389 0.8239 0.0000
vt 0.0369 0.8322 0.0000
vt 0.0379 0.8202 0.0000
vt 0.0438 0.8227 0.0000
vt 0.0399 0.8275 0.0000
vt 0.0408 0.8310 0.0000
vt 0.0443 0.8266 0.0000
vt 0.0382 0.8354 0.0000
vt 0.0417 0.8345 0.0000
vt 0.0448 0.8301 0.0000
vt 0.0488 0.8326 0.0000
vt 0.0488 0.8297 0.0000
vt 0.0453 0.8335 0.0000
vt 0.0488 0.8262 0.0000
vt 0.0488 0.8222 0.0000
vt 0.0488 0.8173 0.0000
vt 0.0433 0.8187 0.0000
vt 0.0538 0.8227 0.0000
vt 0.0533 0.8266 0.0000
vt 0.0542 0.8187 0.0000
vt 0.0587 0.8239 0.0000
vt 0.0528 0.8301 0.0000
vt 0.0597 0.8202 0.0000
vt 0.0635 0.8253 0.0000
vt 0.0577 0.8275 0.0000
vt 0.0568 0.8310 0.0000
vt 0.0620 0.8289 0.0000
vt 0.0523 0.8335 0.0000
vt 0.0558 0.8345 0.0000
vt 0.0607 0.8322 0.0000
vt 0.0629 0.8364 0.0000
vt 0.0643 0.8339 0.0000
vt 0.0594 0.8354 0.0000
vt 0.0661 0.8308 0.0000
vt 0.0681 0.8274 0.0000
vt 0.0706 0.8231 0.0000
vt 0.0651 0.8216 0.0000
vt 0.0721 0.8303 0.0000
vt 0.0698 0.8334 0.0000
vt 0.0745 0.8271 0.0000
vt 0.0758 0.8338 0.0000
vt 0.0676 0.8362 0.0000
vt 0.0785 0.8311 0.0000
vt 0.0793 0.8375 0.0000
vt 0.0731 0.8364 0.0000
vt 0.0706 0.8390 0.0000
vt 0.0762 0.8398 0.0000
vt 0.0655 0.8389 0.0000
vt 0.0681 0.8415 0.0000
vt 0.0734 0.8420 0.0000
vt 0.0732 0.8467 0.0000
vt 0.0757 0.8453 0.0000
vt 0.0707 0.8441 0.0000
vt 0.0788 0.8435 0.0000
vt 0.0822 0.8415 0.0000
vt 0.0865 0.8390 0.0000
vt 0.0825 0.8351 0.0000
vt 0.0842 0.8461 0.0000
vt 0.0807 0.8476 0.0000
vt 0.0879 0.8445 0.0000
vt 0.0857 0.8509 0.0000
vt 0.0774 0.8489 0.0000
vt 0.0894 0.8499 0.0000
vt 0.0869 0.8558 0.0000
vt 0.0821 0.8519 0.0000
vt 0.0786 0.8528 0.0000
vt 0.0830 0.8563 0.0000
vt 0.0742 0.8502 0.0000
vt 0.0751 0.8537 0.0000
vt 0.0795 0.8568 0.0000
vt 0.0770 0.8608 0.0000
vt 0.0799 0.8608 0.0000
vt 0.0761 0.8573 0.0000
vt 0.0834 0.8608 0.0000
vt 0.0874 0.8608 0.0000
vt 0.0923 0.8608 0.0000
vt 0.0909 0.8554 0.0000
vt 0.0869 0.8658 0.0000
vt 0.0830 0.8653 0.0000
vt 0.0909 0.8662 0.0000
vt 0.0857 0.8707 0.0000
vt 0.0795 0.8648 0.0000
vt 0.0894 0.8717 0.0000
vt 0.0842 0.8755 0.0000
vt 0.0821 0.8697 0.0000
vt 0.0786 0.8688 0.0000
vt 0.0807 0.8740 0.0000
vt 0.0761 0.8643 0.0000
vt 0.0751 0.8679 0.0000
vt 0.0774 0.8727 0.0000
vt 0.0732 0.8749 0.0000
vt 0.0757 0.8763 0.0000
vt 0.0742 0.8714 0.0000
vt 0.0788 0.8781 0.0000
vt 0.0822 0.8801 0.0000
vt 0.0865 0.8826 0.0000
vt 0.0879 0.8771 0.0000
vt 0.0793 0.8841 0.0000
vt 0.0762 0.8818 0.0000
vt 0.0825 0.8865 0.0000
vt 0.0758 0.8878 0.0000
vt 0.0734 0.8796 0.0000
vt 0.0785 0.8905 0.0000
vt 0.0721 0.8913 0.0000
vt 0.0731 0.8852 0.0000
vt 0.0706 0.8826 0.0000
vt 0.0698 0.8882 0.0000
vt 0.0707 0.8775 0.0000
vt 0.0681 0.8801 0.0000
vt 0.0676 0.8854 0.0000
vt 0.0629 0.8852 0.0000
vt 0.0643 0.8877 0.0000
vt 0.0655 0.8827 0.0000
vt 0.0661 0.8908 0.0000
vt 0.0681 0.8942 0.0000
vt 0.0706 0.8985 0.0000
vt 0.0745 0.8945 0.0000
vt 0.0635 0.8963 0.0000
vt 0.0620 0.8927 0.0000
vt 0.0651 0.9000 0.0000
vt 0.0587 0.8977 0.0000
vt 0.0607 0.8894 0.0000
vt 0.0597 0.9014 0.0000
vt 0.0538 0.8989 0.0000
vt 0.0577 0.8941 0.0000
vt 0.0568 0.8906 0.0000
vt 0.0533 0.8950 0.0000
vt 0.0594 0.8862 0.0000
vt 0.0558 0.8871 0.0000
vt 0.0528 0.8915 0.0000
vt 0.0488 0.8890 0.0000
vt 0.0488 0.8919 0.0000
vt 0.0523 0.8881 0.0000
vt 0.0488 0.8954 0.0000
vt 0.0488 0.8994 0.0000
vt 0.0488 0.9043 0.0000
vt 0.0542 0.9029 0.0000
vt 0.0438 0.8989 0.0000
vt 0.0443 0.8950 0.0000
vt 0.0433 0.9029 0.0000
vt 0.0389 0.8977 0.0000
vt 0.0448 0.8915 0.0000
vt 0.0379 0.9014 0.0000
vt 0.0340 0.8963 0.0000
vt 0.0399 0.8941 0.0000
vt 0.0408 0.8906 0.0000
vt 0.0356 0.8927 0.0000
vt 0.0453 0.8881 0.0000
vt 0.0417 0.8871 0.0000
vt 0.0369 0.8894 0.0000
vt 0.0347 0.8852 0.0000
vt 0.0333 0.8877 0.0000
vt 0.0382 0.8862 0.0000
vt 0.0315 0.8908 0.0000
vt 0.0295 0.8942 0.0000
vt 0.0270 0.8985 0.0000
vt 0.0325 0.9000 0.0000
vt 0.0255 0.8913 0.0000
vt 0.0278 0.8882 0.0000
vt 0.0230 0.8945 0.0000
vt 0.0218 0.8878 0.0000
vt 0.0300 0.8854 0.0000
vt 0.0191 0.8905 0.0000
vt 0.0183 0.8841 0.0000
vt 0.0244 0.8852 0.0000
vt 0.0270 0.8826 0.0000
vt 0.0214 0.8818 0.0000
vt 0.0321 0.8827 0.0000
vt 0.0295 0.8801 0.0000
vt 0.0242 0.8796 0.0000
vt 0.0243 0.8749 0.0000
vt 0.0219 0.8763 0.0000
vt 0.0269 0.8775 0.0000
vt 0.0188 0.8781 0.0000
vt 0.0154 0.8801 0.0000
vt 0.0111 0.8826 0.0000
vt 0.0151 0.8865 0.0000
vt 0.0133 0.8755 0.0000
vt 0.0169 0.8740 0.0000
vt 0.0096 0.8771 0.0000
vt 0.0119 0.8707 0.0000
vt 0.0202 0.8727 0.0000
vt 0.0082 0.8717 0.0000
vt 0.0107 0.8658 0.0000
vt 0.0155 0.8697 0.0000
vt 0.0190 0.8688 0.0000
vt 0.0146 0.8653 0.0000
vt 0.0234 0.8714 0.0000
vt 0.0224 0.8679 0.0000
vt 0.0181 0.8648 0.0000
vt 0.0215 0.8643 0.0000
vt 0.0067 0.8662 0.0000
vt 0.1641 0.9427 0.0000
vt 0.1585 0.9321 0.0000
vt 0.1672 0.9371 0.0000
vt 0.1712 0.9481 0.0000
vt 0.1571 0.9375 0.0000
vt 0.1609 0.9484 0.0000
vt 0.1755 0.9419 0.0000
vt 0.1785 0.9539 0.0000
vt 0.1556 0.9430 0.0000
vt 0.1576 0.9539 0.0000
vt 0.1662 0.9539 0.0000
vt 0.1712 0.9596 0.0000
vt 0.1609 0.9594 0.0000
vt 0.1844 0.9607 0.0000
vt 0.1844 0.9471 0.0000
vt 0.1962 0.9539 0.0000
vt 0.1755 0.9658 0.0000
vt 0.1641 0.9650 0.0000
vt 0.1585 0.9756 0.0000
vt 0.1571 0.9702 0.0000
vt 0.1672 0.9706 0.0000
vt 0.1556 0.9647 0.0000
vt 0.1542 0.9593 0.0000
vt 0.1527 0.9539 0.0000
vt 0.1542 0.9484 0.0000
vt 0.1705 0.9761 0.0000
vt 0.1787 0.9727 0.0000
vt 0.1625 0.9796 0.0000
vt 0.1738 0.9817 0.0000
vt 0.1874 0.9692 0.0000
vt 0.1665 0.9836 0.0000
vt 0.1769 0.9873 0.0000
vt 0.1812 0.9799 0.0000
vt 0.1887 0.9784 0.0000
vt 0.1833 0.9872 0.0000
vt 0.1962 0.9675 0.0000
vt 0.1962 0.9778 0.0000
vt 0.1898 0.9873 0.0000
vt 0.1962 0.9974 0.0000
vt 0.1908 0.9959 0.0000
vt 0.1962 0.9874 0.0000
vt 0.1853 0.9945 0.0000
vt 0.1799 0.9930 0.0000
vt 0.1745 0.9916 0.0000
vt 0.1705 0.9876 0.0000
vt 0.2027 0.9873 0.0000
vt 0.2038 0.9784 0.0000
vt 0.2017 0.9959 0.0000
vt 0.2091 0.9872 0.0000
vt 0.2051 0.9692 0.0000
vt 0.2071 0.9945 0.0000
vt 0.2155 0.9873 0.0000
vt 0.2112 0.9799 0.0000
vt 0.2137 0.9727 0.0000
vt 0.2186 0.9817 0.0000
vt 0.2080 0.9607 0.0000
vt 0.2169 0.9658 0.0000
vt 0.2219 0.9761 0.0000
vt 0.2339 0.9756 0.0000
vt 0.2299 0.9796 0.0000
vt 0.2253 0.9706 0.0000
vt 0.2260 0.9836 0.0000
vt 0.2220 0.9876 0.0000
vt 0.2180 0.9916 0.0000
vt 0.2125 0.9930 0.0000
vt 0.2284 0.9650 0.0000
vt 0.2213 0.9596 0.0000
vt 0.2354 0.9702 0.0000
vt 0.2315 0.9594 0.0000
vt 0.2139 0.9539 0.0000
vt 0.2368 0.9647 0.0000
vt 0.2348 0.9539 0.0000
vt 0.2263 0.9539 0.0000
vt 0.2213 0.9481 0.0000
vt 0.2315 0.9484 0.0000
vt 0.2080 0.9471 0.0000
vt 0.2169 0.9419 0.0000
vt 0.2284 0.9427 0.0000
vt 0.2339 0.9321 0.0000
vt 0.2354 0.9375 0.0000
vt 0.2253 0.9371 0.0000
vt 0.2368 0.9430 0.0000
vt 0.2383 0.9484 0.0000
vt 0.2397 0.9539 0.0000
vt 0.2383 0.9593 0.0000
vt 0.2219 0.9316 0.0000
vt 0.2137 0.9351 0.0000
vt 0.2299 0.9281 0.0000
vt 0.2186 0.9261 0.0000
vt 0.2051 0.9385 0.0000
vt 0.2260 0.9241 0.0000
vt 0.2155 0.9204 0.0000
vt 0.2112 0.9278 0.0000
vt 0.2038 0.9293 0.0000
vt 0.2091 0.9206 0.0000
vt 0.1962 0.9403 0.0000
vt 0.1962 0.9300 0.0000
vt 0.2027 0.9205 0.0000
vt 0.1962 0.9103 0.0000
vt 0.2017 0.9118 0.0000
vt 0.1962 0.9203 0.0000
vt 0.2071 0.9133 0.0000
vt 0.2125 0.9147 0.0000
vt 0.2180 0.9162 0.0000
vt 0.2220 0.9202 0.0000
vt 0.1898 0.9205 0.0000
vt 0.1887 0.9293 0.0000
vt 0.1908 0.9118 0.0000
vt 0.1833 0.9206 0.0000
vt 0.1874 0.9385 0.0000
vt 0.1853 0.9133 0.0000
vt 0.1769 0.9204 0.0000
vt 0.1812 0.9278 0.0000
vt 0.1787 0.9351 0.0000
vt 0.1738 0.9261 0.0000
vt 0.1705 0.9316 0.0000
vt 0.1625 0.9281 0.0000
vt 0.1665 0.9241 0.0000
vt 0.1705 0.9202 0.0000
vt 0.1745 0.9162 0.0000
vt 0.1799 0.9147 0.0000
vt 0.0744 0.9470 0.0000
vt 0.0643 0.9534 0.0000
vt 0.0743 0.9534 0.0000
vt 0.0833 0.9459 0.0000
vt 0.0658 0.9480 0.0000
vt 0.0746 0.9405 0.0000
vt 0.0839 0.9534 0.0000
vt 0.0925 0.9445 0.0000
vt 0.0672 0.9425 0.0000
vt 0.0744 0.9341 0.0000
vt 0.0818 0.9384 0.0000
vt 0.0890 0.9359 0.0000
vt 0.0801 0.9310 0.0000
vt 0.1010 0.9416 0.0000
vt 0.0942 0.9534 0.0000
vt 0.1079 0.9534 0.0000
vt 0.0959 0.9327 0.0000
vt 0.0856 0.9277 0.0000
vt 0.0861 0.9157 0.0000
vt 0.0821 0.9197 0.0000
vt 0.0911 0.9244 0.0000
vt 0.0781 0.9237 0.0000
vt 0.0741 0.9277 0.0000
vt 0.0702 0.9316 0.0000
vt 0.0687 0.9371 0.0000
vt 0.0967 0.9212 0.0000
vt 0.1021 0.9284 0.0000
vt 0.0915 0.9142 0.0000
vt 0.1024 0.9181 0.0000
vt 0.1079 0.9357 0.0000
vt 0.0970 0.9128 0.0000
vt 0.1079 0.9148 0.0000
vt 0.1079 0.9233 0.0000
vt 0.1136 0.9284 0.0000
vt 0.1134 0.9181 0.0000
vt 0.1147 0.9416 0.0000
vt 0.1198 0.9327 0.0000
vt 0.1190 0.9212 0.0000
vt 0.1296 0.9157 0.0000
vt 0.1242 0.9142 0.0000
vt 0.1246 0.9244 0.0000
vt 0.1187 0.9128 0.0000
vt 0.1133 0.9113 0.0000
vt 0.1079 0.9099 0.0000
vt 0.1024 0.9113 0.0000
vt 0.1301 0.9277 0.0000
vt 0.1267 0.9359 0.0000
vt 0.1336 0.9197 0.0000
vt 0.1357 0.9310 0.0000
vt 0.1232 0.9445 0.0000
vt 0.1376 0.9237 0.0000
vt 0.1413 0.9341 0.0000
vt 0.1339 0.9384 0.0000
vt 0.1324 0.9459 0.0000
vt 0.1412 0.9405 0.0000
vt 0.1215 0.9534 0.0000
vt 0.1318 0.9534 0.0000
vt 0.1413 0.9470 0.0000
vt 0.1514 0.9534 0.0000
vt 0.1499 0.9480 0.0000
vt 0.1414 0.9534 0.0000
vt 0.1485 0.9425 0.0000
vt 0.1470 0.9371 0.0000
vt 0.1456 0.9316 0.0000
vt 0.1416 0.9277 0.0000
vt 0.1413 0.9598 0.0000
vt 0.1324 0.9609 0.0000
vt 0.1499 0.9588 0.0000
vt 0.1412 0.9663 0.0000
vt 0.1232 0.9623 0.0000
vt 0.1485 0.9643 0.0000
vt 0.1413 0.9727 0.0000
vt 0.1339 0.9684 0.0000
vt 0.1267 0.9709 0.0000
vt 0.1357 0.9758 0.0000
vt 0.1147 0.9652 0.0000
vt 0.1198 0.9741 0.0000
vt 0.1301 0.9791 0.0000
vt 0.1296 0.9911 0.0000
vt 0.1336 0.9871 0.0000
vt 0.1246 0.9824 0.0000
vt 0.1376 0.9831 0.0000
vt 0.1416 0.9791 0.0000
vt 0.1456 0.9752 0.0000
vt 0.1470 0.9697 0.0000
vt 0.1190 0.9856 0.0000
vt 0.1136 0.9784 0.0000
vt 0.1242 0.9926 0.0000
vt 0.1134 0.9887 0.0000
vt 0.1079 0.9711 0.0000
vt 0.1187 0.9940 0.0000
vt 0.1079 0.9920 0.0000
vt 0.1079 0.9835 0.0000
vt 0.1021 0.9784 0.0000
vt 0.1024 0.9887 0.0000
vt 0.1010 0.9652 0.0000
vt 0.0959 0.9741 0.0000
vt 0.0967 0.9856 0.0000
vt 0.0861 0.9911 0.0000
vt 0.0915 0.9926 0.0000
vt 0.0911 0.9824 0.0000
vt 0.0970 0.9940 0.0000
vt 0.1024 0.9955 0.0000
vt 0.1079 0.9969 0.0000
vt 0.1133 0.9955 0.0000
vt 0.0856 0.9791 0.0000
vt 0.0890 0.9709 0.0000
vt 0.0821 0.9871 0.0000
vt 0.0801 0.9758 0.0000
vt 0.0925 0.9623 0.0000
vt 0.0781 0.9831 0.0000
vt 0.0744 0.9727 0.0000
vt 0.0818 0.9684 0.0000
vt 0.0833 0.9609 0.0000
vt 0.0746 0.9663 0.0000
vt 0.0744 0.9598 0.0000
vt 0.0658 0.9588 0.0000
vt 0.0672 0.9643 0.0000
vt 0.0687 0.9697 0.0000
vt 0.0702 0.9752 0.0000
vt 0.0741 0.9791 0.0000
vt 0.2534 0.8011 1.0000
vt 0.2599 0.8011 1.0000
vt 0.2469 0.8011 1.0000
vt 0.2534 0.8043 1.0000
vt 0.2665 0.8011 1.0000
vt 0.2469 0.8043 1.0000
vt 0.2534 0.8065 1.0000
vt 0.2599 0.8043 1.0000
vt 0.2665 0.8043 1.0000
vt 0.2599 0.8065 1.0000
vt 0.2730 0.8011 1.0000
vt 0.2730 0.8043 1.0000
vt 0.2665 0.8065 1.0000
vt 0.2730 0.8081 1.0000
vt 0.2665 0.8081 1.0000
vt 0.2730 0.8065 1.0000
vt 0.2599 0.8081 1.0000
vt 0.2534 0.8081 1.0000
vt 0.2469 0.8081 1.0000
vt 0.2469 0.8065 1.0000
vt 0.2665 0.7615 1.0000
vt 0.2599 0.7615 1.0000
vt 0.2730 0.7615 1.0000
vt 0.2665 0.7583 1.0000
vt 0.2534 0.7615 1.0000
vt 0.2730 0.7583 1.0000
vt 0.2665 0.7562 1.0000
vt 0.2599 0.7583 1.0000
vt 0.2534 0.7583 1.0000
vt 0.2599 0.7562 1.0000
vt 0.2469 0.7615 1.0000
vt 0.2469 0.7583 1.0000
vt 0.2534 0.7562 1.0000
vt 0.2469 0.7545 1.0000
vt 0.2534 0.7545 1.0000
vt 0.2469 0.7562 1.0000
vt 0.2599 0.7545 1.0000
vt 0.2665 0.7545 1.0000
vt 0.2730 0.7545 1.0000
vt 0.2730 0.7562 1.0000
vt 0.2274 0.8011 1.0000
vt 0.2339 0.8011 1.0000
vt 0.2209 0.8011 1.0000
vt 0.2274 0.8043 1.0000
vt 0.2404 0.8011 1.0000
vt 0.2209 0.8043 1.0000
vt 0.2274 0.8065 1.0000
vt 0.2339 0.8043 1.0000
vt 0.2404 0.8043 1.0000
vt 0.2339 0.8065 1.0000
vt 0.2404 0.8065 1.0000
vt 0.2404 0.8081 1.0000
vt 0.2339 0.8081 1.0000
vt 0.2274 0.8081 1.0000
vt 0.2209 0.8081 1.0000
vt 0.2209 0.8065 1.0000
vt 0.2404 0.7615 1.0000
vt 0.2339 0.7615 1.0000
vt 0.2404 0.7583 1.0000
vt 0.2274 0.7615 1.0000
vt 0.2404 0.7562 1.0000
vt 0.2339 0.7583 1.0000
vt 0.2274 0.7583 1.0000
vt 0.2339 0.7562 1.0000
vt 0.2209 0.7615 1.0000
vt 0.2209 0.7583 1.0000
vt 0.2274 0.7562 1.0000
vt 0.2209 0.7545 1.0000
vt 0.2274 0.7545 1.0000
vt 0.2209 0.7562 1.0000
vt 0.2339 0.7545 1.0000
vt 0.2404 0.7545 1.0000
vt 0.2014 0.8011 1.0000
vt 0.2079 0.8011 1.0000
vt 0.1949 0.8011 1.0000
vt 0.2014 0.8043 1.0000
vt 0.2144 0.8011 1.0000
vt 0.1949 0.8043 1.0000
vt 0.2014 0.8065 1.0000
vt 0.2079 0.8043 1.0000
vt 0.2144 0.8043 1.0000
vt 0.2079 0.8065 1.0000
vt 0.2144 0.8065 1.0000
vt 0.2144 0.8081 1.0000
vt 0.2079 0.8081 1.0000
vt 0.2014 0.8081 1.0000
vt 0.1949 0.8081 1.0000
vt 0.1949 0.8065 1.0000
vt 0.2144 0.7615 1.0000
vt 0.2079 0.7615 1.0000
vt 0.2144 0.7583 1.0000
vt 0.2014 0.7615 1.0000
vt 0.2144 0.7562 1.0000
vt 0.2079 0.7583 1.0000
vt 0.2014 0.7583 1.0000
vt 0.2079 0.7562 1.0000
vt 0.1949 0.7615 1.0000
vt 0.1949 0.7583 1.0000
vt 0.2014 0.7562 1.0000
vt 0.1949 0.7545 1.0000
vt 0.2014 0.7545 1.0000
vt 0.1949 0.7562 1.0000
vt 0.2079 0.7545 1.0000
vt 0.2144 0.7545 1.0000
vt 0.1754 0.8011 1.0000
vt 0.1819 0.8011 1.0000
vt 0.1689 0.8011 1.0000
vt 0.1754 0.8043 1.0000
vt 0.1884 0.8011 1.0000
vt 0.1689 0.8043 1.0000
vt 0.1754 0.8065 1.0000
vt 0.1819 0.8043 1.0000
vt 0.1884 0.8043 1.0000
vt 0.1819 0.8065 1.0000
vt 0.1884 0.8065 1.0000
vt 0.1884 0.8081 1.0000
vt 0.1819 0.8081 1.0000
vt 0.1754 0.8081 1.0000
vt 0.1689 0.8081 1.0000
vt 0.1689 0.8065 1.0000
vt 0.1884 0.7615 1.0000
vt 0.1819 0.7615 1.0000
vt 0.1884 0.7583 1.0000
vt 0.1754 0.7615 1.0000
vt 0.1884 0.7562 1.0000
vt 0.1819 0.7583 1.0000
vt 0.1754 0.7583 1.0000
vt 0.1819 0.7562 1.0000
vt 0.1689 0.7615 1.0000
vt 0.1689 0.7583 1.0000
vt 0.1754 0.7562 1.0000
vt 0.1689 0.7545 1.0000
vt 0.1754 0.7545 1.0000
vt 0.1689 0.7562 1.0000
vt 0.1819 0.7545 1.0000
vt 0.1884 0.7545 1.0000
vt 0.1494 0.8011 1.0000
vt 0.1559 0.8011 1.0000
vt 0.1429 0.8011 1.0000
vt 0.1494 0.8043 1.0000
vt 0.1624 0.8011 1.0000
vt 0.1429 0.8043 1.0000
vt 0.1494 0.8065 1.0000
vt 0.1559 0.8043 1.0000
vt 0.1624 0.8043 1.0000
vt 0.1559 0.8065 1.0000
vt 0.1624 0.8065 1.0000
vt 0.1624 0.8081 1.0000
vt 0.1559 0.8081 1.0000
vt 0.1494 0.8081 1.0000
vt 0.1429 0.8081 1.0000
vt 0.1429 0.8065 1.0000
vt 0.1624 0.7615 1.0000
vt 0.1559 0.7615 1.0000
vt 0.1624 0.7583 1.0000
vt 0.1494 0.7615 1.0000
vt 0.1624 0.7562 1.0000
vt 0.1559 0.7583 1.0000
vt 0.1494 0.7583 1.0000
vt 0.1559 0.7562 1.0000
vt 0.1429 0.7615 1.0000
vt 0.1429 0.7583 1.0000
vt 0.1494 0.7562 1.0000
vt 0.1429 0.7545 1.0000
vt 0.1494 0.7545 1.0000
vt 0.1429 0.7562 1.0000
vt 0.1559 0.7545 1.0000
vt 0.1624 0.7545 1.0000
vt 0.1234 0.8011 1.0000
vt 0.1299 0.8011 1.0000
vt 0.1169 0.8011 1.0000
vt 0.1234 0.8043 1.0000
vt 0.1364 0.8011 1.0000
vt 0.1169 0.8043 1.0000
vt 0.1234 0.8065 1.0000
vt 0.1299 0.8043 1.0000
vt 0.1364 0.8043 1.0000
vt 0.1299 0.8065 1.0000
vt 0.1364 0.8065 1.0000
vt 0.1364 0.8081 1.0000
vt 0.1299 0.8081 1.0000
vt 0.1234 0.8081 1.0000
vt 0.1169 0.8081 1.0000
vt 0.1169 0.8065 1.0000
vt 0.1364 0.7615 1.0000
vt 0.1299 0.7615 1.0000
vt 0.1364 0.7583 1.0000
vt 0.1234 0.7615 1.0000
vt 0.1364 0.7562 1.0000
vt 0.1299 0.7583 1.0000
vt 0.1234 0.7583 1.0000
vt 0.1299 0.7562 1.0000
vt 0.1169 0.7615 1.0000
vt 0.1169 0.7583 1.0000
vt 0.1234 0.7562 1.0000
vt 0.1169 0.7545 1.0000
vt 0.1234 0.7545 1.0000
vt 0.1169 0.7562 1.0000
vt 0.1299 0.7545 1.0000
vt 0.1364 0.7545 1.0000
vt 0.0974 0.8011 1.0000
vt 0.1039 0.8011 1.0000
vt 0.0909 0.8011 1.0000
vt 0.0974 0.8043 1.0000
vt 0.1104 0.8011 1.0000
vt 0.0909 0.8043 1.0000
vt 0.0974 0.8065 1.0000
vt 0.1039 0.8043 1.0000
vt 0.1104 0.8043 1.0000
vt 0.1039 0.8065 1.0000
vt 0.1104 0.8065 1.0000
vt 0.1104 0.8081 1.0000
vt 0.1039 0.8081 1.0000
vt 0.0974 0.8081 1.0000
vt 0.0909 0.8081 1.0000
vt 0.0909 0.8065 1.0000
vt 0.1104 0.7615 1.0000
vt 0.1039 0.7615 1.0000
vt 0.1104 0.7583 1.0000
vt 0.0974 0.7615 1.0000
vt 0.1104 0.7562 1.0000
vt 0.1039 0.7583 1.0000
vt 0.0974 0.7583 1.0000
vt 0.1039 0.7562 1.0000
vt 0.0909 0.7615 1.0000
vt 0.0909 0.7583 1.0000
vt 0.0974 0.7562 1.0000
vt 0.0909 0.7545 1.0000
vt 0.0974 0.7545 1.0000
vt 0.0909 0.7562 1.0000
vt 0.1039 0.7545 1.0000
vt 0.1104 0.7545 1.0000
vt 0.0714 0.8011 1.0000
vt 0.0779 0.8011 1.0000
vt 0.0649 0.8011 1.0000
vt 0.0714 0.8043 1.0000
vt 0.0844 0.8011 1.0000
vt 0.0649 0.8043 1.0000
vt 0.0714 0.8065 1.0000
vt 0.0779 0.8043 1.0000
vt 0.0844 0.8043 1.0000
vt 0.0779 0.8065 1.0000
vt 0.0844 0.8065 1.0000
vt 0.0844 0.8081 1.0000
vt 0.0779 0.8081 1.0000
vt 0.0714 0.8081 1.0000
vt 0.0649 0.8081 1.0000
vt 0.0649 0.8065 1.0000
vt 0.0844 0.7615 1.0000
vt 0.0779 0.7615 1.0000
vt 0.0844 0.7583 1.0000
vt 0.0714 0.7615 1.0000
vt 0.0844 0.7562 1.0000
vt 0.0779 0.7583 1.0000
vt 0.0714 0.7583 1.0000
vt 0.0779 0.7562 1.0000
vt 0.0649 0.7615 1.0000
vt 0.0649 0.7583 1.0000
vt 0.0714 0.7562 1.0000
vt 0.0649 0.7545 1.0000
vt 0.0714 0.7545 1.0000
vt 0.0649 0.7562 1.0000
vt 0.0779 0.7545 1.0000
vt 0.0844 0.7545 1.0000
vt 0.0453 0.8011 1.0000
vt 0.0518 0.8011 1.0000
vt 0.0388 0.8011 1.0000
vt 0.0453 0.8043 1.0000
vt 0.0583 0.8011 1.0000
vt 0.0388 0.8043 1.0000
vt 0.0453 0.8065 1.0000
vt 0.0518 0.8043 1.0000
vt 0.0583 0.8043 1.0000
vt 0.0518 0.8065 1.0000
vt 0.0583 0.8065 1.0000
vt 0.0583 0.8081 1.0000
vt 0.0518 0.8081 1.0000
vt 0.0453 0.8081 1.0000
vt 0.0388 0.8081 1.0000
vt 0.0388 0.8065 1.0000
vt 0.0583 0.7615 1.0000
vt 0.0518 0.7615 1.0000
vt 0.0583 0.7583 1.0000
vt 0.0453 0.7615 1.0000
vt 0.0583 0.7562 1.0000
vt 0.0518 0.7583 1.0000
vt 0.0453 0.7583 1.0000
vt 0.0518 0.7562 1.0000
vt 0.0388 0.7615 1.0000
vt 0.0388 0.7583 1.0000
vt 0.0453 0.7562 1.0000
vt 0.0388 0.7545 1.0000
vt 0.0453 0.7545 1.0000
vt 0.0388 0.7562 1.0000
vt 0.0518 0.7545 1.0000
vt 0.0583 0.7545 1.0000
vt 0.0193 0.8022 1.0000
vt 0.0258 0.8014 1.0000
vt 0.0128 0.8032 1.0000
vt 0.0193 0.8046 1.0000
vt 0.0323 0.8011 1.0000
vt 0.0128 0.8049 1.0000
vt 0.0193 0.8065 1.0000
vt 0.0258 0.8044 1.0000
vt 0.0323 0.8043 1.0000
vt 0.0258 0.8065 1.0000
vt 0.0323 0.8065 1.0000
vt 0.0323 0.8081 1.0000
vt 0.0258 0.8081 1.0000
vt 0.0193 0.8081 1.0000
vt 0.0128 0.8081 1.0000
vt 0.0128 0.8065 1.0000
vt 0.0323 0.7615 1.0000
vt 0.0258 0.7613 1.0000
vt 0.0323 0.7583 1.0000
vt 0.0193 0.7605 1.0000
vt 0.0323 0.7562 1.0000
vt 0.0258 0.7583 1.0000
vt 0.0193 0.7581 1.0000
vt 0.0258 0.7562 1.0000
vt 0.0128 0.7594 1.0000
vt 0.0128 0.7578 1.0000
vt 0.0193 0.7562 1.0000
vt 0.0128 0.7545 1.0000
vt 0.0193 0.7545 1.0000
vt 0.0128 0.7562 1.0000
vt 0.0258 0.7545 1.0000
vt 0.0323 0.7545 1.0000
vt 0.3055 0.8011 1.0000
vt 0.3120 0.8014 1.0000
vt 0.2990 0.8011 1.0000
vt 0.3055 0.8043 1.0000
vt 0.3185 0.8022 1.0000
vt 0.2990 0.8043 1.0000
vt 0.3055 0.8065 1.0000
vt 0.3120 0.8044 1.0000
vt 0.3185 0.8046 1.0000
vt 0.3120 0.8065 1.0000
vt 0.3250 0.8032 1.0000
vt 0.3250 0.8049 1.0000
vt 0.3185 0.8065 1.0000
vt 0.3250 0.8081 1.0000
vt 0.3185 0.8081 1.0000
vt 0.3250 0.8065 1.0000
vt 0.3120 0.8081 1.0000
vt 0.3055 0.8081 1.0000
vt 0.2990 0.8081 1.0000
vt 0.2990 0.8065 1.0000
vt 0.3185 0.7605 1.0000
vt 0.3120 0.7613 1.0000
vt 0.3250 0.7594 1.0000
vt 0.3185 0.7581 1.0000
vt 0.3055 0.7615 1.0000
vt 0.3250 0.7578 1.0000
vt 0.3185 0.7562 1.0000
vt 0.3120 0.7583 1.0000
vt 0.3055 0.7583 1.0000
vt 0.3120 0.7562 1.0000
vt 0.2990 0.7615 1.0000
vt 0.2990 0.7583 1.0000
vt 0.3055 0.7562 1.0000
vt 0.2990 0.7545 1.0000
vt 0.3055 0.7545 1.0000
vt 0.2990 0.7562 1.0000
vt 0.3120 0.7545 1.0000
vt 0.3185 0.7545 1.0000
vt 0.3250 0.7545 1.0000
vt 0.3250 0.7562 1.0000
vt 0.2795 0.8011 1.0000
vt 0.2860 0.8011 1.0000
vt 0.2795 0.8043 1.0000
vt 0.2925 0.8011 1.0000
vt 0.2795 0.8065 1.0000
vt 0.2860 0.8043 1.0000
vt 0.2925 0.8043 1.0000
vt 0.2860 0.8065 1.0000
vt 0.2925 0.8065 1.0000
vt 0.2925 0.8081 1.0000
vt 0.2860 0.8081 1.0000
vt 0.2795 0.8081 1.0000
vt 0.2925 0.7615 1.0000
vt 0.2860 0.7615 1.0000
vt 0.2925 0.7583 1.0000
vt 0.2795 0.7615 1.0000
vt 0.2925 0.7562 1.0000
vt 0.2860 0.7583 1.0000
vt 0.2795 0.7583 1.0000
vt 0.2860 0.7562 1.0000
vt 0.2795 0.7562 1.0000
vt 0.2795 0.7545 1.0000
vt 0.2860 0.7545 1.0000
vt 0.2925 0.7545 1.0000
vt 0.9557 0.6732 0.0000
vt 0.9524 0.6708 0.0000
vt 0.9559 0.6717 0.0000
vt 0.9586 0.6740 0.0000
vt 0.9528 0.6724 0.0000
vt 0.9557 0.6747 0.0000
vt 0.9590 0.6725 0.0000
vt 0.9615 0.6747 0.0000
vt 0.9533 0.6741 0.0000
vt 0.9558 0.6763 0.0000
vt 0.9582 0.6754 0.0000
vt 0.9607 0.6761 0.0000
vt 0.9578 0.6768 0.0000
vt 0.9643 0.6755 0.0000
vt 0.9620 0.6734 0.0000
vt 0.9655 0.6743 0.0000
vt 0.9631 0.6767 0.0000
vt 0.9599 0.6774 0.0000
vt 0.9607 0.6791 0.0000
vt 0.9591 0.6787 0.0000
vt 0.9619 0.6779 0.0000
vt 0.9574 0.6782 0.0000
vt 0.9558 0.6778 0.0000
vt 0.9542 0.6774 0.0000
vt 0.9537 0.6757 0.0000
vt 0.9622 0.6719 0.0000
vt 0.9593 0.6711 0.0000
vt 0.9651 0.6727 0.0000
vt 0.9622 0.6704 0.0000
vt 0.9565 0.6704 0.0000
vt 0.9646 0.6710 0.0000
vt 0.9622 0.6688 0.0000
vt 0.9597 0.6697 0.0000
vt 0.9573 0.6690 0.0000
vt 0.9601 0.6683 0.0000
vt 0.9536 0.6696 0.0000
vt 0.9548 0.6684 0.0000
vt 0.9581 0.6677 0.0000
vt 0.9572 0.6660 0.0000
vt 0.9588 0.6664 0.0000
vt 0.9560 0.6672 0.0000
vt 0.9605 0.6669 0.0000
vt 0.9621 0.6673 0.0000
vt 0.9638 0.6677 0.0000
vt 0.9642 0.6694 0.0000
vt 0.9655 0.6553 0.0000
vt 0.9674 0.6551 0.0000
vt 0.9670 0.6568 0.0000
vt 0.9647 0.6566 0.0000
vt 0.9662 0.6539 0.0000
vt 0.9639 0.6538 0.0000
vt 0.9665 0.6584 0.0000
vt 0.9640 0.6580 0.0000
vt 0.9650 0.6527 0.0000
vt 0.9624 0.6523 0.0000
vt 0.9629 0.6548 0.0000
vt 0.9619 0.6559 0.0000
vt 0.9611 0.6530 0.0000
vt 0.9631 0.6592 0.0000
vt 0.9661 0.6601 0.0000
vt 0.9656 0.6617 0.0000
vt 0.9608 0.6569 0.0000
vt 0.9598 0.6538 0.0000
vt 0.9560 0.6521 0.0000
vt 0.9577 0.6517 0.0000
vt 0.9586 0.6546 0.0000
vt 0.9593 0.6512 0.0000
vt 0.9609 0.6508 0.0000
vt 0.9626 0.6503 0.0000
vt 0.9638 0.6515 0.0000
vt 0.9577 0.6558 0.0000
vt 0.9598 0.6579 0.0000
vt 0.9556 0.6537 0.0000
vt 0.9569 0.6572 0.0000
vt 0.9619 0.6600 0.0000
vt 0.9551 0.6554 0.0000
vt 0.9562 0.6585 0.0000
vt 0.9587 0.6590 0.0000
vt 0.9606 0.6608 0.0000
vt 0.9577 0.6600 0.0000
vt 0.9640 0.6621 0.0000
vt 0.9624 0.6626 0.0000
vt 0.9592 0.6615 0.0000
vt 0.9591 0.6635 0.0000
vt 0.9579 0.6623 0.0000
vt 0.9607 0.6630 0.0000
vt 0.9567 0.6611 0.0000
vt 0.9555 0.6599 0.0000
vt 0.9543 0.6587 0.0000
vt 0.9547 0.6570 0.0000
# 1574 texture coords

o LlantaDIz
g LlantaDIz
usemtl 10603_slot_car_blue_SG_v1_iterations_2_slot_car
s 8
f 1/1/1 2/2/2 3/3/2 
f 3/3/2 4/4/1 1/1/1 
f 5/5/1 2/2/2 1/1/1 
f 1/1/1 6/6/3 5/5/1 
f 4/4/1 3/3/2 7/7/2 
f 7/7/2 8/8/1 4/4/1 
f 9/9/3 5/5/1 6/6/3 
f 6/6/3 10/10/4 9/9/3 
f 11/11/3 1/1/1 4/4/1 
f 4/4/1 12/12/3 11/11/3 
f 6/6/3 1/1/1 11/11/3 
f 11/11/3 13/13/4 6/6/3 
f 8/8/1 14/14/2 15/15/2 
f 15/15/2 16/16/1 8/8/1 
f 12/12/3 8/8/1 16/16/1 
f 16/16/1 17/17/3 12/12/3 
f 7/7/2 14/14/2 8/8/1 
f 4/4/1 8/8/1 12/12/3 
f 18/18/4 19/19/5 20/20/5 
f 20/20/5 13/13/4 18/18/4 
f 21/21/4 19/19/5 18/18/4 
f 18/18/4 12/12/3 21/21/4 
f 13/13/4 20/20/5 22/22/5 
f 22/22/5 10/10/4 13/13/4 
f 12/12/3 17/17/3 21/21/4 
f 12/12/3 18/18/4 13/13/4 
f 13/13/4 11/11/3 12/12/3 
f 10/10/4 23/23/5 24/24/5 
f 24/24/5 25/25/4 10/10/4 
f 10/10/4 25/25/4 9/9/3 
f 22/22/5 23/23/5 10/10/4 
f 13/13/4 10/10/4 6/6/3 
f 26/26/6 24/24/5 23/23/5 
f 23/23/5 27/27/6 26/26/6 
f 28/28/6 24/24/5 26/26/6 
f 26/26/6 29/29/7 28/28/6 
f 27/27/6 23/23/5 22/22/5 
f 22/22/5 30/30/6 27/27/6 
f 31/31/7 28/28/6 29/29/7 
f 29/29/7 32/32/8 31/31/7 
f 33/33/7 26/26/6 27/27/6 
f 27/27/6 34/34/7 33/33/7 
f 29/29/7 26/26/6 33/33/7 
f 33/33/7 35/35/8 29/29/7 
f 30/30/6 20/20/5 19/19/5 
f 19/19/5 36/36/6 30/30/6 
f 34/34/7 30/30/6 36/36/6 
f 36/36/6 37/37/7 34/34/7 
f 22/22/5 20/20/5 30/30/6 
f 27/27/6 30/30/6 34/34/7 
f 38/38/8 39/39/9 40/40/9 
f 40/40/9 35/35/8 38/38/8 
f 41/41/8 39/39/9 38/38/8 
f 38/38/8 34/34/7 41/41/8 
f 35/35/8 40/40/9 42/42/9 
f 42/42/9 32/32/8 35/35/8 
f 34/34/7 37/37/7 41/41/8 
f 34/34/7 38/38/8 35/35/8 
f 35/35/8 33/33/7 34/34/7 
f 32/32/8 43/43/9 44/44/9 
f 44/44/9 45/45/8 32/32/8 
f 32/32/8 45/45/8 31/31/7 
f 42/42/9 43/43/9 32/32/8 
f 35/35/8 32/32/8 29/29/7 
f 46/46/10 44/44/9 43/43/9 
f 43/43/9 47/47/10 46/46/10 
f 48/48/10 44/44/9 46/46/10 
f 46/46/10 49/49/11 48/48/10 
f 47/47/10 43/43/9 42/42/9 
f 42/42/9 50/50/10 47/47/10 
f 51/51/11 48/48/10 49/49/11 
f 49/49/11 52/52/12 51/51/11 
f 53/53/11 46/46/10 47/47/10 
f 47/47/10 54/54/11 53/53/11 
f 49/49/11 46/46/10 53/53/11 
f 53/53/11 55/55/12 49/49/11 
f 50/50/10 40/40/9 39/39/9 
f 39/39/9 56/56/10 50/50/10 
f 54/54/11 50/50/10 56/56/10 
f 56/56/10 57/57/11 54/54/11 
f 42/42/9 40/40/9 50/50/10 
f 47/47/10 50/50/10 54/54/11 
f 58/58/12 59/59/13 60/60/13 
f 60/60/13 55/55/12 58/58/12 
f 61/61/12 59/59/13 58/58/12 
f 58/58/12 54/54/11 61/61/12 
f 55/55/12 60/60/13 62/62/13 
f 62/62/13 52/52/12 55/55/12 
f 54/54/11 57/57/11 61/61/12 
f 54/54/11 58/58/12 55/55/12 
f 55/55/12 53/53/11 54/54/11 
f 52/52/12 63/63/13 64/64/13 
f 64/64/13 65/65/12 52/52/12 
f 52/52/12 65/65/12 51/51/11 
f 62/62/13 63/63/13 52/52/12 
f 55/55/12 52/52/12 49/49/11 
f 66/66/14 64/64/13 63/63/13 
f 63/63/13 67/67/14 66/66/14 
f 68/68/14 64/64/13 66/66/14 
f 66/66/14 69/69/15 68/68/14 
f 67/67/14 63/63/13 62/62/13 
f 62/62/13 70/70/14 67/67/14 
f 71/71/15 68/68/14 69/69/15 
f 69/69/15 72/72/16 71/71/15 
f 73/73/15 66/66/14 67/67/14 
f 67/67/14 74/74/15 73/73/15 
f 69/69/15 66/66/14 73/73/15 
f 73/73/15 75/75/16 69/69/15 
f 70/70/14 60/60/13 59/59/13 
f 59/59/13 76/76/14 70/70/14 
f 74/74/15 70/70/14 76/76/14 
f 76/76/14 77/77/15 74/74/15 
f 62/62/13 60/60/13 70/70/14 
f 67/67/14 70/70/14 74/74/15 
f 78/78/16 79/79/17 80/80/17 
f 80/80/17 75/75/16 78/78/16 
f 81/81/16 79/79/17 78/78/16 
f 78/78/16 74/74/15 81/81/16 
f 75/75/16 80/80/17 82/82/17 
f 82/82/17 72/72/16 75/75/16 
f 74/74/15 77/77/15 81/81/16 
f 74/74/15 78/78/16 75/75/16 
f 75/75/16 73/73/15 74/74/15 
f 72/72/16 83/83/17 84/84/17 
f 84/84/17 85/85/16 72/72/16 
f 72/72/16 85/85/16 71/71/15 
f 82/82/17 83/83/17 72/72/16 
f 75/75/16 72/72/16 69/69/15 
f 86/86/18 84/84/17 83/83/17 
f 83/83/17 87/87/18 86/86/18 
f 88/88/18 84/84/17 86/86/18 
f 86/86/18 89/89/19 88/88/18 
f 87/87/18 83/83/17 82/82/17 
f 82/82/17 90/90/18 87/87/18 
f 91/91/19 88/88/18 89/89/19 
f 89/89/19 92/92/20 91/91/19 
f 93/93/19 86/86/18 87/87/18 
f 87/87/18 94/94/19 93/93/19 
f 89/89/19 86/86/18 93/93/19 
f 93/93/19 95/95/20 89/89/19 
f 90/90/18 80/80/17 79/79/17 
f 79/79/17 96/96/18 90/90/18 
f 94/94/19 90/90/18 96/96/18 
f 96/96/18 97/97/19 94/94/19 
f 82/82/17 80/80/17 90/90/18 
f 87/87/18 90/90/18 94/94/19 
f 98/98/20 99/99/21 100/100/21 
f 100/100/21 95/95/20 98/98/20 
f 101/101/20 99/99/21 98/98/20 
f 98/98/20 94/94/19 101/101/20 
f 95/95/20 100/100/21 102/102/21 
f 102/102/21 92/92/20 95/95/20 
f 94/94/19 97/97/19 101/101/20 
f 94/94/19 98/98/20 95/95/20 
f 95/95/20 93/93/19 94/94/19 
f 92/92/20 103/103/21 104/104/21 
f 104/104/21 105/105/20 92/92/20 
f 92/92/20 105/105/20 91/91/19 
f 102/102/21 103/103/21 92/92/20 
f 95/95/20 92/92/20 89/89/19 
f 106/106/22 104/107/21 103/108/21 
f 103/108/21 107/109/22 106/106/22 
f 108/110/22 104/107/21 106/106/22 
f 106/106/22 109/111/23 108/110/22 
f 107/109/22 103/108/21 102/112/21 
f 102/112/21 110/113/24 107/109/22 
f 111/114/23 108/110/22 109/111/23 
f 109/111/23 112/115/25 111/114/23 
f 113/116/23 106/106/22 107/109/22 
f 107/109/22 114/117/23 113/116/23 
f 109/111/23 106/106/22 113/116/23 
f 113/116/23 115/118/25 109/111/23 
f 110/113/24 100/119/21 99/120/21 
f 99/120/21 116/121/24 110/113/24 
f 114/117/23 110/113/24 116/121/24 
f 116/121/24 117/122/23 114/117/23 
f 102/112/21 100/119/21 110/113/24 
f 107/109/22 110/113/24 114/117/23 
f 118/123/25 15/15/2 14/14/2 
f 14/14/2 115/118/25 118/123/25 
f 119/124/25 15/15/2 118/123/25 
f 118/123/25 114/117/23 119/124/25 
f 115/118/25 14/14/2 7/7/2 
f 7/7/2 112/115/25 115/118/25 
f 114/117/23 117/122/23 119/124/25 
f 114/117/23 118/123/25 115/118/25 
f 115/118/25 113/116/23 114/117/23 
f 112/115/25 3/3/2 2/2/2 
f 2/2/2 120/125/25 112/115/25 
f 112/115/25 120/125/25 111/114/23 
f 7/7/2 3/3/2 112/115/25 
f 115/118/25 112/115/25 109/111/23 
f 121/126/26 122/127/3 123/128/26 
f 123/128/26 124/129/27 121/126/26 
f 125/130/3 122/127/3 121/126/26 
f 121/126/26 126/131/26 125/130/3 
f 124/129/27 123/128/26 127/132/27 
f 127/132/27 128/133/28 124/129/27 
f 129/134/3 125/130/3 126/131/26 
f 126/131/26 130/135/26 129/134/3 
f 131/136/27 121/126/26 124/129/27 
f 124/129/27 132/137/28 131/136/27 
f 126/131/26 121/126/26 131/136/27 
f 131/136/27 133/138/27 126/131/26 
f 128/133/28 134/139/28 135/140/2 
f 135/140/2 136/141/2 128/133/28 
f 132/137/28 128/133/28 136/141/2 
f 136/141/2 137/142/2 132/137/28 
f 127/132/27 134/139/28 128/133/28 
f 124/129/27 128/133/28 132/137/28 
f 138/143/28 139/144/2 140/145/28 
f 140/145/28 133/138/27 138/143/28 
f 141/146/2 139/144/2 138/143/28 
f 138/143/28 132/137/28 141/146/2 
f 133/138/27 140/145/28 142/147/27 
f 142/147/27 130/135/26 133/138/27 
f 132/137/28 137/142/2 141/146/2 
f 132/137/28 138/143/28 133/138/27 
f 133/138/27 131/136/27 132/137/28 
f 130/135/26 143/148/26 144/149/3 
f 144/149/3 145/150/3 130/135/26 
f 130/135/26 145/150/3 129/134/3 
f 142/147/27 143/148/26 130/135/26 
f 133/138/27 130/135/26 126/131/26 
f 146/151/29 147/152/5 148/153/29 
f 148/153/29 149/154/30 146/151/29 
f 150/155/5 147/152/5 146/151/29 
f 146/151/29 151/156/29 150/155/5 
f 149/154/30 148/153/29 152/157/30 
f 152/157/30 153/158/31 149/154/30 
f 154/159/5 150/155/5 151/156/29 
f 151/156/29 155/160/29 154/159/5 
f 156/161/30 146/151/29 149/154/30 
f 149/154/30 157/162/31 156/161/30 
f 151/156/29 146/151/29 156/161/30 
f 156/161/30 158/163/30 151/156/29 
f 153/158/31 159/164/31 122/127/3 
f 122/127/3 125/130/3 153/158/31 
f 157/162/31 153/158/31 125/130/3 
f 125/130/3 129/134/3 157/162/31 
f 152/157/30 159/164/31 153/158/31 
f 149/154/30 153/158/31 157/162/31 
f 160/165/31 144/149/3 161/166/31 
f 161/166/31 158/163/30 160/165/31 
f 145/150/3 144/149/3 160/165/31 
f 160/165/31 157/162/31 145/150/3 
f 158/163/30 161/166/31 162/167/30 
f 162/167/30 155/160/29 158/163/30 
f 157/162/31 129/134/3 145/150/3 
f 157/162/31 160/165/31 158/163/30 
f 158/163/30 156/161/30 157/162/31 
f 155/160/29 163/168/29 164/169/5 
f 164/169/5 165/170/5 155/160/29 
f 155/160/29 165/170/5 154/159/5 
f 162/167/30 163/168/29 155/160/29 
f 158/163/30 155/160/29 151/156/29 
f 166/171/32 167/172/7 168/173/32 
f 168/173/32 169/174/33 166/171/32 
f 170/175/7 167/172/7 166/171/32 
f 166/171/32 171/176/32 170/175/7 
f 169/174/33 168/173/32 172/177/33 
f 172/177/33 173/178/34 169/174/33 
f 174/179/7 170/175/7 171/176/32 
f 171/176/32 175/180/32 174/179/7 
f 176/181/33 166/171/32 169/174/33 
f 169/174/33 177/182/34 176/181/33 
f 171/176/32 166/171/32 176/181/33 
f 176/181/33 178/183/33 171/176/32 
f 173/178/34 179/184/34 147/152/5 
f 147/152/5 150/155/5 173/178/34 
f 177/182/34 173/178/34 150/155/5 
f 150/155/5 154/159/5 177/182/34 
f 172/177/33 179/184/34 173/178/34 
f 169/174/33 173/178/34 177/182/34 
f 180/185/34 164/169/5 181/186/34 
f 181/186/34 178/183/33 180/185/34 
f 165/170/5 164/169/5 180/185/34 
f 180/185/34 177/182/34 165/170/5 
f 178/183/33 181/186/34 182/187/33 
f 182/187/33 175/180/32 178/183/33 
f 177/182/34 154/159/5 165/170/5 
f 177/182/34 180/185/34 178/183/33 
f 178/183/33 176/181/33 177/182/34 
f 175/180/32 183/188/32 184/189/7 
f 184/189/7 185/190/7 175/180/32 
f 175/180/32 185/190/7 174/179/7 
f 182/187/33 183/188/32 175/180/32 
f 178/183/33 175/180/32 171/176/32 
f 186/191/35 187/192/9 188/193/35 
f 188/193/35 189/194/36 186/191/35 
f 190/195/9 187/192/9 186/191/35 
f 186/191/35 191/196/35 190/195/9 
f 189/194/36 188/193/35 192/197/36 
f 192/197/36 193/198/37 189/194/36 
f 194/199/9 190/195/9 191/196/35 
f 191/196/35 195/200/35 194/199/9 
f 196/201/36 186/191/35 189/194/36 
f 189/194/36 197/202/37 196/201/36 
f 191/196/35 186/191/35 196/201/36 
f 196/201/36 198/203/36 191/196/35 
f 193/198/37 199/204/37 167/172/7 
f 167/172/7 170/175/7 193/198/37 
f 197/202/37 193/198/37 170/175/7 
f 170/175/7 174/179/7 197/202/37 
f 192/197/36 199/204/37 193/198/37 
f 189/194/36 193/198/37 197/202/37 
f 200/205/37 184/189/7 201/206/37 
f 201/206/37 198/203/36 200/205/37 
f 185/190/7 184/189/7 200/205/37 
f 200/205/37 197/202/37 185/190/7 
f 198/203/36 201/206/37 202/207/36 
f 202/207/36 195/200/35 198/203/36 
f 197/202/37 174/179/7 185/190/7 
f 197/202/37 200/205/37 198/203/36 
f 198/203/36 196/201/36 197/202/37 
f 195/200/35 203/208/35 204/209/9 
f 204/209/9 205/210/9 195/200/35 
f 195/200/35 205/210/9 194/199/9 
f 202/207/36 203/208/35 195/200/35 
f 198/203/36 195/200/35 191/196/35 
f 206/211/38 207/212/11 208/213/38 
f 208/213/38 209/214/39 206/211/38 
f 210/215/11 207/212/11 206/211/38 
f 206/211/38 211/216/38 210/215/11 
f 209/214/39 208/213/38 212/217/39 
f 212/217/39 213/218/40 209/214/39 
f 214/219/11 210/215/11 211/216/38 
f 211/216/38 215/220/38 214/219/11 
f 216/221/39 206/211/38 209/214/39 
f 209/214/39 217/222/40 216/221/39 
f 211/216/38 206/211/38 216/221/39 
f 216/221/39 218/223/39 211/216/38 
f 213/218/40 219/224/40 187/192/9 
f 187/192/9 190/195/9 213/218/40 
f 217/222/40 213/218/40 190/195/9 
f 190/195/9 194/199/9 217/222/40 
f 212/217/39 219/224/40 213/218/40 
f 209/214/39 213/218/40 217/222/40 
f 220/225/40 204/209/9 221/226/40 
f 221/226/40 218/223/39 220/225/40 
f 205/210/9 204/209/9 220/225/40 
f 220/225/40 217/222/40 205/210/9 
f 218/223/39 221/226/40 222/227/39 
f 222/227/39 215/220/38 218/223/39 
f 217/222/40 194/199/9 205/210/9 
f 217/222/40 220/225/40 218/223/39 
f 218/223/39 216/221/39 217/222/40 
f 215/220/38 223/228/38 224/229/11 
f 224/229/11 225/230/11 215/220/38 
f 215/220/38 225/230/11 214/219/11 
f 222/227/39 223/228/38 215/220/38 
f 218/223/39 215/220/38 211/216/38 
f 226/231/41 227/232/13 228/233/41 
f 228/233/41 229/234/42 226/231/41 
f 230/235/13 227/232/13 226/231/41 
f 226/231/41 231/236/43 230/235/13 
f 229/234/42 228/233/41 232/237/42 
f 232/237/42 233/238/44 229/234/42 
f 234/239/13 230/235/13 231/236/43 
f 231/236/43 235/240/41 234/239/13 
f 236/241/42 226/231/41 229/234/42 
f 229/234/42 237/242/44 236/241/42 
f 231/236/43 226/231/41 236/241/42 
f 236/241/42 238/243/42 231/236/43 
f 233/238/44 239/244/44 207/212/11 
f 207/212/11 210/215/11 233/238/44 
f 237/242/44 233/238/44 210/215/11 
f 210/215/11 214/219/11 237/242/44 
f 232/237/42 239/244/44 233/238/44 
f 229/234/42 233/238/44 237/242/44 
f 240/245/44 224/229/11 241/246/44 
f 241/246/44 238/243/42 240/245/44 
f 225/230/11 224/229/11 240/245/44 
f 240/245/44 237/242/44 225/230/11 
f 238/243/42 241/246/44 242/247/42 
f 242/247/42 235/240/41 238/243/42 
f 237/242/44 214/219/11 225/230/11 
f 237/242/44 240/245/44 238/243/42 
f 238/243/42 236/241/42 237/242/44 
f 235/240/41 243/248/41 244/249/13 
f 244/249/13 245/250/13 235/240/41 
f 235/240/41 245/250/13 234/239/13 
f 242/247/42 243/248/41 235/240/41 
f 238/243/42 235/240/41 231/236/43 
f 246/251/45 247/252/15 248/253/45 
f 248/253/45 249/254/46 246/251/45 
f 250/255/15 247/252/15 246/251/45 
f 246/251/45 251/256/45 250/255/15 
f 249/254/46 248/253/45 252/257/46 
f 252/257/46 253/258/47 249/254/46 
f 254/259/15 250/255/15 251/256/45 
f 251/256/45 255/260/45 254/259/15 
f 256/261/46 246/251/45 249/254/46 
f 249/254/46 257/262/47 256/261/46 
f 251/256/45 246/251/45 256/261/46 
f 256/261/46 258/263/46 251/256/45 
f 253/258/47 259/264/47 227/232/13 
f 227/232/13 230/235/13 253/258/47 
f 257/262/47 253/258/47 230/235/13 
f 230/235/13 234/239/13 257/262/47 
f 252/257/46 259/264/47 253/258/47 
f 249/254/46 253/258/47 257/262/47 
f 260/265/47 244/249/13 261/266/47 
f 261/266/47 258/263/46 260/265/47 
f 245/250/13 244/249/13 260/265/47 
f 260/265/47 257/262/47 245/250/13 
f 258/263/46 261/266/47 262/267/46 
f 262/267/46 255/260/45 258/263/46 
f 257/262/47 234/239/13 245/250/13 
f 257/262/47 260/265/47 258/263/46 
f 258/263/46 256/261/46 257/262/47 
f 255/260/45 263/268/45 264/269/15 
f 264/269/15 265/270/15 255/260/45 
f 255/260/45 265/270/15 254/259/15 
f 262/267/46 263/268/45 255/260/45 
f 258/263/46 255/260/45 251/256/45 
f 266/271/48 267/272/17 268/273/48 
f 268/273/48 269/274/49 266/271/48 
f 270/275/17 267/272/17 266/271/48 
f 266/271/48 271/276/48 270/275/17 
f 269/274/49 268/273/48 272/277/49 
f 272/277/49 273/278/50 269/274/49 
f 274/279/17 270/275/17 271/276/48 
f 271/276/48 275/280/48 274/279/17 
f 276/281/49 266/271/48 269/274/49 
f 269/274/49 277/282/51 276/281/49 
f 271/276/48 266/271/48 276/281/49 
f 276/281/49 278/283/49 271/276/48 
f 273/278/50 279/284/50 247/252/15 
f 247/252/15 250/255/15 273/278/50 
f 277/282/51 273/278/50 250/255/15 
f 250/255/15 254/259/15 277/282/51 
f 272/277/49 279/284/50 273/278/50 
f 269/274/49 273/278/50 277/282/51 
f 280/285/51 264/269/15 281/286/50 
f 281/286/50 278/283/49 280/285/51 
f 265/270/15 264/269/15 280/285/51 
f 280/285/51 277/282/51 265/270/15 
f 278/283/49 281/286/50 282/287/49 
f 282/287/49 275/280/48 278/283/49 
f 277/282/51 254/259/15 265/270/15 
f 277/282/51 280/285/51 278/283/49 
f 278/283/49 276/281/49 277/282/51 
f 275/280/48 283/288/48 284/289/17 
f 284/289/17 285/290/17 275/280/48 
f 275/280/48 285/290/17 274/279/17 
f 282/287/49 283/288/48 275/280/48 
f 278/283/49 275/280/48 271/276/48 
f 286/291/52 287/292/19 288/293/52 
f 288/293/52 289/294/53 286/291/52 
f 290/295/19 287/292/19 286/291/52 
f 286/291/52 291/296/52 290/295/19 
f 289/294/53 288/293/52 292/297/53 
f 292/297/53 293/298/54 289/294/53 
f 294/299/19 290/295/19 291/296/52 
f 291/296/52 295/300/52 294/299/19 
f 296/301/53 286/291/52 289/294/53 
f 289/294/53 297/302/54 296/301/53 
f 291/296/52 286/291/52 296/301/53 
f 296/301/53 298/303/53 291/296/52 
f 293/298/54 299/304/54 267/272/17 
f 267/272/17 270/275/17 293/298/54 
f 297/302/54 293/298/54 270/275/17 
f 270/275/17 274/279/17 297/302/54 
f 292/297/53 299/304/54 293/298/54 
f 289/294/53 293/298/54 297/302/54 
f 300/305/54 284/289/17 301/306/54 
f 301/306/54 298/303/53 300/305/54 
f 285/290/17 284/289/17 300/305/54 
f 300/305/54 297/302/54 285/290/17 
f 298/303/53 301/306/54 302/307/53 
f 302/307/53 295/300/52 298/303/53 
f 297/302/54 274/279/17 285/290/17 
f 297/302/54 300/305/54 298/303/53 
f 298/303/53 296/301/53 297/302/54 
f 295/300/52 303/308/52 304/309/19 
f 304/309/19 305/310/19 295/300/52 
f 295/300/52 305/310/19 294/299/19 
f 302/307/53 303/308/52 295/300/52 
f 298/303/53 295/300/52 291/296/52 
f 306/311/55 307/312/21 308/313/55 
f 308/313/55 309/314/56 306/311/55 
f 310/315/21 307/312/21 306/311/55 
f 306/311/55 311/316/55 310/315/21 
f 309/314/56 308/313/55 312/317/56 
f 312/317/56 313/318/57 309/314/56 
f 314/319/21 310/315/21 311/316/55 
f 311/316/55 315/320/55 314/319/21 
f 316/321/56 306/311/55 309/314/56 
f 309/314/56 317/322/57 316/321/56 
f 311/316/55 306/311/55 316/321/56 
f 316/321/56 318/323/56 311/316/55 
f 313/318/57 319/324/57 287/292/19 
f 287/292/19 290/295/19 313/318/57 
f 317/322/57 313/318/57 290/295/19 
f 290/295/19 294/299/19 317/322/57 
f 312/317/56 319/324/57 313/318/57 
f 309/314/56 313/318/57 317/322/57 
f 320/325/57 304/309/19 321/326/57 
f 321/326/57 318/323/56 320/325/57 
f 305/310/19 304/309/19 320/325/57 
f 320/325/57 317/322/57 305/310/19 
f 318/323/56 321/326/57 322/327/56 
f 322/327/56 315/320/55 318/323/56 
f 317/322/57 294/299/19 305/310/19 
f 317/322/57 320/325/57 318/323/56 
f 318/323/56 316/321/56 317/322/57 
f 315/320/55 323/328/55 324/329/21 
f 324/329/21 325/330/21 315/320/55 
f 315/320/55 325/330/21 314/319/21 
f 322/327/56 323/328/55 315/320/55 
f 318/323/56 315/320/55 311/316/55 
f 326/331/58 327/332/23 328/333/58 
f 328/333/58 329/334/59 326/331/58 
f 330/335/23 327/332/23 326/331/58 
f 326/331/58 331/336/58 330/335/23 
f 329/334/59 328/333/58 332/337/59 
f 332/337/59 333/338/60 329/334/59 
f 334/339/23 330/335/23 331/336/58 
f 331/336/58 335/340/58 334/339/23 
f 336/341/59 326/331/58 329/334/59 
f 329/334/59 337/342/60 336/341/59 
f 331/336/58 326/331/58 336/341/59 
f 336/341/59 338/343/59 331/336/58 
f 333/338/60 339/344/60 307/345/21 
f 307/345/21 310/346/21 333/338/60 
f 337/342/60 333/338/60 310/346/21 
f 310/346/21 314/347/21 337/342/60 
f 332/337/59 339/344/60 333/338/60 
f 329/334/59 333/338/60 337/342/60 
f 340/348/60 324/349/21 341/350/60 
f 341/350/60 338/343/59 340/348/60 
f 325/351/21 324/349/21 340/348/60 
f 340/348/60 337/342/60 325/351/21 
f 338/343/59 341/350/60 342/352/59 
f 342/352/59 335/340/58 338/343/59 
f 337/342/60 314/347/21 325/351/21 
f 337/342/60 340/348/60 338/343/59 
f 338/343/59 336/341/59 337/342/60 
f 335/340/58 343/353/58 344/354/23 
f 344/354/23 345/355/23 335/340/58 
f 335/340/58 345/355/23 334/339/23 
f 342/352/59 343/353/58 335/340/58 
f 338/343/59 335/340/58 331/336/58 
f 346/356/61 135/140/2 347/357/61 
f 347/357/61 348/358/62 346/356/61 
f 136/141/2 135/140/2 346/356/61 
f 346/356/61 349/359/61 136/141/2 
f 348/358/62 347/357/61 350/360/62 
f 350/360/62 351/361/63 348/358/62 
f 137/142/2 136/141/2 349/359/61 
f 349/359/61 352/362/61 137/142/2 
f 353/363/62 346/356/61 348/358/62 
f 348/358/62 354/364/63 353/363/62 
f 349/359/61 346/356/61 353/363/62 
f 353/363/62 355/365/62 349/359/61 
f 351/361/63 356/366/63 327/332/23 
f 327/332/23 330/335/23 351/361/63 
f 354/364/63 351/361/63 330/335/23 
f 330/335/23 334/339/23 354/364/63 
f 350/360/62 356/366/63 351/361/63 
f 348/358/62 351/361/63 354/364/63 
f 357/367/63 344/354/23 358/368/63 
f 358/368/63 355/365/62 357/367/63 
f 345/355/23 344/354/23 357/367/63 
f 357/367/63 354/364/63 345/355/23 
f 355/365/62 358/368/63 359/369/62 
f 359/369/62 352/362/61 355/365/62 
f 354/364/63 334/339/23 345/355/23 
f 354/364/63 357/367/63 355/365/62 
f 355/365/62 353/363/62 354/364/63 
f 352/362/61 360/370/61 139/144/2 
f 139/144/2 141/146/2 352/362/61 
f 352/362/61 141/146/2 137/142/2 
f 359/369/62 360/370/61 352/362/61 
f 355/365/62 352/362/61 349/359/61 
f 361/371/64 362/372/65 363/373/66 
f 363/373/66 364/374/67 361/371/64 
f 365/375/68 362/372/65 361/371/64 
f 361/371/64 366/376/69 365/375/68 
f 364/374/67 363/373/66 367/377/70 
f 367/377/70 368/378/71 364/374/67 
f 369/379/72 365/375/68 366/376/69 
f 366/376/69 370/380/73 369/379/72 
f 371/381/74 361/371/64 364/374/67 
f 364/374/67 372/382/75 371/381/74 
f 366/376/69 361/371/64 371/381/74 
f 371/381/74 373/383/76 366/376/69 
f 368/378/71 374/384/77 375/385/78 
f 375/385/78 376/386/78 368/378/71 
f 372/382/75 368/378/71 376/386/78 
f 376/386/78 377/387/78 372/382/75 
f 367/377/70 374/384/77 368/378/71 
f 364/374/67 368/378/71 372/382/75 
f 378/388/79 379/389/78 380/390/80 
f 380/390/80 373/383/76 378/388/79 
f 381/391/78 379/389/78 378/388/79 
f 378/388/79 372/382/75 381/391/78 
f 373/383/76 380/390/80 382/392/81 
f 382/392/81 370/380/73 373/383/76 
f 372/382/75 377/387/78 381/391/78 
f 372/382/75 378/388/79 373/383/76 
f 373/383/76 371/381/74 372/382/75 
f 370/380/73 383/393/82 384/394/83 
f 384/394/83 385/395/84 370/380/73 
f 370/380/73 385/395/84 369/379/72 
f 382/392/81 383/393/82 370/380/73 
f 373/383/76 370/380/73 366/376/69 
f 386/396/85 384/394/83 383/393/82 
f 383/393/82 387/397/86 386/396/85 
f 388/398/87 384/394/83 386/396/85 
f 386/396/85 389/399/88 388/398/87 
f 387/397/86 383/393/82 382/392/81 
f 382/392/81 390/400/89 387/397/86 
f 391/401/90 388/398/87 389/399/88 
f 389/399/88 392/402/91 391/401/90 
f 393/403/92 386/396/85 387/397/86 
f 387/397/86 394/404/93 393/403/92 
f 389/399/88 386/396/85 393/403/92 
f 393/403/92 395/405/94 389/399/88 
f 390/400/89 380/390/80 379/389/78 
f 379/389/78 396/406/78 390/400/89 
f 394/404/93 390/400/89 396/406/78 
f 396/406/78 397/407/78 394/404/93 
f 382/392/81 380/390/80 390/400/89 
f 387/397/86 390/400/89 394/404/93 
f 398/408/95 399/409/78 400/410/96 
f 400/410/96 395/405/94 398/408/95 
f 401/411/78 399/409/78 398/408/95 
f 398/408/95 394/404/93 401/411/78 
f 395/405/94 400/410/96 402/412/97 
f 402/412/97 392/402/91 395/405/94 
f 394/404/93 397/407/78 401/411/78 
f 394/404/93 398/408/95 395/405/94 
f 395/405/94 393/403/92 394/404/93 
f 392/402/91 403/413/98 404/414/99 
f 404/414/99 405/415/100 392/402/91 
f 392/402/91 405/415/100 391/401/90 
f 402/412/97 403/413/98 392/402/91 
f 395/405/94 392/402/91 389/399/88 
f 406/416/101 404/414/99 403/413/98 
f 403/413/98 407/417/102 406/416/101 
f 408/418/103 404/414/99 406/416/101 
f 406/416/101 409/419/104 408/418/103 
f 407/417/102 403/413/98 402/412/97 
f 402/412/97 410/420/105 407/417/102 
f 411/421/106 408/418/103 409/419/104 
f 409/419/104 412/422/107 411/421/106 
f 413/423/108 406/416/101 407/417/102 
f 407/417/102 414/424/109 413/423/108 
f 409/419/104 406/416/101 413/423/108 
f 413/423/108 415/425/110 409/419/104 
f 410/420/105 400/410/96 399/409/78 
f 399/409/78 416/426/78 410/420/105 
f 414/424/109 410/420/105 416/426/78 
f 416/426/78 417/427/78 414/424/109 
f 402/412/97 400/410/96 410/420/105 
f 407/417/102 410/420/105 414/424/109 
f 418/428/111 419/429/78 420/430/112 
f 420/430/112 415/425/110 418/428/111 
f 421/431/78 419/429/78 418/428/111 
f 418/428/111 414/424/109 421/431/78 
f 415/425/110 420/430/112 422/432/113 
f 422/432/113 412/422/107 415/425/110 
f 414/424/109 417/427/78 421/431/78 
f 414/424/109 418/428/111 415/425/110 
f 415/425/110 413/423/108 414/424/109 
f 412/422/107 423/433/114 424/434/115 
f 424/434/115 425/435/116 412/422/107 
f 412/422/107 425/435/116 411/421/106 
f 422/432/113 423/433/114 412/422/107 
f 415/425/110 412/422/107 409/419/104 
f 426/436/117 424/434/115 423/433/114 
f 423/433/114 427/437/118 426/436/117 
f 428/438/119 424/434/115 426/436/117 
f 426/436/117 429/439/120 428/438/119 
f 427/437/118 423/433/114 422/432/113 
f 422/432/113 430/440/121 427/437/118 
f 431/441/122 428/438/119 429/439/120 
f 429/439/120 432/442/123 431/441/122 
f 433/443/124 426/436/117 427/437/118 
f 427/437/118 434/444/125 433/443/124 
f 429/439/120 426/436/117 433/443/124 
f 433/443/124 435/445/126 429/439/120 
f 430/440/121 420/430/112 419/429/78 
f 419/429/78 436/446/78 430/440/121 
f 434/444/125 430/440/121 436/446/78 
f 436/446/78 437/447/78 434/444/125 
f 422/432/113 420/430/112 430/440/121 
f 427/437/118 430/440/121 434/444/125 
f 438/448/127 439/449/78 440/450/128 
f 440/450/128 435/445/126 438/448/127 
f 441/451/78 439/449/78 438/448/127 
f 438/448/127 434/444/125 441/451/78 
f 435/445/126 440/450/128 442/452/129 
f 442/452/129 432/442/123 435/445/126 
f 434/444/125 437/447/78 441/451/78 
f 434/444/125 438/448/127 435/445/126 
f 435/445/126 433/443/124 434/444/125 
f 432/442/123 443/453/130 444/454/131 
f 444/454/131 445/455/132 432/442/123 
f 432/442/123 445/455/132 431/441/122 
f 442/452/129 443/453/130 432/442/123 
f 435/445/126 432/442/123 429/439/120 
f 446/456/133 444/454/131 443/453/130 
f 443/453/130 447/457/134 446/456/133 
f 448/458/135 444/454/131 446/456/133 
f 446/456/133 449/459/136 448/458/135 
f 447/457/134 443/453/130 442/452/129 
f 442/452/129 450/460/137 447/457/134 
f 451/461/138 448/458/135 449/459/136 
f 449/459/136 452/462/139 451/461/138 
f 453/463/140 446/456/133 447/457/134 
f 447/457/134 454/464/141 453/463/140 
f 449/459/136 446/456/133 453/463/140 
f 453/463/140 455/465/142 449/459/136 
f 450/460/137 440/450/128 439/449/78 
f 439/449/78 456/466/78 450/460/137 
f 454/464/141 450/460/137 456/466/78 
f 456/466/78 457/467/78 454/464/141 
f 442/452/129 440/450/128 450/460/137 
f 447/457/134 450/460/137 454/464/141 
f 458/468/143 459/469/78 460/470/144 
f 460/470/144 455/465/142 458/468/143 
f 461/471/78 459/469/78 458/468/143 
f 458/468/143 454/464/141 461/471/78 
f 455/465/142 460/470/144 462/472/145 
f 462/472/145 452/462/139 455/465/142 
f 454/464/141 457/467/78 461/471/78 
f 454/464/141 458/468/143 455/465/142 
f 455/465/142 453/463/140 454/464/141 
f 452/462/139 463/473/146 464/474/147 
f 464/474/147 465/475/148 452/462/139 
f 452/462/139 465/475/148 451/461/138 
f 462/472/145 463/473/146 452/462/139 
f 455/465/142 452/462/139 449/459/136 
f 466/476/149 464/474/147 463/473/146 
f 463/473/146 467/477/150 466/476/149 
f 468/478/151 464/474/147 466/476/149 
f 466/476/149 469/479/152 468/478/151 
f 467/477/150 463/473/146 462/472/145 
f 462/472/145 470/480/153 467/477/150 
f 471/481/154 468/478/151 469/479/152 
f 469/479/152 472/482/155 471/481/154 
f 473/483/156 466/476/149 467/477/150 
f 467/477/150 474/484/157 473/483/156 
f 469/479/152 466/476/149 473/483/156 
f 473/483/156 475/485/158 469/479/152 
f 470/480/153 460/470/144 459/469/78 
f 459/469/78 476/486/78 470/480/153 
f 474/484/157 470/480/153 476/486/78 
f 476/486/78 477/487/78 474/484/157 
f 462/472/145 460/470/144 470/480/153 
f 467/477/150 470/480/153 474/484/157 
f 478/488/159 479/489/78 480/490/160 
f 480/490/160 475/485/158 478/488/159 
f 481/491/78 479/489/78 478/488/159 
f 478/488/159 474/484/157 481/491/78 
f 475/485/158 480/490/160 482/492/161 
f 482/492/161 472/482/155 475/485/158 
f 474/484/157 477/487/78 481/491/78 
f 474/484/157 478/488/159 475/485/158 
f 475/485/158 473/483/156 474/484/157 
f 472/482/155 483/493/162 484/494/163 
f 484/494/163 485/495/164 472/482/155 
f 472/482/155 485/495/164 471/481/154 
f 482/492/161 483/493/162 472/482/155 
f 475/485/158 472/482/155 469/479/152 
f 486/496/165 484/494/163 483/493/162 
f 483/493/162 487/497/166 486/496/165 
f 488/498/167 484/494/163 486/496/165 
f 486/496/165 489/499/168 488/498/167 
f 487/497/166 483/493/162 482/492/161 
f 482/492/161 490/500/169 487/497/166 
f 491/501/170 488/498/167 489/499/168 
f 489/499/168 492/502/171 491/501/170 
f 493/503/172 486/496/165 487/497/166 
f 487/497/166 494/504/173 493/503/172 
f 489/499/168 486/496/165 493/503/172 
f 493/503/172 495/505/174 489/499/168 
f 490/500/169 480/490/160 479/489/78 
f 479/489/78 496/506/78 490/500/169 
f 494/504/173 490/500/169 496/506/78 
f 496/506/78 497/507/78 494/504/173 
f 482/492/161 480/490/160 490/500/169 
f 487/497/166 490/500/169 494/504/173 
f 498/508/175 499/509/78 500/510/176 
f 500/510/176 495/505/174 498/508/175 
f 501/511/78 499/509/78 498/508/175 
f 498/508/175 494/504/173 501/511/78 
f 495/505/174 500/510/176 502/512/177 
f 502/512/177 492/502/171 495/505/174 
f 494/504/173 497/507/78 501/511/78 
f 494/504/173 498/508/175 495/505/174 
f 495/505/174 493/503/172 494/504/173 
f 492/502/171 503/513/178 504/514/179 
f 504/514/179 505/515/180 492/502/171 
f 492/502/171 505/515/180 491/501/170 
f 502/512/177 503/513/178 492/502/171 
f 495/505/174 492/502/171 489/499/168 
f 506/516/181 504/514/179 503/513/178 
f 503/513/178 507/517/182 506/516/181 
f 508/518/183 504/514/179 506/516/181 
f 506/516/181 509/519/184 508/518/183 
f 507/517/182 503/513/178 502/512/177 
f 502/512/177 510/520/185 507/517/182 
f 511/521/186 508/518/183 509/519/184 
f 509/519/184 512/522/187 511/521/186 
f 513/523/188 506/516/181 507/517/182 
f 507/517/182 514/524/189 513/523/188 
f 509/519/184 506/516/181 513/523/188 
f 513/523/188 515/525/190 509/519/184 
f 510/520/185 500/510/176 499/509/78 
f 499/509/78 516/526/78 510/520/185 
f 514/524/189 510/520/185 516/526/78 
f 516/526/78 517/527/78 514/524/189 
f 502/512/177 500/510/176 510/520/185 
f 507/517/182 510/520/185 514/524/189 
f 518/528/191 519/529/78 520/530/192 
f 520/530/192 515/525/190 518/528/191 
f 521/531/78 519/529/78 518/528/191 
f 518/528/191 514/524/189 521/531/78 
f 515/525/190 520/530/192 522/532/193 
f 522/532/193 512/522/187 515/525/190 
f 514/524/189 517/527/78 521/531/78 
f 514/524/189 518/528/191 515/525/190 
f 515/525/190 513/523/188 514/524/189 
f 512/522/187 523/533/194 524/534/195 
f 524/534/195 525/535/196 512/522/187 
f 512/522/187 525/535/196 511/521/186 
f 522/532/193 523/533/194 512/522/187 
f 515/525/190 512/522/187 509/519/184 
f 526/536/197 524/534/195 523/533/194 
f 523/533/194 527/537/198 526/536/197 
f 528/538/199 524/534/195 526/536/197 
f 526/536/197 529/539/200 528/538/199 
f 527/537/198 523/533/194 522/532/193 
f 522/532/193 530/540/201 527/537/198 
f 531/541/202 528/538/199 529/539/200 
f 529/539/200 532/542/203 531/541/202 
f 533/543/204 526/536/197 527/537/198 
f 527/537/198 534/544/205 533/543/204 
f 529/539/200 526/536/197 533/543/204 
f 533/543/204 535/545/206 529/539/200 
f 530/540/201 520/530/192 519/529/78 
f 519/529/78 536/546/78 530/540/201 
f 534/544/205 530/540/201 536/546/78 
f 536/546/78 537/547/78 534/544/205 
f 522/532/193 520/530/192 530/540/201 
f 527/537/198 530/540/201 534/544/205 
f 538/548/207 539/549/78 540/550/208 
f 540/550/208 535/545/206 538/548/207 
f 541/551/78 539/549/78 538/548/207 
f 538/548/207 534/544/205 541/551/78 
f 535/545/206 540/550/208 542/552/209 
f 542/552/209 532/542/203 535/545/206 
f 534/544/205 537/547/78 541/551/78 
f 534/544/205 538/548/207 535/545/206 
f 535/545/206 533/543/204 534/544/205 
f 532/542/203 543/553/210 544/554/211 
f 544/554/211 545/555/212 532/542/203 
f 532/542/203 545/555/212 531/541/202 
f 542/552/209 543/553/210 532/542/203 
f 535/545/206 532/542/203 529/539/200 
f 546/556/213 544/554/211 543/553/210 
f 543/553/210 547/557/214 546/556/213 
f 548/558/215 544/554/211 546/556/213 
f 546/556/213 549/559/216 548/558/215 
f 547/557/214 543/553/210 542/552/209 
f 542/552/209 550/560/217 547/557/214 
f 551/561/218 548/558/215 549/559/216 
f 549/559/216 552/562/219 551/561/218 
f 553/563/220 546/556/213 547/557/214 
f 547/557/214 554/564/221 553/563/220 
f 549/559/216 546/556/213 553/563/220 
f 553/563/220 555/565/222 549/559/216 
f 550/560/217 540/550/208 539/549/78 
f 539/549/78 556/566/78 550/560/217 
f 554/564/221 550/560/217 556/566/78 
f 556/566/78 557/567/78 554/564/221 
f 542/552/209 540/550/208 550/560/217 
f 547/557/214 550/560/217 554/564/221 
f 558/568/223 559/569/78 560/570/224 
f 560/570/224 555/565/222 558/568/223 
f 561/571/78 559/569/78 558/568/223 
f 558/568/223 554/564/221 561/571/78 
f 555/565/222 560/570/224 562/572/225 
f 562/572/225 552/562/219 555/565/222 
f 554/564/221 557/567/78 561/571/78 
f 554/564/221 558/568/223 555/565/222 
f 555/565/222 553/563/220 554/564/221 
f 552/562/219 563/573/226 564/574/227 
f 564/574/227 565/575/228 552/562/219 
f 552/562/219 565/575/228 551/561/218 
f 562/572/225 563/573/226 552/562/219 
f 555/565/222 552/562/219 549/559/216 
f 566/576/229 564/574/227 563/573/226 
f 563/573/226 567/577/230 566/576/229 
f 568/578/231 564/574/227 566/576/229 
f 566/576/229 569/579/232 568/578/231 
f 567/577/230 563/573/226 562/572/225 
f 562/572/225 570/580/233 567/577/230 
f 571/581/234 568/578/231 569/579/232 
f 569/579/232 572/582/235 571/581/234 
f 573/583/236 566/576/229 567/577/230 
f 567/577/230 574/584/237 573/583/236 
f 569/579/232 566/576/229 573/583/236 
f 573/583/236 575/585/238 569/579/232 
f 570/580/233 560/570/224 559/569/78 
f 559/569/78 576/586/78 570/580/233 
f 574/584/237 570/580/233 576/586/78 
f 576/586/78 577/587/78 574/584/237 
f 562/572/225 560/570/224 570/580/233 
f 567/577/230 570/580/233 574/584/237 
f 578/588/239 579/589/78 580/590/240 
f 580/590/240 575/585/238 578/588/239 
f 581/591/78 579/589/78 578/588/239 
f 578/588/239 574/584/237 581/591/78 
f 575/585/238 580/590/240 582/592/241 
f 582/592/241 572/582/235 575/585/238 
f 574/584/237 577/587/78 581/591/78 
f 574/584/237 578/588/239 575/585/238 
f 575/585/238 573/583/236 574/584/237 
f 572/582/235 583/593/242 584/594/243 
f 584/594/243 585/595/244 572/582/235 
f 572/582/235 585/595/244 571/581/234 
f 582/592/241 583/593/242 572/582/235 
f 575/585/238 572/582/235 569/579/232 
f 586/596/245 584/594/243 583/593/242 
f 583/593/242 587/597/246 586/596/245 
f 588/598/247 584/594/243 586/596/245 
f 586/596/245 589/599/248 588/598/247 
f 587/597/246 583/593/242 582/592/241 
f 582/592/241 590/600/249 587/597/246 
f 591/601/250 588/598/247 589/599/248 
f 589/599/248 592/602/251 591/601/250 
f 593/603/252 586/596/245 587/597/246 
f 587/597/246 594/604/253 593/603/252 
f 589/599/248 586/596/245 593/603/252 
f 593/603/252 595/605/254 589/599/248 
f 590/600/249 580/590/240 579/589/78 
f 579/589/78 596/606/78 590/600/249 
f 594/604/253 590/600/249 596/606/78 
f 596/606/78 597/607/78 594/604/253 
f 582/592/241 580/590/240 590/600/249 
f 587/597/246 590/600/249 594/604/253 
f 598/608/255 375/385/78 374/384/77 
f 374/384/77 595/605/254 598/608/255 
f 599/609/78 375/385/78 598/608/255 
f 598/608/255 594/604/253 599/609/78 
f 595/605/254 374/384/77 367/377/70 
f 367/377/70 592/602/251 595/605/254 
f 594/604/253 597/607/78 599/609/78 
f 594/604/253 598/608/255 595/605/254 
f 595/605/254 593/603/252 594/604/253 
f 592/602/251 363/373/66 362/372/65 
f 362/372/65 600/610/256 592/602/251 
f 592/602/251 600/610/256 591/601/250 
f 367/377/70 363/373/66 592/602/251 
f 595/605/254 592/602/251 589/599/248 
f 601/611/257 602/612/258 603/613/259 
f 603/613/259 604/614/260 601/611/257 
f 605/615/261 602/612/258 601/611/257 
f 601/611/257 606/616/262 605/615/261 
f 604/614/260 603/613/259 607/617/263 
f 607/617/263 608/618/264 604/614/260 
f 609/619/265 605/615/261 606/616/262 
f 606/616/262 610/620/266 609/619/265 
f 611/621/267 601/611/257 604/614/260 
f 604/614/260 612/622/268 611/621/267 
f 606/616/262 601/611/257 611/621/267 
f 611/621/267 613/623/269 606/616/262 
f 608/618/264 614/624/270 615/625/271 
f 615/625/271 616/626/271 608/618/264 
f 612/622/268 608/618/264 616/626/271 
f 616/626/271 617/627/271 612/622/268 
f 607/617/263 614/624/270 608/618/264 
f 604/614/260 608/618/264 612/622/268 
f 618/628/272 619/629/271 620/630/273 
f 620/630/273 613/623/269 618/628/272 
f 621/631/271 619/629/271 618/628/272 
f 618/628/272 612/622/268 621/631/271 
f 613/623/269 620/630/273 622/632/274 
f 622/632/274 610/620/266 613/623/269 
f 612/622/268 617/627/271 621/631/271 
f 612/622/268 618/628/272 613/623/269 
f 613/623/269 611/621/267 612/622/268 
f 610/620/266 623/633/275 624/634/276 
f 624/634/276 625/635/277 610/620/266 
f 610/620/266 625/635/277 609/619/265 
f 622/632/274 623/633/275 610/620/266 
f 613/623/269 610/620/266 606/616/262 
f 626/636/278 624/634/276 623/633/275 
f 623/633/275 627/637/279 626/636/278 
f 628/638/280 624/634/276 626/636/278 
f 626/636/278 629/639/281 628/638/280 
f 627/637/279 623/633/275 622/632/274 
f 622/632/274 630/640/282 627/637/279 
f 631/641/283 628/638/280 629/639/281 
f 629/639/281 632/642/284 631/641/283 
f 633/643/285 626/636/278 627/637/279 
f 627/637/279 634/644/286 633/643/285 
f 629/639/281 626/636/278 633/643/285 
f 633/643/285 635/645/287 629/639/281 
f 630/640/282 620/630/273 619/629/271 
f 619/629/271 636/646/271 630/640/282 
f 634/644/286 630/640/282 636/646/271 
f 636/646/271 637/647/271 634/644/286 
f 622/632/274 620/630/273 630/640/282 
f 627/637/279 630/640/282 634/644/286 
f 638/648/288 639/649/271 640/650/289 
f 640/650/289 635/645/287 638/648/288 
f 641/651/271 639/649/271 638/648/288 
f 638/648/288 634/644/286 641/651/271 
f 635/645/287 640/650/289 642/652/290 
f 642/652/290 632/642/284 635/645/287 
f 634/644/286 637/647/271 641/651/271 
f 634/644/286 638/648/288 635/645/287 
f 635/645/287 633/643/285 634/644/286 
f 632/642/284 643/653/291 644/654/292 
f 644/654/292 645/655/293 632/642/284 
f 632/642/284 645/655/293 631/641/283 
f 642/652/290 643/653/291 632/642/284 
f 635/645/287 632/642/284 629/639/281 
f 646/656/294 644/654/292 643/653/291 
f 643/653/291 647/657/295 646/656/294 
f 648/658/296 644/654/292 646/656/294 
f 646/656/294 649/659/297 648/658/296 
f 647/657/295 643/653/291 642/652/290 
f 642/652/290 650/660/298 647/657/295 
f 651/661/299 648/658/296 649/659/297 
f 649/659/297 652/662/300 651/661/299 
f 653/663/301 646/656/294 647/657/295 
f 647/657/295 654/664/302 653/663/301 
f 649/659/297 646/656/294 653/663/301 
f 653/663/301 655/665/303 649/659/297 
f 650/660/298 640/650/289 639/649/271 
f 639/649/271 656/666/271 650/660/298 
f 654/664/302 650/660/298 656/666/271 
f 656/666/271 657/667/271 654/664/302 
f 642/652/290 640/650/289 650/660/298 
f 647/657/295 650/660/298 654/664/302 
f 658/668/304 659/669/271 660/670/305 
f 660/670/305 655/665/303 658/668/304 
f 661/671/271 659/669/271 658/668/304 
f 658/668/304 654/664/302 661/671/271 
f 655/665/303 660/670/305 662/672/306 
f 662/672/306 652/662/300 655/665/303 
f 654/664/302 657/667/271 661/671/271 
f 654/664/302 658/668/304 655/665/303 
f 655/665/303 653/663/301 654/664/302 
f 652/662/300 663/673/307 664/674/308 
f 664/674/308 665/675/309 652/662/300 
f 652/662/300 665/675/309 651/661/299 
f 662/672/306 663/673/307 652/662/300 
f 655/665/303 652/662/300 649/659/297 
f 666/676/310 664/674/308 663/673/307 
f 663/673/307 667/677/311 666/676/310 
f 668/678/312 664/674/308 666/676/310 
f 666/676/310 669/679/313 668/678/312 
f 667/677/311 663/673/307 662/672/306 
f 662/672/306 670/680/314 667/677/311 
f 671/681/315 668/678/312 669/679/313 
f 669/679/313 672/682/316 671/681/315 
f 673/683/317 666/676/310 667/677/311 
f 667/677/311 674/684/318 673/683/317 
f 669/679/313 666/676/310 673/683/317 
f 673/683/317 675/685/319 669/679/313 
f 670/680/314 660/670/305 659/669/271 
f 659/669/271 676/686/271 670/680/314 
f 674/684/318 670/680/314 676/686/271 
f 676/686/271 677/687/271 674/684/318 
f 662/672/306 660/670/305 670/680/314 
f 667/677/311 670/680/314 674/684/318 
f 678/688/320 679/689/271 680/690/321 
f 680/690/321 675/685/319 678/688/320 
f 681/691/271 679/689/271 678/688/320 
f 678/688/320 674/684/318 681/691/271 
f 675/685/319 680/690/321 682/692/322 
f 682/692/322 672/682/316 675/685/319 
f 674/684/318 677/687/271 681/691/271 
f 674/684/318 678/688/320 675/685/319 
f 675/685/319 673/683/317 674/684/318 
f 672/682/316 683/693/323 684/694/324 
f 684/694/324 685/695/325 672/682/316 
f 672/682/316 685/695/325 671/681/315 
f 682/692/322 683/693/323 672/682/316 
f 675/685/319 672/682/316 669/679/313 
f 686/696/326 684/694/324 683/693/323 
f 683/693/323 687/697/327 686/696/326 
f 688/698/328 684/694/324 686/696/326 
f 686/696/326 689/699/329 688/698/328 
f 687/697/327 683/693/323 682/692/322 
f 682/692/322 690/700/330 687/697/327 
f 691/701/331 688/698/328 689/699/329 
f 689/699/329 692/702/332 691/701/331 
f 693/703/333 686/696/326 687/697/327 
f 687/697/327 694/704/334 693/703/333 
f 689/699/329 686/696/326 693/703/333 
f 693/703/333 695/705/335 689/699/329 
f 690/700/330 680/690/321 679/689/271 
f 679/689/271 696/706/271 690/700/330 
f 694/704/334 690/700/330 696/706/271 
f 696/706/271 697/707/271 694/704/334 
f 682/692/322 680/690/321 690/700/330 
f 687/697/327 690/700/330 694/704/334 
f 698/708/336 699/709/271 700/710/337 
f 700/710/337 695/705/335 698/708/336 
f 701/711/271 699/709/271 698/708/336 
f 698/708/336 694/704/334 701/711/271 
f 695/705/335 700/710/337 702/712/338 
f 702/712/338 692/702/332 695/705/335 
f 694/704/334 697/707/271 701/711/271 
f 694/704/334 698/708/336 695/705/335 
f 695/705/335 693/703/333 694/704/334 
f 692/702/332 703/713/339 704/714/340 
f 704/714/340 705/715/341 692/702/332 
f 692/702/332 705/715/341 691/701/331 
f 702/712/338 703/713/339 692/702/332 
f 695/705/335 692/702/332 689/699/329 
f 706/716/342 704/714/340 703/713/339 
f 703/713/339 707/717/343 706/716/342 
f 708/718/344 704/714/340 706/716/342 
f 706/716/342 709/719/345 708/718/344 
f 707/717/343 703/713/339 702/712/338 
f 702/712/338 710/720/346 707/717/343 
f 711/721/347 708/718/344 709/719/345 
f 709/719/345 712/722/348 711/721/347 
f 713/723/349 706/716/342 707/717/343 
f 707/717/343 714/724/350 713/723/349 
f 709/719/345 706/716/342 713/723/349 
f 713/723/349 715/725/351 709/719/345 
f 710/720/346 700/710/337 699/709/271 
f 699/709/271 716/726/271 710/720/346 
f 714/724/350 710/720/346 716/726/271 
f 716/726/271 717/727/271 714/724/350 
f 702/712/338 700/710/337 710/720/346 
f 707/717/343 710/720/346 714/724/350 
f 718/728/352 719/729/271 720/730/353 
f 720/730/353 715/725/351 718/728/352 
f 721/731/271 719/729/271 718/728/352 
f 718/728/352 714/724/350 721/731/271 
f 715/725/351 720/730/353 722/732/354 
f 722/732/354 712/722/348 715/725/351 
f 714/724/350 717/727/271 721/731/271 
f 714/724/350 718/728/352 715/725/351 
f 715/725/351 713/723/349 714/724/350 
f 712/722/348 723/733/355 724/734/356 
f 724/734/356 725/735/357 712/722/348 
f 712/722/348 725/735/357 711/721/347 
f 722/732/354 723/733/355 712/722/348 
f 715/725/351 712/722/348 709/719/345 
f 726/736/358 724/734/356 723/733/355 
f 723/733/355 727/737/359 726/736/358 
f 728/738/360 724/734/356 726/736/358 
f 726/736/358 729/739/361 728/738/360 
f 727/737/359 723/733/355 722/732/354 
f 722/732/354 730/740/362 727/737/359 
f 731/741/363 728/738/360 729/739/361 
f 729/739/361 732/742/364 731/741/363 
f 733/743/365 726/736/358 727/737/359 
f 727/737/359 734/744/366 733/743/365 
f 729/739/361 726/736/358 733/743/365 
f 733/743/365 735/745/367 729/739/361 
f 730/740/362 720/730/353 719/729/271 
f 719/729/271 736/746/271 730/740/362 
f 734/744/366 730/740/362 736/746/271 
f 736/746/271 737/747/271 734/744/366 
f 722/732/354 720/730/353 730/740/362 
f 727/737/359 730/740/362 734/744/366 
f 738/748/368 739/749/271 740/750/369 
f 740/750/369 735/745/367 738/748/368 
f 741/751/271 739/749/271 738/748/368 
f 738/748/368 734/744/366 741/751/271 
f 735/745/367 740/750/369 742/752/370 
f 742/752/370 732/742/364 735/745/367 
f 734/744/366 737/747/271 741/751/271 
f 734/744/366 738/748/368 735/745/367 
f 735/745/367 733/743/365 734/744/366 
f 732/742/364 743/753/371 744/754/372 
f 744/754/372 745/755/373 732/742/364 
f 732/742/364 745/755/373 731/741/363 
f 742/752/370 743/753/371 732/742/364 
f 735/745/367 732/742/364 729/739/361 
f 746/756/374 744/754/372 743/753/371 
f 743/753/371 747/757/375 746/756/374 
f 748/758/376 744/754/372 746/756/374 
f 746/756/374 749/759/377 748/758/376 
f 747/757/375 743/753/371 742/752/370 
f 742/752/370 750/760/378 747/757/375 
f 751/761/379 748/758/376 749/759/377 
f 749/759/377 752/762/380 751/761/379 
f 753/763/381 746/756/374 747/757/375 
f 747/757/375 754/764/382 753/763/381 
f 749/759/377 746/756/374 753/763/381 
f 753/763/381 755/765/383 749/759/377 
f 750/760/378 740/750/369 739/749/271 
f 739/749/271 756/766/271 750/760/378 
f 754/764/382 750/760/378 756/766/271 
f 756/766/271 757/767/271 754/764/382 
f 742/752/370 740/750/369 750/760/378 
f 747/757/375 750/760/378 754/764/382 
f 758/768/384 759/769/271 760/770/385 
f 760/770/385 755/765/383 758/768/384 
f 761/771/271 759/769/271 758/768/384 
f 758/768/384 754/764/382 761/771/271 
f 755/765/383 760/770/385 762/772/386 
f 762/772/386 752/762/380 755/765/383 
f 754/764/382 757/767/271 761/771/271 
f 754/764/382 758/768/384 755/765/383 
f 755/765/383 753/763/381 754/764/382 
f 752/762/380 763/773/387 764/774/388 
f 764/774/388 765/775/389 752/762/380 
f 752/762/380 765/775/389 751/761/379 
f 762/772/386 763/773/387 752/762/380 
f 755/765/383 752/762/380 749/759/377 
f 766/776/390 764/774/388 763/773/387 
f 763/773/387 767/777/391 766/776/390 
f 768/778/392 764/774/388 766/776/390 
f 766/776/390 769/779/393 768/778/392 
f 767/777/391 763/773/387 762/772/386 
f 762/772/386 770/780/394 767/777/391 
f 771/781/395 768/778/392 769/779/393 
f 769/779/393 772/782/396 771/781/395 
f 773/783/397 766/776/390 767/777/391 
f 767/777/391 774/784/398 773/783/397 
f 769/779/393 766/776/390 773/783/397 
f 773/783/397 775/785/399 769/779/393 
f 770/780/394 760/770/385 759/769/271 
f 759/769/271 776/786/271 770/780/394 
f 774/784/398 770/780/394 776/786/271 
f 776/786/271 777/787/271 774/784/398 
f 762/772/386 760/770/385 770/780/394 
f 767/777/391 770/780/394 774/784/398 
f 778/788/400 779/789/271 780/790/401 
f 780/790/401 775/785/399 778/788/400 
f 781/791/271 779/789/271 778/788/400 
f 778/788/400 774/784/398 781/791/271 
f 775/785/399 780/790/401 782/792/402 
f 782/792/402 772/782/396 775/785/399 
f 774/784/398 777/787/271 781/791/271 
f 774/784/398 778/788/400 775/785/399 
f 775/785/399 773/783/397 774/784/398 
f 772/782/396 783/793/403 784/794/404 
f 784/794/404 785/795/405 772/782/396 
f 772/782/396 785/795/405 771/781/395 
f 782/792/402 783/793/403 772/782/396 
f 775/785/399 772/782/396 769/779/393 
f 786/796/406 784/794/404 783/793/403 
f 783/793/403 787/797/407 786/796/406 
f 788/798/408 784/794/404 786/796/406 
f 786/796/406 789/799/409 788/798/408 
f 787/797/407 783/793/403 782/792/402 
f 782/792/402 790/800/410 787/797/407 
f 791/801/411 788/798/408 789/799/409 
f 789/799/409 792/802/412 791/801/411 
f 793/803/413 786/796/406 787/797/407 
f 787/797/407 794/804/414 793/803/413 
f 789/799/409 786/796/406 793/803/413 
f 793/803/413 795/805/415 789/799/409 
f 790/800/410 780/790/401 779/789/271 
f 779/789/271 796/806/271 790/800/410 
f 794/804/414 790/800/410 796/806/271 
f 796/806/271 797/807/271 794/804/414 
f 782/792/402 780/790/401 790/800/410 
f 787/797/407 790/800/410 794/804/414 
f 798/808/416 799/809/271 800/810/417 
f 800/810/417 795/805/415 798/808/416 
f 801/811/271 799/809/271 798/808/416 
f 798/808/416 794/804/414 801/811/271 
f 795/805/415 800/810/417 802/812/418 
f 802/812/418 792/802/412 795/805/415 
f 794/804/414 797/807/271 801/811/271 
f 794/804/414 798/808/416 795/805/415 
f 795/805/415 793/803/413 794/804/414 
f 792/802/412 803/813/419 804/814/420 
f 804/814/420 805/815/421 792/802/412 
f 792/802/412 805/815/421 791/801/411 
f 802/812/418 803/813/419 792/802/412 
f 795/805/415 792/802/412 789/799/409 
f 806/816/422 804/814/420 803/813/419 
f 803/813/419 807/817/423 806/816/422 
f 808/818/424 804/814/420 806/816/422 
f 806/816/422 809/819/425 808/818/424 
f 807/817/423 803/813/419 802/812/418 
f 802/812/418 810/820/426 807/817/423 
f 811/821/427 808/818/424 809/819/425 
f 809/819/425 812/822/428 811/821/427 
f 813/823/429 806/816/422 807/817/423 
f 807/817/423 814/824/430 813/823/429 
f 809/819/425 806/816/422 813/823/429 
f 813/823/429 815/825/431 809/819/425 
f 810/820/426 800/810/417 799/809/271 
f 799/809/271 816/826/271 810/820/426 
f 814/824/430 810/820/426 816/826/271 
f 816/826/271 817/827/271 814/824/430 
f 802/812/418 800/810/417 810/820/426 
f 807/817/423 810/820/426 814/824/430 
f 818/828/432 819/829/271 820/830/433 
f 820/830/433 815/825/431 818/828/432 
f 821/831/271 819/829/271 818/828/432 
f 818/828/432 814/824/430 821/831/271 
f 815/825/431 820/830/433 822/832/434 
f 822/832/434 812/822/428 815/825/431 
f 814/824/430 817/827/271 821/831/271 
f 814/824/430 818/828/432 815/825/431 
f 815/825/431 813/823/429 814/824/430 
f 812/822/428 823/833/435 824/834/436 
f 824/834/436 825/835/437 812/822/428 
f 812/822/428 825/835/437 811/821/427 
f 822/832/434 823/833/435 812/822/428 
f 815/825/431 812/822/428 809/819/425 
f 826/836/438 824/834/436 823/833/435 
f 823/833/435 827/837/439 826/836/438 
f 828/838/440 824/834/436 826/836/438 
f 826/836/438 829/839/441 828/838/440 
f 827/837/439 823/833/435 822/832/434 
f 822/832/434 830/840/442 827/837/439 
f 831/841/443 828/838/440 829/839/441 
f 829/839/441 832/842/444 831/841/443 
f 833/843/445 826/836/438 827/837/439 
f 827/837/439 834/844/446 833/843/445 
f 829/839/441 826/836/438 833/843/445 
f 833/843/445 835/845/447 829/839/441 
f 830/840/442 820/830/433 819/829/271 
f 819/829/271 836/846/271 830/840/442 
f 834/844/446 830/840/442 836/846/271 
f 836/846/271 837/847/271 834/844/446 
f 822/832/434 820/830/433 830/840/442 
f 827/837/439 830/840/442 834/844/446 
f 838/848/448 615/625/271 614/624/270 
f 614/624/270 835/845/447 838/848/448 
f 839/849/271 615/625/271 838/848/448 
f 838/848/448 834/844/446 839/849/271 
f 835/845/447 614/624/270 607/617/263 
f 607/617/263 832/842/444 835/845/447 
f 834/844/446 837/847/271 839/849/271 
f 834/844/446 838/848/448 835/845/447 
f 835/845/447 833/843/445 834/844/446 
f 832/842/444 603/613/259 602/612/258 
f 602/612/258 840/850/449 832/842/444 
f 832/842/444 840/850/449 831/841/443 
f 607/617/263 603/613/259 832/842/444 
f 835/845/447 832/842/444 829/839/441 
s 16777216
f 841/851/450 375/852/451 842/853/452 
f 842/853/452 843/854/453 841/851/450 
f 376/855/454 375/852/451 841/851/450 
f 841/851/450 844/856/455 376/855/454 
f 843/854/453 842/853/452 845/857/456 
f 845/857/456 846/858/457 843/854/453 
f 377/859/458 376/855/454 844/856/455 
f 844/856/455 847/860/459 377/859/458 
f 848/861/460 841/851/450 843/854/453 
f 843/854/453 849/862/461 848/861/460 
f 844/856/455 841/851/450 848/861/460 
f 848/861/460 850/863/462 844/856/455 
f 851/864/463 846/858/457 852/865/464 
f 852/865/464 853/866/78 851/864/463 
f 854/867/465 849/862/461 846/858/457 
f 846/858/457 851/864/463 854/867/465 
f 845/857/456 852/865/464 846/858/457 
f 843/854/453 846/858/457 849/862/461 
f 855/868/466 399/869/467 401/870/468 
f 401/870/468 850/863/462 855/868/466 
f 856/871/469 399/869/467 855/868/466 
f 855/868/466 849/862/461 856/871/469 
f 850/863/462 401/870/468 397/872/470 
f 397/872/470 847/860/459 850/863/462 
f 849/862/461 854/867/465 856/871/469 
f 849/862/461 855/868/466 850/863/462 
f 850/863/462 848/861/460 849/862/461 
f 847/860/459 396/873/471 379/874/78 
f 379/874/78 381/875/472 847/860/459 
f 847/860/459 381/875/472 377/859/458 
f 397/872/470 396/873/471 847/860/459 
f 850/863/462 847/860/459 844/856/455 
f 857/876/473 399/869/467 856/871/469 
f 856/871/469 858/877/474 857/876/473 
f 416/878/475 399/869/467 857/876/473 
f 857/876/473 859/879/476 416/878/475 
f 858/877/474 856/871/469 854/867/465 
f 854/867/465 860/880/477 858/877/474 
f 417/881/478 416/878/475 859/879/476 
f 859/879/476 861/882/479 417/881/478 
f 862/883/480 857/876/473 858/877/474 
f 858/877/474 863/884/481 862/883/480 
f 859/879/476 857/876/473 862/883/480 
f 862/883/480 864/885/482 859/879/476 
f 865/886/483 860/880/477 851/864/463 
f 851/864/463 853/866/78 865/886/483 
f 866/887/484 863/884/481 860/880/477 
f 860/880/477 865/886/483 866/887/484 
f 854/867/465 851/864/463 860/880/477 
f 858/877/474 860/880/477 863/884/481 
f 867/888/485 439/889/486 441/890/487 
f 441/890/487 864/885/482 867/888/485 
f 868/891/488 439/889/486 867/888/485 
f 867/888/485 863/884/481 868/891/488 
f 864/885/482 441/890/487 437/892/489 
f 437/892/489 861/882/479 864/885/482 
f 863/884/481 866/887/484 868/891/488 
f 863/884/481 867/888/485 864/885/482 
f 864/885/482 862/883/480 863/884/481 
f 861/882/479 436/893/490 419/894/78 
f 419/894/78 421/895/491 861/882/479 
f 861/882/479 421/895/491 417/881/478 
f 437/892/489 436/893/490 861/882/479 
f 864/885/482 861/882/479 859/879/476 
f 869/896/492 439/889/486 868/891/488 
f 868/891/488 870/897/493 869/896/492 
f 456/898/494 439/889/486 869/896/492 
f 869/896/492 871/899/495 456/898/494 
f 870/897/493 868/891/488 866/887/484 
f 866/887/484 872/900/496 870/897/493 
f 457/901/497 456/898/494 871/899/495 
f 871/899/495 873/902/498 457/901/497 
f 874/903/499 869/896/492 870/897/493 
f 870/897/493 875/904/500 874/903/499 
f 871/899/495 869/896/492 874/903/499 
f 874/903/499 876/905/501 871/899/495 
f 877/906/502 872/900/496 865/886/483 
f 865/886/483 853/866/78 877/906/502 
f 878/907/503 875/904/500 872/900/496 
f 872/900/496 877/906/502 878/907/503 
f 866/887/484 865/886/483 872/900/496 
f 870/897/493 872/900/496 875/904/500 
f 879/908/504 479/909/505 481/910/506 
f 481/910/506 876/905/501 879/908/504 
f 880/911/507 479/909/505 879/908/504 
f 879/908/504 875/904/500 880/911/507 
f 876/905/501 481/910/506 477/912/508 
f 477/912/508 873/902/498 876/905/501 
f 875/904/500 878/907/503 880/911/507 
f 875/904/500 879/908/504 876/905/501 
f 876/905/501 874/903/499 875/904/500 
f 873/902/498 476/913/509 459/914/78 
f 459/914/78 461/915/510 873/902/498 
f 873/902/498 461/915/510 457/901/497 
f 477/912/508 476/913/509 873/902/498 
f 876/905/501 873/902/498 871/899/495 
f 881/916/511 479/909/505 880/911/507 
f 880/911/507 882/917/512 881/916/511 
f 496/918/513 479/909/505 881/916/511 
f 881/916/511 883/919/514 496/918/513 
f 882/917/512 880/911/507 878/907/503 
f 878/907/503 884/920/515 882/917/512 
f 497/921/516 496/918/513 883/919/514 
f 883/919/514 885/922/517 497/921/516 
f 886/923/518 881/916/511 882/917/512 
f 882/917/512 887/924/519 886/923/518 
f 883/919/514 881/916/511 886/923/518 
f 886/923/518 888/925/520 883/919/514 
f 889/926/521 884/920/515 877/906/502 
f 877/906/502 853/866/78 889/926/521 
f 890/927/522 887/924/519 884/920/515 
f 884/920/515 889/926/521 890/927/522 
f 878/907/503 877/906/502 884/920/515 
f 882/917/512 884/920/515 887/924/519 
f 891/928/523 519/929/524 521/930/525 
f 521/930/525 888/925/520 891/928/523 
f 892/931/526 519/929/524 891/928/523 
f 891/928/523 887/924/519 892/931/526 
f 888/925/520 521/930/525 517/932/527 
f 517/932/527 885/922/517 888/925/520 
f 887/924/519 890/927/522 892/931/526 
f 887/924/519 891/928/523 888/925/520 
f 888/925/520 886/923/518 887/924/519 
f 885/922/517 516/933/528 499/934/78 
f 499/934/78 501/935/529 885/922/517 
f 885/922/517 501/935/529 497/921/516 
f 517/932/527 516/933/528 885/922/517 
f 888/925/520 885/922/517 883/919/514 
f 893/936/530 519/929/524 892/931/526 
f 892/931/526 894/937/531 893/936/530 
f 536/938/532 519/929/524 893/936/530 
f 893/936/530 895/939/533 536/938/532 
f 894/937/531 892/931/526 890/927/522 
f 890/927/522 896/940/534 894/937/531 
f 537/941/535 536/938/532 895/939/533 
f 895/939/533 897/942/536 537/941/535 
f 898/943/537 893/936/530 894/937/531 
f 894/937/531 899/944/538 898/943/537 
f 895/939/533 893/936/530 898/943/537 
f 898/943/537 900/945/539 895/939/533 
f 901/946/540 896/940/534 889/926/521 
f 889/926/521 853/866/78 901/946/540 
f 902/947/541 899/944/538 896/940/534 
f 896/940/534 901/946/540 902/947/541 
f 890/927/522 889/926/521 896/940/534 
f 894/937/531 896/940/534 899/944/538 
f 903/948/542 559/949/543 561/950/544 
f 561/950/544 900/945/539 903/948/542 
f 904/951/545 559/949/543 903/948/542 
f 903/948/542 899/944/538 904/951/545 
f 900/945/539 561/950/544 557/952/546 
f 557/952/546 897/942/536 900/945/539 
f 899/944/538 902/947/541 904/951/545 
f 899/944/538 903/948/542 900/945/539 
f 900/945/539 898/943/537 899/944/538 
f 897/942/536 556/953/547 539/954/78 
f 539/954/78 541/955/548 897/942/536 
f 897/942/536 541/955/548 537/941/535 
f 557/952/546 556/953/547 897/942/536 
f 900/945/539 897/942/536 895/939/533 
f 905/956/549 559/949/543 904/951/545 
f 904/951/545 906/957/550 905/956/549 
f 576/958/551 559/949/543 905/956/549 
f 905/956/549 907/959/552 576/958/551 
f 906/957/550 904/951/545 902/947/541 
f 902/947/541 908/960/553 906/957/550 
f 577/961/554 576/958/551 907/959/552 
f 907/959/552 909/962/555 577/961/554 
f 910/963/556 905/956/549 906/957/550 
f 906/957/550 911/964/557 910/963/556 
f 907/959/552 905/956/549 910/963/556 
f 910/963/556 912/965/558 907/959/552 
f 852/865/464 908/960/553 901/946/540 
f 901/946/540 853/866/78 852/865/464 
f 845/857/456 911/964/557 908/960/553 
f 908/960/553 852/865/464 845/857/456 
f 902/947/541 901/946/540 908/960/553 
f 906/957/550 908/960/553 911/964/557 
f 913/966/559 375/852/451 599/967/560 
f 599/967/560 912/965/558 913/966/559 
f 842/853/452 375/852/451 913/966/559 
f 913/966/559 911/964/557 842/853/452 
f 912/965/558 599/967/560 597/968/561 
f 597/968/561 909/962/555 912/965/558 
f 911/964/557 845/857/456 842/853/452 
f 911/964/557 913/966/559 912/965/558 
f 912/965/558 910/963/556 911/964/557 
f 909/962/555 596/969/562 579/970/78 
f 579/970/78 581/971/563 909/962/555 
f 909/962/555 581/971/563 577/961/554 
f 597/968/561 596/969/562 909/962/555 
f 912/965/558 909/962/555 907/959/552 
s 16
f 914/972/271 615/973/271 915/974/271 
f 915/974/271 916/975/271 914/972/271 
f 616/976/271 615/973/271 914/972/271 
f 914/972/271 917/977/271 616/976/271 
f 916/975/271 915/974/271 918/978/271 
f 918/978/271 919/979/271 916/975/271 
f 617/980/271 616/976/271 917/977/271 
f 917/977/271 920/981/271 617/980/271 
f 921/982/271 914/972/271 916/975/271 
f 916/975/271 922/983/271 921/982/271 
f 917/977/271 914/972/271 921/982/271 
f 921/982/271 923/984/271 917/977/271 
f 924/985/271 919/979/271 925/986/271 
f 925/986/271 926/987/271 924/985/271 
f 927/988/271 922/983/271 919/979/271 
f 919/979/271 924/985/271 927/988/271 
f 918/978/271 925/986/271 919/979/271 
f 916/975/271 919/979/271 922/983/271 
f 928/989/271 639/990/271 641/991/271 
f 641/991/271 923/984/271 928/989/271 
f 929/992/271 639/990/271 928/989/271 
f 928/989/271 922/983/271 929/992/271 
f 923/984/271 641/991/271 637/993/271 
f 637/993/271 920/981/271 923/984/271 
f 922/983/271 927/988/271 929/992/271 
f 922/983/271 928/989/271 923/984/271 
f 923/984/271 921/982/271 922/983/271 
f 920/981/271 636/994/271 619/995/271 
f 619/995/271 621/996/271 920/981/271 
f 920/981/271 621/996/271 617/980/271 
f 637/993/271 636/994/271 920/981/271 
f 923/984/271 920/981/271 917/977/271 
f 930/997/271 639/990/271 929/992/271 
f 929/992/271 931/998/271 930/997/271 
f 656/999/271 639/990/271 930/997/271 
f 930/997/271 932/1000/271 656/999/271 
f 931/998/271 929/992/271 927/988/271 
f 927/988/271 933/1001/271 931/998/271 
f 657/1002/271 656/999/271 932/1000/271 
f 932/1000/271 934/1003/271 657/1002/271 
f 935/1004/271 930/997/271 931/998/271 
f 931/998/271 936/1005/271 935/1004/271 
f 932/1000/271 930/997/271 935/1004/271 
f 935/1004/271 937/1006/271 932/1000/271 
f 938/1007/271 933/1001/271 924/985/271 
f 924/985/271 926/987/271 938/1007/271 
f 939/1008/271 936/1005/271 933/1001/271 
f 933/1001/271 938/1007/271 939/1008/271 
f 927/988/271 924/985/271 933/1001/271 
f 931/998/271 933/1001/271 936/1005/271 
f 940/1009/271 679/1010/271 681/1011/271 
f 681/1011/271 937/1006/271 940/1009/271 
f 941/1012/271 679/1010/271 940/1009/271 
f 940/1009/271 936/1005/271 941/1012/271 
f 937/1006/271 681/1011/271 677/1013/271 
f 677/1013/271 934/1003/271 937/1006/271 
f 936/1005/271 939/1008/271 941/1012/271 
f 936/1005/271 940/1009/271 937/1006/271 
f 937/1006/271 935/1004/271 936/1005/271 
f 934/1003/271 676/1014/271 659/1015/271 
f 659/1015/271 661/1016/271 934/1003/271 
f 934/1003/271 661/1016/271 657/1002/271 
f 677/1013/271 676/1014/271 934/1003/271 
f 937/1006/271 934/1003/271 932/1000/271 
f 942/1017/271 679/1010/271 941/1012/271 
f 941/1012/271 943/1018/271 942/1017/271 
f 696/1019/271 679/1010/271 942/1017/271 
f 942/1017/271 944/1020/271 696/1019/271 
f 943/1018/271 941/1012/271 939/1008/271 
f 939/1008/271 945/1021/271 943/1018/271 
f 697/1022/271 696/1019/271 944/1020/271 
f 944/1020/271 946/1023/271 697/1022/271 
f 947/1024/271 942/1017/271 943/1018/271 
f 943/1018/271 948/1025/271 947/1024/271 
f 944/1020/271 942/1017/271 947/1024/271 
f 947/1024/271 949/1026/271 944/1020/271 
f 950/1027/271 945/1021/271 938/1007/271 
f 938/1007/271 926/987/271 950/1027/271 
f 951/1028/271 948/1025/271 945/1021/271 
f 945/1021/271 950/1027/271 951/1028/271 
f 939/1008/271 938/1007/271 945/1021/271 
f 943/1018/271 945/1021/271 948/1025/271 
f 952/1029/271 719/1030/271 721/1031/271 
f 721/1031/271 949/1026/271 952/1029/271 
f 953/1032/271 719/1030/271 952/1029/271 
f 952/1029/271 948/1025/271 953/1032/271 
f 949/1026/271 721/1031/271 717/1033/271 
f 717/1033/271 946/1023/271 949/1026/271 
f 948/1025/271 951/1028/271 953/1032/271 
f 948/1025/271 952/1029/271 949/1026/271 
f 949/1026/271 947/1024/271 948/1025/271 
f 946/1023/271 716/1034/271 699/1035/271 
f 699/1035/271 701/1036/271 946/1023/271 
f 946/1023/271 701/1036/271 697/1022/271 
f 717/1033/271 716/1034/271 946/1023/271 
f 949/1026/271 946/1023/271 944/1020/271 
f 954/1037/271 719/1030/271 953/1032/271 
f 953/1032/271 955/1038/271 954/1037/271 
f 736/1039/271 719/1030/271 954/1037/271 
f 954/1037/271 956/1040/271 736/1039/271 
f 955/1038/271 953/1032/271 951/1028/271 
f 951/1028/271 957/1041/271 955/1038/271 
f 737/1042/271 736/1039/271 956/1040/271 
f 956/1040/271 958/1043/271 737/1042/271 
f 959/1044/271 954/1037/271 955/1038/271 
f 955/1038/271 960/1045/271 959/1044/271 
f 956/1040/271 954/1037/271 959/1044/271 
f 959/1044/271 961/1046/271 956/1040/271 
f 962/1047/271 957/1041/271 950/1027/271 
f 950/1027/271 926/987/271 962/1047/271 
f 963/1048/271 960/1045/271 957/1041/271 
f 957/1041/271 962/1047/271 963/1048/271 
f 951/1028/271 950/1027/271 957/1041/271 
f 955/1038/271 957/1041/271 960/1045/271 
f 964/1049/271 759/1050/271 761/1051/271 
f 761/1051/271 961/1046/271 964/1049/271 
f 965/1052/271 759/1050/271 964/1049/271 
f 964/1049/271 960/1045/271 965/1052/271 
f 961/1046/271 761/1051/271 757/1053/271 
f 757/1053/271 958/1043/271 961/1046/271 
f 960/1045/271 963/1048/271 965/1052/271 
f 960/1045/271 964/1049/271 961/1046/271 
f 961/1046/271 959/1044/271 960/1045/271 
f 958/1043/271 756/1054/271 739/1055/271 
f 739/1055/271 741/1056/271 958/1043/271 
f 958/1043/271 741/1056/271 737/1042/271 
f 757/1053/271 756/1054/271 958/1043/271 
f 961/1046/271 958/1043/271 956/1040/271 
f 966/1057/271 759/1050/271 965/1052/271 
f 965/1052/271 967/1058/271 966/1057/271 
f 776/1059/271 759/1050/271 966/1057/271 
f 966/1057/271 968/1060/271 776/1059/271 
f 967/1058/271 965/1052/271 963/1048/271 
f 963/1048/271 969/1061/271 967/1058/271 
f 777/1062/271 776/1059/271 968/1060/271 
f 968/1060/271 970/1063/271 777/1062/271 
f 971/1064/271 966/1057/271 967/1058/271 
f 967/1058/271 972/1065/271 971/1064/271 
f 968/1060/271 966/1057/271 971/1064/271 
f 971/1064/271 973/1066/271 968/1060/271 
f 974/1067/271 969/1061/271 962/1047/271 
f 962/1047/271 926/987/271 974/1067/271 
f 975/1068/271 972/1065/271 969/1061/271 
f 969/1061/271 974/1067/271 975/1068/271 
f 963/1048/271 962/1047/271 969/1061/271 
f 967/1058/271 969/1061/271 972/1065/271 
f 976/1069/271 799/1070/271 801/1071/271 
f 801/1071/271 973/1066/271 976/1069/271 
f 977/1072/271 799/1070/271 976/1069/271 
f 976/1069/271 972/1065/271 977/1072/271 
f 973/1066/271 801/1071/271 797/1073/271 
f 797/1073/271 970/1063/271 973/1066/271 
f 972/1065/271 975/1068/271 977/1072/271 
f 972/1065/271 976/1069/271 973/1066/271 
f 973/1066/271 971/1064/271 972/1065/271 
f 970/1063/271 796/1074/271 779/1075/271 
f 779/1075/271 781/1076/271 970/1063/271 
f 970/1063/271 781/1076/271 777/1062/271 
f 797/1073/271 796/1074/271 970/1063/271 
f 973/1066/271 970/1063/271 968/1060/271 
f 978/1077/271 799/1070/271 977/1072/271 
f 977/1072/271 979/1078/271 978/1077/271 
f 816/1079/271 799/1070/271 978/1077/271 
f 978/1077/271 980/1080/271 816/1079/271 
f 979/1078/271 977/1072/271 975/1068/271 
f 975/1068/271 981/1081/271 979/1078/271 
f 817/1082/271 816/1079/271 980/1080/271 
f 980/1080/271 982/1083/271 817/1082/271 
f 983/1084/271 978/1077/271 979/1078/271 
f 979/1078/271 984/1085/271 983/1084/271 
f 980/1080/271 978/1077/271 983/1084/271 
f 983/1084/271 985/1086/271 980/1080/271 
f 925/986/271 981/1081/271 974/1067/271 
f 974/1067/271 926/987/271 925/986/271 
f 918/978/271 984/1085/271 981/1081/271 
f 981/1081/271 925/986/271 918/978/271 
f 975/1068/271 974/1067/271 981/1081/271 
f 979/1078/271 981/1081/271 984/1085/271 
f 986/1087/271 615/973/271 839/1088/271 
f 839/1088/271 985/1086/271 986/1087/271 
f 915/974/271 615/973/271 986/1087/271 
f 986/1087/271 984/1085/271 915/974/271 
f 985/1086/271 839/1088/271 837/1089/271 
f 837/1089/271 982/1083/271 985/1086/271 
f 984/1085/271 918/978/271 915/974/271 
f 984/1085/271 986/1087/271 985/1086/271 
f 985/1086/271 983/1084/271 984/1085/271 
f 982/1083/271 836/1090/271 819/1091/271 
f 819/1091/271 821/1092/271 982/1083/271 
f 982/1083/271 821/1092/271 817/1082/271 
f 837/1089/271 836/1090/271 982/1083/271 
f 985/1086/271 982/1083/271 980/1080/271 
s 8
f 987/1093/564 144/149/3 143/148/26 
f 143/148/26 988/1094/565 987/1093/564 
f 989/1095/566 144/149/3 987/1093/564 
f 987/1093/564 990/1096/567 989/1095/566 
f 988/1094/565 143/148/26 142/147/27 
f 142/147/27 991/1097/568 988/1094/565 
f 992/1098/569 989/1095/566 990/1096/567 
f 990/1096/567 993/1099/570 992/1098/569 
f 994/1100/571 987/1093/564 988/1094/565 
f 988/1094/565 995/1101/572 994/1100/571 
f 990/1096/567 987/1093/564 994/1100/571 
f 994/1100/571 996/1102/573 990/1096/567 
f 991/1097/568 140/145/28 139/144/2 
f 139/144/2 997/1103/574 991/1097/568 
f 995/1101/572 991/1097/568 997/1103/574 
f 997/1103/574 998/1104/575 995/1101/572 
f 142/147/27 140/145/28 991/1097/568 
f 988/1094/565 991/1097/568 995/1101/572 
f 999/1105/576 602/1106/258 605/1107/261 
f 605/1107/261 996/1102/573 999/1105/576 
f 1000/1108/577 602/1106/258 999/1105/576 
f 999/1105/576 995/1101/572 1000/1108/577 
f 996/1102/573 605/1107/261 609/1109/265 
f 609/1109/265 993/1099/570 996/1102/573 
f 995/1101/572 998/1104/575 1000/1108/577 
f 995/1101/572 999/1105/576 996/1102/573 
f 996/1102/573 994/1100/571 995/1101/572 
f 993/1099/570 625/1110/277 624/1111/276 
f 624/1111/276 1001/1112/578 993/1099/570 
f 993/1099/570 1001/1112/578 992/1098/569 
f 609/1109/265 625/1110/277 993/1099/570 
f 996/1102/573 993/1099/570 990/1096/567 
f 1002/1113/579 135/140/2 134/139/28 
f 134/139/28 1003/1114/580 1002/1113/579 
f 1004/1115/581 135/140/2 1002/1113/579 
f 1002/1113/579 1005/1116/582 1004/1115/581 
f 1003/1114/580 134/139/28 127/132/27 
f 127/132/27 1006/1117/583 1003/1114/580 
f 1007/1118/584 1004/1115/581 1005/1116/582 
f 1005/1116/582 1008/1119/585 1007/1118/584 
f 1009/1120/586 1002/1113/579 1003/1114/580 
f 1003/1114/580 1010/1121/587 1009/1120/586 
f 1005/1116/582 1002/1113/579 1009/1120/586 
f 1009/1120/586 1011/1122/588 1005/1116/582 
f 1006/1117/583 123/128/26 122/127/3 
f 122/127/3 1012/1123/589 1006/1117/583 
f 1010/1121/587 1006/1117/583 1012/1123/589 
f 1012/1123/589 1013/1124/590 1010/1121/587 
f 127/132/27 123/128/26 1006/1117/583 
f 1003/1114/580 1006/1117/583 1010/1121/587 
f 1014/1125/591 362/1126/65 365/1127/68 
f 365/1127/68 1011/1122/588 1014/1125/591 
f 1015/1128/592 362/1126/65 1014/1125/591 
f 1014/1125/591 1010/1121/587 1015/1128/592 
f 1011/1122/588 365/1127/68 369/1129/72 
f 369/1129/72 1008/1119/585 1011/1122/588 
f 1010/1121/587 1013/1124/590 1015/1128/592 
f 1010/1121/587 1014/1125/591 1011/1122/588 
f 1011/1122/588 1009/1120/586 1010/1121/587 
f 1008/1119/585 385/1130/84 384/1131/83 
f 384/1131/83 1016/1132/593 1008/1119/585 
f 1008/1119/585 1016/1132/593 1007/1118/584 
f 369/1129/72 385/1130/84 1008/1119/585 
f 1011/1122/588 1008/1119/585 1005/1116/582 
f 1017/1133/594 164/169/5 163/168/29 
f 163/168/29 1018/1134/595 1017/1133/594 
f 1019/1135/596 164/169/5 1017/1133/594 
f 1017/1133/594 1020/1136/597 1019/1135/596 
f 1018/1134/595 163/168/29 162/167/30 
f 162/167/30 1021/1137/598 1018/1134/595 
f 1022/1138/599 1019/1135/596 1020/1136/597 
f 1020/1136/597 1023/1139/600 1022/1138/599 
f 1024/1140/601 1017/1133/594 1018/1134/595 
f 1018/1134/595 1025/1141/602 1024/1140/601 
f 1020/1136/597 1017/1133/594 1024/1140/601 
f 1024/1140/601 1026/1142/603 1020/1136/597 
f 1021/1137/598 161/166/31 144/149/3 
f 144/149/3 989/1095/566 1021/1137/598 
f 1025/1141/602 1021/1137/598 989/1095/566 
f 989/1095/566 992/1098/569 1025/1141/602 
f 162/167/30 161/166/31 1021/1137/598 
f 1018/1134/595 1021/1137/598 1025/1141/602 
f 1027/1143/604 624/1111/276 628/1144/280 
f 628/1144/280 1026/1142/603 1027/1143/604 
f 1001/1112/578 624/1111/276 1027/1143/604 
f 1027/1143/604 1025/1141/602 1001/1112/578 
f 1026/1142/603 628/1144/280 631/1145/283 
f 631/1145/283 1023/1139/600 1026/1142/603 
f 1025/1141/602 992/1098/569 1001/1112/578 
f 1025/1141/602 1027/1143/604 1026/1142/603 
f 1026/1142/603 1024/1140/601 1025/1141/602 
f 1023/1139/600 645/1146/293 644/1147/292 
f 644/1147/292 1028/1148/605 1023/1139/600 
f 1023/1139/600 1028/1148/605 1022/1138/599 
f 631/1145/283 645/1146/293 1023/1139/600 
f 1026/1142/603 1023/1139/600 1020/1136/597 
f 1029/1149/606 122/127/3 159/164/31 
f 159/164/31 1030/1150/607 1029/1149/606 
f 1012/1123/589 122/127/3 1029/1149/606 
f 1029/1149/606 1031/1151/608 1012/1123/589 
f 1030/1150/607 159/164/31 152/157/30 
f 152/157/30 1032/1152/609 1030/1150/607 
f 1013/1124/590 1012/1123/589 1031/1151/608 
f 1031/1151/608 1033/1153/610 1013/1124/590 
f 1034/1154/611 1029/1149/606 1030/1150/607 
f 1030/1150/607 1035/1155/612 1034/1154/611 
f 1031/1151/608 1029/1149/606 1034/1154/611 
f 1034/1154/611 1036/1156/613 1031/1151/608 
f 1032/1152/609 148/153/29 147/152/5 
f 147/152/5 1037/1157/614 1032/1152/609 
f 1035/1155/612 1032/1152/609 1037/1157/614 
f 1037/1157/614 1038/1158/615 1035/1155/612 
f 152/157/30 148/153/29 1032/1152/609 
f 1030/1150/607 1032/1152/609 1035/1155/612 
f 1039/1159/616 584/1160/243 588/1161/247 
f 588/1161/247 1036/1156/613 1039/1159/616 
f 1040/1162/617 584/1160/243 1039/1159/616 
f 1039/1159/616 1035/1155/612 1040/1162/617 
f 1036/1156/613 588/1161/247 591/1163/250 
f 591/1163/250 1033/1153/610 1036/1156/613 
f 1035/1155/612 1038/1158/615 1040/1162/617 
f 1035/1155/612 1039/1159/616 1036/1156/613 
f 1036/1156/613 1034/1154/611 1035/1155/612 
f 1033/1153/610 600/1164/256 362/1126/65 
f 362/1126/65 1015/1128/592 1033/1153/610 
f 1033/1153/610 1015/1128/592 1013/1124/590 
f 591/1163/250 600/1164/256 1033/1153/610 
f 1036/1156/613 1033/1153/610 1031/1151/608 
f 1041/1165/618 184/189/7 183/188/32 
f 183/188/32 1042/1166/619 1041/1165/618 
f 1043/1167/620 184/189/7 1041/1165/618 
f 1041/1165/618 1044/1168/621 1043/1167/620 
f 1042/1166/619 183/188/32 182/187/33 
f 182/187/33 1045/1169/622 1042/1166/619 
f 1046/1170/623 1043/1167/620 1044/1168/621 
f 1044/1168/621 1047/1171/624 1046/1170/623 
f 1048/1172/625 1041/1165/618 1042/1166/619 
f 1042/1166/619 1049/1173/626 1048/1172/625 
f 1044/1168/621 1041/1165/618 1048/1172/625 
f 1048/1172/625 1050/1174/627 1044/1168/621 
f 1045/1169/622 181/186/34 164/169/5 
f 164/169/5 1019/1135/596 1045/1169/622 
f 1049/1173/626 1045/1169/622 1019/1135/596 
f 1019/1135/596 1022/1138/599 1049/1173/626 
f 182/187/33 181/186/34 1045/1169/622 
f 1042/1166/619 1045/1169/622 1049/1173/626 
f 1051/1175/628 644/1147/292 648/1176/296 
f 648/1176/296 1050/1174/627 1051/1175/628 
f 1028/1148/605 644/1147/292 1051/1175/628 
f 1051/1175/628 1049/1173/626 1028/1148/605 
f 1050/1174/627 648/1176/296 651/1177/299 
f 651/1177/299 1047/1171/624 1050/1174/627 
f 1049/1173/626 1022/1138/599 1028/1148/605 
f 1049/1173/626 1051/1175/628 1050/1174/627 
f 1050/1174/627 1048/1172/625 1049/1173/626 
f 1047/1171/624 665/1178/309 664/1179/308 
f 664/1179/308 1052/1180/629 1047/1171/624 
f 1047/1171/624 1052/1180/629 1046/1170/623 
f 651/1177/299 665/1178/309 1047/1171/624 
f 1050/1174/627 1047/1171/624 1044/1168/621 
f 1053/1181/630 147/152/5 179/184/34 
f 179/184/34 1054/1182/631 1053/1181/630 
f 1037/1157/614 147/152/5 1053/1181/630 
f 1053/1181/630 1055/1183/632 1037/1157/614 
f 1054/1182/631 179/184/34 172/177/33 
f 172/177/33 1056/1184/633 1054/1182/631 
f 1038/1158/615 1037/1157/614 1055/1183/632 
f 1055/1183/632 1057/1185/634 1038/1158/615 
f 1058/1186/635 1053/1181/630 1054/1182/631 
f 1054/1182/631 1059/1187/636 1058/1186/635 
f 1055/1183/632 1053/1181/630 1058/1186/635 
f 1058/1186/635 1060/1188/637 1055/1183/632 
f 1056/1184/633 168/173/32 167/172/7 
f 167/172/7 1061/1189/638 1056/1184/633 
f 1059/1187/636 1056/1184/633 1061/1189/638 
f 1061/1189/638 1062/1190/639 1059/1187/636 
f 172/177/33 168/173/32 1056/1184/633 
f 1054/1182/631 1056/1184/633 1059/1187/636 
f 1063/1191/640 564/1192/227 568/1193/231 
f 568/1193/231 1060/1188/637 1063/1191/640 
f 1064/1194/641 564/1192/227 1063/1191/640 
f 1063/1191/640 1059/1187/636 1064/1194/641 
f 1060/1188/637 568/1193/231 571/1195/234 
f 571/1195/234 1057/1185/634 1060/1188/637 
f 1059/1187/636 1062/1190/639 1064/1194/641 
f 1059/1187/636 1063/1191/640 1060/1188/637 
f 1060/1188/637 1058/1186/635 1059/1187/636 
f 1057/1185/634 585/1196/244 584/1160/243 
f 584/1160/243 1040/1162/617 1057/1185/634 
f 1057/1185/634 1040/1162/617 1038/1158/615 
f 571/1195/234 585/1196/244 1057/1185/634 
f 1060/1188/637 1057/1185/634 1055/1183/632 
f 1065/1197/642 204/209/9 203/208/35 
f 203/208/35 1066/1198/643 1065/1197/642 
f 1067/1199/644 204/209/9 1065/1197/642 
f 1065/1197/642 1068/1200/645 1067/1199/644 
f 1066/1198/643 203/208/35 202/207/36 
f 202/207/36 1069/1201/646 1066/1198/643 
f 1070/1202/647 1067/1199/644 1068/1200/645 
f 1068/1200/645 1071/1203/648 1070/1202/647 
f 1072/1204/649 1065/1197/642 1066/1198/643 
f 1066/1198/643 1073/1205/650 1072/1204/649 
f 1068/1200/645 1065/1197/642 1072/1204/649 
f 1072/1204/649 1074/1206/651 1068/1200/645 
f 1069/1201/646 201/206/37 184/189/7 
f 184/189/7 1043/1167/620 1069/1201/646 
f 1073/1205/650 1069/1201/646 1043/1167/620 
f 1043/1167/620 1046/1170/623 1073/1205/650 
f 202/207/36 201/206/37 1069/1201/646 
f 1066/1198/643 1069/1201/646 1073/1205/650 
f 1075/1207/652 664/1179/308 668/1208/312 
f 668/1208/312 1074/1206/651 1075/1207/652 
f 1052/1180/629 664/1179/308 1075/1207/652 
f 1075/1207/652 1073/1205/650 1052/1180/629 
f 1074/1206/651 668/1208/312 671/1209/315 
f 671/1209/315 1071/1203/648 1074/1206/651 
f 1073/1205/650 1046/1170/623 1052/1180/629 
f 1073/1205/650 1075/1207/652 1074/1206/651 
f 1074/1206/651 1072/1204/649 1073/1205/650 
f 1071/1203/648 685/1210/325 684/1211/324 
f 684/1211/324 1076/1212/653 1071/1203/648 
f 1071/1203/648 1076/1212/653 1070/1202/647 
f 671/1209/315 685/1210/325 1071/1203/648 
f 1074/1206/651 1071/1203/648 1068/1200/645 
f 1077/1213/654 167/172/7 199/204/37 
f 199/204/37 1078/1214/655 1077/1213/654 
f 1061/1189/638 167/172/7 1077/1213/654 
f 1077/1213/654 1079/1215/656 1061/1189/638 
f 1078/1214/655 199/204/37 192/197/36 
f 192/197/36 1080/1216/657 1078/1214/655 
f 1062/1190/639 1061/1189/638 1079/1215/656 
f 1079/1215/656 1081/1217/658 1062/1190/639 
f 1082/1218/659 1077/1213/654 1078/1214/655 
f 1078/1214/655 1083/1219/660 1082/1218/659 
f 1079/1215/656 1077/1213/654 1082/1218/659 
f 1082/1218/659 1084/1220/661 1079/1215/656 
f 1080/1216/657 188/193/35 187/192/9 
f 187/192/9 1085/1221/662 1080/1216/657 
f 1083/1219/660 1080/1216/657 1085/1221/662 
f 1085/1221/662 1086/1222/663 1083/1219/660 
f 192/197/36 188/193/35 1080/1216/657 
f 1078/1214/655 1080/1216/657 1083/1219/660 
f 1087/1223/664 544/1224/211 548/1225/215 
f 548/1225/215 1084/1220/661 1087/1223/664 
f 1088/1226/665 544/1224/211 1087/1223/664 
f 1087/1223/664 1083/1219/660 1088/1226/665 
f 1084/1220/661 548/1225/215 551/1227/218 
f 551/1227/218 1081/1217/658 1084/1220/661 
f 1083/1219/660 1086/1222/663 1088/1226/665 
f 1083/1219/660 1087/1223/664 1084/1220/661 
f 1084/1220/661 1082/1218/659 1083/1219/660 
f 1081/1217/658 565/1228/228 564/1192/227 
f 564/1192/227 1064/1194/641 1081/1217/658 
f 1081/1217/658 1064/1194/641 1062/1190/639 
f 551/1227/218 565/1228/228 1081/1217/658 
f 1084/1220/661 1081/1217/658 1079/1215/656 
f 1089/1229/666 224/229/11 223/228/38 
f 223/228/38 1090/1230/667 1089/1229/666 
f 1091/1231/668 224/229/11 1089/1229/666 
f 1089/1229/666 1092/1232/669 1091/1231/668 
f 1090/1230/667 223/228/38 222/227/39 
f 222/227/39 1093/1233/670 1090/1230/667 
f 1094/1234/671 1091/1231/668 1092/1232/669 
f 1092/1232/669 1095/1235/672 1094/1234/671 
f 1096/1236/673 1089/1229/666 1090/1230/667 
f 1090/1230/667 1097/1237/674 1096/1236/673 
f 1092/1232/669 1089/1229/666 1096/1236/673 
f 1096/1236/673 1098/1238/675 1092/1232/669 
f 1093/1233/670 221/226/40 204/209/9 
f 204/209/9 1067/1199/644 1093/1233/670 
f 1097/1237/674 1093/1233/670 1067/1199/644 
f 1067/1199/644 1070/1202/647 1097/1237/674 
f 222/227/39 221/226/40 1093/1233/670 
f 1090/1230/667 1093/1233/670 1097/1237/674 
f 1099/1239/676 684/1211/324 688/1240/328 
f 688/1240/328 1098/1238/675 1099/1239/676 
f 1076/1212/653 684/1211/324 1099/1239/676 
f 1099/1239/676 1097/1237/674 1076/1212/653 
f 1098/1238/675 688/1240/328 691/1241/331 
f 691/1241/331 1095/1235/672 1098/1238/675 
f 1097/1237/674 1070/1202/647 1076/1212/653 
f 1097/1237/674 1099/1239/676 1098/1238/675 
f 1098/1238/675 1096/1236/673 1097/1237/674 
f 1095/1235/672 705/1242/341 704/1243/340 
f 704/1243/340 1100/1244/677 1095/1235/672 
f 1095/1235/672 1100/1244/677 1094/1234/671 
f 691/1241/331 705/1242/341 1095/1235/672 
f 1098/1238/675 1095/1235/672 1092/1232/669 
f 1101/1245/678 187/192/9 219/224/40 
f 219/224/40 1102/1246/679 1101/1245/678 
f 1085/1221/662 187/192/9 1101/1245/678 
f 1101/1245/678 1103/1247/680 1085/1221/662 
f 1102/1246/679 219/224/40 212/217/39 
f 212/217/39 1104/1248/681 1102/1246/679 
f 1086/1222/663 1085/1221/662 1103/1247/680 
f 1103/1247/680 1105/1249/682 1086/1222/663 
f 1106/1250/683 1101/1245/678 1102/1246/679 
f 1102/1246/679 1107/1251/684 1106/1250/683 
f 1103/1247/680 1101/1245/678 1106/1250/683 
f 1106/1250/683 1108/1252/685 1103/1247/680 
f 1104/1248/681 208/213/38 207/212/11 
f 207/212/11 1109/1253/686 1104/1248/681 
f 1107/1251/684 1104/1248/681 1109/1253/686 
f 1109/1253/686 1110/1254/687 1107/1251/684 
f 212/217/39 208/213/38 1104/1248/681 
f 1102/1246/679 1104/1248/681 1107/1251/684 
f 1111/1255/688 524/1256/195 528/1257/199 
f 528/1257/199 1108/1252/685 1111/1255/688 
f 1112/1258/689 524/1256/195 1111/1255/688 
f 1111/1255/688 1107/1251/684 1112/1258/689 
f 1108/1252/685 528/1257/199 531/1259/202 
f 531/1259/202 1105/1249/682 1108/1252/685 
f 1107/1251/684 1110/1254/687 1112/1258/689 
f 1107/1251/684 1111/1255/688 1108/1252/685 
f 1108/1252/685 1106/1250/683 1107/1251/684 
f 1105/1249/682 545/1260/212 544/1224/211 
f 544/1224/211 1088/1226/665 1105/1249/682 
f 1105/1249/682 1088/1226/665 1086/1222/663 
f 531/1259/202 545/1260/212 1105/1249/682 
f 1108/1252/685 1105/1249/682 1103/1247/680 
f 1113/1261/690 244/249/13 243/248/41 
f 243/248/41 1114/1262/691 1113/1261/690 
f 1115/1263/692 244/249/13 1113/1261/690 
f 1113/1261/690 1116/1264/693 1115/1263/692 
f 1114/1262/691 243/248/41 242/247/42 
f 242/247/42 1117/1265/694 1114/1262/691 
f 1118/1266/695 1115/1263/692 1116/1264/693 
f 1116/1264/693 1119/1267/696 1118/1266/695 
f 1120/1268/697 1113/1261/690 1114/1262/691 
f 1114/1262/691 1121/1269/698 1120/1268/697 
f 1116/1264/693 1113/1261/690 1120/1268/697 
f 1120/1268/697 1122/1270/699 1116/1264/693 
f 1117/1265/694 241/246/44 224/229/11 
f 224/229/11 1091/1231/668 1117/1265/694 
f 1121/1269/698 1117/1265/694 1091/1231/668 
f 1091/1231/668 1094/1234/671 1121/1269/698 
f 242/247/42 241/246/44 1117/1265/694 
f 1114/1262/691 1117/1265/694 1121/1269/698 
f 1123/1271/700 704/1243/340 708/1272/344 
f 708/1272/344 1122/1270/699 1123/1271/700 
f 1100/1244/677 704/1243/340 1123/1271/700 
f 1123/1271/700 1121/1269/698 1100/1244/677 
f 1122/1270/699 708/1272/344 711/1273/347 
f 711/1273/347 1119/1267/696 1122/1270/699 
f 1121/1269/698 1094/1234/671 1100/1244/677 
f 1121/1269/698 1123/1271/700 1122/1270/699 
f 1122/1270/699 1120/1268/697 1121/1269/698 
f 1119/1267/696 725/1274/357 724/1275/356 
f 724/1275/356 1124/1276/701 1119/1267/696 
f 1119/1267/696 1124/1276/701 1118/1266/695 
f 711/1273/347 725/1274/357 1119/1267/696 
f 1122/1270/699 1119/1267/696 1116/1264/693 
f 1125/1277/702 207/212/11 239/244/44 
f 239/244/44 1126/1278/703 1125/1277/702 
f 1109/1253/686 207/212/11 1125/1277/702 
f 1125/1277/702 1127/1279/704 1109/1253/686 
f 1126/1278/703 239/244/44 232/237/42 
f 232/237/42 1128/1280/705 1126/1278/703 
f 1110/1254/687 1109/1253/686 1127/1279/704 
f 1127/1279/704 1129/1281/706 1110/1254/687 
f 1130/1282/707 1125/1277/702 1126/1278/703 
f 1126/1278/703 1131/1283/708 1130/1282/707 
f 1127/1279/704 1125/1277/702 1130/1282/707 
f 1130/1282/707 1132/1284/709 1127/1279/704 
f 1128/1280/705 228/233/41 227/232/13 
f 227/232/13 1133/1285/710 1128/1280/705 
f 1131/1283/708 1128/1280/705 1133/1285/710 
f 1133/1285/710 1134/1286/711 1131/1283/708 
f 232/237/42 228/233/41 1128/1280/705 
f 1126/1278/703 1128/1280/705 1131/1283/708 
f 1135/1287/712 504/1288/179 508/1289/183 
f 508/1289/183 1132/1284/709 1135/1287/712 
f 1136/1290/713 504/1288/179 1135/1287/712 
f 1135/1287/712 1131/1283/708 1136/1290/713 
f 1132/1284/709 508/1289/183 511/1291/186 
f 511/1291/186 1129/1281/706 1132/1284/709 
f 1131/1283/708 1134/1286/711 1136/1290/713 
f 1131/1283/708 1135/1287/712 1132/1284/709 
f 1132/1284/709 1130/1282/707 1131/1283/708 
f 1129/1281/706 525/1292/196 524/1256/195 
f 524/1256/195 1112/1258/689 1129/1281/706 
f 1129/1281/706 1112/1258/689 1110/1254/687 
f 511/1291/186 525/1292/196 1129/1281/706 
f 1132/1284/709 1129/1281/706 1127/1279/704 
f 1137/1293/714 264/269/15 263/268/45 
f 263/268/45 1138/1294/715 1137/1293/714 
f 1139/1295/716 264/269/15 1137/1293/714 
f 1137/1293/714 1140/1296/717 1139/1295/716 
f 1138/1294/715 263/268/45 262/267/46 
f 262/267/46 1141/1297/718 1138/1294/715 
f 1142/1298/719 1139/1295/716 1140/1296/717 
f 1140/1296/717 1143/1299/720 1142/1298/719 
f 1144/1300/721 1137/1293/714 1138/1294/715 
f 1138/1294/715 1145/1301/722 1144/1300/721 
f 1140/1296/717 1137/1293/714 1144/1300/721 
f 1144/1300/721 1146/1302/723 1140/1296/717 
f 1141/1297/718 261/266/47 244/249/13 
f 244/249/13 1115/1263/692 1141/1297/718 
f 1145/1301/722 1141/1297/718 1115/1263/692 
f 1115/1263/692 1118/1266/695 1145/1301/722 
f 262/267/46 261/266/47 1141/1297/718 
f 1138/1294/715 1141/1297/718 1145/1301/722 
f 1147/1303/724 724/1275/356 728/1304/360 
f 728/1304/360 1146/1302/723 1147/1303/724 
f 1124/1276/701 724/1275/356 1147/1303/724 
f 1147/1303/724 1145/1301/722 1124/1276/701 
f 1146/1302/723 728/1304/360 731/1305/363 
f 731/1305/363 1143/1299/720 1146/1302/723 
f 1145/1301/722 1118/1266/695 1124/1276/701 
f 1145/1301/722 1147/1303/724 1146/1302/723 
f 1146/1302/723 1144/1300/721 1145/1301/722 
f 1143/1299/720 745/1306/373 744/1307/372 
f 744/1307/372 1148/1308/725 1143/1299/720 
f 1143/1299/720 1148/1308/725 1142/1298/719 
f 731/1305/363 745/1306/373 1143/1299/720 
f 1146/1302/723 1143/1299/720 1140/1296/717 
f 1149/1309/726 227/232/13 259/264/47 
f 259/264/47 1150/1310/727 1149/1309/726 
f 1133/1285/710 227/232/13 1149/1309/726 
f 1149/1309/726 1151/1311/728 1133/1285/710 
f 1150/1310/727 259/264/47 252/257/46 
f 252/257/46 1152/1312/729 1150/1310/727 
f 1134/1286/711 1133/1285/710 1151/1311/728 
f 1151/1311/728 1153/1313/730 1134/1286/711 
f 1154/1314/731 1149/1309/726 1150/1310/727 
f 1150/1310/727 1155/1315/732 1154/1314/731 
f 1151/1311/728 1149/1309/726 1154/1314/731 
f 1154/1314/731 1156/1316/733 1151/1311/728 
f 1152/1312/729 248/253/45 247/252/15 
f 247/252/15 1157/1317/734 1152/1312/729 
f 1155/1315/732 1152/1312/729 1157/1317/734 
f 1157/1317/734 1158/1318/735 1155/1315/732 
f 252/257/46 248/253/45 1152/1312/729 
f 1150/1310/727 1152/1312/729 1155/1315/732 
f 1159/1319/736 484/1320/163 488/1321/167 
f 488/1321/167 1156/1316/733 1159/1319/736 
f 1160/1322/737 484/1320/163 1159/1319/736 
f 1159/1319/736 1155/1315/732 1160/1322/737 
f 1156/1316/733 488/1321/167 491/1323/170 
f 491/1323/170 1153/1313/730 1156/1316/733 
f 1155/1315/732 1158/1318/735 1160/1322/737 
f 1155/1315/732 1159/1319/736 1156/1316/733 
f 1156/1316/733 1154/1314/731 1155/1315/732 
f 1153/1313/730 505/1324/180 504/1288/179 
f 504/1288/179 1136/1290/713 1153/1313/730 
f 1153/1313/730 1136/1290/713 1134/1286/711 
f 491/1323/170 505/1324/180 1153/1313/730 
f 1156/1316/733 1153/1313/730 1151/1311/728 
f 1161/1325/738 284/289/17 283/288/48 
f 283/288/48 1162/1326/739 1161/1325/738 
f 1163/1327/740 284/289/17 1161/1325/738 
f 1161/1325/738 1164/1328/741 1163/1327/740 
f 1162/1326/739 283/288/48 282/287/49 
f 282/287/49 1165/1329/742 1162/1326/739 
f 1166/1330/743 1163/1327/740 1164/1328/741 
f 1164/1328/741 1167/1331/744 1166/1330/743 
f 1168/1332/745 1161/1325/738 1162/1326/739 
f 1162/1326/739 1169/1333/746 1168/1332/745 
f 1164/1328/741 1161/1325/738 1168/1332/745 
f 1168/1332/745 1170/1334/747 1164/1328/741 
f 1165/1329/742 281/286/50 264/269/15 
f 264/269/15 1139/1295/716 1165/1329/742 
f 1169/1333/746 1165/1329/742 1139/1295/716 
f 1139/1295/716 1142/1298/719 1169/1333/746 
f 282/287/49 281/286/50 1165/1329/742 
f 1162/1326/739 1165/1329/742 1169/1333/746 
f 1171/1335/748 744/1307/372 748/1336/376 
f 748/1336/376 1170/1334/747 1171/1335/748 
f 1148/1308/725 744/1307/372 1171/1335/748 
f 1171/1335/748 1169/1333/746 1148/1308/725 
f 1170/1334/747 748/1336/376 751/1337/379 
f 751/1337/379 1167/1331/744 1170/1334/747 
f 1169/1333/746 1142/1298/719 1148/1308/725 
f 1169/1333/746 1171/1335/748 1170/1334/747 
f 1170/1334/747 1168/1332/745 1169/1333/746 
f 1167/1331/744 765/1338/389 764/1339/388 
f 764/1339/388 1172/1340/749 1167/1331/744 
f 1167/1331/744 1172/1340/749 1166/1330/743 
f 751/1337/379 765/1338/389 1167/1331/744 
f 1170/1334/747 1167/1331/744 1164/1328/741 
f 1173/1341/750 247/252/15 279/284/50 
f 279/284/50 1174/1342/751 1173/1341/750 
f 1157/1317/734 247/252/15 1173/1341/750 
f 1173/1341/750 1175/1343/752 1157/1317/734 
f 1174/1342/751 279/284/50 272/277/49 
f 272/277/49 1176/1344/753 1174/1342/751 
f 1158/1318/735 1157/1317/734 1175/1343/752 
f 1175/1343/752 1177/1345/754 1158/1318/735 
f 1178/1346/755 1173/1341/750 1174/1342/751 
f 1174/1342/751 1179/1347/756 1178/1346/755 
f 1175/1343/752 1173/1341/750 1178/1346/755 
f 1178/1346/755 1180/1348/757 1175/1343/752 
f 1176/1344/753 268/273/48 267/272/17 
f 267/272/17 1181/1349/758 1176/1344/753 
f 1179/1347/756 1176/1344/753 1181/1349/758 
f 1181/1349/758 1182/1350/759 1179/1347/756 
f 272/277/49 268/273/48 1176/1344/753 
f 1174/1342/751 1176/1344/753 1179/1347/756 
f 1183/1351/760 464/1352/147 468/1353/151 
f 468/1353/151 1180/1348/757 1183/1351/760 
f 1184/1354/761 464/1352/147 1183/1351/760 
f 1183/1351/760 1179/1347/756 1184/1354/761 
f 1180/1348/757 468/1353/151 471/1355/154 
f 471/1355/154 1177/1345/754 1180/1348/757 
f 1179/1347/756 1182/1350/759 1184/1354/761 
f 1179/1347/756 1183/1351/760 1180/1348/757 
f 1180/1348/757 1178/1346/755 1179/1347/756 
f 1177/1345/754 485/1356/164 484/1320/163 
f 484/1320/163 1160/1322/737 1177/1345/754 
f 1177/1345/754 1160/1322/737 1158/1318/735 
f 471/1355/154 485/1356/164 1177/1345/754 
f 1180/1348/757 1177/1345/754 1175/1343/752 
f 1185/1357/762 304/309/19 303/308/52 
f 303/308/52 1186/1358/763 1185/1357/762 
f 1187/1359/764 304/309/19 1185/1357/762 
f 1185/1357/762 1188/1360/765 1187/1359/764 
f 1186/1358/763 303/308/52 302/307/53 
f 302/307/53 1189/1361/766 1186/1358/763 
f 1190/1362/767 1187/1359/764 1188/1360/765 
f 1188/1360/765 1191/1363/768 1190/1362/767 
f 1192/1364/769 1185/1357/762 1186/1358/763 
f 1186/1358/763 1193/1365/770 1192/1364/769 
f 1188/1360/765 1185/1357/762 1192/1364/769 
f 1192/1364/769 1194/1366/771 1188/1360/765 
f 1189/1361/766 301/306/54 284/289/17 
f 284/289/17 1163/1327/740 1189/1361/766 
f 1193/1365/770 1189/1361/766 1163/1327/740 
f 1163/1327/740 1166/1330/743 1193/1365/770 
f 302/307/53 301/306/54 1189/1361/766 
f 1186/1358/763 1189/1361/766 1193/1365/770 
f 1195/1367/772 764/1339/388 768/1368/392 
f 768/1368/392 1194/1366/771 1195/1367/772 
f 1172/1340/749 764/1339/388 1195/1367/772 
f 1195/1367/772 1193/1365/770 1172/1340/749 
f 1194/1366/771 768/1368/392 771/1369/395 
f 771/1369/395 1191/1363/768 1194/1366/771 
f 1193/1365/770 1166/1330/743 1172/1340/749 
f 1193/1365/770 1195/1367/772 1194/1366/771 
f 1194/1366/771 1192/1364/769 1193/1365/770 
f 1191/1363/768 785/1370/405 784/1371/404 
f 784/1371/404 1196/1372/773 1191/1363/768 
f 1191/1363/768 1196/1372/773 1190/1362/767 
f 771/1369/395 785/1370/405 1191/1363/768 
f 1194/1366/771 1191/1363/768 1188/1360/765 
f 1197/1373/774 267/272/17 299/304/54 
f 299/304/54 1198/1374/775 1197/1373/774 
f 1181/1349/758 267/272/17 1197/1373/774 
f 1197/1373/774 1199/1375/776 1181/1349/758 
f 1198/1374/775 299/304/54 292/297/53 
f 292/297/53 1200/1376/777 1198/1374/775 
f 1182/1350/759 1181/1349/758 1199/1375/776 
f 1199/1375/776 1201/1377/778 1182/1350/759 
f 1202/1378/779 1197/1373/774 1198/1374/775 
f 1198/1374/775 1203/1379/780 1202/1378/779 
f 1199/1375/776 1197/1373/774 1202/1378/779 
f 1202/1378/779 1204/1380/781 1199/1375/776 
f 1200/1376/777 288/293/52 287/292/19 
f 287/292/19 1205/1381/782 1200/1376/777 
f 1203/1379/780 1200/1376/777 1205/1381/782 
f 1205/1381/782 1206/1382/783 1203/1379/780 
f 292/297/53 288/293/52 1200/1376/777 
f 1198/1374/775 1200/1376/777 1203/1379/780 
f 1207/1383/784 444/1384/131 448/1385/135 
f 448/1385/135 1204/1380/781 1207/1383/784 
f 1208/1386/785 444/1384/131 1207/1383/784 
f 1207/1383/784 1203/1379/780 1208/1386/785 
f 1204/1380/781 448/1385/135 451/1387/138 
f 451/1387/138 1201/1377/778 1204/1380/781 
f 1203/1379/780 1206/1382/783 1208/1386/785 
f 1203/1379/780 1207/1383/784 1204/1380/781 
f 1204/1380/781 1202/1378/779 1203/1379/780 
f 1201/1377/778 465/1388/148 464/1352/147 
f 464/1352/147 1184/1354/761 1201/1377/778 
f 1201/1377/778 1184/1354/761 1182/1350/759 
f 451/1387/138 465/1388/148 1201/1377/778 
f 1204/1380/781 1201/1377/778 1199/1375/776 
f 1209/1389/786 324/329/21 323/328/55 
f 323/328/55 1210/1390/787 1209/1389/786 
f 1211/1391/788 324/329/21 1209/1389/786 
f 1209/1389/786 1212/1392/789 1211/1391/788 
f 1210/1390/787 323/328/55 322/327/56 
f 322/327/56 1213/1393/790 1210/1390/787 
f 1214/1394/791 1211/1391/788 1212/1392/789 
f 1212/1392/789 1215/1395/792 1214/1394/791 
f 1216/1396/793 1209/1389/786 1210/1390/787 
f 1210/1390/787 1217/1397/794 1216/1396/793 
f 1212/1392/789 1209/1389/786 1216/1396/793 
f 1216/1396/793 1218/1398/795 1212/1392/789 
f 1213/1393/790 321/326/57 304/309/19 
f 304/309/19 1187/1359/764 1213/1393/790 
f 1217/1397/794 1213/1393/790 1187/1359/764 
f 1187/1359/764 1190/1362/767 1217/1397/794 
f 322/327/56 321/326/57 1213/1393/790 
f 1210/1390/787 1213/1393/790 1217/1397/794 
f 1219/1399/796 784/1371/404 788/1400/408 
f 788/1400/408 1218/1398/795 1219/1399/796 
f 1196/1372/773 784/1371/404 1219/1399/796 
f 1219/1399/796 1217/1397/794 1196/1372/773 
f 1218/1398/795 788/1400/408 791/1401/411 
f 791/1401/411 1215/1395/792 1218/1398/795 
f 1217/1397/794 1190/1362/767 1196/1372/773 
f 1217/1397/794 1219/1399/796 1218/1398/795 
f 1218/1398/795 1216/1396/793 1217/1397/794 
f 1215/1395/792 805/1402/421 804/1403/420 
f 804/1403/420 1220/1404/797 1215/1395/792 
f 1215/1395/792 1220/1404/797 1214/1394/791 
f 791/1401/411 805/1402/421 1215/1395/792 
f 1218/1398/795 1215/1395/792 1212/1392/789 
f 1221/1405/798 287/292/19 319/324/57 
f 319/324/57 1222/1406/799 1221/1405/798 
f 1205/1381/782 287/292/19 1221/1405/798 
f 1221/1405/798 1223/1407/800 1205/1381/782 
f 1222/1406/799 319/324/57 312/317/56 
f 312/317/56 1224/1408/801 1222/1406/799 
f 1206/1382/783 1205/1381/782 1223/1407/800 
f 1223/1407/800 1225/1409/802 1206/1382/783 
f 1226/1410/803 1221/1405/798 1222/1406/799 
f 1222/1406/799 1227/1411/804 1226/1410/803 
f 1223/1407/800 1221/1405/798 1226/1410/803 
f 1226/1410/803 1228/1412/805 1223/1407/800 
f 1224/1408/801 308/313/55 307/312/21 
f 307/312/21 1229/1413/806 1224/1408/801 
f 1227/1411/804 1224/1408/801 1229/1413/806 
f 1229/1413/806 1230/1414/807 1227/1411/804 
f 312/317/56 308/313/55 1224/1408/801 
f 1222/1406/799 1224/1408/801 1227/1411/804 
f 1231/1415/808 424/1416/115 428/1417/119 
f 428/1417/119 1228/1412/805 1231/1415/808 
f 1232/1418/809 424/1416/115 1231/1415/808 
f 1231/1415/808 1227/1411/804 1232/1418/809 
f 1228/1412/805 428/1417/119 431/1419/122 
f 431/1419/122 1225/1409/802 1228/1412/805 
f 1227/1411/804 1230/1414/807 1232/1418/809 
f 1227/1411/804 1231/1415/808 1228/1412/805 
f 1228/1412/805 1226/1410/803 1227/1411/804 
f 1225/1409/802 445/1420/132 444/1384/131 
f 444/1384/131 1208/1386/785 1225/1409/802 
f 1225/1409/802 1208/1386/785 1206/1382/783 
f 431/1419/122 445/1420/132 1225/1409/802 
f 1228/1412/805 1225/1409/802 1223/1407/800 
f 1233/1421/810 344/354/23 343/353/58 
f 343/353/58 1234/1422/811 1233/1421/810 
f 1235/1423/812 344/354/23 1233/1421/810 
f 1233/1421/810 1236/1424/813 1235/1423/812 
f 1234/1422/811 343/353/58 342/352/59 
f 342/352/59 1237/1425/814 1234/1422/811 
f 1238/1426/815 1235/1423/812 1236/1424/813 
f 1236/1424/813 1239/1427/816 1238/1426/815 
f 1240/1428/817 1233/1421/810 1234/1422/811 
f 1234/1422/811 1241/1429/818 1240/1428/817 
f 1236/1424/813 1233/1421/810 1240/1428/817 
f 1240/1428/817 1242/1430/819 1236/1424/813 
f 1237/1425/814 341/350/60 324/349/21 
f 324/349/21 1211/1431/788 1237/1425/814 
f 1241/1429/818 1237/1425/814 1211/1431/788 
f 1211/1431/788 1214/1432/791 1241/1429/818 
f 342/352/59 341/350/60 1237/1425/814 
f 1234/1422/811 1237/1425/814 1241/1429/818 
f 1243/1433/820 804/1434/420 808/1435/424 
f 808/1435/424 1242/1430/819 1243/1433/820 
f 1220/1436/797 804/1434/420 1243/1433/820 
f 1243/1433/820 1241/1429/818 1220/1436/797 
f 1242/1430/819 808/1435/424 811/1437/427 
f 811/1437/427 1239/1427/816 1242/1430/819 
f 1241/1429/818 1214/1432/791 1220/1436/797 
f 1241/1429/818 1243/1433/820 1242/1430/819 
f 1242/1430/819 1240/1428/817 1241/1429/818 
f 1239/1427/816 825/1438/437 824/1439/436 
f 824/1439/436 1244/1440/821 1239/1427/816 
f 1239/1427/816 1244/1440/821 1238/1426/815 
f 811/1437/427 825/1438/437 1239/1427/816 
f 1242/1430/819 1239/1427/816 1236/1424/813 
f 1245/1441/822 307/345/21 339/344/60 
f 339/344/60 1246/1442/823 1245/1441/822 
f 1229/1443/806 307/345/21 1245/1441/822 
f 1245/1441/822 1247/1444/824 1229/1443/806 
f 1246/1442/823 339/344/60 332/337/59 
f 332/337/59 1248/1445/825 1246/1442/823 
f 1230/1446/807 1229/1443/806 1247/1444/824 
f 1247/1444/824 1249/1447/826 1230/1446/807 
f 1250/1448/827 1245/1441/822 1246/1442/823 
f 1246/1442/823 1251/1449/828 1250/1448/827 
f 1247/1444/824 1245/1441/822 1250/1448/827 
f 1250/1448/827 1252/1450/829 1247/1444/824 
f 1248/1445/825 328/333/58 327/332/23 
f 327/332/23 1253/1451/830 1248/1445/825 
f 1251/1449/828 1248/1445/825 1253/1451/830 
f 1253/1451/830 1254/1452/831 1251/1449/828 
f 332/337/59 328/333/58 1248/1445/825 
f 1246/1442/823 1248/1445/825 1251/1449/828 
f 1255/1453/832 404/1454/99 408/1455/103 
f 408/1455/103 1252/1450/829 1255/1453/832 
f 1256/1456/833 404/1454/99 1255/1453/832 
f 1255/1453/832 1251/1449/828 1256/1456/833 
f 1252/1450/829 408/1455/103 411/1457/106 
f 411/1457/106 1249/1447/826 1252/1450/829 
f 1251/1449/828 1254/1452/831 1256/1456/833 
f 1251/1449/828 1255/1453/832 1252/1450/829 
f 1252/1450/829 1250/1448/827 1251/1449/828 
f 1249/1447/826 425/1458/116 424/1459/115 
f 424/1459/115 1232/1460/809 1249/1447/826 
f 1249/1447/826 1232/1460/809 1230/1446/807 
f 411/1457/106 425/1458/116 1249/1447/826 
f 1252/1450/829 1249/1447/826 1247/1444/824 
f 1257/1461/834 139/144/2 360/370/61 
f 360/370/61 1258/1462/835 1257/1461/834 
f 997/1103/574 139/144/2 1257/1461/834 
f 1257/1461/834 1259/1463/836 997/1103/574 
f 1258/1462/835 360/370/61 359/369/62 
f 359/369/62 1260/1464/837 1258/1462/835 
f 998/1104/575 997/1103/574 1259/1463/836 
f 1259/1463/836 1261/1465/838 998/1104/575 
f 1262/1466/839 1257/1461/834 1258/1462/835 
f 1258/1462/835 1263/1467/840 1262/1466/839 
f 1259/1463/836 1257/1461/834 1262/1466/839 
f 1262/1466/839 1264/1468/841 1259/1463/836 
f 1260/1464/837 358/368/63 344/354/23 
f 344/354/23 1235/1423/812 1260/1464/837 
f 1263/1467/840 1260/1464/837 1235/1423/812 
f 1235/1423/812 1238/1426/815 1263/1467/840 
f 359/369/62 358/368/63 1260/1464/837 
f 1258/1462/835 1260/1464/837 1263/1467/840 
f 1265/1469/842 824/1439/436 828/1470/440 
f 828/1470/440 1264/1468/841 1265/1469/842 
f 1244/1440/821 824/1439/436 1265/1469/842 
f 1265/1469/842 1263/1467/840 1244/1440/821 
f 1264/1468/841 828/1470/440 831/1471/443 
f 831/1471/443 1261/1465/838 1264/1468/841 
f 1263/1467/840 1238/1426/815 1244/1440/821 
f 1263/1467/840 1265/1469/842 1264/1468/841 
f 1264/1468/841 1262/1466/839 1263/1467/840 
f 1261/1465/838 840/1472/449 602/1106/258 
f 602/1106/258 1000/1108/577 1261/1465/838 
f 1261/1465/838 1000/1108/577 998/1104/575 
f 831/1471/443 840/1472/449 1261/1465/838 
f 1264/1468/841 1261/1465/838 1259/1463/836 
f 1266/1473/843 327/332/23 356/366/63 
f 356/366/63 1267/1474/844 1266/1473/843 
f 1253/1451/830 327/332/23 1266/1473/843 
f 1266/1473/843 1268/1475/845 1253/1451/830 
f 1267/1474/844 356/366/63 350/360/62 
f 350/360/62 1269/1476/846 1267/1474/844 
f 1254/1452/831 1253/1451/830 1268/1475/845 
f 1268/1475/845 1270/1477/847 1254/1452/831 
f 1271/1478/848 1266/1473/843 1267/1474/844 
f 1267/1474/844 1272/1479/849 1271/1478/848 
f 1268/1475/845 1266/1473/843 1271/1478/848 
f 1271/1478/848 1273/1480/850 1268/1475/845 
f 1269/1476/846 347/357/61 135/140/2 
f 135/140/2 1004/1115/581 1269/1476/846 
f 1272/1479/849 1269/1476/846 1004/1115/581 
f 1004/1115/581 1007/1118/584 1272/1479/849 
f 350/360/62 347/357/61 1269/1476/846 
f 1267/1474/844 1269/1476/846 1272/1479/849 
f 1274/1481/851 384/1131/83 388/1482/87 
f 388/1482/87 1273/1480/850 1274/1481/851 
f 1016/1132/593 384/1131/83 1274/1481/851 
f 1274/1481/851 1272/1479/849 1016/1132/593 
f 1273/1480/850 388/1482/87 391/1483/90 
f 391/1483/90 1270/1477/847 1273/1480/850 
f 1272/1479/849 1007/1118/584 1016/1132/593 
f 1272/1479/849 1274/1481/851 1273/1480/850 
f 1273/1480/850 1271/1478/848 1272/1479/849 
f 1270/1477/847 405/1484/100 404/1454/99 
f 404/1454/99 1256/1456/833 1270/1477/847 
f 1270/1477/847 1256/1456/833 1254/1452/831 
f 391/1483/90 405/1484/100 1270/1477/847 
f 1273/1480/850 1270/1477/847 1268/1475/845 
s 65536
f 1275/1485/271 59/1486/271 1276/1487/271 
f 1276/1487/271 1277/1488/271 1275/1485/271 
f 76/1489/271 59/1486/271 1275/1485/271 
f 1275/1485/271 1278/1490/271 76/1489/271 
f 1277/1488/271 1276/1487/271 1279/1491/271 
f 1279/1491/271 1280/1492/271 1277/1488/271 
f 77/1493/271 76/1489/271 1278/1490/271 
f 1278/1490/271 1281/1494/271 77/1493/271 
f 1282/1495/271 1275/1485/271 1277/1488/271 
f 1277/1488/271 1283/1496/271 1282/1495/271 
f 1278/1490/271 1275/1485/271 1282/1495/271 
f 1282/1495/271 1284/1497/271 1278/1490/271 
f 119/1498/271 1280/1492/271 1285/1499/271 
f 1285/1499/271 15/1500/271 119/1498/271 
f 117/1501/271 1283/1496/271 1280/1492/271 
f 1280/1492/271 119/1498/271 117/1501/271 
f 1279/1491/271 1285/1499/271 1280/1492/271 
f 1277/1488/271 1280/1492/271 1283/1496/271 
f 1286/1502/271 99/1503/271 101/1504/271 
f 101/1504/271 1284/1497/271 1286/1502/271 
f 116/1505/271 99/1503/271 1286/1502/271 
f 1286/1502/271 1283/1496/271 116/1505/271 
f 1284/1497/271 101/1504/271 97/1506/271 
f 97/1506/271 1281/1494/271 1284/1497/271 
f 1283/1496/271 117/1501/271 116/1505/271 
f 1282/1495/271 1283/1496/271 1286/1502/271 
f 1286/1502/271 1284/1497/271 1282/1495/271 
f 96/1507/271 79/1508/271 81/1509/271 
f 81/1509/271 1281/1494/271 96/1507/271 
f 1281/1494/271 81/1509/271 77/1493/271 
f 97/1506/271 96/1507/271 1281/1494/271 
f 1284/1497/271 1281/1494/271 1278/1490/271 
f 1287/1510/271 15/1500/271 1285/1499/271 
f 1285/1499/271 1288/1511/271 1287/1510/271 
f 16/1512/271 15/1500/271 1287/1510/271 
f 1287/1510/271 1289/1513/271 16/1512/271 
f 1288/1511/271 1285/1499/271 1279/1491/271 
f 1279/1491/271 1290/1514/271 1288/1511/271 
f 17/1515/271 16/1512/271 1289/1513/271 
f 1289/1513/271 1291/1516/271 17/1515/271 
f 1292/1517/271 1287/1510/271 1288/1511/271 
f 1288/1511/271 1293/1518/271 1292/1517/271 
f 1289/1513/271 1287/1510/271 1292/1517/271 
f 1292/1517/271 1294/1519/271 1289/1513/271 
f 61/1520/271 1290/1514/271 1276/1487/271 
f 1276/1487/271 59/1486/271 61/1520/271 
f 57/1521/271 1293/1518/271 1290/1514/271 
f 1290/1514/271 61/1520/271 57/1521/271 
f 1279/1491/271 1276/1487/271 1290/1514/271 
f 1288/1511/271 1290/1514/271 1293/1518/271 
f 1295/1522/271 39/1523/271 41/1524/271 
f 41/1524/271 1294/1519/271 1295/1522/271 
f 56/1525/271 39/1523/271 1295/1522/271 
f 1295/1522/271 1293/1518/271 56/1525/271 
f 1294/1519/271 41/1524/271 37/1526/271 
f 37/1526/271 1291/1516/271 1294/1519/271 
f 1293/1518/271 57/1521/271 56/1525/271 
f 1292/1517/271 1293/1518/271 1295/1522/271 
f 1295/1522/271 1294/1519/271 1292/1517/271 
f 36/1527/271 19/1528/271 21/1529/271 
f 21/1529/271 1291/1516/271 36/1527/271 
f 1291/1516/271 21/1529/271 17/1515/271 
f 37/1526/271 36/1527/271 1291/1516/271 
f 1294/1519/271 1291/1516/271 1289/1513/271 
f 1296/1530/78 2/1531/78 5/1532/78 
f 5/1532/78 1297/1533/78 1296/1530/78 
f 120/1534/78 2/1531/78 1296/1530/78 
f 1296/1530/78 1298/1535/78 120/1534/78 
f 1297/1533/78 5/1532/78 9/1536/78 
f 9/1536/78 1299/1537/78 1297/1533/78 
f 111/1538/78 120/1534/78 1298/1535/78 
f 1298/1535/78 1300/1539/78 111/1538/78 
f 1301/1540/78 1296/1530/78 1297/1533/78 
f 1297/1533/78 1302/1541/78 1301/1540/78 
f 1298/1535/78 1296/1530/78 1301/1540/78 
f 1301/1540/78 1303/1542/78 1298/1535/78 
f 1304/1543/78 1299/1537/78 25/1544/78 
f 25/1544/78 24/1545/78 1304/1543/78 
f 1305/1546/78 1302/1541/78 1299/1537/78 
f 1299/1537/78 1304/1543/78 1305/1546/78 
f 9/1536/78 25/1544/78 1299/1537/78 
f 1297/1533/78 1299/1537/78 1302/1541/78 
f 1306/1547/78 84/1548/78 88/1549/78 
f 88/1549/78 1303/1542/78 1306/1547/78 
f 1307/1550/78 84/1548/78 1306/1547/78 
f 1306/1547/78 1302/1541/78 1307/1550/78 
f 1303/1542/78 88/1549/78 91/1551/78 
f 91/1551/78 1300/1539/78 1303/1542/78 
f 1302/1541/78 1305/1546/78 1307/1550/78 
f 1302/1541/78 1306/1547/78 1303/1542/78 
f 1303/1542/78 1301/1540/78 1302/1541/78 
f 105/1552/78 104/1553/78 108/1554/78 
f 108/1554/78 1300/1539/78 105/1552/78 
f 1300/1539/78 108/1554/78 111/1538/78 
f 91/1551/78 105/1552/78 1300/1539/78 
f 1303/1542/78 1300/1539/78 1298/1535/78 
f 1308/1555/78 84/1548/78 1307/1550/78 
f 1307/1550/78 1309/1556/78 1308/1555/78 
f 85/1557/78 84/1548/78 1308/1555/78 
f 1308/1555/78 1310/1558/78 85/1557/78 
f 1309/1556/78 1307/1550/78 1305/1546/78 
f 1305/1546/78 1311/1559/78 1309/1556/78 
f 71/1560/78 85/1557/78 1310/1558/78 
f 1310/1558/78 1312/1561/78 71/1560/78 
f 1313/1562/78 1308/1555/78 1309/1556/78 
f 1309/1556/78 1314/1563/78 1313/1562/78 
f 1310/1558/78 1308/1555/78 1313/1562/78 
f 1313/1562/78 1315/1564/78 1310/1558/78 
f 28/1565/78 1311/1559/78 1304/1543/78 
f 1304/1543/78 24/1545/78 28/1565/78 
f 31/1566/78 1314/1563/78 1311/1559/78 
f 1311/1559/78 28/1565/78 31/1566/78 
f 1305/1546/78 1304/1543/78 1311/1559/78 
f 1309/1556/78 1311/1559/78 1314/1563/78 
f 1316/1567/78 44/1568/78 48/1569/78 
f 48/1569/78 1315/1564/78 1316/1567/78 
f 45/1570/78 44/1568/78 1316/1567/78 
f 1316/1567/78 1314/1563/78 45/1570/78 
f 1315/1564/78 48/1569/78 51/1571/78 
f 51/1571/78 1312/1561/78 1315/1564/78 
f 1314/1563/78 31/1566/78 45/1570/78 
f 1313/1562/78 1314/1563/78 1316/1567/78 
f 1316/1567/78 1315/1564/78 1313/1562/78 
f 65/1572/78 64/1573/78 68/1574/78 
f 68/1574/78 1312/1561/78 65/1572/78 
f 1312/1561/78 68/1574/78 71/1560/78 
f 51/1571/78 65/1572/78 1312/1561/78 
f 1315/1564/78 1312/1561/78 1310/1558/78 
# 2624 faces

