# 3ds Max Wavefront OBJ Exporter v0.99 - (c)2007 guruware
# File Created: 29.03.2025 17:41:48

mtllib LlantaDD.mtl

#
# object LLantaTD
#

v  -1.3650 -0.1714 -0.4094
v  -1.3300 -0.3488 -0.2383
v  -1.3650 -0.1714 -0.2383
v  -1.3769 0.0092 -0.4094
v  -1.3300 -0.3488 -0.4094
v  -1.3650 -0.1714 -0.6068
v  -1.3769 0.0092 -0.2383
v  -1.3650 0.1898 -0.4094
v  -1.3300 -0.3488 -0.6068
v  -1.3650 -0.1714 -0.8042
v  -1.3769 0.0092 -0.6068
v  -1.3650 0.1898 -0.6068
v  -1.3769 0.0092 -0.8042
v  -1.3650 0.1898 -0.2383
v  -1.3300 0.3673 -0.2383
v  -1.3300 0.3673 -0.4094
v  -1.3300 0.3673 -0.6068
v  -1.3650 0.1898 -0.8042
v  -1.3300 0.3673 -0.9754
v  -1.3650 0.1898 -0.9754
v  -1.3300 0.3673 -0.8042
v  -1.3769 0.0092 -0.9754
v  -1.3650 -0.1714 -0.9754
v  -1.3300 -0.3488 -0.9754
v  -1.3300 -0.3488 -0.8042
v  -1.0913 -0.8325 -0.4094
v  -0.9720 -0.9687 -0.2383
v  -1.0913 -0.8325 -0.2383
v  -1.1914 -0.6820 -0.4094
v  -0.9720 -0.9687 -0.4094
v  -1.0913 -0.8325 -0.6068
v  -1.1914 -0.6820 -0.2383
v  -1.2716 -0.5200 -0.4094
v  -0.9720 -0.9687 -0.6068
v  -1.0913 -0.8325 -0.8042
v  -1.1914 -0.6820 -0.6068
v  -1.2716 -0.5200 -0.6068
v  -1.1914 -0.6820 -0.8042
v  -1.2716 -0.5200 -0.2383
v  -1.2716 -0.5200 -0.8042
v  -1.2716 -0.5200 -0.9754
v  -1.1914 -0.6820 -0.9754
v  -1.0913 -0.8325 -0.9754
v  -0.9720 -0.9687 -0.9754
v  -0.9720 -0.9687 -0.8042
v  -0.5233 -1.2683 -0.4094
v  -0.3521 -1.3267 -0.2383
v  -0.5233 -1.2683 -0.2383
v  -0.6853 -1.1881 -0.4094
v  -0.3521 -1.3267 -0.4094
v  -0.5233 -1.2683 -0.6068
v  -0.6853 -1.1881 -0.2383
v  -0.8358 -1.0877 -0.4094
v  -0.3521 -1.3267 -0.6068
v  -0.5233 -1.2683 -0.8042
v  -0.6853 -1.1881 -0.6068
v  -0.8358 -1.0877 -0.6068
v  -0.6853 -1.1881 -0.8042
v  -0.8358 -1.0877 -0.2383
v  -0.8358 -1.0877 -0.8042
v  -0.8358 -1.0877 -0.9754
v  -0.6853 -1.1881 -0.9754
v  -0.5233 -1.2683 -0.9754
v  -0.3521 -1.3267 -0.9754
v  -0.3521 -1.3267 -0.8042
v  0.1865 -1.3617 -0.4094
v  0.3636 -1.3267 -0.2383
v  0.1865 -1.3617 -0.2383
v  0.0059 -1.3733 -0.4094
v  0.3636 -1.3267 -0.4094
v  0.1865 -1.3617 -0.6068
v  0.0059 -1.3733 -0.2383
v  -0.1747 -1.3617 -0.4094
v  0.3636 -1.3267 -0.6068
v  0.1865 -1.3617 -0.8042
v  0.0059 -1.3733 -0.6068
v  -0.1747 -1.3617 -0.6068
v  0.0059 -1.3733 -0.8042
v  -0.1747 -1.3617 -0.2383
v  -0.1747 -1.3617 -0.8042
v  -0.1747 -1.3617 -0.9754
v  0.0059 -1.3733 -0.9754
v  0.1865 -1.3617 -0.9754
v  0.3636 -1.3267 -0.9754
v  0.3636 -1.3267 -0.8042
v  0.8477 -1.0877 -0.4094
v  0.9838 -0.9687 -0.2383
v  0.8477 -1.0877 -0.2383
v  0.6972 -1.1881 -0.4094
v  0.9838 -0.9687 -0.4094
v  0.8477 -1.0877 -0.6068
v  0.6972 -1.1881 -0.2383
v  0.5351 -1.2683 -0.4094
v  0.9838 -0.9687 -0.6068
v  0.8477 -1.0877 -0.8042
v  0.6972 -1.1881 -0.6068
v  0.5351 -1.2683 -0.6068
v  0.6972 -1.1881 -0.8042
v  0.5351 -1.2683 -0.2383
v  0.5351 -1.2683 -0.8042
v  0.5351 -1.2683 -0.9754
v  0.6972 -1.1881 -0.9754
v  0.8477 -1.0877 -0.9754
v  0.9838 -0.9687 -0.9754
v  0.9838 -0.9687 -0.8042
v  1.2834 -0.5200 -0.4094
v  1.3419 -0.3488 -0.2383
v  1.2834 -0.5200 -0.2383
v  1.2033 -0.6820 -0.4094
v  1.3419 -0.3488 -0.4094
v  1.2834 -0.5200 -0.6068
v  1.2033 -0.6820 -0.2383
v  1.1028 -0.8325 -0.4094
v  1.3419 -0.3488 -0.6068
v  1.2834 -0.5200 -0.8042
v  1.2033 -0.6820 -0.6068
v  1.1028 -0.8325 -0.6068
v  1.2033 -0.6820 -0.8042
v  1.1028 -0.8325 -0.2383
v  1.1028 -0.8325 -0.8042
v  1.1028 -0.8325 -0.9754
v  1.2033 -0.6820 -0.9754
v  1.2834 -0.5200 -0.9754
v  1.3419 -0.3488 -0.9754
v  1.3419 -0.3488 -0.8042
v  1.3769 0.1898 -0.4094
v  1.3419 0.3673 -0.2383
v  1.3769 0.1898 -0.2383
v  1.3884 0.0092 -0.4094
v  1.3419 0.3673 -0.4094
v  1.3769 0.1898 -0.6068
v  1.3884 0.0092 -0.2383
v  1.3769 -0.1714 -0.4094
v  1.3419 0.3673 -0.6068
v  1.3769 0.1898 -0.8042
v  1.3884 0.0092 -0.6068
v  1.3769 -0.1714 -0.6068
v  1.3884 0.0092 -0.8042
v  1.3769 -0.1714 -0.2383
v  1.3769 -0.1714 -0.8042
v  1.3769 -0.1714 -0.9754
v  1.3884 0.0092 -0.9754
v  1.3769 0.1898 -0.9754
v  1.3419 0.3673 -0.9754
v  1.3419 0.3673 -0.8042
v  1.1028 0.8510 -0.4094
v  0.9838 0.9871 -0.2383
v  1.1028 0.8510 -0.2383
v  1.2033 0.7005 -0.4094
v  0.9838 0.9871 -0.4094
v  1.1028 0.8510 -0.6068
v  1.2033 0.7005 -0.2383
v  1.2834 0.5384 -0.4094
v  0.9838 0.9871 -0.6068
v  1.1028 0.8510 -0.8042
v  1.2033 0.7005 -0.6068
v  1.2834 0.5384 -0.6068
v  1.2033 0.7005 -0.8042
v  1.2834 0.5384 -0.2383
v  1.2834 0.5384 -0.8042
v  1.2834 0.5384 -0.9754
v  1.2033 0.7005 -0.9754
v  1.1028 0.8510 -0.9754
v  0.9838 0.9871 -0.9754
v  0.9838 0.9871 -0.8042
v  0.5351 1.2867 -0.4094
v  0.3636 1.3452 -0.2383
v  0.5351 1.2867 -0.2383
v  0.6972 1.2066 -0.4094
v  0.3636 1.3452 -0.4094
v  0.5351 1.2867 -0.6068
v  0.6972 1.2066 -0.2383
v  0.8477 1.1061 -0.4094
v  0.3636 1.3452 -0.6068
v  0.5351 1.2867 -0.8042
v  0.6972 1.2066 -0.6068
v  0.8477 1.1061 -0.6068
v  0.6972 1.2066 -0.8042
v  0.8477 1.1061 -0.2383
v  0.8477 1.1061 -0.8042
v  0.8477 1.1061 -0.9754
v  0.6972 1.2066 -0.9754
v  0.5351 1.2867 -0.9754
v  0.3636 1.3452 -0.9754
v  0.3636 1.3452 -0.8042
v  -0.1747 1.3802 -0.4094
v  -0.3521 1.3452 -0.2383
v  -0.1747 1.3802 -0.2383
v  0.0059 1.3917 -0.4094
v  -0.3521 1.3452 -0.4094
v  -0.1747 1.3802 -0.6068
v  0.0059 1.3917 -0.2383
v  0.1865 1.3802 -0.4094
v  -0.3521 1.3452 -0.6068
v  -0.1747 1.3802 -0.8042
v  0.0059 1.3917 -0.6068
v  0.1865 1.3802 -0.6068
v  0.0059 1.3917 -0.8042
v  0.1865 1.3802 -0.2383
v  0.1865 1.3802 -0.8042
v  0.1865 1.3802 -0.9754
v  0.0059 1.3917 -0.9754
v  -0.1747 1.3802 -0.9754
v  -0.3521 1.3452 -0.9754
v  -0.3521 1.3452 -0.8042
v  -0.8358 1.1061 -0.4094
v  -0.9720 0.9871 -0.2383
v  -0.8358 1.1061 -0.2383
v  -0.6853 1.2066 -0.4094
v  -0.9720 0.9871 -0.4094
v  -0.8358 1.1061 -0.6068
v  -0.6853 1.2066 -0.2383
v  -0.5233 1.2867 -0.4094
v  -0.9720 0.9871 -0.6068
v  -0.8358 1.1061 -0.8042
v  -0.6853 1.2066 -0.6068
v  -0.5233 1.2867 -0.6068
v  -0.6853 1.2066 -0.8042
v  -0.5233 1.2867 -0.2383
v  -0.5233 1.2867 -0.8042
v  -0.5233 1.2867 -0.9754
v  -0.6853 1.2066 -0.9754
v  -0.8358 1.1061 -0.9754
v  -0.9720 0.9871 -0.9754
v  -0.9720 0.9871 -0.8042
v  -1.2716 0.5384 -0.4094
v  -1.2716 0.5384 -0.2383
v  -1.1914 0.7005 -0.4094
v  -1.2716 0.5384 -0.6068
v  -1.1914 0.7005 -0.2383
v  -1.0913 0.8510 -0.4094
v  -1.2716 0.5384 -0.8042
v  -1.1914 0.7005 -0.6068
v  -1.0913 0.8510 -0.6068
v  -1.1914 0.7005 -0.8042
v  -1.0913 0.8510 -0.2383
v  -1.0913 0.8510 -0.8042
v  -1.0913 0.8510 -0.9754
v  -1.1914 0.7005 -0.9754
v  -1.2716 0.5384 -0.9754
v  -1.2145 -0.1514 0.0428
v  -1.2569 -0.3292 0.0277
v  -1.1834 -0.3093 0.0428
v  -1.1165 -0.1385 0.0501
v  -1.2898 -0.1612 0.0277
v  -1.2250 0.0092 0.0428
v  -1.0882 -0.2837 0.0501
v  -1.0038 -0.1238 0.0526
v  -1.3010 0.0092 0.0277
v  -1.2145 0.1699 0.0428
v  -1.1263 0.0092 0.0501
v  -1.0122 0.0092 0.0526
v  -1.1165 0.1569 0.0501
v  -0.9779 -0.2543 0.0526
v  -0.8607 -0.2228 0.0526
v  -0.8834 -0.1077 0.0526
v  -0.8908 0.0092 0.0526
v  -1.0038 0.1422 0.0526
v  -0.8607 0.2413 0.0526
v  -0.9779 0.2728 0.0526
v  -0.8834 0.1265 0.0526
v  -1.0882 0.3022 0.0501
v  -1.1834 0.3277 0.0428
v  -1.2569 0.3477 0.0277
v  -1.2898 0.1800 0.0277
v  -1.1316 0.4803 0.0428
v  -1.0402 0.4425 0.0501
v  -1.2016 0.5094 0.0277
v  -1.0602 0.6245 0.0428
v  -0.9349 0.3988 0.0526
v  -1.1260 0.6627 0.0277
v  -0.9706 0.7586 0.0428
v  -0.9744 0.5752 0.0501
v  -0.8761 0.5185 0.0526
v  -0.8925 0.6984 0.0501
v  -0.8229 0.3526 0.0526
v  -0.7707 0.4576 0.0526
v  -0.8019 0.6291 0.0526
v  -0.6283 0.6434 0.0526
v  -0.7144 0.7295 0.0526
v  -0.7056 0.5552 0.0526
v  -0.7949 0.8100 0.0501
v  -0.8649 0.8797 0.0428
v  -0.9184 0.9336 0.0277
v  -1.0308 0.8048 0.0277
v  -0.7434 0.9857 0.0428
v  -0.6836 0.9073 0.0501
v  -0.7896 1.0459 0.0277
v  -0.6097 1.0750 0.0428
v  -0.6143 0.8170 0.0526
v  -0.6475 1.1408 0.0277
v  -0.4652 1.1464 0.0428
v  -0.5604 0.9896 0.0501
v  -0.5033 0.8909 0.0526
v  -0.4274 1.0554 0.0501
v  -0.5401 0.7208 0.0526
v  -0.4424 0.7859 0.0526
v  -0.3840 0.9500 0.0526
v  -0.2265 0.8758 0.0526
v  -0.2576 0.9931 0.0526
v  -0.3374 0.8377 0.0526
v  -0.2874 1.1030 0.0501
v  -0.3129 1.1985 0.0428
v  -0.3325 1.2717 0.0277
v  -0.4942 1.2167 0.0277
v  -0.1547 1.2297 0.0428
v  -0.1421 1.1317 0.0501
v  -0.1649 1.3049 0.0277
v  0.0059 1.2402 0.0428
v  -0.1271 1.0190 0.0526
v  0.0059 1.3161 0.0277
v  0.1666 1.2297 0.0428
v  0.0059 1.1415 0.0501
v  0.0059 1.0274 0.0526
v  0.1536 1.1317 0.0501
v  -0.1113 0.8986 0.0526
v  0.0059 0.9059 0.0526
v  0.1389 1.0190 0.0526
v  0.2380 0.8758 0.0526
v  0.2695 0.9931 0.0526
v  0.1228 0.8986 0.0526
v  0.2989 1.1030 0.0501
v  0.3244 1.1985 0.0428
v  0.3440 1.2717 0.0277
v  0.1764 1.3049 0.0277
v  0.4767 1.1464 0.0428
v  0.4392 1.0554 0.0501
v  0.5061 1.2167 0.0277
v  0.6212 1.0750 0.0428
v  0.3955 0.9500 0.0526
v  0.6590 1.1408 0.0277
v  0.7553 0.9857 0.0428
v  0.5719 0.9896 0.0501
v  0.5148 0.8909 0.0526
v  0.6951 0.9073 0.0501
v  0.3489 0.8377 0.0526
v  0.4543 0.7859 0.0526
v  0.6258 0.8170 0.0526
v  0.6401 0.6434 0.0526
v  0.7259 0.7295 0.0526
v  0.5519 0.7208 0.0526
v  0.8067 0.8100 0.0501
v  0.8764 0.8797 0.0428
v  0.9303 0.9336 0.0277
v  0.8015 1.0459 0.0277
v  0.9824 0.7586 0.0428
v  0.9040 0.6984 0.0501
v  1.0426 0.8048 0.0277
v  1.0717 0.6245 0.0428
v  0.8137 0.6291 0.0526
v  1.1375 0.6627 0.0277
v  1.1431 0.4803 0.0428
v  0.9863 0.5752 0.0501
v  0.8876 0.5185 0.0526
v  1.0517 0.4425 0.0501
v  0.7175 0.5552 0.0526
v  0.7826 0.4576 0.0526
v  0.9467 0.3988 0.0526
v  0.8722 0.2413 0.0526
v  0.9898 0.2728 0.0526
v  0.8344 0.3526 0.0526
v  1.0997 0.3022 0.0501
v  1.1949 0.3277 0.0428
v  1.2684 0.3477 0.0277
v  1.2131 0.5094 0.0277
v  1.2264 0.1699 0.0428
v  1.1284 0.1569 0.0501
v  1.3016 0.1800 0.0277
v  1.2365 0.0092 0.0428
v  1.0153 0.1422 0.0526
v  1.3125 0.0092 0.0277
v  1.2264 -0.1514 0.0428
v  1.1378 0.0092 0.0501
v  1.0241 0.0092 0.0526
v  1.1284 -0.1385 0.0501
v  0.8949 0.1265 0.0526
v  0.9026 0.0092 0.0526
v  1.0153 -0.1238 0.0526
v  0.8722 -0.2228 0.0526
v  0.9898 -0.2543 0.0526
v  0.8949 -0.1077 0.0526
v  1.0997 -0.2837 0.0501
v  1.1949 -0.3093 0.0428
v  1.2684 -0.3292 0.0277
v  1.3016 -0.1612 0.0277
v  1.1431 -0.4619 0.0428
v  1.0517 -0.4241 0.0501
v  1.2131 -0.4909 0.0277
v  1.0717 -0.6061 0.0428
v  0.9467 -0.3803 0.0526
v  1.1375 -0.6442 0.0277
v  0.9824 -0.7401 0.0428
v  0.9863 -0.5567 0.0501
v  0.8876 -0.5000 0.0526
v  0.9040 -0.6799 0.0501
v  0.8344 -0.3338 0.0526
v  0.7826 -0.4391 0.0526
v  0.8137 -0.6106 0.0526
v  0.6401 -0.6250 0.0526
v  0.7259 -0.7111 0.0526
v  0.7175 -0.5368 0.0526
v  0.8067 -0.7916 0.0501
v  0.8764 -0.8612 0.0428
v  0.9303 -0.9151 0.0277
v  1.0426 -0.7863 0.0277
v  0.7553 -0.9673 0.0428
v  0.6951 -0.8889 0.0501
v  0.8015 -1.0275 0.0277
v  0.6212 -1.0565 0.0428
v  0.6258 -0.7986 0.0526
v  0.6590 -1.1223 0.0277
v  0.4767 -1.1279 0.0428
v  0.5719 -0.9711 0.0501
v  0.5148 -0.8724 0.0526
v  0.4392 -1.0369 0.0501
v  0.5519 -0.7023 0.0526
v  0.4543 -0.7674 0.0526
v  0.3955 -0.9316 0.0526
v  0.2380 -0.8570 0.0526
v  0.2695 -0.9746 0.0526
v  0.3489 -0.8192 0.0526
v  0.2989 -1.0845 0.0501
v  0.3244 -1.1801 0.0428
v  0.3440 -1.2532 0.0277
v  0.5061 -1.1983 0.0277
v  0.1666 -1.2112 0.0428
v  0.1536 -1.1132 0.0501
v  0.1764 -1.2865 0.0277
v  0.0059 -1.2214 0.0428
v  0.1389 -1.0005 0.0526
v  0.0059 -1.2973 0.0277
v  -0.1547 -1.2112 0.0428
v  0.0059 -1.1227 0.0501
v  0.0059 -1.0089 0.0526
v  -0.1421 -1.1132 0.0501
v  0.1228 -0.8798 0.0526
v  0.0059 -0.8875 0.0526
v  -0.1271 -1.0005 0.0526
v  -0.2265 -0.8570 0.0526
v  -0.2576 -0.9746 0.0526
v  -0.1113 -0.8798 0.0526
v  -0.2874 -1.0845 0.0501
v  -0.3129 -1.1801 0.0428
v  -0.3325 -1.2532 0.0277
v  -0.1649 -1.2865 0.0277
v  -0.4652 -1.1279 0.0428
v  -0.4274 -1.0369 0.0501
v  -0.4942 -1.1983 0.0277
v  -0.6097 -1.0565 0.0428
v  -0.3840 -0.9316 0.0526
v  -0.6475 -1.1223 0.0277
v  -0.7434 -0.9673 0.0428
v  -0.5604 -0.9711 0.0501
v  -0.5033 -0.8724 0.0526
v  -0.6836 -0.8889 0.0501
v  -0.3374 -0.8192 0.0526
v  -0.4424 -0.7674 0.0526
v  -0.6143 -0.7986 0.0526
v  -0.6283 -0.6250 0.0526
v  -0.7144 -0.7111 0.0526
v  -0.5401 -0.7023 0.0526
v  -0.7949 -0.7916 0.0501
v  -0.8649 -0.8612 0.0428
v  -0.9184 -0.9151 0.0277
v  -0.7896 -1.0275 0.0277
v  -0.9706 -0.7401 0.0428
v  -0.8925 -0.6799 0.0501
v  -1.0308 -0.7863 0.0277
v  -1.0602 -0.6061 0.0428
v  -0.8019 -0.6106 0.0526
v  -1.1260 -0.6442 0.0277
v  -1.1316 -0.4619 0.0428
v  -0.9744 -0.5567 0.0501
v  -0.8761 -0.5000 0.0526
v  -1.0402 -0.4241 0.0501
v  -0.7056 -0.5368 0.0526
v  -0.7707 -0.4391 0.0526
v  -0.9349 -0.3803 0.0526
v  -0.8229 -0.3338 0.0526
v  -1.2016 -0.4909 0.0277
v  -1.2145 0.1699 -1.2564
v  -1.2569 0.3477 -1.2414
v  -1.1834 0.3277 -1.2564
v  -1.1165 0.1569 -1.2638
v  -1.2898 0.1800 -1.2414
v  -1.2250 0.0092 -1.2564
v  -1.0882 0.3022 -1.2638
v  -1.0038 0.1422 -1.2666
v  -1.3010 0.0092 -1.2414
v  -1.2145 -0.1514 -1.2564
v  -1.1263 0.0092 -1.2638
v  -1.0122 0.0092 -1.2666
v  -1.1165 -0.1385 -1.2638
v  -0.9779 0.2728 -1.2666
v  -0.8607 0.2413 -1.2666
v  -0.8834 0.1265 -1.2666
v  -0.8908 0.0092 -1.2666
v  -1.0038 -0.1238 -1.2666
v  -0.8607 -0.2228 -1.2666
v  -0.9779 -0.2543 -1.2666
v  -0.8834 -0.1077 -1.2666
v  -1.0882 -0.2837 -1.2638
v  -1.1834 -0.3093 -1.2564
v  -1.2569 -0.3292 -1.2414
v  -1.2898 -0.1612 -1.2414
v  -1.1316 -0.4619 -1.2564
v  -1.0402 -0.4241 -1.2638
v  -1.2016 -0.4909 -1.2414
v  -1.0602 -0.6061 -1.2564
v  -0.9349 -0.3803 -1.2666
v  -1.1260 -0.6442 -1.2414
v  -0.9706 -0.7401 -1.2564
v  -0.9744 -0.5567 -1.2638
v  -0.8761 -0.5000 -1.2666
v  -0.8925 -0.6799 -1.2638
v  -0.8229 -0.3338 -1.2666
v  -0.7707 -0.4391 -1.2666
v  -0.8019 -0.6106 -1.2666
v  -0.6283 -0.6250 -1.2666
v  -0.7144 -0.7111 -1.2666
v  -0.7056 -0.5368 -1.2666
v  -0.7949 -0.7916 -1.2638
v  -0.8649 -0.8612 -1.2564
v  -0.9184 -0.9151 -1.2414
v  -1.0308 -0.7863 -1.2414
v  -0.7434 -0.9673 -1.2564
v  -0.6836 -0.8889 -1.2638
v  -0.7896 -1.0275 -1.2414
v  -0.6097 -1.0565 -1.2564
v  -0.6143 -0.7986 -1.2666
v  -0.6475 -1.1223 -1.2414
v  -0.4652 -1.1279 -1.2564
v  -0.5604 -0.9711 -1.2638
v  -0.5033 -0.8724 -1.2666
v  -0.4274 -1.0369 -1.2638
v  -0.5401 -0.7023 -1.2666
v  -0.4424 -0.7674 -1.2666
v  -0.3840 -0.9316 -1.2666
v  -0.2265 -0.8570 -1.2666
v  -0.2576 -0.9746 -1.2666
v  -0.3374 -0.8192 -1.2666
v  -0.2874 -1.0845 -1.2638
v  -0.3129 -1.1801 -1.2564
v  -0.3325 -1.2532 -1.2414
v  -0.4942 -1.1983 -1.2414
v  -0.1547 -1.2112 -1.2564
v  -0.1421 -1.1132 -1.2638
v  -0.1649 -1.2865 -1.2414
v  0.0059 -1.2214 -1.2564
v  -0.1271 -1.0005 -1.2666
v  0.0059 -1.2973 -1.2414
v  0.1666 -1.2112 -1.2564
v  0.0059 -1.1227 -1.2638
v  0.0059 -1.0089 -1.2666
v  0.1536 -1.1132 -1.2638
v  -0.1113 -0.8798 -1.2666
v  0.0059 -0.8875 -1.2666
v  0.1389 -1.0005 -1.2666
v  0.2380 -0.8570 -1.2666
v  0.2695 -0.9746 -1.2666
v  0.1228 -0.8798 -1.2666
v  0.2989 -1.0845 -1.2638
v  0.3244 -1.1801 -1.2564
v  0.3440 -1.2532 -1.2414
v  0.1764 -1.2865 -1.2414
v  0.4767 -1.1279 -1.2564
v  0.4392 -1.0369 -1.2638
v  0.5061 -1.1983 -1.2414
v  0.6212 -1.0565 -1.2564
v  0.3955 -0.9316 -1.2666
v  0.6590 -1.1223 -1.2414
v  0.7553 -0.9673 -1.2564
v  0.5719 -0.9711 -1.2638
v  0.5148 -0.8724 -1.2666
v  0.6951 -0.8889 -1.2638
v  0.3489 -0.8192 -1.2666
v  0.4543 -0.7674 -1.2666
v  0.6258 -0.7986 -1.2666
v  0.6401 -0.6250 -1.2666
v  0.7259 -0.7111 -1.2666
v  0.5519 -0.7023 -1.2666
v  0.8067 -0.7916 -1.2638
v  0.8764 -0.8612 -1.2564
v  0.9303 -0.9151 -1.2414
v  0.8015 -1.0275 -1.2414
v  0.9824 -0.7401 -1.2564
v  0.9040 -0.6799 -1.2638
v  1.0426 -0.7863 -1.2414
v  1.0717 -0.6061 -1.2564
v  0.8137 -0.6106 -1.2666
v  1.1375 -0.6442 -1.2414
v  1.1431 -0.4619 -1.2564
v  0.9863 -0.5567 -1.2638
v  0.8876 -0.5000 -1.2666
v  1.0517 -0.4241 -1.2638
v  0.7175 -0.5368 -1.2666
v  0.7826 -0.4391 -1.2666
v  0.9467 -0.3803 -1.2666
v  0.8722 -0.2228 -1.2666
v  0.9898 -0.2543 -1.2666
v  0.8344 -0.3338 -1.2666
v  1.0997 -0.2837 -1.2638
v  1.1949 -0.3093 -1.2564
v  1.2684 -0.3292 -1.2414
v  1.2131 -0.4909 -1.2414
v  1.2264 -0.1514 -1.2564
v  1.1284 -0.1385 -1.2638
v  1.3016 -0.1612 -1.2414
v  1.2365 0.0092 -1.2564
v  1.0153 -0.1238 -1.2666
v  1.3125 0.0092 -1.2414
v  1.2264 0.1699 -1.2564
v  1.1378 0.0092 -1.2638
v  1.0241 0.0092 -1.2666
v  1.1284 0.1569 -1.2638
v  0.8949 -0.1077 -1.2666
v  0.9026 0.0092 -1.2666
v  1.0153 0.1422 -1.2666
v  0.8722 0.2413 -1.2666
v  0.9898 0.2728 -1.2666
v  0.8949 0.1265 -1.2666
v  1.0997 0.3022 -1.2638
v  1.1949 0.3277 -1.2564
v  1.2684 0.3477 -1.2414
v  1.3016 0.1800 -1.2414
v  1.1431 0.4803 -1.2564
v  1.0517 0.4425 -1.2638
v  1.2131 0.5094 -1.2414
v  1.0717 0.6245 -1.2564
v  0.9467 0.3988 -1.2666
v  1.1375 0.6627 -1.2414
v  0.9824 0.7586 -1.2564
v  0.9863 0.5752 -1.2638
v  0.8876 0.5185 -1.2666
v  0.9040 0.6984 -1.2638
v  0.8344 0.3526 -1.2666
v  0.7826 0.4576 -1.2666
v  0.8137 0.6291 -1.2666
v  0.6401 0.6434 -1.2666
v  0.7259 0.7295 -1.2666
v  0.7175 0.5552 -1.2666
v  0.8067 0.8100 -1.2638
v  0.8764 0.8797 -1.2564
v  0.9303 0.9336 -1.2414
v  1.0426 0.8048 -1.2414
v  0.7553 0.9857 -1.2564
v  0.6951 0.9073 -1.2638
v  0.8015 1.0459 -1.2414
v  0.6212 1.0750 -1.2564
v  0.6258 0.8170 -1.2666
v  0.6590 1.1408 -1.2414
v  0.4767 1.1464 -1.2564
v  0.5719 0.9896 -1.2638
v  0.5148 0.8909 -1.2666
v  0.4392 1.0554 -1.2638
v  0.5519 0.7208 -1.2666
v  0.4543 0.7859 -1.2666
v  0.3955 0.9500 -1.2666
v  0.2380 0.8758 -1.2666
v  0.2695 0.9931 -1.2666
v  0.3489 0.8377 -1.2666
v  0.2989 1.1030 -1.2638
v  0.3244 1.1985 -1.2564
v  0.3440 1.2717 -1.2414
v  0.5061 1.2167 -1.2414
v  0.1666 1.2297 -1.2564
v  0.1536 1.1317 -1.2638
v  0.1764 1.3049 -1.2414
v  0.0059 1.2402 -1.2564
v  0.1389 1.0190 -1.2666
v  0.0059 1.3161 -1.2414
v  -0.1547 1.2297 -1.2564
v  0.0059 1.1415 -1.2638
v  0.0059 1.0274 -1.2666
v  -0.1421 1.1317 -1.2638
v  0.1228 0.8986 -1.2666
v  0.0059 0.9059 -1.2666
v  -0.1271 1.0190 -1.2666
v  -0.2265 0.8758 -1.2666
v  -0.2576 0.9931 -1.2666
v  -0.1113 0.8986 -1.2666
v  -0.2874 1.1030 -1.2638
v  -0.3129 1.1985 -1.2564
v  -0.3325 1.2717 -1.2414
v  -0.1649 1.3049 -1.2414
v  -0.4652 1.1464 -1.2564
v  -0.4274 1.0554 -1.2638
v  -0.4942 1.2167 -1.2414
v  -0.6097 1.0750 -1.2564
v  -0.3840 0.9500 -1.2666
v  -0.6475 1.1408 -1.2414
v  -0.7434 0.9857 -1.2564
v  -0.5604 0.9896 -1.2638
v  -0.5033 0.8909 -1.2666
v  -0.6836 0.9073 -1.2638
v  -0.3374 0.8377 -1.2666
v  -0.4424 0.7859 -1.2666
v  -0.6143 0.8170 -1.2666
v  -0.6283 0.6434 -1.2666
v  -0.7144 0.7295 -1.2666
v  -0.5401 0.7208 -1.2666
v  -0.7949 0.8100 -1.2638
v  -0.8649 0.8797 -1.2564
v  -0.9184 0.9336 -1.2414
v  -0.7896 1.0459 -1.2414
v  -0.9706 0.7586 -1.2564
v  -0.8925 0.6984 -1.2638
v  -1.0308 0.8048 -1.2414
v  -1.0602 0.6245 -1.2564
v  -0.8019 0.6291 -1.2666
v  -1.1260 0.6627 -1.2414
v  -1.1316 0.4803 -1.2564
v  -0.9744 0.5752 -1.2638
v  -0.8761 0.5185 -1.2666
v  -1.0402 0.4425 -1.2638
v  -0.7056 0.5552 -1.2666
v  -0.7707 0.4576 -1.2666
v  -0.9349 0.3988 -1.2666
v  -0.8229 0.3526 -1.2666
v  -1.2016 0.5094 -1.2414
v  -0.7165 -0.0408 0.0109
v  -0.6794 -0.1742 0.0067
v  -0.5446 0.0295 -0.0279
v  -0.7539 0.0915 0.0214
v  -0.4879 -0.1231 -0.0370
v  -0.3623 0.1079 -0.0612
v  -0.7889 0.2224 0.0361
v  -0.6171 0.1762 -0.0066
v  -0.4809 0.2668 -0.0279
v  -0.6930 0.3179 0.0214
v  -0.2013 0.2164 -0.0766
v  -0.2769 -0.0664 -0.0766
v  0.0059 0.0092 -0.1088
v  -0.3556 0.3708 -0.0370
v  -0.5947 0.4138 0.0109
v  -0.4956 0.5108 0.0067
v  -0.3990 0.6098 0.0109
v  -0.2517 0.4961 -0.0279
v  -0.3031 0.7082 0.0214
v  -0.0928 0.3774 -0.0612
v  -0.2072 0.8041 0.0361
v  -0.1610 0.6322 -0.0066
v  -0.0147 0.5598 -0.0279
v  -0.0763 0.7691 0.0214
v  0.0815 0.2920 -0.0766
v  0.1382 0.5031 -0.0370
v  0.0560 0.7316 0.0109
v  0.1893 0.6945 0.0067
v  0.3234 0.6599 0.0109
v  0.2989 0.4758 -0.0279
v  0.4567 0.6263 0.0214
v  0.2754 0.2787 -0.0612
v  0.5876 0.5909 0.0361
v  0.4620 0.4653 -0.0066
v  0.4725 0.3022 -0.0279
v  0.6226 0.4600 0.0214
v  0.2887 0.0852 -0.0766
v  0.4998 0.1415 -0.0370
v  0.6566 0.3270 0.0109
v  0.6909 0.1930 0.0067
v  0.7283 0.0596 0.0109
v  0.5561 -0.0111 -0.0279
v  0.7658 -0.0727 0.0214
v  0.3741 -0.0895 -0.0612
v  0.8008 -0.2036 0.0361
v  0.6289 -0.1577 -0.0066
v  0.4928 -0.2484 -0.0279
v  0.7049 -0.2995 0.0214
v  0.2128 -0.1976 -0.0766
v  0.3675 -0.3523 -0.0370
v  0.6062 -0.3954 0.0109
v  0.5075 -0.4923 0.0067
v  0.4105 -0.5914 0.0109
v  0.2635 -0.4776 -0.0279
v  0.3146 -0.6897 0.0214
v  0.1046 -0.3590 -0.0612
v  0.2187 -0.7856 0.0361
v  0.1729 -0.6138 -0.0066
v  0.0262 -0.5413 -0.0279
v  0.0878 -0.7506 0.0214
v  -0.0700 -0.2736 -0.0766
v  -0.1264 -0.4846 -0.0370
v  -0.0445 -0.7132 0.0109
v  -0.1778 -0.6761 0.0067
v  -0.3119 -0.6414 0.0109
v  -0.2870 -0.4573 -0.0279
v  -0.4452 -0.6078 0.0214
v  -0.2636 -0.2603 -0.0612
v  -0.5761 -0.5725 0.0361
v  -0.4501 -0.4468 -0.0066
v  -0.4606 -0.2837 -0.0279
v  -0.6111 -0.4416 0.0214
v  -0.6447 -0.3086 0.0109
v  -0.7165 0.0596 -1.2666
v  -0.6794 0.1930 -1.2666
v  -0.5446 -0.0111 -1.2666
v  -0.7539 -0.0727 -1.2666
v  -0.4879 0.1415 -1.2666
v  -0.3623 -0.0895 -1.2666
v  -0.7889 -0.2036 -1.2666
v  -0.6171 -0.1577 -1.2666
v  -0.4809 -0.2484 -1.2666
v  -0.6930 -0.2995 -1.2666
v  -0.2013 -0.1976 -1.2666
v  -0.2769 0.0852 -1.2666
v  0.0059 0.0092 -1.2666
v  -0.3556 -0.3523 -1.2666
v  -0.5947 -0.3954 -1.2666
v  -0.4956 -0.4923 -1.2666
v  -0.3990 -0.5914 -1.2666
v  -0.2517 -0.4776 -1.2666
v  -0.3031 -0.6897 -1.2666
v  -0.0928 -0.3590 -1.2666
v  -0.2072 -0.7856 -1.2666
v  -0.1610 -0.6138 -1.2666
v  -0.0147 -0.5413 -1.2666
v  -0.0763 -0.7506 -1.2666
v  0.0815 -0.2736 -1.2666
v  0.1382 -0.4846 -1.2666
v  0.0560 -0.7132 -1.2666
v  0.1893 -0.6761 -1.2666
v  0.3234 -0.6414 -1.2666
v  0.2989 -0.4573 -1.2666
v  0.4567 -0.6078 -1.2666
v  0.2754 -0.2603 -1.2666
v  0.5876 -0.5725 -1.2666
v  0.4620 -0.4468 -1.2666
v  0.4725 -0.2837 -1.2666
v  0.6226 -0.4416 -1.2666
v  0.2887 -0.0664 -1.2666
v  0.4998 -0.1231 -1.2666
v  0.6566 -0.3086 -1.2666
v  0.6909 -0.1742 -1.2666
v  0.7283 -0.0408 -1.2666
v  0.5561 0.0295 -1.2666
v  0.7658 0.0915 -1.2666
v  0.3741 0.1079 -1.2666
v  0.8008 0.2224 -1.2666
v  0.6289 0.1762 -1.2666
v  0.4928 0.2668 -1.2666
v  0.7049 0.3179 -1.2666
v  0.2128 0.2164 -1.2666
v  0.3675 0.3708 -1.2666
v  0.6062 0.4138 -1.2666
v  0.5075 0.5108 -1.2666
v  0.4105 0.6098 -1.2666
v  0.2635 0.4961 -1.2666
v  0.3146 0.7082 -1.2666
v  0.1046 0.3774 -1.2666
v  0.2187 0.8041 -1.2666
v  0.1729 0.6322 -1.2666
v  0.0262 0.5598 -1.2666
v  0.0878 0.7691 -1.2666
v  -0.0700 0.2920 -1.2666
v  -0.1264 0.5031 -1.2666
v  -0.0445 0.7316 -1.2666
v  -0.1778 0.6945 -1.2666
v  -0.3119 0.6599 -1.2666
v  -0.2870 0.4758 -1.2666
v  -0.4452 0.6263 -1.2666
v  -0.2636 0.2787 -1.2666
v  -0.5761 0.5909 -1.2666
v  -0.4501 0.4653 -1.2666
v  -0.4606 0.3022 -1.2666
v  -0.6111 0.4600 -1.2666
v  -0.6447 0.3270 -1.2666
v  -1.3650 -0.1714 -1.0940
v  -1.3769 0.0092 -1.0940
v  -1.3300 -0.3488 -1.0940
v  -1.3577 -0.1703 -1.1710
v  -1.3650 0.1898 -1.0940
v  -1.3227 -0.3467 -1.1710
v  -1.3349 -0.1672 -1.2165
v  -1.3692 0.0092 -1.1710
v  -1.3577 0.1888 -1.1710
v  -1.3465 0.0092 -1.2165
v  -1.3300 0.3673 -1.0940
v  -1.3227 0.3652 -1.1710
v  -1.3349 0.1860 -1.2165
v  -1.3006 0.3592 -1.2165
v  -1.3006 -0.3408 -1.2165
v  -1.3650 0.1898 -0.1196
v  -1.3769 0.0092 -0.1196
v  -1.3300 0.3673 -0.1196
v  -1.3577 0.1888 -0.0430
v  -1.3650 -0.1714 -0.1196
v  -1.3227 0.3652 -0.0430
v  -1.3349 0.1860 0.0029
v  -1.3692 0.0092 -0.0430
v  -1.3577 -0.1703 -0.0430
v  -1.3465 0.0092 0.0029
v  -1.3300 -0.3488 -0.1196
v  -1.3227 -0.3467 -0.0430
v  -1.3349 -0.1672 0.0029
v  -1.3006 -0.3408 0.0029
v  -1.3006 0.3592 0.0029
v  -1.0913 -0.8325 -1.0940
v  -1.1914 -0.6820 -1.0940
v  -0.9720 -0.9687 -1.0940
v  -1.0850 -0.8280 -1.1710
v  -1.2716 -0.5200 -1.0940
v  -0.9667 -0.9634 -1.1710
v  -1.0672 -0.8140 -1.2165
v  -1.1851 -0.6782 -1.1710
v  -1.2646 -0.5168 -1.1710
v  -1.1652 -0.6670 -1.2165
v  -1.2436 -0.5081 -1.2165
v  -0.9506 -0.9473 -1.2165
v  -1.2716 -0.5200 -0.1196
v  -1.1914 -0.6820 -0.1196
v  -1.2646 -0.5168 -0.0430
v  -1.0913 -0.8325 -0.1196
v  -1.2436 -0.5081 0.0029
v  -1.1851 -0.6782 -0.0430
v  -1.0850 -0.8280 -0.0430
v  -1.1652 -0.6670 0.0029
v  -0.9720 -0.9687 -0.1196
v  -0.9667 -0.9634 -0.0430
v  -1.0672 -0.8140 0.0029
v  -0.9506 -0.9473 0.0029
v  -0.5233 -1.2683 -1.0940
v  -0.6853 -1.1881 -1.0940
v  -0.3521 -1.3267 -1.0940
v  -0.5205 -1.2613 -1.1710
v  -0.8358 -1.0877 -1.0940
v  -0.3500 -1.3194 -1.1710
v  -0.5117 -1.2403 -1.2165
v  -0.6818 -1.1815 -1.1710
v  -0.8313 -1.0817 -1.1710
v  -0.6703 -1.1619 -1.2165
v  -0.8176 -1.0635 -1.2165
v  -0.3444 -1.2973 -1.2165
v  -0.8358 -1.0877 -0.1196
v  -0.6853 -1.1881 -0.1196
v  -0.8313 -1.0817 -0.0430
v  -0.5233 -1.2683 -0.1196
v  -0.8176 -1.0635 0.0029
v  -0.6818 -1.1815 -0.0430
v  -0.5205 -1.2613 -0.0430
v  -0.6703 -1.1619 0.0029
v  -0.3521 -1.3267 -0.1196
v  -0.3500 -1.3194 -0.0430
v  -0.5117 -1.2403 0.0029
v  -0.3444 -1.2973 0.0029
v  0.1865 -1.3617 -1.0940
v  0.0059 -1.3733 -1.0940
v  0.3636 -1.3267 -1.0940
v  0.1855 -1.3540 -1.1710
v  -0.1747 -1.3617 -1.0940
v  0.3619 -1.3194 -1.1710
v  0.1823 -1.3316 -1.2165
v  0.0059 -1.3659 -1.1710
v  -0.1736 -1.3540 -1.1710
v  0.0059 -1.3432 -1.2165
v  -0.1708 -1.3316 -1.2165
v  0.3559 -1.2973 -1.2165
v  -0.1747 -1.3617 -0.1196
v  0.0059 -1.3733 -0.1196
v  -0.1736 -1.3540 -0.0430
v  0.1865 -1.3617 -0.1196
v  -0.1708 -1.3316 0.0029
v  0.0059 -1.3659 -0.0430
v  0.1855 -1.3540 -0.0430
v  0.0059 -1.3432 0.0029
v  0.3636 -1.3267 -0.1196
v  0.3619 -1.3194 -0.0430
v  0.1823 -1.3316 0.0029
v  0.3559 -1.2973 0.0029
v  0.8477 -1.0877 -1.0940
v  0.6972 -1.1881 -1.0940
v  0.9838 -0.9687 -1.0940
v  0.8431 -1.0817 -1.1710
v  0.5351 -1.2683 -1.0940
v  0.9786 -0.9634 -1.1710
v  0.8291 -1.0635 -1.2165
v  0.6933 -1.1815 -1.1710
v  0.5320 -1.2613 -1.1710
v  0.6821 -1.1619 -1.2165
v  0.5232 -1.2403 -1.2165
v  0.9625 -0.9473 -1.2165
v  0.5351 -1.2683 -0.1196
v  0.6972 -1.1881 -0.1196
v  0.5320 -1.2613 -0.0430
v  0.8477 -1.0877 -0.1196
v  0.5232 -1.2403 0.0029
v  0.6933 -1.1815 -0.0430
v  0.8431 -1.0817 -0.0430
v  0.6821 -1.1619 0.0029
v  0.9838 -0.9687 -0.1196
v  0.9786 -0.9634 -0.0430
v  0.8291 -1.0635 0.0029
v  0.9625 -0.9473 0.0029
v  1.2834 -0.5200 -1.0940
v  1.2033 -0.6820 -1.0940
v  1.3419 -0.3488 -1.0940
v  1.2764 -0.5168 -1.1710
v  1.1028 -0.8325 -1.0940
v  1.3345 -0.3467 -1.1710
v  1.2554 -0.5081 -1.2165
v  1.1966 -0.6782 -1.1710
v  1.0969 -0.8280 -1.1710
v  1.1770 -0.6670 -1.2165
v  1.0787 -0.8140 -1.2165
v  1.3125 -0.3408 -1.2165
v  1.1028 -0.8325 -0.1196
v  1.2033 -0.6820 -0.1196
v  1.0969 -0.8280 -0.0430
v  1.2834 -0.5200 -0.1196
v  1.0787 -0.8140 0.0029
v  1.1966 -0.6782 -0.0430
v  1.2764 -0.5168 -0.0430
v  1.1770 -0.6670 0.0029
v  1.3419 -0.3488 -0.1196
v  1.3345 -0.3467 -0.0430
v  1.2554 -0.5081 0.0029
v  1.3125 -0.3408 0.0029
v  1.3769 0.1898 -1.0940
v  1.3884 0.0092 -1.0940
v  1.3419 0.3673 -1.0940
v  1.3692 0.1888 -1.1710
v  1.3769 -0.1714 -1.0940
v  1.3345 0.3652 -1.1710
v  1.3468 0.1860 -1.2165
v  1.3807 0.0092 -1.1710
v  1.3692 -0.1703 -1.1710
v  1.3580 0.0092 -1.2165
v  1.3468 -0.1672 -1.2165
v  1.3125 0.3592 -1.2165
v  1.3769 -0.1714 -0.1196
v  1.3884 0.0092 -0.1196
v  1.3692 -0.1703 -0.0430
v  1.3769 0.1898 -0.1196
v  1.3468 -0.1672 0.0029
v  1.3807 0.0092 -0.0430
v  1.3692 0.1888 -0.0430
v  1.3580 0.0092 0.0029
v  1.3419 0.3673 -0.1196
v  1.3345 0.3652 -0.0430
v  1.3468 0.1860 0.0029
v  1.3125 0.3592 0.0029
v  1.1028 0.8510 -1.0940
v  1.2033 0.7005 -1.0940
v  0.9838 0.9871 -1.0940
v  1.0969 0.8464 -1.1710
v  1.2834 0.5384 -1.0940
v  0.9786 0.9819 -1.1710
v  1.0787 0.8324 -1.2165
v  1.1966 0.6966 -1.1710
v  1.2764 0.5356 -1.1710
v  1.1770 0.6854 -1.2165
v  1.2554 0.5269 -1.2165
v  0.9625 0.9658 -1.2165
v  1.2834 0.5384 -0.1196
v  1.2033 0.7005 -0.1196
v  1.2764 0.5356 -0.0430
v  1.1028 0.8510 -0.1196
v  1.2554 0.5269 0.0029
v  1.1966 0.6966 -0.0430
v  1.0969 0.8464 -0.0430
v  1.1770 0.6854 0.0029
v  0.9838 0.9871 -0.1196
v  0.9786 0.9819 -0.0430
v  1.0787 0.8324 0.0029
v  0.9625 0.9658 0.0029
v  0.5351 1.2867 -1.0940
v  0.6972 1.2066 -1.0940
v  0.3636 1.3452 -1.0940
v  0.5320 1.2797 -1.1710
v  0.8477 1.1061 -1.0940
v  0.3619 1.3378 -1.1710
v  0.5232 1.2587 -1.2165
v  0.6933 1.1999 -1.1710
v  0.8431 1.1002 -1.1710
v  0.6821 1.1803 -1.2165
v  0.8291 1.0823 -1.2165
v  0.3559 1.3158 -1.2165
v  0.8477 1.1061 -0.1196
v  0.6972 1.2066 -0.1196
v  0.8431 1.1002 -0.0430
v  0.5351 1.2867 -0.1196
v  0.8291 1.0823 0.0029
v  0.6933 1.1999 -0.0430
v  0.5320 1.2797 -0.0430
v  0.6821 1.1803 0.0029
v  0.3636 1.3452 -0.1196
v  0.3619 1.3378 -0.0430
v  0.5232 1.2587 0.0029
v  0.3559 1.3158 0.0029
v  -0.1747 1.3802 -1.0940
v  0.0059 1.3917 -1.0940
v  -0.3521 1.3452 -1.0940
v  -0.1736 1.3728 -1.1710
v  0.1865 1.3802 -1.0940
v  -0.3500 1.3378 -1.1710
v  -0.1708 1.3501 -1.2165
v  0.0059 1.3844 -1.1710
v  0.1855 1.3728 -1.1710
v  0.0059 1.3616 -1.2165
v  0.1823 1.3501 -1.2165
v  -0.3444 1.3158 -1.2165
v  0.1865 1.3802 -0.1196
v  0.0059 1.3917 -0.1196
v  0.1855 1.3728 -0.0430
v  -0.1747 1.3802 -0.1196
v  0.1823 1.3501 0.0029
v  0.0059 1.3844 -0.0430
v  -0.1736 1.3728 -0.0430
v  0.0059 1.3616 0.0029
v  -0.3521 1.3452 -0.1196
v  -0.3500 1.3378 -0.0430
v  -0.1708 1.3501 0.0029
v  -0.3444 1.3158 0.0029
v  -0.8358 1.1061 -1.0940
v  -0.6853 1.2066 -1.0940
v  -0.9720 0.9871 -1.0940
v  -0.8313 1.1002 -1.1710
v  -0.5233 1.2867 -1.0940
v  -0.9667 0.9819 -1.1710
v  -0.8176 1.0823 -1.2165
v  -0.6818 1.1999 -1.1710
v  -0.5205 1.2797 -1.1710
v  -0.6703 1.1803 -1.2165
v  -0.5117 1.2587 -1.2165
v  -0.9506 0.9658 -1.2165
v  -0.5233 1.2867 -0.1196
v  -0.6853 1.2066 -0.1196
v  -0.5205 1.2797 -0.0430
v  -0.8358 1.1061 -0.1196
v  -0.5117 1.2587 0.0029
v  -0.6818 1.1999 -0.0430
v  -0.8313 1.1002 -0.0430
v  -0.6703 1.1803 0.0029
v  -0.9720 0.9871 -0.1196
v  -0.9667 0.9819 -0.0430
v  -0.8176 1.0823 0.0029
v  -0.9506 0.9658 0.0029
v  -1.2716 0.5384 -1.0940
v  -1.1914 0.7005 -1.0940
v  -1.2646 0.5356 -1.1710
v  -1.0913 0.8510 -1.0940
v  -1.2436 0.5269 -1.2165
v  -1.1851 0.6966 -1.1710
v  -1.0850 0.8464 -1.1710
v  -1.1652 0.6854 -1.2165
v  -1.0672 0.8324 -1.2165
v  -1.0913 0.8510 -0.1196
v  -1.1914 0.7005 -0.1196
v  -1.0850 0.8464 -0.0430
v  -1.2716 0.5384 -0.1196
v  -1.0672 0.8324 0.0029
v  -1.1851 0.6966 -0.0430
v  -1.2646 0.5356 -0.0430
v  -1.1652 0.6854 0.0029
v  -1.2436 0.5269 0.0029
v  -0.2055 0.0057 -1.1266
v  -0.1992 0.0607 -0.6369
v  -0.1992 0.0607 -1.1266
v  -0.2055 0.0057 -1.6162
v  -0.2055 0.0057 -0.6369
v  -0.1978 -0.0492 -1.1266
v  -0.1992 0.0607 -1.6162
v  -0.2055 0.0057 -2.1062
v  -0.1978 -0.0492 -0.6369
v  -0.1771 -0.1010 -1.1266
v  -0.1978 -0.0492 -1.6162
v  -0.1978 -0.0492 -2.1062
v  -0.1771 -0.1010 -1.6162
v  -0.1992 0.0607 -2.1062
v  -0.1992 0.0607 -2.5959
v  -0.2055 0.0057 -2.5959
v  -0.1978 -0.0492 -2.5959
v  -0.1771 -0.1010 -2.1062
v  -0.1439 -0.1451 -2.5959
v  -0.1439 -0.1451 -2.1062
v  -0.1771 -0.1010 -2.5959
v  -0.1439 -0.1451 -1.6162
v  -0.1439 -0.1451 -1.1266
v  -0.1439 -0.1451 -0.6369
v  -0.1771 -0.1010 -0.6369
v  -0.0998 -0.1784 -1.1266
v  -0.0998 -0.1784 -1.6162
v  -0.0998 -0.1784 -0.6369
v  -0.0483 -0.1990 -1.1266
v  -0.0998 -0.1784 -2.1062
v  -0.0483 -0.1990 -0.6369
v  0.0070 -0.2067 -1.1266
v  -0.0483 -0.1990 -1.6162
v  -0.0483 -0.1990 -2.1062
v  0.0070 -0.2067 -1.6162
v  -0.0998 -0.1784 -2.5959
v  -0.0483 -0.1990 -2.5959
v  0.0070 -0.2067 -2.1062
v  0.0619 -0.2004 -2.5959
v  0.0619 -0.2004 -2.1062
v  0.0070 -0.2067 -2.5959
v  0.0619 -0.2004 -1.6162
v  0.0619 -0.2004 -1.1266
v  0.0619 -0.2004 -0.6369
v  0.0070 -0.2067 -0.6369
v  0.1127 -0.1784 -1.1266
v  0.1127 -0.1784 -1.6162
v  0.1127 -0.1784 -0.6369
v  0.1564 -0.1444 -1.1266
v  0.1127 -0.1784 -2.1062
v  0.1564 -0.1444 -0.6369
v  0.1907 -0.1003 -1.1266
v  0.1564 -0.1444 -1.6162
v  0.1564 -0.1444 -2.1062
v  0.1907 -0.1003 -1.6162
v  0.1127 -0.1784 -2.5959
v  0.1564 -0.1444 -2.5959
v  0.1907 -0.1003 -2.1062
v  0.2124 -0.0496 -2.5959
v  0.2124 -0.0496 -2.1062
v  0.1907 -0.1003 -2.5959
v  0.2124 -0.0496 -1.6162
v  0.2124 -0.0496 -1.1266
v  0.2124 -0.0496 -0.6369
v  0.1907 -0.1003 -0.6369
v  0.2191 0.0050 -1.1266
v  0.2191 0.0050 -1.6162
v  0.2191 0.0050 -0.6369
v  0.2114 0.0603 -1.1266
v  0.2191 0.0050 -2.1062
v  0.2114 0.0603 -0.6369
v  0.1904 0.1118 -1.1266
v  0.2114 0.0603 -1.6162
v  0.2114 0.0603 -2.1062
v  0.1904 0.1118 -1.6162
v  0.2191 0.0050 -2.5959
v  0.2114 0.0603 -2.5959
v  0.1904 0.1118 -2.1062
v  0.1575 0.1562 -2.5959
v  0.1575 0.1562 -2.1062
v  0.1904 0.1118 -2.5959
v  0.1575 0.1562 -1.6162
v  0.1575 0.1562 -1.1266
v  0.1575 0.1562 -0.6369
v  0.1904 0.1118 -0.6369
v  0.1130 0.1891 -1.1266
v  0.1130 0.1891 -1.6162
v  0.1130 0.1891 -0.6369
v  0.0616 0.2101 -1.1266
v  0.1130 0.1891 -2.1062
v  0.0616 0.2101 -0.6369
v  0.0063 0.2178 -1.1266
v  0.0616 0.2101 -1.6162
v  0.0616 0.2101 -2.1062
v  0.0063 0.2178 -1.6162
v  0.1130 0.1891 -2.5959
v  0.0616 0.2101 -2.5959
v  0.0063 0.2178 -2.1062
v  -0.0483 0.2112 -2.5959
v  -0.0483 0.2112 -2.1062
v  0.0063 0.2178 -2.5959
v  -0.0483 0.2112 -1.6162
v  -0.0483 0.2112 -1.1266
v  -0.0483 0.2112 -0.6369
v  0.0063 0.2178 -0.6369
v  -0.0991 0.1895 -1.1266
v  -0.0991 0.1895 -1.6162
v  -0.0991 0.1895 -0.6369
v  -0.1432 0.1552 -1.1266
v  -0.0991 0.1895 -2.1062
v  -0.1432 0.1552 -0.6369
v  -0.1775 0.1114 -1.1266
v  -0.1432 0.1552 -1.6162
v  -0.1432 0.1552 -2.1062
v  -0.1775 0.1114 -1.6162
v  -0.0991 0.1895 -2.5959
v  -0.1432 0.1552 -2.5959
v  -0.1775 0.1114 -2.1062
v  -0.1775 0.1114 -2.5959
v  -0.1775 0.1114 -0.6369
v  0.1200 0.0316 -2.5959
v  0.1095 -0.0219 -2.5959
v  0.0210 0.0582 -2.5959
v  0.1232 0.0855 -2.5959
v  0.0066 0.0054 -2.5959
v  -0.0784 0.0848 -2.5959
v  0.1197 0.1380 -2.5959
v  0.0346 0.1104 -2.5959
v  -0.0539 0.1331 -2.5959
v  0.0483 0.1604 -2.5959
v  -0.0963 0.0330 -2.5959
v  -0.0252 0.1765 -2.5959
v  -0.1064 -0.0209 -2.5959
v  -0.0074 -0.0475 -2.5959
v  -0.1099 -0.0748 -2.5959
v  0.0917 -0.0737 -2.5959
v  -0.1064 -0.1269 -2.5959
v  -0.0214 -0.0993 -2.5959
v  0.0675 -0.1224 -2.5959
v  -0.0350 -0.1497 -2.5959
v  0.0385 -0.1658 -2.5959
v  -0.1575 0.0635 -0.6369
v  -0.1344 0.0166 -0.6369
v  -0.1068 0.1191 -0.6369
v  -0.1047 -0.0286 -0.6369
v  -0.0515 0.1695 -0.6369
v  -0.0700 0.0820 -0.6369
v  -0.0319 0.0442 -0.6369
v  -0.0046 0.1464 -0.6369
v  -0.0686 -0.0699 -0.6369
v  0.0066 0.0054 -0.6369
v  0.0406 0.1167 -0.6369
v  0.0819 0.0810 -0.6369
v  0.1179 0.0393 -0.6369
v  0.0455 -0.0331 -0.6369
v  0.1477 -0.0058 -0.6369
v  -0.0273 -0.1056 -0.6369
v  0.1708 -0.0527 -0.6369
v  0.0833 -0.0713 -0.6369
v  0.0178 -0.1353 -0.6369
v  0.1204 -0.1080 -0.6369
v  0.0647 -0.1588 -0.6369
# 1316 vertices

vn -0.9916 -0.1294 -0.0000
vn -0.9659 -0.2588 -0.0000
vn -1.0000 0.0000 -0.0000
vn -0.9916 0.1294 -0.0000
vn -0.9659 0.2588 -0.0000
vn -0.7941 -0.6078 -0.0000
vn -0.7071 -0.7071 -0.0000
vn -0.8660 -0.5000 -0.0000
vn -0.9234 -0.3837 -0.0000
vn -0.9234 -0.3838 -0.0000
vn -0.3838 -0.9234 -0.0000
vn -0.2588 -0.9659 -0.0000
vn -0.5000 -0.8660 -0.0000
vn -0.6078 -0.7941 -0.0000
vn 0.1294 -0.9916 0.0000
vn 0.2588 -0.9659 0.0000
vn -0.0000 -1.0000 -0.0000
vn -0.1294 -0.9916 -0.0000
vn 0.6078 -0.7941 0.0000
vn 0.7071 -0.7071 0.0000
vn 0.5000 -0.8660 0.0000
vn 0.3838 -0.9234 0.0000
vn 0.9234 -0.3838 0.0000
vn 0.9659 -0.2588 0.0000
vn 0.8660 -0.5000 0.0000
vn 0.7941 -0.6078 0.0000
vn 0.9916 0.1294 0.0000
vn 0.9659 0.2588 0.0000
vn 1.0000 -0.0000 0.0000
vn 0.9916 -0.1294 0.0000
vn 0.7941 0.6078 0.0000
vn 0.7071 0.7071 0.0000
vn 0.8660 0.5000 0.0000
vn 0.9234 0.3837 0.0000
vn 0.9234 0.3838 0.0000
vn 0.3838 0.9234 0.0000
vn 0.2588 0.9659 0.0000
vn 0.5000 0.8660 0.0000
vn 0.6078 0.7941 0.0000
vn -0.1294 0.9916 -0.0000
vn -0.2588 0.9659 -0.0000
vn 0.0000 1.0000 0.0000
vn 0.1294 0.9916 0.0000
vn -0.6078 0.7941 -0.0000
vn -0.7071 0.7071 -0.0000
vn -0.5000 0.8660 -0.0000
vn -0.3838 0.9234 -0.0000
vn -0.3837 0.9234 -0.0000
vn -0.9234 0.3837 -0.0000
vn -0.9234 0.3838 -0.0000
vn -0.8660 0.5000 -0.0000
vn -0.7941 0.6078 -0.0000
vn -0.1361 -0.0178 0.9905
vn -0.3350 -0.0898 0.9379
vn -0.1327 -0.0355 0.9905
vn -0.0495 -0.0065 0.9988
vn -0.3438 -0.0448 0.9380
vn -0.1373 0.0000 0.9905
vn -0.0483 -0.0129 0.9987
vn -0.0113 -0.0015 0.9999
vn -0.3467 0.0000 0.9380
vn -0.1362 0.0178 0.9905
vn -0.0499 0.0000 0.9988
vn -0.0114 0.0000 0.9999
vn -0.0495 0.0065 0.9988
vn -0.0110 -0.0030 0.9999
vn -0.0000 0.0000 1.0000
vn -0.0113 0.0015 0.9999
vn -0.0110 0.0030 0.9999
vn -0.0483 0.0129 0.9987
vn -0.1327 0.0355 0.9905
vn -0.3350 0.0898 0.9379
vn -0.3438 0.0449 0.9380
vn -0.1268 0.0527 0.9905
vn -0.0461 0.0192 0.9988
vn -0.3202 0.1331 0.9380
vn -0.1189 0.0686 0.9905
vn -0.0105 0.0044 0.9999
vn -0.3002 0.1733 0.9380
vn -0.1090 0.0835 0.9905
vn -0.0432 0.0250 0.9988
vn -0.0099 0.0057 0.9999
vn -0.0397 0.0304 0.9987
vn -0.0091 0.0069 0.9999
vn -0.0081 0.0081 0.9999
vn -0.0353 0.0353 0.9988
vn -0.0971 0.0971 0.9905
vn -0.2452 0.2452 0.9379
vn -0.2753 0.2107 0.9380
vn -0.0835 0.1090 0.9905
vn -0.0304 0.0397 0.9987
vn -0.2107 0.2753 0.9380
vn -0.0686 0.1189 0.9905
vn -0.0069 0.0091 0.9999
vn -0.1733 0.3002 0.9380
vn -0.0527 0.1268 0.9905
vn -0.0250 0.0432 0.9988
vn -0.0057 0.0099 0.9999
vn -0.0192 0.0461 0.9988
vn -0.0044 0.0105 0.9999
vn -0.0030 0.0110 0.9999
vn -0.0129 0.0483 0.9987
vn -0.0355 0.1327 0.9905
vn -0.0898 0.3350 0.9379
vn -0.1331 0.3202 0.9380
vn -0.0178 0.1361 0.9905
vn -0.0065 0.0495 0.9988
vn -0.0449 0.3438 0.9380
vn -0.0000 0.1373 0.9905
vn -0.0015 0.0113 0.9999
vn -0.0000 0.3467 0.9380
vn 0.0178 0.1361 0.9905
vn -0.0000 0.0499 0.9988
vn -0.0000 0.0114 0.9999
vn 0.0065 0.0495 0.9988
vn 0.0015 0.0113 0.9999
vn 0.0030 0.0110 0.9999
vn 0.0129 0.0483 0.9987
vn 0.0355 0.1327 0.9905
vn 0.0898 0.3350 0.9379
vn 0.0449 0.3438 0.9380
vn 0.0527 0.1268 0.9905
vn 0.0192 0.0461 0.9988
vn 0.1331 0.3202 0.9380
vn 0.0686 0.1189 0.9905
vn 0.0044 0.0105 0.9999
vn 0.1733 0.3002 0.9380
vn 0.0835 0.1090 0.9905
vn 0.0250 0.0432 0.9988
vn 0.0057 0.0099 0.9999
vn 0.0304 0.0397 0.9987
vn 0.0069 0.0091 0.9999
vn 0.0081 0.0081 0.9999
vn 0.0353 0.0353 0.9988
vn 0.0971 0.0971 0.9905
vn 0.2452 0.2452 0.9379
vn 0.2107 0.2753 0.9380
vn 0.1090 0.0835 0.9905
vn 0.0397 0.0304 0.9987
vn 0.2753 0.2107 0.9380
vn 0.1189 0.0686 0.9905
vn 0.0091 0.0069 0.9999
vn 0.3003 0.1734 0.9380
vn 0.1268 0.0527 0.9905
vn 0.0432 0.0250 0.9988
vn 0.0099 0.0057 0.9999
vn 0.0461 0.0192 0.9988
vn 0.0105 0.0044 0.9999
vn 0.0110 0.0030 0.9999
vn 0.0483 0.0129 0.9987
vn 0.1327 0.0355 0.9905
vn 0.3350 0.0898 0.9379
vn 0.3202 0.1331 0.9380
vn 0.1361 0.0178 0.9905
vn 0.0495 0.0065 0.9988
vn 0.3438 0.0449 0.9380
vn 0.1373 -0.0000 0.9905
vn 0.0113 0.0015 0.9999
vn 0.3467 -0.0000 0.9380
vn 0.1361 -0.0178 0.9905
vn 0.0499 -0.0000 0.9988
vn 0.0114 -0.0000 0.9999
vn 0.0495 -0.0065 0.9988
vn 0.0113 -0.0015 0.9999
vn 0.0110 -0.0030 0.9999
vn 0.0483 -0.0129 0.9987
vn 0.1327 -0.0355 0.9905
vn 0.3350 -0.0898 0.9379
vn 0.3438 -0.0449 0.9380
vn 0.1268 -0.0527 0.9905
vn 0.0461 -0.0192 0.9988
vn 0.3202 -0.1331 0.9380
vn 0.1189 -0.0686 0.9905
vn 0.0105 -0.0044 0.9999
vn 0.3002 -0.1733 0.9380
vn 0.1090 -0.0835 0.9905
vn 0.0432 -0.0250 0.9988
vn 0.0099 -0.0057 0.9999
vn 0.0397 -0.0304 0.9987
vn 0.0091 -0.0069 0.9999
vn 0.0081 -0.0081 0.9999
vn 0.0353 -0.0353 0.9988
vn 0.0971 -0.0971 0.9905
vn 0.2452 -0.2452 0.9379
vn 0.2753 -0.2107 0.9380
vn 0.0835 -0.1090 0.9905
vn 0.0304 -0.0397 0.9987
vn 0.2107 -0.2753 0.9380
vn 0.0686 -0.1189 0.9905
vn 0.0069 -0.0091 0.9999
vn 0.1733 -0.3002 0.9380
vn 0.0527 -0.1268 0.9905
vn 0.0250 -0.0432 0.9988
vn 0.0057 -0.0099 0.9999
vn 0.0192 -0.0461 0.9988
vn 0.0044 -0.0105 0.9999
vn 0.0030 -0.0110 0.9999
vn 0.0129 -0.0483 0.9987
vn 0.0355 -0.1327 0.9905
vn 0.0898 -0.3350 0.9379
vn 0.1331 -0.3202 0.9380
vn 0.0178 -0.1361 0.9905
vn 0.0065 -0.0495 0.9988
vn 0.0449 -0.3438 0.9380
vn -0.0000 -0.1373 0.9905
vn 0.0015 -0.0113 0.9999
vn -0.0000 -0.3467 0.9380
vn -0.0178 -0.1361 0.9905
vn -0.0000 -0.0499 0.9988
vn -0.0000 -0.0114 0.9999
vn -0.0065 -0.0495 0.9988
vn -0.0015 -0.0113 0.9999
vn -0.0030 -0.0110 0.9999
vn -0.0129 -0.0483 0.9987
vn -0.0355 -0.1327 0.9905
vn -0.0898 -0.3350 0.9379
vn -0.0449 -0.3438 0.9380
vn -0.0527 -0.1268 0.9905
vn -0.0192 -0.0461 0.9988
vn -0.1331 -0.3202 0.9380
vn -0.0686 -0.1189 0.9905
vn -0.0044 -0.0105 0.9999
vn -0.1733 -0.3002 0.9380
vn -0.0835 -0.1090 0.9905
vn -0.0250 -0.0432 0.9988
vn -0.0057 -0.0099 0.9999
vn -0.0304 -0.0397 0.9987
vn -0.0069 -0.0091 0.9999
vn -0.0081 -0.0081 0.9999
vn -0.0353 -0.0353 0.9988
vn -0.0971 -0.0971 0.9905
vn -0.2452 -0.2452 0.9379
vn -0.2107 -0.2753 0.9380
vn -0.1090 -0.0835 0.9905
vn -0.0397 -0.0304 0.9987
vn -0.2753 -0.2107 0.9380
vn -0.1189 -0.0686 0.9905
vn -0.0091 -0.0069 0.9999
vn -0.3003 -0.1733 0.9380
vn -0.1268 -0.0527 0.9905
vn -0.0432 -0.0250 0.9988
vn -0.0099 -0.0057 0.9999
vn -0.0461 -0.0192 0.9988
vn -0.0105 -0.0044 0.9999
vn -0.3202 -0.1331 0.9380
vn -0.1361 0.0178 -0.9905
vn -0.3350 0.0898 -0.9379
vn -0.1327 0.0355 -0.9905
vn -0.0495 0.0065 -0.9988
vn -0.3438 0.0449 -0.9380
vn -0.1373 0.0000 -0.9905
vn -0.0483 0.0129 -0.9987
vn -0.0113 0.0015 -0.9999
vn -0.3467 0.0000 -0.9380
vn -0.1361 -0.0178 -0.9905
vn -0.0499 0.0000 -0.9988
vn -0.0114 0.0000 -0.9999
vn -0.0495 -0.0065 -0.9988
vn -0.0110 0.0030 -0.9999
vn 0.0000 0.0000 -1.0000
vn -0.0113 -0.0015 -0.9999
vn -0.0110 -0.0030 -0.9999
vn -0.0483 -0.0129 -0.9987
vn -0.1327 -0.0355 -0.9905
vn -0.3350 -0.0898 -0.9379
vn -0.3438 -0.0448 -0.9380
vn -0.1268 -0.0527 -0.9905
vn -0.0461 -0.0192 -0.9988
vn -0.3202 -0.1331 -0.9380
vn -0.1189 -0.0686 -0.9905
vn -0.0105 -0.0044 -0.9999
vn -0.3002 -0.1733 -0.9380
vn -0.1090 -0.0835 -0.9905
vn -0.0432 -0.0250 -0.9988
vn -0.0099 -0.0057 -0.9999
vn -0.0397 -0.0304 -0.9987
vn -0.0091 -0.0069 -0.9999
vn -0.0081 -0.0081 -0.9999
vn -0.0353 -0.0353 -0.9988
vn -0.0971 -0.0971 -0.9905
vn -0.2452 -0.2452 -0.9379
vn -0.2753 -0.2107 -0.9380
vn -0.0835 -0.1090 -0.9905
vn -0.0304 -0.0397 -0.9987
vn -0.2107 -0.2753 -0.9380
vn -0.0686 -0.1189 -0.9905
vn -0.0069 -0.0091 -0.9999
vn -0.1733 -0.3002 -0.9380
vn -0.0527 -0.1268 -0.9905
vn -0.0250 -0.0432 -0.9988
vn -0.0057 -0.0099 -0.9999
vn -0.0192 -0.0461 -0.9988
vn -0.0044 -0.0105 -0.9999
vn -0.0030 -0.0110 -0.9999
vn -0.0129 -0.0483 -0.9987
vn -0.0355 -0.1327 -0.9905
vn -0.0898 -0.3350 -0.9379
vn -0.1331 -0.3202 -0.9380
vn -0.0178 -0.1361 -0.9905
vn -0.0065 -0.0495 -0.9988
vn -0.0449 -0.3438 -0.9380
vn 0.0000 -0.1373 -0.9905
vn -0.0015 -0.0113 -0.9999
vn 0.0000 -0.3467 -0.9380
vn 0.0178 -0.1361 -0.9905
vn 0.0000 -0.0499 -0.9988
vn 0.0000 -0.0114 -0.9999
vn 0.0065 -0.0495 -0.9988
vn 0.0015 -0.0113 -0.9999
vn 0.0030 -0.0110 -0.9999
vn 0.0129 -0.0483 -0.9987
vn 0.0355 -0.1327 -0.9905
vn 0.0898 -0.3350 -0.9379
vn 0.0448 -0.3438 -0.9380
vn 0.0527 -0.1268 -0.9905
vn 0.0192 -0.0461 -0.9988
vn 0.1331 -0.3202 -0.9380
vn 0.0686 -0.1189 -0.9905
vn 0.0044 -0.0105 -0.9999
vn 0.1733 -0.3002 -0.9380
vn 0.0835 -0.1090 -0.9905
vn 0.0250 -0.0432 -0.9988
vn 0.0057 -0.0099 -0.9999
vn 0.0304 -0.0397 -0.9987
vn 0.0069 -0.0091 -0.9999
vn 0.0081 -0.0081 -0.9999
vn 0.0353 -0.0353 -0.9988
vn 0.0971 -0.0971 -0.9905
vn 0.2452 -0.2452 -0.9379
vn 0.2107 -0.2753 -0.9380
vn 0.1090 -0.0835 -0.9905
vn 0.0397 -0.0304 -0.9987
vn 0.2753 -0.2107 -0.9380
vn 0.1189 -0.0686 -0.9905
vn 0.0091 -0.0069 -0.9999
vn 0.3002 -0.1733 -0.9380
vn 0.1268 -0.0527 -0.9905
vn 0.0432 -0.0250 -0.9988
vn 0.0099 -0.0057 -0.9999
vn 0.0461 -0.0192 -0.9988
vn 0.0105 -0.0044 -0.9999
vn 0.0110 -0.0030 -0.9999
vn 0.0483 -0.0129 -0.9987
vn 0.1327 -0.0355 -0.9905
vn 0.3350 -0.0898 -0.9379
vn 0.3202 -0.1331 -0.9380
vn 0.1361 -0.0178 -0.9905
vn 0.0495 -0.0065 -0.9988
vn 0.3438 -0.0449 -0.9380
vn 0.1373 -0.0000 -0.9905
vn 0.0113 -0.0015 -0.9999
vn 0.3467 -0.0000 -0.9380
vn 0.1361 0.0178 -0.9905
vn 0.0499 -0.0000 -0.9988
vn 0.0114 -0.0000 -0.9999
vn 0.0495 0.0065 -0.9988
vn 0.0113 0.0015 -0.9999
vn 0.0110 0.0030 -0.9999
vn 0.0483 0.0129 -0.9987
vn 0.1327 0.0355 -0.9905
vn 0.3350 0.0898 -0.9379
vn 0.3438 0.0449 -0.9380
vn 0.1268 0.0527 -0.9905
vn 0.0461 0.0192 -0.9988
vn 0.3202 0.1331 -0.9380
vn 0.1189 0.0686 -0.9905
vn 0.0105 0.0044 -0.9999
vn 0.3002 0.1733 -0.9380
vn 0.1090 0.0835 -0.9905
vn 0.0432 0.0250 -0.9988
vn 0.0099 0.0057 -0.9999
vn 0.0397 0.0304 -0.9987
vn 0.0091 0.0069 -0.9999
vn 0.0081 0.0081 -0.9999
vn 0.0353 0.0353 -0.9988
vn 0.0971 0.0971 -0.9905
vn 0.2452 0.2452 -0.9379
vn 0.2753 0.2107 -0.9380
vn 0.0835 0.1090 -0.9905
vn 0.0304 0.0397 -0.9987
vn 0.2107 0.2753 -0.9380
vn 0.0686 0.1189 -0.9905
vn 0.0069 0.0091 -0.9999
vn 0.1733 0.3002 -0.9380
vn 0.0527 0.1268 -0.9905
vn 0.0250 0.0432 -0.9988
vn 0.0057 0.0099 -0.9999
vn 0.0192 0.0461 -0.9988
vn 0.0044 0.0105 -0.9999
vn 0.0030 0.0110 -0.9999
vn 0.0129 0.0483 -0.9987
vn 0.0355 0.1327 -0.9905
vn 0.0898 0.3350 -0.9379
vn 0.1331 0.3202 -0.9380
vn 0.0178 0.1361 -0.9905
vn 0.0065 0.0495 -0.9988
vn 0.0449 0.3438 -0.9380
vn 0.0000 0.1373 -0.9905
vn 0.0015 0.0113 -0.9999
vn 0.0000 0.3467 -0.9380
vn -0.0178 0.1361 -0.9905
vn 0.0000 0.0499 -0.9988
vn 0.0000 0.0114 -0.9999
vn -0.0065 0.0495 -0.9988
vn -0.0015 0.0113 -0.9999
vn -0.0030 0.0110 -0.9999
vn -0.0129 0.0483 -0.9987
vn -0.0355 0.1327 -0.9905
vn -0.0898 0.3350 -0.9379
vn -0.0448 0.3438 -0.9380
vn -0.0527 0.1268 -0.9905
vn -0.0192 0.0461 -0.9988
vn -0.1331 0.3202 -0.9380
vn -0.0686 0.1189 -0.9905
vn -0.0044 0.0105 -0.9999
vn -0.1733 0.3002 -0.9380
vn -0.0835 0.1090 -0.9905
vn -0.0250 0.0432 -0.9988
vn -0.0057 0.0099 -0.9999
vn -0.0303 0.0397 -0.9988
vn -0.0069 0.0091 -0.9999
vn -0.0081 0.0081 -0.9999
vn -0.0353 0.0353 -0.9988
vn -0.0971 0.0971 -0.9905
vn -0.2452 0.2452 -0.9379
vn -0.2107 0.2753 -0.9380
vn -0.1090 0.0835 -0.9905
vn -0.0397 0.0304 -0.9987
vn -0.2753 0.2107 -0.9380
vn -0.1189 0.0686 -0.9905
vn -0.0091 0.0069 -0.9999
vn -0.3002 0.1733 -0.9380
vn -0.1268 0.0527 -0.9905
vn -0.0432 0.0250 -0.9988
vn -0.0099 0.0057 -0.9999
vn -0.0461 0.0192 -0.9988
vn -0.0105 0.0044 -0.9999
vn -0.3202 0.1331 -0.9380
vn 0.2271 0.0094 0.9738
vn 0.2246 0.0602 0.9726
vn 0.2171 0.0582 0.9744
vn 0.2038 -0.0122 0.9789
vn 0.2271 0.0274 0.9735
vn 0.2288 -0.0297 0.9730
vn 0.1877 0.0503 0.9809
vn 0.1606 -0.0430 0.9861
vn 0.2171 -0.0004 0.9761
vn 0.2198 -0.0589 0.9738
vn 0.2130 -0.0571 0.9754
vn 0.1826 -0.0914 0.9789
vn 0.2130 -0.0887 0.9730
vn 0.0978 -0.0978 0.9904
vn 0.1336 0.0358 0.9904
vn 0.1374 -0.1374 0.9809
vn 0.1919 -0.1217 0.9738
vn 0.1644 -0.1644 0.9726
vn 0.1829 -0.1373 0.9735
vn 0.1589 -0.1589 0.9744
vn 0.1883 -0.1082 0.9761
vn 0.1753 -0.0773 0.9815
vn 0.1905 -0.0207 0.9815
vn 0.1217 -0.1919 0.9738
vn 0.0914 -0.1826 0.9789
vn 0.1373 -0.1829 0.9735
vn 0.0887 -0.2130 0.9730
vn 0.0430 -0.1606 0.9861
vn 0.1082 -0.1883 0.9761
vn 0.0589 -0.2197 0.9738
vn 0.0571 -0.2130 0.9754
vn 0.0122 -0.2038 0.9789
vn 0.0297 -0.2288 0.9730
vn -0.0358 -0.1336 0.9904
vn -0.0503 -0.1877 0.9809
vn -0.0094 -0.2271 0.9738
vn -0.0602 -0.2246 0.9726
vn -0.0274 -0.2271 0.9735
vn -0.0582 -0.2171 0.9744
vn 0.0004 -0.2171 0.9761
vn 0.0207 -0.1905 0.9815
vn 0.0773 -0.1753 0.9815
vn -0.1054 -0.2014 0.9738
vn -0.1125 -0.1704 0.9789
vn -0.0898 -0.2104 0.9735
vn -0.1401 -0.1833 0.9730
vn -0.1176 -0.1176 0.9861
vn -0.1089 -0.1878 0.9761
vn -0.1609 -0.1609 0.9738
vn -0.1559 -0.1559 0.9754
vn -0.1704 -0.1125 0.9789
vn -0.1833 -0.1401 0.9730
vn -0.1336 -0.0358 0.9904
vn -0.1877 -0.0503 0.9809
vn -0.2014 -0.1054 0.9738
vn -0.2246 -0.0602 0.9726
vn -0.2104 -0.0898 0.9735
vn -0.2171 -0.0582 0.9744
vn -0.1878 -0.1089 0.9761
vn -0.1546 -0.1132 0.9815
vn -0.1132 -0.1546 0.9815
vn -0.2271 -0.0094 0.9738
vn -0.2038 0.0122 0.9789
vn -0.2271 -0.0274 0.9735
vn -0.2288 0.0297 0.9730
vn -0.1606 0.0430 0.9861
vn -0.2171 0.0004 0.9761
vn -0.2197 0.0589 0.9738
vn -0.2130 0.0571 0.9754
vn -0.1826 0.0914 0.9789
vn -0.2130 0.0887 0.9730
vn -0.0978 0.0978 0.9904
vn -0.1374 0.1374 0.9809
vn -0.1919 0.1217 0.9738
vn -0.1644 0.1644 0.9726
vn -0.1829 0.1373 0.9735
vn -0.1589 0.1589 0.9744
vn -0.1883 0.1082 0.9761
vn -0.1753 0.0773 0.9815
vn -0.1905 0.0207 0.9815
vn -0.1217 0.1919 0.9738
vn -0.0914 0.1826 0.9789
vn -0.1373 0.1829 0.9735
vn -0.0887 0.2130 0.9730
vn -0.0430 0.1606 0.9861
vn -0.1082 0.1883 0.9761
vn -0.0589 0.2197 0.9738
vn -0.0571 0.2130 0.9754
vn -0.0122 0.2038 0.9789
vn -0.0297 0.2288 0.9730
vn 0.0358 0.1336 0.9904
vn 0.0503 0.1877 0.9809
vn 0.0094 0.2271 0.9738
vn 0.0602 0.2246 0.9726
vn 0.0274 0.2271 0.9735
vn 0.0582 0.2171 0.9744
vn -0.0004 0.2171 0.9761
vn -0.0207 0.1905 0.9815
vn -0.0773 0.1753 0.9815
vn 0.1054 0.2014 0.9738
vn 0.1125 0.1704 0.9789
vn 0.0898 0.2104 0.9735
vn 0.1401 0.1833 0.9730
vn 0.1176 0.1176 0.9861
vn 0.1089 0.1878 0.9761
vn 0.1609 0.1609 0.9738
vn 0.1559 0.1559 0.9754
vn 0.1704 0.1125 0.9789
vn 0.1833 0.1401 0.9730
vn 0.2014 0.1054 0.9738
vn 0.2104 0.0898 0.9735
vn 0.1878 0.1089 0.9761
vn 0.1546 0.1132 0.9815
vn 0.1132 0.1546 0.9815
vn -0.9904 -0.1292 -0.0491
vn -0.9988 0.0000 -0.0491
vn -0.9648 -0.2585 -0.0492
vn -0.9533 -0.1244 -0.2753
vn -0.9904 0.1292 -0.0491
vn -0.9286 -0.2488 -0.2753
vn -0.7202 -0.0940 -0.6874
vn -0.9614 0.0000 -0.2753
vn -0.9533 0.1244 -0.2753
vn -0.7262 0.0000 -0.6874
vn -0.9648 0.2585 -0.0491
vn -0.9286 0.2488 -0.2753
vn -0.7202 0.0940 -0.6874
vn -0.7016 0.1880 -0.6873
vn -0.7016 -0.1880 -0.6873
vn -0.9904 0.1292 0.0491
vn -0.9988 0.0000 0.0491
vn -0.9648 0.2585 0.0491
vn -0.9533 0.1244 0.2753
vn -0.9904 -0.1292 0.0491
vn -0.9286 0.2488 0.2753
vn -0.7202 0.0940 0.6874
vn -0.9614 0.0000 0.2753
vn -0.9533 -0.1244 0.2753
vn -0.7262 0.0000 0.6874
vn -0.9648 -0.2585 0.0492
vn -0.9286 -0.2488 0.2753
vn -0.7202 -0.0940 0.6874
vn -0.7016 -0.1880 0.6873
vn -0.7016 0.1880 0.6873
vn -0.7931 -0.6071 -0.0491
vn -0.8650 -0.4994 -0.0491
vn -0.7063 -0.7063 -0.0491
vn -0.7634 -0.5844 -0.2753
vn -0.9223 -0.3833 -0.0491
vn -0.6798 -0.6798 -0.2753
vn -0.5767 -0.4415 -0.6874
vn -0.8326 -0.4807 -0.2753
vn -0.8878 -0.3689 -0.2753
vn -0.6290 -0.3631 -0.6874
vn -0.6707 -0.2787 -0.6874
vn -0.5136 -0.5136 -0.6873
vn -0.9223 -0.3833 0.0491
vn -0.8650 -0.4994 0.0491
vn -0.8878 -0.3689 0.2753
vn -0.7931 -0.6071 0.0491
vn -0.6707 -0.2787 0.6874
vn -0.8326 -0.4807 0.2753
vn -0.7634 -0.5844 0.2753
vn -0.6290 -0.3631 0.6874
vn -0.7063 -0.7063 0.0492
vn -0.6798 -0.6798 0.2753
vn -0.5767 -0.4415 0.6874
vn -0.5136 -0.5136 0.6873
vn -0.3833 -0.9223 -0.0491
vn -0.4994 -0.8650 -0.0491
vn -0.2585 -0.9648 -0.0491
vn -0.3689 -0.8878 -0.2753
vn -0.6071 -0.7931 -0.0491
vn -0.2488 -0.9286 -0.2753
vn -0.2787 -0.6707 -0.6874
vn -0.4807 -0.8326 -0.2753
vn -0.5844 -0.7634 -0.2753
vn -0.3631 -0.6289 -0.6874
vn -0.4415 -0.5767 -0.6874
vn -0.1880 -0.7016 -0.6873
vn -0.6071 -0.7931 0.0491
vn -0.4994 -0.8650 0.0491
vn -0.5844 -0.7634 0.2753
vn -0.3833 -0.9223 0.0491
vn -0.4415 -0.5767 0.6874
vn -0.4807 -0.8326 0.2753
vn -0.3689 -0.8878 0.2753
vn -0.3631 -0.6290 0.6874
vn -0.2585 -0.9648 0.0491
vn -0.2488 -0.9286 0.2753
vn -0.2787 -0.6707 0.6874
vn -0.1880 -0.7016 0.6873
vn 0.1292 -0.9904 -0.0491
vn -0.0000 -0.9988 -0.0491
vn 0.2585 -0.9648 -0.0492
vn 0.1244 -0.9533 -0.2753
vn -0.1292 -0.9904 -0.0491
vn 0.2488 -0.9286 -0.2753
vn 0.0940 -0.7202 -0.6874
vn -0.0000 -0.9614 -0.2753
vn -0.1244 -0.9533 -0.2753
vn -0.0000 -0.7262 -0.6874
vn -0.0940 -0.7202 -0.6874
vn 0.1880 -0.7016 -0.6873
vn -0.1292 -0.9904 0.0491
vn -0.0000 -0.9988 0.0491
vn -0.1244 -0.9533 0.2753
vn 0.1292 -0.9904 0.0491
vn -0.0940 -0.7202 0.6874
vn -0.0000 -0.9614 0.2753
vn 0.1244 -0.9533 0.2753
vn -0.0000 -0.7262 0.6874
vn 0.2585 -0.9648 0.0491
vn 0.2488 -0.9286 0.2753
vn 0.0940 -0.7202 0.6874
vn 0.1880 -0.7016 0.6873
vn 0.6071 -0.7931 -0.0491
vn 0.4994 -0.8650 -0.0491
vn 0.7063 -0.7063 -0.0491
vn 0.5844 -0.7634 -0.2753
vn 0.3833 -0.9223 -0.0491
vn 0.6798 -0.6798 -0.2753
vn 0.4415 -0.5767 -0.6874
vn 0.4807 -0.8326 -0.2753
vn 0.3689 -0.8878 -0.2753
vn 0.3631 -0.6289 -0.6874
vn 0.2787 -0.6707 -0.6874
vn 0.5136 -0.5136 -0.6873
vn 0.3833 -0.9223 0.0491
vn 0.4994 -0.8650 0.0491
vn 0.3689 -0.8878 0.2753
vn 0.6071 -0.7931 0.0491
vn 0.2787 -0.6707 0.6874
vn 0.4807 -0.8326 0.2753
vn 0.5844 -0.7634 0.2753
vn 0.3631 -0.6289 0.6874
vn 0.7063 -0.7063 0.0491
vn 0.6798 -0.6798 0.2753
vn 0.4415 -0.5767 0.6874
vn 0.5136 -0.5136 0.6873
vn 0.9223 -0.3833 -0.0491
vn 0.8650 -0.4994 -0.0491
vn 0.9648 -0.2585 -0.0491
vn 0.8878 -0.3689 -0.2753
vn 0.7931 -0.6071 -0.0491
vn 0.9286 -0.2488 -0.2753
vn 0.6707 -0.2787 -0.6874
vn 0.8326 -0.4807 -0.2753
vn 0.7634 -0.5844 -0.2753
vn 0.6289 -0.3631 -0.6874
vn 0.5767 -0.4415 -0.6874
vn 0.7016 -0.1880 -0.6873
vn 0.7931 -0.6071 0.0491
vn 0.8650 -0.4994 0.0491
vn 0.7634 -0.5844 0.2753
vn 0.9223 -0.3833 0.0491
vn 0.5767 -0.4415 0.6874
vn 0.8326 -0.4807 0.2753
vn 0.8878 -0.3689 0.2753
vn 0.6289 -0.3631 0.6874
vn 0.9648 -0.2585 0.0491
vn 0.9286 -0.2488 0.2753
vn 0.6707 -0.2787 0.6874
vn 0.7016 -0.1880 0.6873
vn 0.9904 0.1292 -0.0491
vn 0.9988 -0.0000 -0.0491
vn 0.9648 0.2585 -0.0491
vn 0.9533 0.1244 -0.2753
vn 0.9904 -0.1292 -0.0491
vn 0.9286 0.2488 -0.2753
vn 0.7202 0.0940 -0.6874
vn 0.9614 -0.0000 -0.2753
vn 0.9533 -0.1244 -0.2753
vn 0.7262 -0.0000 -0.6874
vn 0.7202 -0.0940 -0.6874
vn 0.7016 0.1880 -0.6873
vn 0.9904 -0.1292 0.0491
vn 0.9988 -0.0000 0.0491
vn 0.9533 -0.1244 0.2753
vn 0.9904 0.1292 0.0491
vn 0.7202 -0.0940 0.6874
vn 0.9614 -0.0000 0.2753
vn 0.9533 0.1244 0.2753
vn 0.7262 -0.0000 0.6874
vn 0.9648 0.2585 0.0491
vn 0.9286 0.2488 0.2753
vn 0.7202 0.0940 0.6874
vn 0.7016 0.1880 0.6873
vn 0.7931 0.6071 -0.0491
vn 0.8650 0.4994 -0.0491
vn 0.7063 0.7063 -0.0491
vn 0.7634 0.5844 -0.2753
vn 0.9223 0.3833 -0.0491
vn 0.6798 0.6798 -0.2753
vn 0.5767 0.4415 -0.6874
vn 0.8326 0.4807 -0.2753
vn 0.8878 0.3689 -0.2753
vn 0.6289 0.3631 -0.6874
vn 0.6707 0.2787 -0.6874
vn 0.5136 0.5136 -0.6873
vn 0.9223 0.3833 0.0491
vn 0.8650 0.4994 0.0491
vn 0.8878 0.3689 0.2753
vn 0.7931 0.6071 0.0491
vn 0.6707 0.2787 0.6874
vn 0.8326 0.4807 0.2753
vn 0.7634 0.5844 0.2753
vn 0.6290 0.3631 0.6874
vn 0.7063 0.7063 0.0492
vn 0.6798 0.6798 0.2753
vn 0.5767 0.4415 0.6874
vn 0.5136 0.5136 0.6873
vn 0.3833 0.9223 -0.0491
vn 0.4994 0.8650 -0.0491
vn 0.2585 0.9648 -0.0491
vn 0.3689 0.8878 -0.2753
vn 0.6071 0.7931 -0.0491
vn 0.2488 0.9286 -0.2753
vn 0.2787 0.6707 -0.6874
vn 0.4807 0.8326 -0.2753
vn 0.5844 0.7634 -0.2753
vn 0.3631 0.6289 -0.6874
vn 0.4415 0.5767 -0.6874
vn 0.1880 0.7016 -0.6873
vn 0.6071 0.7931 0.0491
vn 0.4994 0.8650 0.0491
vn 0.5844 0.7634 0.2753
vn 0.3833 0.9223 0.0491
vn 0.4415 0.5767 0.6874
vn 0.4807 0.8326 0.2753
vn 0.3689 0.8878 0.2753
vn 0.3631 0.6289 0.6874
vn 0.2585 0.9648 0.0492
vn 0.2488 0.9286 0.2753
vn 0.2787 0.6707 0.6874
vn 0.1880 0.7016 0.6873
vn -0.1292 0.9904 -0.0491
vn 0.0000 0.9988 -0.0491
vn -0.2585 0.9648 -0.0491
vn -0.1244 0.9533 -0.2753
vn 0.1292 0.9904 -0.0491
vn -0.2488 0.9286 -0.2753
vn -0.0940 0.7202 -0.6874
vn 0.0000 0.9614 -0.2753
vn 0.1244 0.9533 -0.2753
vn 0.0000 0.7262 -0.6874
vn 0.0940 0.7202 -0.6874
vn -0.1880 0.7016 -0.6873
vn 0.1292 0.9904 0.0491
vn 0.0000 0.9988 0.0491
vn 0.1244 0.9533 0.2753
vn -0.1292 0.9904 0.0491
vn 0.0940 0.7202 0.6874
vn 0.0000 0.9614 0.2753
vn -0.1244 0.9533 0.2753
vn 0.0000 0.7262 0.6874
vn -0.2585 0.9648 0.0491
vn -0.2488 0.9286 0.2753
vn -0.0940 0.7202 0.6874
vn -0.1880 0.7016 0.6873
vn -0.6071 0.7931 -0.0491
vn -0.4994 0.8650 -0.0491
vn -0.7063 0.7063 -0.0491
vn -0.5844 0.7634 -0.2753
vn -0.3833 0.9223 -0.0491
vn -0.6798 0.6798 -0.2753
vn -0.4415 0.5767 -0.6874
vn -0.4807 0.8326 -0.2753
vn -0.3689 0.8878 -0.2753
vn -0.3631 0.6289 -0.6874
vn -0.2787 0.6707 -0.6874
vn -0.5136 0.5136 -0.6873
vn -0.3833 0.9223 0.0491
vn -0.4994 0.8650 0.0491
vn -0.3689 0.8878 0.2753
vn -0.6071 0.7931 0.0491
vn -0.2787 0.6707 0.6874
vn -0.4807 0.8326 0.2753
vn -0.5844 0.7634 0.2753
vn -0.3631 0.6289 0.6874
vn -0.7063 0.7063 0.0491
vn -0.6798 0.6798 0.2753
vn -0.4415 0.5767 0.6874
vn -0.5136 0.5136 0.6873
vn -0.9223 0.3833 -0.0491
vn -0.8650 0.4994 -0.0491
vn -0.8878 0.3689 -0.2753
vn -0.7931 0.6071 -0.0491
vn -0.6707 0.2787 -0.6874
vn -0.8326 0.4807 -0.2753
vn -0.7634 0.5844 -0.2753
vn -0.6289 0.3631 -0.6874
vn -0.5767 0.4415 -0.6874
vn -0.7931 0.6071 0.0491
vn -0.8650 0.4994 0.0491
vn -0.7634 0.5844 0.2753
vn -0.9223 0.3833 0.0491
vn -0.5767 0.4415 0.6874
vn -0.8326 0.4807 0.2753
vn -0.8878 0.3689 0.2753
vn -0.6289 0.3631 0.6874
vn -0.6707 0.2787 0.6874
vn -0.9999 -0.0101 -0.0000
vn -0.8710 -0.4912 -0.0000
vn -0.4912 -0.8710 -0.0000
vn -0.0101 -0.9999 -0.0000
vn 0.5087 -0.8609 0.0000
vn 0.8609 -0.5087 0.0000
vn 0.9999 0.0101 0.0000
vn 0.8710 0.4912 0.0000
vn 0.4912 0.8710 0.0000
vn 0.0101 0.9999 0.0000
vn -0.5087 0.8609 -0.0000
vn -0.5088 0.8609 -0.0000
vn -0.8609 0.5087 -0.0000
# 853 vertex normals

vt 0.6060 0.0395 1.0000
vt 0.5976 0.0305 1.0000
vt 0.6060 0.0305 1.0000
vt 0.6146 0.0395 1.0000
vt 0.5976 0.0395 1.0000
vt 0.6060 0.0500 1.0000
vt 0.6146 0.0305 1.0000
vt 0.6230 0.0395 1.0000
vt 0.5976 0.0500 1.0000
vt 0.6060 0.0604 1.0000
vt 0.6146 0.0500 1.0000
vt 0.6230 0.0500 1.0000
vt 0.6146 0.0604 1.0000
vt 0.6230 0.0305 1.0000
vt 0.6315 0.0305 1.0000
vt 0.6315 0.0395 1.0000
vt 0.6315 0.0500 1.0000
vt 0.6230 0.0604 1.0000
vt 0.6315 0.0693 1.0000
vt 0.6230 0.0693 1.0000
vt 0.6315 0.0604 1.0000
vt 0.6146 0.0693 1.0000
vt 0.6060 0.0693 1.0000
vt 0.5976 0.0693 1.0000
vt 0.5976 0.0604 1.0000
vt 0.5723 0.0395 1.0000
vt 0.5638 0.0305 1.0000
vt 0.5723 0.0305 1.0000
vt 0.5807 0.0395 1.0000
vt 0.5638 0.0395 1.0000
vt 0.5723 0.0500 1.0000
vt 0.5807 0.0305 1.0000
vt 0.5892 0.0395 1.0000
vt 0.5638 0.0500 1.0000
vt 0.5723 0.0604 1.0000
vt 0.5807 0.0500 1.0000
vt 0.5892 0.0500 1.0000
vt 0.5807 0.0604 1.0000
vt 0.5892 0.0305 1.0000
vt 0.5892 0.0604 1.0000
vt 0.5892 0.0693 1.0000
vt 0.5807 0.0693 1.0000
vt 0.5723 0.0693 1.0000
vt 0.5638 0.0693 1.0000
vt 0.5638 0.0604 1.0000
vt 0.5385 0.0395 1.0000
vt 0.5301 0.0305 1.0000
vt 0.5385 0.0305 1.0000
vt 0.5470 0.0395 1.0000
vt 0.5301 0.0395 1.0000
vt 0.5385 0.0500 1.0000
vt 0.5470 0.0305 1.0000
vt 0.5554 0.0395 1.0000
vt 0.5301 0.0500 1.0000
vt 0.5385 0.0604 1.0000
vt 0.5470 0.0500 1.0000
vt 0.5554 0.0500 1.0000
vt 0.5470 0.0604 1.0000
vt 0.5554 0.0305 1.0000
vt 0.5554 0.0604 1.0000
vt 0.5554 0.0693 1.0000
vt 0.5470 0.0693 1.0000
vt 0.5385 0.0693 1.0000
vt 0.5301 0.0693 1.0000
vt 0.5301 0.0604 1.0000
vt 0.5048 0.0395 1.0000
vt 0.4963 0.0305 1.0000
vt 0.5048 0.0305 1.0000
vt 0.5132 0.0395 1.0000
vt 0.4963 0.0395 1.0000
vt 0.5048 0.0500 1.0000
vt 0.5132 0.0305 1.0000
vt 0.5216 0.0395 1.0000
vt 0.4963 0.0500 1.0000
vt 0.5048 0.0604 1.0000
vt 0.5132 0.0500 1.0000
vt 0.5216 0.0500 1.0000
vt 0.5132 0.0604 1.0000
vt 0.5216 0.0305 1.0000
vt 0.5216 0.0604 1.0000
vt 0.5216 0.0693 1.0000
vt 0.5132 0.0693 1.0000
vt 0.5048 0.0693 1.0000
vt 0.4963 0.0693 1.0000
vt 0.4963 0.0604 1.0000
vt 0.4710 0.0395 1.0000
vt 0.4626 0.0305 1.0000
vt 0.4710 0.0305 1.0000
vt 0.4794 0.0395 1.0000
vt 0.4626 0.0395 1.0000
vt 0.4710 0.0500 1.0000
vt 0.4794 0.0305 1.0000
vt 0.4879 0.0395 1.0000
vt 0.4626 0.0500 1.0000
vt 0.4710 0.0604 1.0000
vt 0.4794 0.0500 1.0000
vt 0.4879 0.0500 1.0000
vt 0.4794 0.0604 1.0000
vt 0.4879 0.0305 1.0000
vt 0.4879 0.0604 1.0000
vt 0.4879 0.0693 1.0000
vt 0.4794 0.0693 1.0000
vt 0.4710 0.0693 1.0000
vt 0.4626 0.0693 1.0000
vt 0.4626 0.0604 1.0000
vt 0.4372 0.0395 1.0000
vt 0.4288 0.0305 1.0000
vt 0.4372 0.0305 1.0000
vt 0.4457 0.0395 1.0000
vt 0.4288 0.0395 1.0000
vt 0.4372 0.0500 1.0000
vt 0.4457 0.0305 1.0000
vt 0.4541 0.0395 1.0000
vt 0.4288 0.0500 1.0000
vt 0.4372 0.0604 1.0000
vt 0.4457 0.0500 1.0000
vt 0.4541 0.0500 1.0000
vt 0.4457 0.0604 1.0000
vt 0.4541 0.0305 1.0000
vt 0.4541 0.0604 1.0000
vt 0.4541 0.0693 1.0000
vt 0.4457 0.0693 1.0000
vt 0.4372 0.0693 1.0000
vt 0.4288 0.0693 1.0000
vt 0.4288 0.0604 1.0000
vt 0.4035 0.0395 1.0000
vt 0.3950 0.0305 1.0000
vt 0.4035 0.0305 1.0000
vt 0.4119 0.0395 1.0000
vt 0.3950 0.0395 1.0000
vt 0.4035 0.0500 1.0000
vt 0.4119 0.0305 1.0000
vt 0.4204 0.0395 1.0000
vt 0.3950 0.0500 1.0000
vt 0.4035 0.0604 1.0000
vt 0.4119 0.0500 1.0000
vt 0.4204 0.0500 1.0000
vt 0.4119 0.0604 1.0000
vt 0.4204 0.0305 1.0000
vt 0.4204 0.0604 1.0000
vt 0.4204 0.0693 1.0000
vt 0.4119 0.0693 1.0000
vt 0.4035 0.0693 1.0000
vt 0.3950 0.0693 1.0000
vt 0.3950 0.0604 1.0000
vt 0.3697 0.0395 1.0000
vt 0.3613 0.0305 1.0000
vt 0.3697 0.0305 1.0000
vt 0.3782 0.0395 1.0000
vt 0.3613 0.0395 1.0000
vt 0.3697 0.0500 1.0000
vt 0.3782 0.0305 1.0000
vt 0.3866 0.0395 1.0000
vt 0.3613 0.0500 1.0000
vt 0.3697 0.0604 1.0000
vt 0.3782 0.0500 1.0000
vt 0.3866 0.0500 1.0000
vt 0.3782 0.0604 1.0000
vt 0.3866 0.0305 1.0000
vt 0.3866 0.0604 1.0000
vt 0.3866 0.0693 1.0000
vt 0.3782 0.0693 1.0000
vt 0.3697 0.0693 1.0000
vt 0.3613 0.0693 1.0000
vt 0.3613 0.0604 1.0000
vt 0.3358 0.0395 1.0000
vt 0.3274 0.0305 1.0000
vt 0.3358 0.0305 1.0000
vt 0.3443 0.0395 1.0000
vt 0.3274 0.0395 1.0000
vt 0.3358 0.0500 1.0000
vt 0.3443 0.0305 1.0000
vt 0.3527 0.0395 1.0000
vt 0.3274 0.0500 1.0000
vt 0.3358 0.0604 1.0000
vt 0.3443 0.0500 1.0000
vt 0.3527 0.0500 1.0000
vt 0.3443 0.0604 1.0000
vt 0.3527 0.0305 1.0000
vt 0.3527 0.0604 1.0000
vt 0.3527 0.0693 1.0000
vt 0.3443 0.0693 1.0000
vt 0.3358 0.0693 1.0000
vt 0.3274 0.0693 1.0000
vt 0.3274 0.0604 1.0000
vt 0.3021 0.0382 1.0000
vt 0.2936 0.0236 1.0000
vt 0.3021 0.0284 1.0000
vt 0.3105 0.0392 1.0000
vt 0.2936 0.0367 1.0000
vt 0.3021 0.0500 1.0000
vt 0.3105 0.0300 1.0000
vt 0.3190 0.0395 1.0000
vt 0.2936 0.0500 1.0000
vt 0.3021 0.0617 1.0000
vt 0.3105 0.0500 1.0000
vt 0.3190 0.0500 1.0000
vt 0.3105 0.0606 1.0000
vt 0.3190 0.0305 1.0000
vt 0.3190 0.0604 1.0000
vt 0.3190 0.0693 1.0000
vt 0.3105 0.0698 1.0000
vt 0.3021 0.0714 1.0000
vt 0.2936 0.0763 1.0000
vt 0.2936 0.0631 1.0000
vt 0.6737 0.0395 1.0000
vt 0.6652 0.0305 1.0000
vt 0.6737 0.0305 1.0000
vt 0.6821 0.0392 1.0000
vt 0.6652 0.0395 1.0000
vt 0.6737 0.0500 1.0000
vt 0.6821 0.0300 1.0000
vt 0.6906 0.0382 1.0000
vt 0.6652 0.0500 1.0000
vt 0.6737 0.0604 1.0000
vt 0.6821 0.0500 1.0000
vt 0.6906 0.0500 1.0000
vt 0.6821 0.0606 1.0000
vt 0.6906 0.0284 1.0000
vt 0.6990 0.0236 1.0000
vt 0.6990 0.0367 1.0000
vt 0.6990 0.0500 1.0000
vt 0.6906 0.0617 1.0000
vt 0.6990 0.0763 1.0000
vt 0.6906 0.0714 1.0000
vt 0.6990 0.0631 1.0000
vt 0.6821 0.0698 1.0000
vt 0.6737 0.0693 1.0000
vt 0.6652 0.0693 1.0000
vt 0.6652 0.0604 1.0000
vt 0.6399 0.0395 1.0000
vt 0.6399 0.0305 1.0000
vt 0.6484 0.0395 1.0000
vt 0.6399 0.0500 1.0000
vt 0.6484 0.0305 1.0000
vt 0.6568 0.0395 1.0000
vt 0.6399 0.0604 1.0000
vt 0.6484 0.0500 1.0000
vt 0.6568 0.0500 1.0000
vt 0.6484 0.0604 1.0000
vt 0.6568 0.0305 1.0000
vt 0.6568 0.0604 1.0000
vt 0.6568 0.0693 1.0000
vt 0.6484 0.0693 1.0000
vt 0.6399 0.0693 1.0000
vt 0.1922 0.3590 0.0000
vt 0.1718 0.2970 0.0000
vt 0.2099 0.3192 0.0000
vt 0.2232 0.3723 0.0000
vt 0.1594 0.3458 0.0000
vt 0.1789 0.4025 0.0000
vt 0.2409 0.3369 0.0000
vt 0.2533 0.3847 0.0000
vt 0.1461 0.3936 0.0000
vt 0.1691 0.4459 0.0000
vt 0.2116 0.4113 0.0000
vt 0.2427 0.4193 0.0000
vt 0.2028 0.4503 0.0000
vt 0.2675 0.3520 0.0000
vt 0.2896 0.3653 0.0000
vt 0.2808 0.3963 0.0000
vt 0.2728 0.4273 0.0000
vt 0.2338 0.4548 0.0000
vt 0.2560 0.4902 0.0000
vt 0.2311 0.4902 0.0000
vt 0.2639 0.4583 0.0000
vt 0.1992 0.4902 0.0000
vt 0.1638 0.4902 0.0000
vt 0.1204 0.4902 0.0000
vt 0.1337 0.4415 0.0000
vt 0.1691 0.5336 0.0000
vt 0.2028 0.5301 0.0000
vt 0.1337 0.5381 0.0000
vt 0.1789 0.5779 0.0000
vt 0.2338 0.5257 0.0000
vt 0.1461 0.5868 0.0000
vt 0.1922 0.6205 0.0000
vt 0.2116 0.5691 0.0000
vt 0.2427 0.5611 0.0000
vt 0.2232 0.6072 0.0000
vt 0.2639 0.5212 0.0000
vt 0.2728 0.5522 0.0000
vt 0.2533 0.5948 0.0000
vt 0.2896 0.6152 0.0000
vt 0.2675 0.6276 0.0000
vt 0.2808 0.5842 0.0000
vt 0.2409 0.6435 0.0000
vt 0.2099 0.6613 0.0000
vt 0.1718 0.6825 0.0000
vt 0.1594 0.6347 0.0000
vt 0.2356 0.6967 0.0000
vt 0.2630 0.6763 0.0000
vt 0.2072 0.7180 0.0000
vt 0.2666 0.7295 0.0000
vt 0.2888 0.6568 0.0000
vt 0.2427 0.7534 0.0000
vt 0.2994 0.7605 0.0000
vt 0.2905 0.7056 0.0000
vt 0.3127 0.6834 0.0000
vt 0.3198 0.7330 0.0000
vt 0.3127 0.6382 0.0000
vt 0.3348 0.6613 0.0000
vt 0.3393 0.7073 0.0000
vt 0.3809 0.7065 0.0000
vt 0.3685 0.7286 0.0000
vt 0.3579 0.6834 0.0000
vt 0.3526 0.7552 0.0000
vt 0.3348 0.7862 0.0000
vt 0.3136 0.8243 0.0000
vt 0.2781 0.7889 0.0000
vt 0.3756 0.8039 0.0000
vt 0.3889 0.7729 0.0000
vt 0.3614 0.8367 0.0000
vt 0.4181 0.8172 0.0000
vt 0.4013 0.7437 0.0000
vt 0.4093 0.8500 0.0000
vt 0.4625 0.8279 0.0000
vt 0.4270 0.7844 0.0000
vt 0.4359 0.7534 0.0000
vt 0.4660 0.7933 0.0000
vt 0.4119 0.7153 0.0000
vt 0.4438 0.7233 0.0000
vt 0.4704 0.7623 0.0000
vt 0.5059 0.7401 0.0000
vt 0.5059 0.7649 0.0000
vt 0.4749 0.7322 0.0000
vt 0.5059 0.7968 0.0000
vt 0.5059 0.8323 0.0000
vt 0.5059 0.8757 0.0000
vt 0.4580 0.8624 0.0000
vt 0.5502 0.8279 0.0000
vt 0.5458 0.7933 0.0000
vt 0.5546 0.8624 0.0000
vt 0.5936 0.8172 0.0000
vt 0.5413 0.7623 0.0000
vt 0.6025 0.8500 0.0000
vt 0.6370 0.8039 0.0000
vt 0.5848 0.7844 0.0000
vt 0.5768 0.7534 0.0000
vt 0.6237 0.7729 0.0000
vt 0.5378 0.7322 0.0000
vt 0.5688 0.7233 0.0000
vt 0.6113 0.7437 0.0000
vt 0.6308 0.7065 0.0000
vt 0.6441 0.7286 0.0000
vt 0.5998 0.7153 0.0000
vt 0.6592 0.7552 0.0000
vt 0.6769 0.7862 0.0000
vt 0.6991 0.8243 0.0000
vt 0.6512 0.8367 0.0000
vt 0.7133 0.7605 0.0000
vt 0.6920 0.7330 0.0000
vt 0.7345 0.7889 0.0000
vt 0.7452 0.7295 0.0000
vt 0.6725 0.7073 0.0000
vt 0.7700 0.7534 0.0000
vt 0.7762 0.6967 0.0000
vt 0.7221 0.7056 0.0000
vt 0.6991 0.6834 0.0000
vt 0.7487 0.6763 0.0000
vt 0.6539 0.6834 0.0000
vt 0.6769 0.6613 0.0000
vt 0.7239 0.6568 0.0000
vt 0.7230 0.6152 0.0000
vt 0.7443 0.6276 0.0000
vt 0.7000 0.6382 0.0000
vt 0.7717 0.6435 0.0000
vt 0.8019 0.6613 0.0000
vt 0.8400 0.6825 0.0000
vt 0.8045 0.7180 0.0000
vt 0.8205 0.6205 0.0000
vt 0.7886 0.6072 0.0000
vt 0.8533 0.6347 0.0000
vt 0.8329 0.5779 0.0000
vt 0.7593 0.5948 0.0000
vt 0.8657 0.5868 0.0000
vt 0.8435 0.5336 0.0000
vt 0.8010 0.5691 0.0000
vt 0.7700 0.5611 0.0000
vt 0.8099 0.5301 0.0000
vt 0.7310 0.5842 0.0000
vt 0.7398 0.5522 0.0000
vt 0.7780 0.5257 0.0000
vt 0.7567 0.4902 0.0000
vt 0.7815 0.4902 0.0000
vt 0.7478 0.5212 0.0000
vt 0.8125 0.4902 0.0000
vt 0.8480 0.4902 0.0000
vt 0.8923 0.4902 0.0000
vt 0.8790 0.5381 0.0000
vt 0.8435 0.4459 0.0000
vt 0.8099 0.4503 0.0000
vt 0.8790 0.4415 0.0000
vt 0.8329 0.4025 0.0000
vt 0.7780 0.4548 0.0000
vt 0.8657 0.3936 0.0000
vt 0.8205 0.3590 0.0000
vt 0.8010 0.4113 0.0000
vt 0.7700 0.4193 0.0000
vt 0.7886 0.3723 0.0000
vt 0.7478 0.4583 0.0000
vt 0.7398 0.4273 0.0000
vt 0.7593 0.3847 0.0000
vt 0.7230 0.3653 0.0000
vt 0.7443 0.3520 0.0000
vt 0.7310 0.3963 0.0000
vt 0.7717 0.3369 0.0000
vt 0.8019 0.3192 0.0000
vt 0.8400 0.2970 0.0000
vt 0.8533 0.3458 0.0000
vt 0.7762 0.2828 0.0000
vt 0.7487 0.3041 0.0000
vt 0.8045 0.2616 0.0000
vt 0.7452 0.2509 0.0000
vt 0.7239 0.3236 0.0000
vt 0.7700 0.2261 0.0000
vt 0.7133 0.2199 0.0000
vt 0.7221 0.2740 0.0000
vt 0.6991 0.2970 0.0000
vt 0.6920 0.2474 0.0000
vt 0.7000 0.3422 0.0000
vt 0.6769 0.3192 0.0000
vt 0.6725 0.2722 0.0000
vt 0.6308 0.2731 0.0000
vt 0.6441 0.2518 0.0000
vt 0.6539 0.2961 0.0000
vt 0.6592 0.2243 0.0000
vt 0.6769 0.1942 0.0000
vt 0.6991 0.1561 0.0000
vt 0.7345 0.1915 0.0000
vt 0.6370 0.1756 0.0000
vt 0.6237 0.2075 0.0000
vt 0.6512 0.1428 0.0000
vt 0.5936 0.1632 0.0000
vt 0.6113 0.2367 0.0000
vt 0.6025 0.1304 0.0000
vt 0.5502 0.1526 0.0000
vt 0.5848 0.1951 0.0000
vt 0.5768 0.2261 0.0000
vt 0.5458 0.1871 0.0000
vt 0.5998 0.2651 0.0000
vt 0.5688 0.2562 0.0000
vt 0.5413 0.2181 0.0000
vt 0.5059 0.2394 0.0000
vt 0.5059 0.2146 0.0000
vt 0.5378 0.2483 0.0000
vt 0.5059 0.1836 0.0000
vt 0.5059 0.1481 0.0000
vt 0.5059 0.1047 0.0000
vt 0.5546 0.1171 0.0000
vt 0.4625 0.1526 0.0000
vt 0.4660 0.1871 0.0000
vt 0.4580 0.1171 0.0000
vt 0.4181 0.1632 0.0000
vt 0.4704 0.2181 0.0000
vt 0.4093 0.1304 0.0000
vt 0.3756 0.1756 0.0000
vt 0.4270 0.1951 0.0000
vt 0.4359 0.2261 0.0000
vt 0.3889 0.2075 0.0000
vt 0.4749 0.2483 0.0000
vt 0.4438 0.2562 0.0000
vt 0.4013 0.2367 0.0000
vt 0.3809 0.2731 0.0000
vt 0.3685 0.2518 0.0000
vt 0.4119 0.2651 0.0000
vt 0.3526 0.2243 0.0000
vt 0.3348 0.1942 0.0000
vt 0.3136 0.1561 0.0000
vt 0.3614 0.1428 0.0000
vt 0.2994 0.2199 0.0000
vt 0.3198 0.2474 0.0000
vt 0.2781 0.1915 0.0000
vt 0.2666 0.2509 0.0000
vt 0.3393 0.2722 0.0000
vt 0.2427 0.2261 0.0000
vt 0.2356 0.2828 0.0000
vt 0.2905 0.2740 0.0000
vt 0.3127 0.2970 0.0000
vt 0.2630 0.3041 0.0000
vt 0.3579 0.2961 0.0000
vt 0.3348 0.3192 0.0000
vt 0.2888 0.3236 0.0000
vt 0.3127 0.3422 0.0000
vt 0.2072 0.2616 0.0000
vt 0.1623 0.4374 0.0000
vt 0.1122 0.4829 0.0000
vt 0.1577 0.4829 0.0000
vt 0.1969 0.4419 0.0000
vt 0.1258 0.4328 0.0000
vt 0.1723 0.3927 0.0000
vt 0.1932 0.4829 0.0000
vt 0.2297 0.4465 0.0000
vt 0.1386 0.3836 0.0000
vt 0.1859 0.3481 0.0000
vt 0.2060 0.4018 0.0000
vt 0.2379 0.4100 0.0000
vt 0.2187 0.3618 0.0000
vt 0.2260 0.4829 0.0000
vt 0.2515 0.4829 0.0000
vt 0.2606 0.4501 0.0000
vt 0.2688 0.4182 0.0000
vt 0.2488 0.3745 0.0000
vt 0.2862 0.3545 0.0000
vt 0.2634 0.3408 0.0000
vt 0.2780 0.3864 0.0000
vt 0.2361 0.3253 0.0000
vt 0.2042 0.3071 0.0000
vt 0.1659 0.2843 0.0000
vt 0.1522 0.3344 0.0000
vt 0.2315 0.2697 0.0000
vt 0.2597 0.2916 0.0000
vt 0.2014 0.2479 0.0000
vt 0.2625 0.2370 0.0000
vt 0.2852 0.3117 0.0000
vt 0.2379 0.2114 0.0000
vt 0.2962 0.2051 0.0000
vt 0.2871 0.2606 0.0000
vt 0.3108 0.2843 0.0000
vt 0.3180 0.2333 0.0000
vt 0.3098 0.3308 0.0000
vt 0.3335 0.3071 0.0000
vt 0.3372 0.2588 0.0000
vt 0.3800 0.2597 0.0000
vt 0.3672 0.2379 0.0000
vt 0.3572 0.2834 0.0000
vt 0.3508 0.2096 0.0000
vt 0.3335 0.1786 0.0000
vt 0.3108 0.1395 0.0000
vt 0.2743 0.1759 0.0000
vt 0.3745 0.1595 0.0000
vt 0.3882 0.1923 0.0000
vt 0.3599 0.1258 0.0000
vt 0.4192 0.1468 0.0000
vt 0.4009 0.2224 0.0000
vt 0.4100 0.1131 0.0000
vt 0.4638 0.1358 0.0000
vt 0.4274 0.1796 0.0000
vt 0.4365 0.2114 0.0000
vt 0.4684 0.1714 0.0000
vt 0.4128 0.2515 0.0000
vt 0.4447 0.2424 0.0000
vt 0.4720 0.2032 0.0000
vt 0.5093 0.2251 0.0000
vt 0.5093 0.1996 0.0000
vt 0.4765 0.2342 0.0000
vt 0.5093 0.1677 0.0000
vt 0.5093 0.1313 0.0000
vt 0.5093 0.0866 0.0000
vt 0.4592 0.0994 0.0000
vt 0.5540 0.1358 0.0000
vt 0.5494 0.1714 0.0000
vt 0.5585 0.0994 0.0000
vt 0.5986 0.1468 0.0000
vt 0.5458 0.2032 0.0000
vt 0.6077 0.1131 0.0000
vt 0.6433 0.1595 0.0000
vt 0.5904 0.1796 0.0000
vt 0.5813 0.2114 0.0000
vt 0.6296 0.1923 0.0000
vt 0.5412 0.2342 0.0000
vt 0.5731 0.2424 0.0000
vt 0.6168 0.2224 0.0000
vt 0.6378 0.2597 0.0000
vt 0.6505 0.2379 0.0000
vt 0.6050 0.2515 0.0000
vt 0.6669 0.2096 0.0000
vt 0.6843 0.1786 0.0000
vt 0.7070 0.1395 0.0000
vt 0.6578 0.1258 0.0000
vt 0.7216 0.2051 0.0000
vt 0.6997 0.2333 0.0000
vt 0.7435 0.1759 0.0000
vt 0.7553 0.2370 0.0000
vt 0.6806 0.2588 0.0000
vt 0.7799 0.2114 0.0000
vt 0.7863 0.2697 0.0000
vt 0.7307 0.2606 0.0000
vt 0.7070 0.2843 0.0000
vt 0.7580 0.2916 0.0000
vt 0.6606 0.2834 0.0000
vt 0.6843 0.3071 0.0000
vt 0.7325 0.3117 0.0000
vt 0.7316 0.3545 0.0000
vt 0.7544 0.3408 0.0000
vt 0.7079 0.3308 0.0000
vt 0.7817 0.3253 0.0000
vt 0.8136 0.3071 0.0000
vt 0.8519 0.2843 0.0000
vt 0.8163 0.2479 0.0000
vt 0.8318 0.3481 0.0000
vt 0.7990 0.3618 0.0000
vt 0.8655 0.3344 0.0000
vt 0.8455 0.3927 0.0000
vt 0.7690 0.3745 0.0000
vt 0.8792 0.3836 0.0000
vt 0.8555 0.4374 0.0000
vt 0.8118 0.4018 0.0000
vt 0.7799 0.4100 0.0000
vt 0.8209 0.4419 0.0000
vt 0.7398 0.3864 0.0000
vt 0.7489 0.4182 0.0000
vt 0.7881 0.4465 0.0000
vt 0.7662 0.4829 0.0000
vt 0.7917 0.4829 0.0000
vt 0.7571 0.4501 0.0000
vt 0.8245 0.4829 0.0000
vt 0.8601 0.4829 0.0000
vt 0.9056 0.4829 0.0000
vt 0.8920 0.4328 0.0000
vt 0.8555 0.5276 0.0000
vt 0.8209 0.5239 0.0000
vt 0.8920 0.5321 0.0000
vt 0.8455 0.5731 0.0000
vt 0.7881 0.5194 0.0000
vt 0.8792 0.5822 0.0000
vt 0.8318 0.6168 0.0000
vt 0.8118 0.5640 0.0000
vt 0.7799 0.5558 0.0000
vt 0.7990 0.6032 0.0000
vt 0.7571 0.5148 0.0000
vt 0.7489 0.5467 0.0000
vt 0.7690 0.5904 0.0000
vt 0.7316 0.6114 0.0000
vt 0.7544 0.6241 0.0000
vt 0.7398 0.5795 0.0000
vt 0.7817 0.6405 0.0000
vt 0.8136 0.6587 0.0000
vt 0.8519 0.6806 0.0000
vt 0.8655 0.6314 0.0000
vt 0.7863 0.6952 0.0000
vt 0.7580 0.6742 0.0000
vt 0.8163 0.7170 0.0000
vt 0.7553 0.7289 0.0000
vt 0.7325 0.6542 0.0000
vt 0.7799 0.7535 0.0000
vt 0.7216 0.7608 0.0000
vt 0.7307 0.7043 0.0000
vt 0.7070 0.6815 0.0000
vt 0.6997 0.7325 0.0000
vt 0.7079 0.6350 0.0000
vt 0.6843 0.6587 0.0000
vt 0.6806 0.7061 0.0000
vt 0.6378 0.7052 0.0000
vt 0.6505 0.7280 0.0000
vt 0.6606 0.6815 0.0000
vt 0.6669 0.7553 0.0000
vt 0.6843 0.7872 0.0000
vt 0.7070 0.8264 0.0000
vt 0.7435 0.7899 0.0000
vt 0.6433 0.8054 0.0000
vt 0.6296 0.7735 0.0000
vt 0.6578 0.8391 0.0000
vt 0.5986 0.8191 0.0000
vt 0.6168 0.7435 0.0000
vt 0.6077 0.8528 0.0000
vt 0.5540 0.8300 0.0000
vt 0.5904 0.7854 0.0000
vt 0.5813 0.7535 0.0000
vt 0.5494 0.7945 0.0000
vt 0.6050 0.7143 0.0000
vt 0.5731 0.7225 0.0000
vt 0.5458 0.7626 0.0000
vt 0.5093 0.7398 0.0000
vt 0.5093 0.7653 0.0000
vt 0.5412 0.7316 0.0000
vt 0.5093 0.7981 0.0000
vt 0.5093 0.8346 0.0000
vt 0.5093 0.8792 0.0000
vt 0.5585 0.8655 0.0000
vt 0.4638 0.8300 0.0000
vt 0.4684 0.7945 0.0000
vt 0.4592 0.8655 0.0000
vt 0.4192 0.8191 0.0000
vt 0.4720 0.7626 0.0000
vt 0.4100 0.8528 0.0000
vt 0.3745 0.8054 0.0000
vt 0.4274 0.7854 0.0000
vt 0.4365 0.7535 0.0000
vt 0.3882 0.7735 0.0000
vt 0.4765 0.7316 0.0000
vt 0.4447 0.7225 0.0000
vt 0.4009 0.7435 0.0000
vt 0.3800 0.7052 0.0000
vt 0.3672 0.7280 0.0000
vt 0.4128 0.7143 0.0000
vt 0.3508 0.7553 0.0000
vt 0.3335 0.7872 0.0000
vt 0.3108 0.8264 0.0000
vt 0.3599 0.8391 0.0000
vt 0.2962 0.7608 0.0000
vt 0.3180 0.7325 0.0000
vt 0.2743 0.7899 0.0000
vt 0.2625 0.7289 0.0000
vt 0.3372 0.7061 0.0000
vt 0.2379 0.7535 0.0000
vt 0.2315 0.6952 0.0000
vt 0.2871 0.7043 0.0000
vt 0.3108 0.6815 0.0000
vt 0.2597 0.6742 0.0000
vt 0.3572 0.6815 0.0000
vt 0.3335 0.6587 0.0000
vt 0.2852 0.6542 0.0000
vt 0.2862 0.6114 0.0000
vt 0.2634 0.6241 0.0000
vt 0.3098 0.6350 0.0000
vt 0.2361 0.6405 0.0000
vt 0.2042 0.6587 0.0000
vt 0.1659 0.6806 0.0000
vt 0.2014 0.7170 0.0000
vt 0.1859 0.6168 0.0000
vt 0.2187 0.6032 0.0000
vt 0.1522 0.6314 0.0000
vt 0.1723 0.5731 0.0000
vt 0.2488 0.5904 0.0000
vt 0.1386 0.5822 0.0000
vt 0.1623 0.5276 0.0000
vt 0.2060 0.5640 0.0000
vt 0.2379 0.5558 0.0000
vt 0.1969 0.5239 0.0000
vt 0.2780 0.5795 0.0000
vt 0.2688 0.5467 0.0000
vt 0.2297 0.5194 0.0000
vt 0.2606 0.5148 0.0000
vt 0.1258 0.5321 0.0000
vt 0.4249 0.4690 0.0000
vt 0.4119 0.4441 0.0000
vt 0.4324 0.4558 0.0000
vt 0.4416 0.4817 0.0000
vt 0.4084 0.4568 0.0000
vt 0.4176 0.4822 0.0000
vt 0.4519 0.4671 0.0000
vt 0.4590 0.4951 0.0000
vt 0.4051 0.4697 0.0000
vt 0.4098 0.4951 0.0000
vt 0.4298 0.4951 0.0000
vt 0.4416 0.5088 0.0000
vt 0.4176 0.5081 0.0000
vt 0.4729 0.5111 0.0000
vt 0.4729 0.4791 0.0000
vt 0.5006 0.4951 0.0000
vt 0.4519 0.5233 0.0000
vt 0.4249 0.5215 0.0000
vt 0.4119 0.5464 0.0000
vt 0.4084 0.5337 0.0000
vt 0.4324 0.5346 0.0000
vt 0.4051 0.5208 0.0000
vt 0.4016 0.5081 0.0000
vt 0.3983 0.4951 0.0000
vt 0.4016 0.4824 0.0000
vt 0.4402 0.5476 0.0000
vt 0.4594 0.5396 0.0000
vt 0.4213 0.5558 0.0000
vt 0.4479 0.5605 0.0000
vt 0.4797 0.5313 0.0000
vt 0.4307 0.5652 0.0000
vt 0.4552 0.5739 0.0000
vt 0.4653 0.5565 0.0000
vt 0.4827 0.5530 0.0000
vt 0.4703 0.5735 0.0000
vt 0.5006 0.5273 0.0000
vt 0.5006 0.5516 0.0000
vt 0.4853 0.5739 0.0000
vt 0.5006 0.5977 0.0000
vt 0.4877 0.5942 0.0000
vt 0.5006 0.5742 0.0000
vt 0.4750 0.5909 0.0000
vt 0.4623 0.5873 0.0000
vt 0.4493 0.5838 0.0000
vt 0.4399 0.5746 0.0000
vt 0.5157 0.5739 0.0000
vt 0.5183 0.5530 0.0000
vt 0.5133 0.5942 0.0000
vt 0.5310 0.5735 0.0000
vt 0.5213 0.5313 0.0000
vt 0.5263 0.5909 0.0000
vt 0.5460 0.5739 0.0000
vt 0.5359 0.5565 0.0000
vt 0.5418 0.5396 0.0000
vt 0.5533 0.5605 0.0000
vt 0.5284 0.5111 0.0000
vt 0.5493 0.5233 0.0000
vt 0.5611 0.5476 0.0000
vt 0.5893 0.5464 0.0000
vt 0.5799 0.5558 0.0000
vt 0.5689 0.5346 0.0000
vt 0.5705 0.5652 0.0000
vt 0.5611 0.5746 0.0000
vt 0.5517 0.5838 0.0000
vt 0.5390 0.5873 0.0000
vt 0.5761 0.5215 0.0000
vt 0.5594 0.5088 0.0000
vt 0.5926 0.5337 0.0000
vt 0.5837 0.5081 0.0000
vt 0.5423 0.4951 0.0000
vt 0.5961 0.5208 0.0000
vt 0.5914 0.4951 0.0000
vt 0.5712 0.4951 0.0000
vt 0.5594 0.4817 0.0000
vt 0.5837 0.4822 0.0000
vt 0.5284 0.4791 0.0000
vt 0.5493 0.4671 0.0000
vt 0.5761 0.4690 0.0000
vt 0.5893 0.4441 0.0000
vt 0.5926 0.4568 0.0000
vt 0.5689 0.4558 0.0000
vt 0.5961 0.4697 0.0000
vt 0.5997 0.4824 0.0000
vt 0.6030 0.4951 0.0000
vt 0.5997 0.5081 0.0000
vt 0.5611 0.4429 0.0000
vt 0.5418 0.4509 0.0000
vt 0.5799 0.4346 0.0000
vt 0.5533 0.4297 0.0000
vt 0.5213 0.4591 0.0000
vt 0.5705 0.4252 0.0000
vt 0.5460 0.4165 0.0000
vt 0.5359 0.4339 0.0000
vt 0.5183 0.4375 0.0000
vt 0.5310 0.4168 0.0000
vt 0.5006 0.4631 0.0000
vt 0.5006 0.4389 0.0000
vt 0.5157 0.4165 0.0000
vt 0.5006 0.3928 0.0000
vt 0.5133 0.3963 0.0000
vt 0.5006 0.4163 0.0000
vt 0.5263 0.3996 0.0000
vt 0.5390 0.4031 0.0000
vt 0.5517 0.4064 0.0000
vt 0.5611 0.4158 0.0000
vt 0.4853 0.4165 0.0000
vt 0.4827 0.4375 0.0000
vt 0.4877 0.3963 0.0000
vt 0.4703 0.4168 0.0000
vt 0.4797 0.4591 0.0000
vt 0.4750 0.3996 0.0000
vt 0.4552 0.4165 0.0000
vt 0.4653 0.4339 0.0000
vt 0.4594 0.4509 0.0000
vt 0.4479 0.4297 0.0000
vt 0.4402 0.4429 0.0000
vt 0.4213 0.4346 0.0000
vt 0.4307 0.4252 0.0000
vt 0.4399 0.4158 0.0000
vt 0.4493 0.4064 0.0000
vt 0.4623 0.4031 0.0000
vt 0.2974 0.4587 0.0000
vt 0.2380 0.4970 0.0000
vt 0.2968 0.4970 0.0000
vt 0.3497 0.4522 0.0000
vt 0.2462 0.4646 0.0000
vt 0.2979 0.4211 0.0000
vt 0.3532 0.4970 0.0000
vt 0.4038 0.4446 0.0000
vt 0.2550 0.4328 0.0000
vt 0.2974 0.3834 0.0000
vt 0.3409 0.4087 0.0000
vt 0.3832 0.3940 0.0000
vt 0.3303 0.3652 0.0000
vt 0.4538 0.4275 0.0000
vt 0.4138 0.4970 0.0000
vt 0.4938 0.4970 0.0000
vt 0.4238 0.3752 0.0000
vt 0.3627 0.3458 0.0000
vt 0.3662 0.2752 0.0000
vt 0.3427 0.2987 0.0000
vt 0.3956 0.3258 0.0000
vt 0.3191 0.3217 0.0000
vt 0.2956 0.3452 0.0000
vt 0.2721 0.3687 0.0000
vt 0.2638 0.4011 0.0000
vt 0.4285 0.3076 0.0000
vt 0.4603 0.3493 0.0000
vt 0.3979 0.2664 0.0000
vt 0.4615 0.2893 0.0000
vt 0.4938 0.3928 0.0000
vt 0.4297 0.2581 0.0000
vt 0.4938 0.2699 0.0000
vt 0.4938 0.3199 0.0000
vt 0.5279 0.3493 0.0000
vt 0.5262 0.2893 0.0000
vt 0.5338 0.4275 0.0000
vt 0.5644 0.3752 0.0000
vt 0.5591 0.3076 0.0000
vt 0.6220 0.2752 0.0000
vt 0.5897 0.2664 0.0000
vt 0.5926 0.3258 0.0000
vt 0.5579 0.2581 0.0000
vt 0.5262 0.2493 0.0000
vt 0.4938 0.2411 0.0000
vt 0.4621 0.2493 0.0000
vt 0.6250 0.3458 0.0000
vt 0.6044 0.3940 0.0000
vt 0.6456 0.2987 0.0000
vt 0.6573 0.3652 0.0000
vt 0.5844 0.4446 0.0000
vt 0.6685 0.3217 0.0000
vt 0.6909 0.3834 0.0000
vt 0.6468 0.4087 0.0000
vt 0.6385 0.4522 0.0000
vt 0.6897 0.4211 0.0000
vt 0.5738 0.4970 0.0000
vt 0.6344 0.4970 0.0000
vt 0.6903 0.4587 0.0000
vt 0.7497 0.4970 0.0000
vt 0.7415 0.4646 0.0000
vt 0.6909 0.4970 0.0000
vt 0.7326 0.4328 0.0000
vt 0.7244 0.4011 0.0000
vt 0.7156 0.3687 0.0000
vt 0.6920 0.3452 0.0000
vt 0.6903 0.5346 0.0000
vt 0.6385 0.5411 0.0000
vt 0.7415 0.5287 0.0000
vt 0.6897 0.5728 0.0000
vt 0.5844 0.5487 0.0000
vt 0.7326 0.5611 0.0000
vt 0.6909 0.6105 0.0000
vt 0.6468 0.5852 0.0000
vt 0.6044 0.5999 0.0000
vt 0.6573 0.6287 0.0000
vt 0.5338 0.5664 0.0000
vt 0.5644 0.6187 0.0000
vt 0.6250 0.6481 0.0000
vt 0.6220 0.7187 0.0000
vt 0.6456 0.6952 0.0000
vt 0.5926 0.6675 0.0000
vt 0.6685 0.6716 0.0000
vt 0.6920 0.6481 0.0000
vt 0.7156 0.6246 0.0000
vt 0.7244 0.5928 0.0000
vt 0.5591 0.6858 0.0000
vt 0.5279 0.6440 0.0000
vt 0.5897 0.7269 0.0000
vt 0.5262 0.7046 0.0000
vt 0.4938 0.6011 0.0000
vt 0.5579 0.7358 0.0000
vt 0.4938 0.7240 0.0000
vt 0.4938 0.6734 0.0000
vt 0.4603 0.6440 0.0000
vt 0.4615 0.7046 0.0000
vt 0.4538 0.5664 0.0000
vt 0.4238 0.6187 0.0000
vt 0.4285 0.6858 0.0000
vt 0.3662 0.7187 0.0000
vt 0.3979 0.7269 0.0000
vt 0.3956 0.6675 0.0000
vt 0.4297 0.7358 0.0000
vt 0.4621 0.7440 0.0000
vt 0.4938 0.7528 0.0000
vt 0.5262 0.7440 0.0000
vt 0.3627 0.6481 0.0000
vt 0.3832 0.5999 0.0000
vt 0.3427 0.6952 0.0000
vt 0.3303 0.6287 0.0000
vt 0.4038 0.5487 0.0000
vt 0.3191 0.6716 0.0000
vt 0.2974 0.6105 0.0000
vt 0.3409 0.5852 0.0000
vt 0.3497 0.5411 0.0000
vt 0.2979 0.5728 0.0000
vt 0.2974 0.5346 0.0000
vt 0.2462 0.5287 0.0000
vt 0.2550 0.5611 0.0000
vt 0.2638 0.5928 0.0000
vt 0.2721 0.6246 0.0000
vt 0.2956 0.6481 0.0000
vt 0.6060 0.0756 1.0000
vt 0.6146 0.0756 1.0000
vt 0.5976 0.0756 1.0000
vt 0.6060 0.0798 1.0000
vt 0.6230 0.0756 1.0000
vt 0.5976 0.0798 1.0000
vt 0.6060 0.0826 1.0000
vt 0.6146 0.0798 1.0000
vt 0.6230 0.0798 1.0000
vt 0.6146 0.0826 1.0000
vt 0.6315 0.0756 1.0000
vt 0.6315 0.0798 1.0000
vt 0.6230 0.0826 1.0000
vt 0.6315 0.0847 1.0000
vt 0.6230 0.0847 1.0000
vt 0.6315 0.0826 1.0000
vt 0.6146 0.0847 1.0000
vt 0.6060 0.0847 1.0000
vt 0.5976 0.0847 1.0000
vt 0.5976 0.0826 1.0000
vt 0.6230 0.0243 1.0000
vt 0.6146 0.0243 1.0000
vt 0.6315 0.0243 1.0000
vt 0.6230 0.0201 1.0000
vt 0.6060 0.0243 1.0000
vt 0.6315 0.0201 1.0000
vt 0.6230 0.0173 1.0000
vt 0.6146 0.0201 1.0000
vt 0.6060 0.0201 1.0000
vt 0.6146 0.0173 1.0000
vt 0.5976 0.0243 1.0000
vt 0.5976 0.0201 1.0000
vt 0.6060 0.0173 1.0000
vt 0.5976 0.0152 1.0000
vt 0.6060 0.0152 1.0000
vt 0.5976 0.0173 1.0000
vt 0.6146 0.0152 1.0000
vt 0.6230 0.0152 1.0000
vt 0.6315 0.0152 1.0000
vt 0.6315 0.0173 1.0000
vt 0.5723 0.0756 1.0000
vt 0.5807 0.0756 1.0000
vt 0.5638 0.0756 1.0000
vt 0.5723 0.0798 1.0000
vt 0.5892 0.0756 1.0000
vt 0.5638 0.0798 1.0000
vt 0.5723 0.0826 1.0000
vt 0.5807 0.0798 1.0000
vt 0.5892 0.0798 1.0000
vt 0.5807 0.0826 1.0000
vt 0.5892 0.0826 1.0000
vt 0.5892 0.0847 1.0000
vt 0.5807 0.0847 1.0000
vt 0.5723 0.0847 1.0000
vt 0.5638 0.0847 1.0000
vt 0.5638 0.0826 1.0000
vt 0.5892 0.0243 1.0000
vt 0.5807 0.0243 1.0000
vt 0.5892 0.0201 1.0000
vt 0.5723 0.0243 1.0000
vt 0.5892 0.0173 1.0000
vt 0.5807 0.0201 1.0000
vt 0.5723 0.0201 1.0000
vt 0.5807 0.0173 1.0000
vt 0.5638 0.0243 1.0000
vt 0.5638 0.0201 1.0000
vt 0.5723 0.0173 1.0000
vt 0.5638 0.0152 1.0000
vt 0.5723 0.0152 1.0000
vt 0.5638 0.0173 1.0000
vt 0.5807 0.0152 1.0000
vt 0.5892 0.0152 1.0000
vt 0.5385 0.0756 1.0000
vt 0.5470 0.0756 1.0000
vt 0.5301 0.0756 1.0000
vt 0.5385 0.0798 1.0000
vt 0.5554 0.0756 1.0000
vt 0.5301 0.0798 1.0000
vt 0.5385 0.0826 1.0000
vt 0.5470 0.0798 1.0000
vt 0.5554 0.0798 1.0000
vt 0.5470 0.0826 1.0000
vt 0.5554 0.0826 1.0000
vt 0.5554 0.0847 1.0000
vt 0.5470 0.0847 1.0000
vt 0.5385 0.0847 1.0000
vt 0.5301 0.0847 1.0000
vt 0.5301 0.0826 1.0000
vt 0.5554 0.0243 1.0000
vt 0.5470 0.0243 1.0000
vt 0.5554 0.0201 1.0000
vt 0.5385 0.0243 1.0000
vt 0.5554 0.0173 1.0000
vt 0.5470 0.0201 1.0000
vt 0.5385 0.0201 1.0000
vt 0.5470 0.0173 1.0000
vt 0.5301 0.0243 1.0000
vt 0.5301 0.0201 1.0000
vt 0.5385 0.0173 1.0000
vt 0.5301 0.0152 1.0000
vt 0.5385 0.0152 1.0000
vt 0.5301 0.0173 1.0000
vt 0.5470 0.0152 1.0000
vt 0.5554 0.0152 1.0000
vt 0.5048 0.0756 1.0000
vt 0.5132 0.0756 1.0000
vt 0.4963 0.0756 1.0000
vt 0.5048 0.0798 1.0000
vt 0.5216 0.0756 1.0000
vt 0.4963 0.0798 1.0000
vt 0.5048 0.0826 1.0000
vt 0.5132 0.0798 1.0000
vt 0.5216 0.0798 1.0000
vt 0.5132 0.0826 1.0000
vt 0.5216 0.0826 1.0000
vt 0.5216 0.0847 1.0000
vt 0.5132 0.0847 1.0000
vt 0.5048 0.0847 1.0000
vt 0.4963 0.0847 1.0000
vt 0.4963 0.0826 1.0000
vt 0.5216 0.0243 1.0000
vt 0.5132 0.0243 1.0000
vt 0.5216 0.0201 1.0000
vt 0.5048 0.0243 1.0000
vt 0.5216 0.0173 1.0000
vt 0.5132 0.0201 1.0000
vt 0.5048 0.0201 1.0000
vt 0.5132 0.0173 1.0000
vt 0.4963 0.0243 1.0000
vt 0.4963 0.0201 1.0000
vt 0.5048 0.0173 1.0000
vt 0.4963 0.0152 1.0000
vt 0.5048 0.0152 1.0000
vt 0.4963 0.0173 1.0000
vt 0.5132 0.0152 1.0000
vt 0.5216 0.0152 1.0000
vt 0.4710 0.0756 1.0000
vt 0.4794 0.0756 1.0000
vt 0.4626 0.0756 1.0000
vt 0.4710 0.0798 1.0000
vt 0.4879 0.0756 1.0000
vt 0.4626 0.0798 1.0000
vt 0.4710 0.0826 1.0000
vt 0.4794 0.0798 1.0000
vt 0.4879 0.0798 1.0000
vt 0.4794 0.0826 1.0000
vt 0.4879 0.0826 1.0000
vt 0.4879 0.0847 1.0000
vt 0.4794 0.0847 1.0000
vt 0.4710 0.0847 1.0000
vt 0.4626 0.0847 1.0000
vt 0.4626 0.0826 1.0000
vt 0.4879 0.0243 1.0000
vt 0.4794 0.0243 1.0000
vt 0.4879 0.0201 1.0000
vt 0.4710 0.0243 1.0000
vt 0.4879 0.0173 1.0000
vt 0.4794 0.0201 1.0000
vt 0.4710 0.0201 1.0000
vt 0.4794 0.0173 1.0000
vt 0.4626 0.0243 1.0000
vt 0.4626 0.0201 1.0000
vt 0.4710 0.0173 1.0000
vt 0.4626 0.0152 1.0000
vt 0.4710 0.0152 1.0000
vt 0.4626 0.0173 1.0000
vt 0.4794 0.0152 1.0000
vt 0.4879 0.0152 1.0000
vt 0.4372 0.0756 1.0000
vt 0.4457 0.0756 1.0000
vt 0.4288 0.0756 1.0000
vt 0.4372 0.0798 1.0000
vt 0.4541 0.0756 1.0000
vt 0.4288 0.0798 1.0000
vt 0.4372 0.0826 1.0000
vt 0.4457 0.0798 1.0000
vt 0.4541 0.0798 1.0000
vt 0.4457 0.0826 1.0000
vt 0.4541 0.0826 1.0000
vt 0.4541 0.0847 1.0000
vt 0.4457 0.0847 1.0000
vt 0.4372 0.0847 1.0000
vt 0.4288 0.0847 1.0000
vt 0.4288 0.0826 1.0000
vt 0.4541 0.0243 1.0000
vt 0.4457 0.0243 1.0000
vt 0.4541 0.0201 1.0000
vt 0.4372 0.0243 1.0000
vt 0.4541 0.0173 1.0000
vt 0.4457 0.0201 1.0000
vt 0.4372 0.0201 1.0000
vt 0.4457 0.0173 1.0000
vt 0.4288 0.0243 1.0000
vt 0.4288 0.0201 1.0000
vt 0.4372 0.0173 1.0000
vt 0.4288 0.0152 1.0000
vt 0.4372 0.0152 1.0000
vt 0.4288 0.0173 1.0000
vt 0.4457 0.0152 1.0000
vt 0.4541 0.0152 1.0000
vt 0.4035 0.0756 1.0000
vt 0.4119 0.0756 1.0000
vt 0.3950 0.0756 1.0000
vt 0.4035 0.0798 1.0000
vt 0.4204 0.0756 1.0000
vt 0.3950 0.0798 1.0000
vt 0.4035 0.0826 1.0000
vt 0.4119 0.0798 1.0000
vt 0.4204 0.0798 1.0000
vt 0.4119 0.0826 1.0000
vt 0.4204 0.0826 1.0000
vt 0.4204 0.0847 1.0000
vt 0.4119 0.0847 1.0000
vt 0.4035 0.0847 1.0000
vt 0.3950 0.0847 1.0000
vt 0.3950 0.0826 1.0000
vt 0.4204 0.0243 1.0000
vt 0.4119 0.0243 1.0000
vt 0.4204 0.0201 1.0000
vt 0.4035 0.0243 1.0000
vt 0.4204 0.0173 1.0000
vt 0.4119 0.0201 1.0000
vt 0.4035 0.0201 1.0000
vt 0.4119 0.0173 1.0000
vt 0.3950 0.0243 1.0000
vt 0.3950 0.0201 1.0000
vt 0.4035 0.0173 1.0000
vt 0.3950 0.0152 1.0000
vt 0.4035 0.0152 1.0000
vt 0.3950 0.0173 1.0000
vt 0.4119 0.0152 1.0000
vt 0.4204 0.0152 1.0000
vt 0.3697 0.0756 1.0000
vt 0.3782 0.0756 1.0000
vt 0.3613 0.0756 1.0000
vt 0.3697 0.0798 1.0000
vt 0.3866 0.0756 1.0000
vt 0.3613 0.0798 1.0000
vt 0.3697 0.0826 1.0000
vt 0.3782 0.0798 1.0000
vt 0.3866 0.0798 1.0000
vt 0.3782 0.0826 1.0000
vt 0.3866 0.0826 1.0000
vt 0.3866 0.0847 1.0000
vt 0.3782 0.0847 1.0000
vt 0.3697 0.0847 1.0000
vt 0.3613 0.0847 1.0000
vt 0.3613 0.0826 1.0000
vt 0.3866 0.0243 1.0000
vt 0.3782 0.0243 1.0000
vt 0.3866 0.0201 1.0000
vt 0.3697 0.0243 1.0000
vt 0.3866 0.0173 1.0000
vt 0.3782 0.0201 1.0000
vt 0.3697 0.0201 1.0000
vt 0.3782 0.0173 1.0000
vt 0.3613 0.0243 1.0000
vt 0.3613 0.0201 1.0000
vt 0.3697 0.0173 1.0000
vt 0.3613 0.0152 1.0000
vt 0.3697 0.0152 1.0000
vt 0.3613 0.0173 1.0000
vt 0.3782 0.0152 1.0000
vt 0.3866 0.0152 1.0000
vt 0.3358 0.0756 1.0000
vt 0.3443 0.0756 1.0000
vt 0.3274 0.0756 1.0000
vt 0.3358 0.0798 1.0000
vt 0.3527 0.0756 1.0000
vt 0.3274 0.0798 1.0000
vt 0.3358 0.0826 1.0000
vt 0.3443 0.0798 1.0000
vt 0.3527 0.0798 1.0000
vt 0.3443 0.0826 1.0000
vt 0.3527 0.0826 1.0000
vt 0.3527 0.0847 1.0000
vt 0.3443 0.0847 1.0000
vt 0.3358 0.0847 1.0000
vt 0.3274 0.0847 1.0000
vt 0.3274 0.0826 1.0000
vt 0.3527 0.0243 1.0000
vt 0.3443 0.0243 1.0000
vt 0.3527 0.0201 1.0000
vt 0.3358 0.0243 1.0000
vt 0.3527 0.0173 1.0000
vt 0.3443 0.0201 1.0000
vt 0.3358 0.0201 1.0000
vt 0.3443 0.0173 1.0000
vt 0.3274 0.0243 1.0000
vt 0.3274 0.0201 1.0000
vt 0.3358 0.0173 1.0000
vt 0.3274 0.0152 1.0000
vt 0.3358 0.0152 1.0000
vt 0.3274 0.0173 1.0000
vt 0.3443 0.0152 1.0000
vt 0.3527 0.0152 1.0000
vt 0.3021 0.0770 1.0000
vt 0.3105 0.0760 1.0000
vt 0.2936 0.0784 1.0000
vt 0.3021 0.0801 1.0000
vt 0.3190 0.0756 1.0000
vt 0.2936 0.0805 1.0000
vt 0.3021 0.0826 1.0000
vt 0.3105 0.0798 1.0000
vt 0.3190 0.0798 1.0000
vt 0.3105 0.0826 1.0000
vt 0.3190 0.0826 1.0000
vt 0.3190 0.0847 1.0000
vt 0.3105 0.0847 1.0000
vt 0.3021 0.0847 1.0000
vt 0.2936 0.0847 1.0000
vt 0.2936 0.0826 1.0000
vt 0.3190 0.0243 1.0000
vt 0.3105 0.0239 1.0000
vt 0.3190 0.0201 1.0000
vt 0.3021 0.0228 1.0000
vt 0.3190 0.0173 1.0000
vt 0.3105 0.0200 1.0000
vt 0.3021 0.0197 1.0000
vt 0.3105 0.0173 1.0000
vt 0.2936 0.0214 1.0000
vt 0.2936 0.0193 1.0000
vt 0.3021 0.0173 1.0000
vt 0.2936 0.0152 1.0000
vt 0.3021 0.0152 1.0000
vt 0.2936 0.0173 1.0000
vt 0.3105 0.0152 1.0000
vt 0.3190 0.0152 1.0000
vt 0.6737 0.0756 1.0000
vt 0.6821 0.0760 1.0000
vt 0.6652 0.0756 1.0000
vt 0.6737 0.0798 1.0000
vt 0.6906 0.0770 1.0000
vt 0.6652 0.0798 1.0000
vt 0.6737 0.0826 1.0000
vt 0.6821 0.0798 1.0000
vt 0.6906 0.0801 1.0000
vt 0.6821 0.0826 1.0000
vt 0.6990 0.0784 1.0000
vt 0.6990 0.0805 1.0000
vt 0.6906 0.0826 1.0000
vt 0.6990 0.0847 1.0000
vt 0.6906 0.0847 1.0000
vt 0.6990 0.0826 1.0000
vt 0.6821 0.0847 1.0000
vt 0.6737 0.0847 1.0000
vt 0.6652 0.0847 1.0000
vt 0.6652 0.0826 1.0000
vt 0.6906 0.0228 1.0000
vt 0.6821 0.0239 1.0000
vt 0.6990 0.0214 1.0000
vt 0.6906 0.0197 1.0000
vt 0.6737 0.0243 1.0000
vt 0.6990 0.0193 1.0000
vt 0.6906 0.0173 1.0000
vt 0.6821 0.0200 1.0000
vt 0.6737 0.0201 1.0000
vt 0.6821 0.0173 1.0000
vt 0.6652 0.0243 1.0000
vt 0.6652 0.0201 1.0000
vt 0.6737 0.0173 1.0000
vt 0.6652 0.0152 1.0000
vt 0.6737 0.0152 1.0000
vt 0.6652 0.0173 1.0000
vt 0.6821 0.0152 1.0000
vt 0.6906 0.0152 1.0000
vt 0.6990 0.0152 1.0000
vt 0.6990 0.0173 1.0000
vt 0.6399 0.0756 1.0000
vt 0.6484 0.0756 1.0000
vt 0.6399 0.0798 1.0000
vt 0.6568 0.0756 1.0000
vt 0.6399 0.0826 1.0000
vt 0.6484 0.0798 1.0000
vt 0.6568 0.0798 1.0000
vt 0.6484 0.0826 1.0000
vt 0.6568 0.0826 1.0000
vt 0.6568 0.0847 1.0000
vt 0.6484 0.0847 1.0000
vt 0.6399 0.0847 1.0000
vt 0.6568 0.0243 1.0000
vt 0.6484 0.0243 1.0000
vt 0.6568 0.0201 1.0000
vt 0.6399 0.0243 1.0000
vt 0.6568 0.0173 1.0000
vt 0.6484 0.0201 1.0000
vt 0.6399 0.0201 1.0000
vt 0.6484 0.0173 1.0000
vt 0.6399 0.0173 1.0000
vt 0.6399 0.0152 1.0000
vt 0.6484 0.0152 1.0000
vt 0.6568 0.0152 1.0000
vt 0.5551 0.5913 1.0000
vt 0.5568 0.5843 1.0000
vt 0.5568 0.5913 1.0000
vt 0.5551 0.5983 1.0000
vt 0.5551 0.5843 1.0000
vt 0.5535 0.5913 1.0000
vt 0.5568 0.5983 1.0000
vt 0.5551 0.6054 1.0000
vt 0.5535 0.5843 1.0000
vt 0.5518 0.5913 1.0000
vt 0.5535 0.5983 1.0000
vt 0.5535 0.6054 1.0000
vt 0.5518 0.5983 1.0000
vt 0.5568 0.6054 1.0000
vt 0.5568 0.6124 1.0000
vt 0.5551 0.6124 1.0000
vt 0.5535 0.6124 1.0000
vt 0.5518 0.6054 1.0000
vt 0.5501 0.6124 1.0000
vt 0.5501 0.6054 1.0000
vt 0.5518 0.6124 1.0000
vt 0.5501 0.5983 1.0000
vt 0.5501 0.5913 1.0000
vt 0.5501 0.5843 1.0000
vt 0.5518 0.5843 1.0000
vt 0.5484 0.5913 1.0000
vt 0.5484 0.5983 1.0000
vt 0.5484 0.5843 1.0000
vt 0.5467 0.5913 1.0000
vt 0.5484 0.6054 1.0000
vt 0.5467 0.5843 1.0000
vt 0.5450 0.5913 1.0000
vt 0.5467 0.5983 1.0000
vt 0.5467 0.6054 1.0000
vt 0.5450 0.5983 1.0000
vt 0.5484 0.6124 1.0000
vt 0.5467 0.6124 1.0000
vt 0.5450 0.6054 1.0000
vt 0.5433 0.6124 1.0000
vt 0.5433 0.6054 1.0000
vt 0.5450 0.6124 1.0000
vt 0.5433 0.5983 1.0000
vt 0.5433 0.5913 1.0000
vt 0.5433 0.5843 1.0000
vt 0.5450 0.5843 1.0000
vt 0.5417 0.5913 1.0000
vt 0.5417 0.5983 1.0000
vt 0.5417 0.5843 1.0000
vt 0.5400 0.5913 1.0000
vt 0.5417 0.6054 1.0000
vt 0.5400 0.5843 1.0000
vt 0.5383 0.5913 1.0000
vt 0.5400 0.5983 1.0000
vt 0.5400 0.6054 1.0000
vt 0.5383 0.5983 1.0000
vt 0.5417 0.6124 1.0000
vt 0.5400 0.6124 1.0000
vt 0.5383 0.6054 1.0000
vt 0.5366 0.6124 1.0000
vt 0.5366 0.6054 1.0000
vt 0.5383 0.6124 1.0000
vt 0.5366 0.5983 1.0000
vt 0.5366 0.5913 1.0000
vt 0.5366 0.5843 1.0000
vt 0.5383 0.5843 1.0000
vt 0.5350 0.5913 1.0000
vt 0.5350 0.5983 1.0000
vt 0.5350 0.5843 1.0000
vt 0.5333 0.5913 1.0000
vt 0.5350 0.6054 1.0000
vt 0.5333 0.5843 1.0000
vt 0.5316 0.5913 1.0000
vt 0.5333 0.5983 1.0000
vt 0.5333 0.6054 1.0000
vt 0.5316 0.5983 1.0000
vt 0.5350 0.6124 1.0000
vt 0.5333 0.6124 1.0000
vt 0.5316 0.6054 1.0000
vt 0.5299 0.6124 1.0000
vt 0.5299 0.6054 1.0000
vt 0.5316 0.6124 1.0000
vt 0.5299 0.5983 1.0000
vt 0.5299 0.5913 1.0000
vt 0.5299 0.5843 1.0000
vt 0.5316 0.5843 1.0000
vt 0.5282 0.5913 1.0000
vt 0.5282 0.5983 1.0000
vt 0.5282 0.5843 1.0000
vt 0.5265 0.5913 1.0000
vt 0.5282 0.6054 1.0000
vt 0.5265 0.5843 1.0000
vt 0.5248 0.5913 1.0000
vt 0.5265 0.5983 1.0000
vt 0.5265 0.6054 1.0000
vt 0.5248 0.5983 1.0000
vt 0.5282 0.6124 1.0000
vt 0.5265 0.6124 1.0000
vt 0.5248 0.6054 1.0000
vt 0.5232 0.6124 1.0000
vt 0.5232 0.6054 1.0000
vt 0.5248 0.6124 1.0000
vt 0.5232 0.5983 1.0000
vt 0.5232 0.5913 1.0000
vt 0.5232 0.5843 1.0000
vt 0.5248 0.5843 1.0000
vt 0.5618 0.5913 1.0000
vt 0.5635 0.5843 1.0000
vt 0.5635 0.5913 1.0000
vt 0.5618 0.5983 1.0000
vt 0.5618 0.5843 1.0000
vt 0.5601 0.5913 1.0000
vt 0.5635 0.5983 1.0000
vt 0.5618 0.6054 1.0000
vt 0.5601 0.5843 1.0000
vt 0.5585 0.5913 1.0000
vt 0.5601 0.5983 1.0000
vt 0.5601 0.6054 1.0000
vt 0.5585 0.5983 1.0000
vt 0.5635 0.6054 1.0000
vt 0.5635 0.6124 1.0000
vt 0.5618 0.6124 1.0000
vt 0.5601 0.6124 1.0000
vt 0.5585 0.6054 1.0000
vt 0.5585 0.6124 1.0000
vt 0.5585 0.5843 1.0000
vt 0.5377 0.4040 0.0000
vt 0.5354 0.4024 0.0000
vt 0.5378 0.4030 0.0000
vt 0.5397 0.4046 0.0000
vt 0.5358 0.4036 0.0000
vt 0.5378 0.4051 0.0000
vt 0.5399 0.4036 0.0000
vt 0.5416 0.4051 0.0000
vt 0.5361 0.4047 0.0000
vt 0.5378 0.4062 0.0000
vt 0.5394 0.4055 0.0000
vt 0.5411 0.4060 0.0000
vt 0.5391 0.4065 0.0000
vt 0.5435 0.4056 0.0000
vt 0.5420 0.4042 0.0000
vt 0.5444 0.4048 0.0000
vt 0.5427 0.4064 0.0000
vt 0.5405 0.4069 0.0000
vt 0.5411 0.4081 0.0000
vt 0.5400 0.4078 0.0000
vt 0.5419 0.4072 0.0000
vt 0.5389 0.4075 0.0000
vt 0.5378 0.4072 0.0000
vt 0.5367 0.4069 0.0000
vt 0.5363 0.4057 0.0000
vt 0.5421 0.4032 0.0000
vt 0.5402 0.4026 0.0000
vt 0.5441 0.4037 0.0000
vt 0.5421 0.4021 0.0000
vt 0.5382 0.4021 0.0000
vt 0.5438 0.4026 0.0000
vt 0.5421 0.4011 0.0000
vt 0.5405 0.4017 0.0000
vt 0.5388 0.4013 0.0000
vt 0.5407 0.4007 0.0000
vt 0.5363 0.4016 0.0000
vt 0.5371 0.4008 0.0000
vt 0.5393 0.4004 0.0000
vt 0.5387 0.3992 0.0000
vt 0.5399 0.3994 0.0000
vt 0.5379 0.4000 0.0000
vt 0.5410 0.3998 0.0000
vt 0.5421 0.4000 0.0000
vt 0.5432 0.4004 0.0000
vt 0.5435 0.4015 0.0000
vt 0.5611 0.3909 0.0000
vt 0.5624 0.3907 0.0000
vt 0.5621 0.3919 0.0000
vt 0.5606 0.3917 0.0000
vt 0.5616 0.3899 0.0000
vt 0.5601 0.3898 0.0000
vt 0.5618 0.3930 0.0000
vt 0.5601 0.3927 0.0000
vt 0.5608 0.3891 0.0000
vt 0.5590 0.3888 0.0000
vt 0.5594 0.3905 0.0000
vt 0.5586 0.3913 0.0000
vt 0.5582 0.3893 0.0000
vt 0.5595 0.3935 0.0000
vt 0.5615 0.3941 0.0000
vt 0.5612 0.3952 0.0000
vt 0.5580 0.3919 0.0000
vt 0.5572 0.3898 0.0000
vt 0.5547 0.3887 0.0000
vt 0.5558 0.3884 0.0000
vt 0.5565 0.3904 0.0000
vt 0.5569 0.3881 0.0000
vt 0.5580 0.3878 0.0000
vt 0.5592 0.3875 0.0000
vt 0.5600 0.3883 0.0000
vt 0.5558 0.3912 0.0000
vt 0.5573 0.3926 0.0000
vt 0.5544 0.3898 0.0000
vt 0.5553 0.3921 0.0000
vt 0.5587 0.3941 0.0000
vt 0.5541 0.3909 0.0000
vt 0.5548 0.3930 0.0000
vt 0.5565 0.3934 0.0000
vt 0.5577 0.3946 0.0000
vt 0.5558 0.3941 0.0000
vt 0.5601 0.3955 0.0000
vt 0.5590 0.3958 0.0000
vt 0.5569 0.3951 0.0000
vt 0.5567 0.3964 0.0000
vt 0.5559 0.3956 0.0000
vt 0.5579 0.3961 0.0000
vt 0.5551 0.3948 0.0000
vt 0.5543 0.3940 0.0000
vt 0.5535 0.3932 0.0000
vt 0.5538 0.3920 0.0000
# 1574 texture coords

o LLantaTD
g LLantaTD
usemtl 08___Default
s 8
f 1/1/1 2/2/2 3/3/1 
f 3/3/1 4/4/3 1/1/1 
f 5/5/2 2/2/2 1/1/1 
f 1/1/1 6/6/1 5/5/2 
f 4/4/3 3/3/1 7/7/3 
f 7/7/3 8/8/4 4/4/3 
f 9/9/2 5/5/2 6/6/1 
f 6/6/1 10/10/1 9/9/2 
f 11/11/3 1/1/1 4/4/3 
f 4/4/3 12/12/4 11/11/3 
f 6/6/1 1/1/1 11/11/3 
f 11/11/3 13/13/3 6/6/1 
f 8/8/4 14/14/4 15/15/5 
f 15/15/5 16/16/5 8/8/4 
f 12/12/4 8/8/4 16/16/5 
f 16/16/5 17/17/5 12/12/4 
f 7/7/3 14/14/4 8/8/4 
f 4/4/3 8/8/4 12/12/4 
f 18/18/4 19/19/5 20/20/4 
f 20/20/4 13/13/3 18/18/4 
f 21/21/5 19/19/5 18/18/4 
f 18/18/4 12/12/4 21/21/5 
f 13/13/3 20/20/4 22/22/3 
f 22/22/3 10/10/1 13/13/3 
f 12/12/4 17/17/5 21/21/5 
f 12/12/4 18/18/4 13/13/3 
f 13/13/3 11/11/3 12/12/4 
f 10/10/1 23/23/1 24/24/2 
f 24/24/2 25/25/2 10/10/1 
f 10/10/1 25/25/2 9/9/2 
f 22/22/3 23/23/1 10/10/1 
f 13/13/3 10/10/1 6/6/1 
f 26/26/6 27/27/7 28/28/6 
f 28/28/6 29/29/8 26/26/6 
f 30/30/7 27/27/7 26/26/6 
f 26/26/6 31/31/6 30/30/7 
f 29/29/8 28/28/6 32/32/8 
f 32/32/8 33/33/9 29/29/8 
f 34/34/7 30/30/7 31/31/6 
f 31/31/6 35/35/6 34/34/7 
f 36/36/8 26/26/6 29/29/8 
f 29/29/8 37/37/9 36/36/8 
f 31/31/6 26/26/6 36/36/8 
f 36/36/8 38/38/8 31/31/6 
f 33/33/9 39/39/9 2/2/2 
f 2/2/2 5/5/2 33/33/9 
f 37/37/9 33/33/9 5/5/2 
f 5/5/2 9/9/2 37/37/9 
f 32/32/8 39/39/9 33/33/9 
f 29/29/8 33/33/9 37/37/9 
f 40/40/9 24/24/2 41/41/10 
f 41/41/10 38/38/8 40/40/9 
f 25/25/2 24/24/2 40/40/9 
f 40/40/9 37/37/9 25/25/2 
f 38/38/8 41/41/10 42/42/8 
f 42/42/8 35/35/6 38/38/8 
f 37/37/9 9/9/2 25/25/2 
f 37/37/9 40/40/9 38/38/8 
f 38/38/8 36/36/8 37/37/9 
f 35/35/6 43/43/6 44/44/7 
f 44/44/7 45/45/7 35/35/6 
f 35/35/6 45/45/7 34/34/7 
f 42/42/8 43/43/6 35/35/6 
f 38/38/8 35/35/6 31/31/6 
f 46/46/11 47/47/12 48/48/11 
f 48/48/11 49/49/13 46/46/11 
f 50/50/12 47/47/12 46/46/11 
f 46/46/11 51/51/11 50/50/12 
f 49/49/13 48/48/11 52/52/13 
f 52/52/13 53/53/14 49/49/13 
f 54/54/12 50/50/12 51/51/11 
f 51/51/11 55/55/11 54/54/12 
f 56/56/13 46/46/11 49/49/13 
f 49/49/13 57/57/14 56/56/13 
f 51/51/11 46/46/11 56/56/13 
f 56/56/13 58/58/13 51/51/11 
f 53/53/14 59/59/14 27/27/7 
f 27/27/7 30/30/7 53/53/14 
f 57/57/14 53/53/14 30/30/7 
f 30/30/7 34/34/7 57/57/14 
f 52/52/13 59/59/14 53/53/14 
f 49/49/13 53/53/14 57/57/14 
f 60/60/14 44/44/7 61/61/14 
f 61/61/14 58/58/13 60/60/14 
f 45/45/7 44/44/7 60/60/14 
f 60/60/14 57/57/14 45/45/7 
f 58/58/13 61/61/14 62/62/13 
f 62/62/13 55/55/11 58/58/13 
f 57/57/14 34/34/7 45/45/7 
f 57/57/14 60/60/14 58/58/13 
f 58/58/13 56/56/13 57/57/14 
f 55/55/11 63/63/11 64/64/12 
f 64/64/12 65/65/12 55/55/11 
f 55/55/11 65/65/12 54/54/12 
f 62/62/13 63/63/11 55/55/11 
f 58/58/13 55/55/11 51/51/11 
f 66/66/15 67/67/16 68/68/15 
f 68/68/15 69/69/17 66/66/15 
f 70/70/16 67/67/16 66/66/15 
f 66/66/15 71/71/15 70/70/16 
f 69/69/17 68/68/15 72/72/17 
f 72/72/17 73/73/18 69/69/17 
f 74/74/16 70/70/16 71/71/15 
f 71/71/15 75/75/15 74/74/16 
f 76/76/17 66/66/15 69/69/17 
f 69/69/17 77/77/18 76/76/17 
f 71/71/15 66/66/15 76/76/17 
f 76/76/17 78/78/17 71/71/15 
f 73/73/18 79/79/18 47/47/12 
f 47/47/12 50/50/12 73/73/18 
f 77/77/18 73/73/18 50/50/12 
f 50/50/12 54/54/12 77/77/18 
f 72/72/17 79/79/18 73/73/18 
f 69/69/17 73/73/18 77/77/18 
f 80/80/18 64/64/12 81/81/18 
f 81/81/18 78/78/17 80/80/18 
f 65/65/12 64/64/12 80/80/18 
f 80/80/18 77/77/18 65/65/12 
f 78/78/17 81/81/18 82/82/17 
f 82/82/17 75/75/15 78/78/17 
f 77/77/18 54/54/12 65/65/12 
f 77/77/18 80/80/18 78/78/17 
f 78/78/17 76/76/17 77/77/18 
f 75/75/15 83/83/15 84/84/16 
f 84/84/16 85/85/16 75/75/15 
f 75/75/15 85/85/16 74/74/16 
f 82/82/17 83/83/15 75/75/15 
f 78/78/17 75/75/15 71/71/15 
f 86/86/19 87/87/20 88/88/19 
f 88/88/19 89/89/21 86/86/19 
f 90/90/20 87/87/20 86/86/19 
f 86/86/19 91/91/19 90/90/20 
f 89/89/21 88/88/19 92/92/21 
f 92/92/21 93/93/22 89/89/21 
f 94/94/20 90/90/20 91/91/19 
f 91/91/19 95/95/19 94/94/20 
f 96/96/21 86/86/19 89/89/21 
f 89/89/21 97/97/22 96/96/21 
f 91/91/19 86/86/19 96/96/21 
f 96/96/21 98/98/21 91/91/19 
f 93/93/22 99/99/22 67/67/16 
f 67/67/16 70/70/16 93/93/22 
f 97/97/22 93/93/22 70/70/16 
f 70/70/16 74/74/16 97/97/22 
f 92/92/21 99/99/22 93/93/22 
f 89/89/21 93/93/22 97/97/22 
f 100/100/22 84/84/16 101/101/22 
f 101/101/22 98/98/21 100/100/22 
f 85/85/16 84/84/16 100/100/22 
f 100/100/22 97/97/22 85/85/16 
f 98/98/21 101/101/22 102/102/21 
f 102/102/21 95/95/19 98/98/21 
f 97/97/22 74/74/16 85/85/16 
f 97/97/22 100/100/22 98/98/21 
f 98/98/21 96/96/21 97/97/22 
f 95/95/19 103/103/19 104/104/20 
f 104/104/20 105/105/20 95/95/19 
f 95/95/19 105/105/20 94/94/20 
f 102/102/21 103/103/19 95/95/19 
f 98/98/21 95/95/19 91/91/19 
f 106/106/23 107/107/24 108/108/23 
f 108/108/23 109/109/25 106/106/23 
f 110/110/24 107/107/24 106/106/23 
f 106/106/23 111/111/23 110/110/24 
f 109/109/25 108/108/23 112/112/25 
f 112/112/25 113/113/26 109/109/25 
f 114/114/24 110/110/24 111/111/23 
f 111/111/23 115/115/23 114/114/24 
f 116/116/25 106/106/23 109/109/25 
f 109/109/25 117/117/26 116/116/25 
f 111/111/23 106/106/23 116/116/25 
f 116/116/25 118/118/25 111/111/23 
f 113/113/26 119/119/26 87/87/20 
f 87/87/20 90/90/20 113/113/26 
f 117/117/26 113/113/26 90/90/20 
f 90/90/20 94/94/20 117/117/26 
f 112/112/25 119/119/26 113/113/26 
f 109/109/25 113/113/26 117/117/26 
f 120/120/26 104/104/20 121/121/26 
f 121/121/26 118/118/25 120/120/26 
f 105/105/20 104/104/20 120/120/26 
f 120/120/26 117/117/26 105/105/20 
f 118/118/25 121/121/26 122/122/25 
f 122/122/25 115/115/23 118/118/25 
f 117/117/26 94/94/20 105/105/20 
f 117/117/26 120/120/26 118/118/25 
f 118/118/25 116/116/25 117/117/26 
f 115/115/23 123/123/23 124/124/24 
f 124/124/24 125/125/24 115/115/23 
f 115/115/23 125/125/24 114/114/24 
f 122/122/25 123/123/23 115/115/23 
f 118/118/25 115/115/23 111/111/23 
f 126/126/27 127/127/28 128/128/27 
f 128/128/27 129/129/29 126/126/27 
f 130/130/28 127/127/28 126/126/27 
f 126/126/27 131/131/27 130/130/28 
f 129/129/29 128/128/27 132/132/29 
f 132/132/29 133/133/30 129/129/29 
f 134/134/28 130/130/28 131/131/27 
f 131/131/27 135/135/27 134/134/28 
f 136/136/29 126/126/27 129/129/29 
f 129/129/29 137/137/30 136/136/29 
f 131/131/27 126/126/27 136/136/29 
f 136/136/29 138/138/29 131/131/27 
f 133/133/30 139/139/30 107/107/24 
f 107/107/24 110/110/24 133/133/30 
f 137/137/30 133/133/30 110/110/24 
f 110/110/24 114/114/24 137/137/30 
f 132/132/29 139/139/30 133/133/30 
f 129/129/29 133/133/30 137/137/30 
f 140/140/30 124/124/24 141/141/30 
f 141/141/30 138/138/29 140/140/30 
f 125/125/24 124/124/24 140/140/30 
f 140/140/30 137/137/30 125/125/24 
f 138/138/29 141/141/30 142/142/29 
f 142/142/29 135/135/27 138/138/29 
f 137/137/30 114/114/24 125/125/24 
f 137/137/30 140/140/30 138/138/29 
f 138/138/29 136/136/29 137/137/30 
f 135/135/27 143/143/27 144/144/28 
f 144/144/28 145/145/28 135/135/27 
f 135/135/27 145/145/28 134/134/28 
f 142/142/29 143/143/27 135/135/27 
f 138/138/29 135/135/27 131/131/27 
f 146/146/31 147/147/32 148/148/31 
f 148/148/31 149/149/33 146/146/31 
f 150/150/32 147/147/32 146/146/31 
f 146/146/31 151/151/31 150/150/32 
f 149/149/33 148/148/31 152/152/33 
f 152/152/33 153/153/34 149/149/33 
f 154/154/32 150/150/32 151/151/31 
f 151/151/31 155/155/31 154/154/32 
f 156/156/33 146/146/31 149/149/33 
f 149/149/33 157/157/35 156/156/33 
f 151/151/31 146/146/31 156/156/33 
f 156/156/33 158/158/33 151/151/31 
f 153/153/34 159/159/34 127/127/28 
f 127/127/28 130/130/28 153/153/34 
f 157/157/35 153/153/34 130/130/28 
f 130/130/28 134/134/28 157/157/35 
f 152/152/33 159/159/34 153/153/34 
f 149/149/33 153/153/34 157/157/35 
f 160/160/34 144/144/28 161/161/34 
f 161/161/34 158/158/33 160/160/34 
f 145/145/28 144/144/28 160/160/34 
f 160/160/34 157/157/35 145/145/28 
f 158/158/33 161/161/34 162/162/33 
f 162/162/33 155/155/31 158/158/33 
f 157/157/35 134/134/28 145/145/28 
f 157/157/35 160/160/34 158/158/33 
f 158/158/33 156/156/33 157/157/35 
f 155/155/31 163/163/31 164/164/32 
f 164/164/32 165/165/32 155/155/31 
f 155/155/31 165/165/32 154/154/32 
f 162/162/33 163/163/31 155/155/31 
f 158/158/33 155/155/31 151/151/31 
f 166/166/36 167/167/37 168/168/36 
f 168/168/36 169/169/38 166/166/36 
f 170/170/37 167/167/37 166/166/36 
f 166/166/36 171/171/36 170/170/37 
f 169/169/38 168/168/36 172/172/38 
f 172/172/38 173/173/39 169/169/38 
f 174/174/37 170/170/37 171/171/36 
f 171/171/36 175/175/36 174/174/37 
f 176/176/38 166/166/36 169/169/38 
f 169/169/38 177/177/39 176/176/38 
f 171/171/36 166/166/36 176/176/38 
f 176/176/38 178/178/38 171/171/36 
f 173/173/39 179/179/39 147/147/32 
f 147/147/32 150/150/32 173/173/39 
f 177/177/39 173/173/39 150/150/32 
f 150/150/32 154/154/32 177/177/39 
f 172/172/38 179/179/39 173/173/39 
f 169/169/38 173/173/39 177/177/39 
f 180/180/39 164/164/32 181/181/39 
f 181/181/39 178/178/38 180/180/39 
f 165/165/32 164/164/32 180/180/39 
f 180/180/39 177/177/39 165/165/32 
f 178/178/38 181/181/39 182/182/38 
f 182/182/38 175/175/36 178/178/38 
f 177/177/39 154/154/32 165/165/32 
f 177/177/39 180/180/39 178/178/38 
f 178/178/38 176/176/38 177/177/39 
f 175/175/36 183/183/36 184/184/37 
f 184/184/37 185/185/37 175/175/36 
f 175/175/36 185/185/37 174/174/37 
f 182/182/38 183/183/36 175/175/36 
f 178/178/38 175/175/36 171/171/36 
f 186/186/40 187/187/41 188/188/40 
f 188/188/40 189/189/42 186/186/40 
f 190/190/41 187/187/41 186/186/40 
f 186/186/40 191/191/40 190/190/41 
f 189/189/42 188/188/40 192/192/42 
f 192/192/42 193/193/43 189/189/42 
f 194/194/41 190/190/41 191/191/40 
f 191/191/40 195/195/40 194/194/41 
f 196/196/42 186/186/40 189/189/42 
f 189/189/42 197/197/43 196/196/42 
f 191/191/40 186/186/40 196/196/42 
f 196/196/42 198/198/42 191/191/40 
f 193/193/43 199/199/43 167/167/37 
f 167/167/37 170/170/37 193/193/43 
f 197/197/43 193/193/43 170/170/37 
f 170/170/37 174/174/37 197/197/43 
f 192/192/42 199/199/43 193/193/43 
f 189/189/42 193/193/43 197/197/43 
f 200/200/43 184/184/37 201/201/43 
f 201/201/43 198/198/42 200/200/43 
f 185/185/37 184/184/37 200/200/43 
f 200/200/43 197/197/43 185/185/37 
f 198/198/42 201/201/43 202/202/42 
f 202/202/42 195/195/40 198/198/42 
f 197/197/43 174/174/37 185/185/37 
f 197/197/43 200/200/43 198/198/42 
f 198/198/42 196/196/42 197/197/43 
f 195/195/40 203/203/40 204/204/41 
f 204/204/41 205/205/41 195/195/40 
f 195/195/40 205/205/41 194/194/41 
f 202/202/42 203/203/40 195/195/40 
f 198/198/42 195/195/40 191/191/40 
f 206/206/44 207/207/45 208/208/44 
f 208/208/44 209/209/46 206/206/44 
f 210/210/45 207/207/45 206/206/44 
f 206/206/44 211/211/44 210/210/45 
f 209/209/46 208/208/44 212/212/46 
f 212/212/46 213/213/47 209/209/46 
f 214/214/45 210/210/45 211/211/44 
f 211/211/44 215/215/44 214/214/45 
f 216/216/46 206/206/44 209/209/46 
f 209/209/46 217/217/48 216/216/46 
f 211/211/44 206/206/44 216/216/46 
f 216/216/46 218/218/46 211/211/44 
f 213/213/47 219/219/47 187/220/41 
f 187/220/41 190/221/41 213/213/47 
f 217/217/48 213/213/47 190/221/41 
f 190/221/41 194/222/41 217/217/48 
f 212/212/46 219/219/47 213/213/47 
f 209/209/46 213/213/47 217/217/48 
f 220/223/47 204/224/41 221/225/47 
f 221/225/47 218/218/46 220/223/47 
f 205/226/41 204/224/41 220/223/47 
f 220/223/47 217/217/48 205/226/41 
f 218/218/46 221/225/47 222/227/46 
f 222/227/46 215/215/44 218/218/46 
f 217/217/48 194/222/41 205/226/41 
f 217/217/48 220/223/47 218/218/46 
f 218/218/46 216/216/46 217/217/48 
f 215/215/44 223/228/44 224/229/45 
f 224/229/45 225/230/45 215/215/44 
f 215/215/44 225/230/45 214/214/45 
f 222/227/46 223/228/44 215/215/44 
f 218/218/46 215/215/44 211/211/44 
f 226/231/49 15/15/5 227/232/50 
f 227/232/50 228/233/51 226/231/49 
f 16/16/5 15/15/5 226/231/49 
f 226/231/49 229/234/49 16/16/5 
f 228/233/51 227/232/50 230/235/51 
f 230/235/51 231/236/52 228/233/51 
f 17/17/5 16/16/5 229/234/49 
f 229/234/49 232/237/49 17/17/5 
f 233/238/51 226/231/49 228/233/51 
f 228/233/51 234/239/52 233/238/51 
f 229/234/49 226/231/49 233/238/51 
f 233/238/51 235/240/51 229/234/49 
f 231/236/52 236/241/52 207/207/45 
f 207/207/45 210/210/45 231/236/52 
f 234/239/52 231/236/52 210/210/45 
f 210/210/45 214/214/45 234/239/52 
f 230/235/51 236/241/52 231/236/52 
f 228/233/51 231/236/52 234/239/52 
f 237/242/52 224/229/45 238/243/52 
f 238/243/52 235/240/51 237/242/52 
f 225/230/45 224/229/45 237/242/52 
f 237/242/52 234/239/52 225/230/45 
f 235/240/51 238/243/52 239/244/51 
f 239/244/51 232/237/49 235/240/51 
f 234/239/52 214/214/45 225/230/45 
f 234/239/52 237/242/52 235/240/51 
f 235/240/51 233/238/51 234/239/52 
f 232/237/49 240/245/50 19/19/5 
f 19/19/5 21/21/5 232/237/49 
f 232/237/49 21/21/5 17/17/5 
f 239/244/51 240/245/50 232/237/49 
f 235/240/51 232/237/49 229/234/49 
f 241/246/53 242/247/54 243/248/55 
f 243/248/55 244/249/56 241/246/53 
f 245/250/57 242/247/54 241/246/53 
f 241/246/53 246/251/58 245/250/57 
f 244/249/56 243/248/55 247/252/59 
f 247/252/59 248/253/60 244/249/56 
f 249/254/61 245/250/57 246/251/58 
f 246/251/58 250/255/62 249/254/61 
f 251/256/63 241/246/53 244/249/56 
f 244/249/56 252/257/64 251/256/63 
f 246/251/58 241/246/53 251/256/63 
f 251/256/63 253/258/65 246/251/58 
f 248/253/60 254/259/66 255/260/67 
f 255/260/67 256/261/67 248/253/60 
f 252/257/64 248/253/60 256/261/67 
f 256/261/67 257/262/67 252/257/64 
f 247/252/59 254/259/66 248/253/60 
f 244/249/56 248/253/60 252/257/64 
f 258/263/68 259/264/67 260/265/69 
f 260/265/69 253/258/65 258/263/68 
f 261/266/67 259/264/67 258/263/68 
f 258/263/68 252/257/64 261/266/67 
f 253/258/65 260/265/69 262/267/70 
f 262/267/70 250/255/62 253/258/65 
f 252/257/64 257/262/67 261/266/67 
f 252/257/64 258/263/68 253/258/65 
f 253/258/65 251/256/63 252/257/64 
f 250/255/62 263/268/71 264/269/72 
f 264/269/72 265/270/73 250/255/62 
f 250/255/62 265/270/73 249/254/61 
f 262/267/70 263/268/71 250/255/62 
f 253/258/65 250/255/62 246/251/58 
f 266/271/74 264/269/72 263/268/71 
f 263/268/71 267/272/75 266/271/74 
f 268/273/76 264/269/72 266/271/74 
f 266/271/74 269/274/77 268/273/76 
f 267/272/75 263/268/71 262/267/70 
f 262/267/70 270/275/78 267/272/75 
f 271/276/79 268/273/76 269/274/77 
f 269/274/77 272/277/80 271/276/79 
f 273/278/81 266/271/74 267/272/75 
f 267/272/75 274/279/82 273/278/81 
f 269/274/77 266/271/74 273/278/81 
f 273/278/81 275/280/83 269/274/77 
f 270/275/78 260/265/69 259/264/67 
f 259/264/67 276/281/67 270/275/78 
f 274/279/82 270/275/78 276/281/67 
f 276/281/67 277/282/67 274/279/82 
f 262/267/70 260/265/69 270/275/78 
f 267/272/75 270/275/78 274/279/82 
f 278/283/84 279/284/67 280/285/85 
f 280/285/85 275/280/83 278/283/84 
f 281/286/67 279/284/67 278/283/84 
f 278/283/84 274/279/82 281/286/67 
f 275/280/83 280/285/85 282/287/86 
f 282/287/86 272/277/80 275/280/83 
f 274/279/82 277/282/67 281/286/67 
f 274/279/82 278/283/84 275/280/83 
f 275/280/83 273/278/81 274/279/82 
f 272/277/80 283/288/87 284/289/88 
f 284/289/88 285/290/89 272/277/80 
f 272/277/80 285/290/89 271/276/79 
f 282/287/86 283/288/87 272/277/80 
f 275/280/83 272/277/80 269/274/77 
f 286/291/90 284/289/88 283/288/87 
f 283/288/87 287/292/91 286/291/90 
f 288/293/92 284/289/88 286/291/90 
f 286/291/90 289/294/93 288/293/92 
f 287/292/91 283/288/87 282/287/86 
f 282/287/86 290/295/94 287/292/91 
f 291/296/95 288/293/92 289/294/93 
f 289/294/93 292/297/96 291/296/95 
f 293/298/97 286/291/90 287/292/91 
f 287/292/91 294/299/98 293/298/97 
f 289/294/93 286/291/90 293/298/97 
f 293/298/97 295/300/99 289/294/93 
f 290/295/94 280/285/85 279/284/67 
f 279/284/67 296/301/67 290/295/94 
f 294/299/98 290/295/94 296/301/67 
f 296/301/67 297/302/67 294/299/98 
f 282/287/86 280/285/85 290/295/94 
f 287/292/91 290/295/94 294/299/98 
f 298/303/100 299/304/67 300/305/101 
f 300/305/101 295/300/99 298/303/100 
f 301/306/67 299/304/67 298/303/100 
f 298/303/100 294/299/98 301/306/67 
f 295/300/99 300/305/101 302/307/102 
f 302/307/102 292/297/96 295/300/99 
f 294/299/98 297/302/67 301/306/67 
f 294/299/98 298/303/100 295/300/99 
f 295/300/99 293/298/97 294/299/98 
f 292/297/96 303/308/103 304/309/104 
f 304/309/104 305/310/105 292/297/96 
f 292/297/96 305/310/105 291/296/95 
f 302/307/102 303/308/103 292/297/96 
f 295/300/99 292/297/96 289/294/93 
f 306/311/106 304/309/104 303/308/103 
f 303/308/103 307/312/107 306/311/106 
f 308/313/108 304/309/104 306/311/106 
f 306/311/106 309/314/109 308/313/108 
f 307/312/107 303/308/103 302/307/102 
f 302/307/102 310/315/110 307/312/107 
f 311/316/111 308/313/108 309/314/109 
f 309/314/109 312/317/112 311/316/111 
f 313/318/113 306/311/106 307/312/107 
f 307/312/107 314/319/114 313/318/113 
f 309/314/109 306/311/106 313/318/113 
f 313/318/113 315/320/115 309/314/109 
f 310/315/110 300/305/101 299/304/67 
f 299/304/67 316/321/67 310/315/110 
f 314/319/114 310/315/110 316/321/67 
f 316/321/67 317/322/67 314/319/114 
f 302/307/102 300/305/101 310/315/110 
f 307/312/107 310/315/110 314/319/114 
f 318/323/116 319/324/67 320/325/117 
f 320/325/117 315/320/115 318/323/116 
f 321/326/67 319/324/67 318/323/116 
f 318/323/116 314/319/114 321/326/67 
f 315/320/115 320/325/117 322/327/118 
f 322/327/118 312/317/112 315/320/115 
f 314/319/114 317/322/67 321/326/67 
f 314/319/114 318/323/116 315/320/115 
f 315/320/115 313/318/113 314/319/114 
f 312/317/112 323/328/119 324/329/120 
f 324/329/120 325/330/121 312/317/112 
f 312/317/112 325/330/121 311/316/111 
f 322/327/118 323/328/119 312/317/112 
f 315/320/115 312/317/112 309/314/109 
f 326/331/122 324/329/120 323/328/119 
f 323/328/119 327/332/123 326/331/122 
f 328/333/124 324/329/120 326/331/122 
f 326/331/122 329/334/125 328/333/124 
f 327/332/123 323/328/119 322/327/118 
f 322/327/118 330/335/126 327/332/123 
f 331/336/127 328/333/124 329/334/125 
f 329/334/125 332/337/128 331/336/127 
f 333/338/129 326/331/122 327/332/123 
f 327/332/123 334/339/130 333/338/129 
f 329/334/125 326/331/122 333/338/129 
f 333/338/129 335/340/131 329/334/125 
f 330/335/126 320/325/117 319/324/67 
f 319/324/67 336/341/67 330/335/126 
f 334/339/130 330/335/126 336/341/67 
f 336/341/67 337/342/67 334/339/130 
f 322/327/118 320/325/117 330/335/126 
f 327/332/123 330/335/126 334/339/130 
f 338/343/132 339/344/67 340/345/133 
f 340/345/133 335/340/131 338/343/132 
f 341/346/67 339/344/67 338/343/132 
f 338/343/132 334/339/130 341/346/67 
f 335/340/131 340/345/133 342/347/134 
f 342/347/134 332/337/128 335/340/131 
f 334/339/130 337/342/67 341/346/67 
f 334/339/130 338/343/132 335/340/131 
f 335/340/131 333/338/129 334/339/130 
f 332/337/128 343/348/135 344/349/136 
f 344/349/136 345/350/137 332/337/128 
f 332/337/128 345/350/137 331/336/127 
f 342/347/134 343/348/135 332/337/128 
f 335/340/131 332/337/128 329/334/125 
f 346/351/138 344/349/136 343/348/135 
f 343/348/135 347/352/139 346/351/138 
f 348/353/140 344/349/136 346/351/138 
f 346/351/138 349/354/141 348/353/140 
f 347/352/139 343/348/135 342/347/134 
f 342/347/134 350/355/142 347/352/139 
f 351/356/143 348/353/140 349/354/141 
f 349/354/141 352/357/144 351/356/143 
f 353/358/145 346/351/138 347/352/139 
f 347/352/139 354/359/146 353/358/145 
f 349/354/141 346/351/138 353/358/145 
f 353/358/145 355/360/147 349/354/141 
f 350/355/142 340/345/133 339/344/67 
f 339/344/67 356/361/67 350/355/142 
f 354/359/146 350/355/142 356/361/67 
f 356/361/67 357/362/67 354/359/146 
f 342/347/134 340/345/133 350/355/142 
f 347/352/139 350/355/142 354/359/146 
f 358/363/148 359/364/67 360/365/149 
f 360/365/149 355/360/147 358/363/148 
f 361/366/67 359/364/67 358/363/148 
f 358/363/148 354/359/146 361/366/67 
f 355/360/147 360/365/149 362/367/150 
f 362/367/150 352/357/144 355/360/147 
f 354/359/146 357/362/67 361/366/67 
f 354/359/146 358/363/148 355/360/147 
f 355/360/147 353/358/145 354/359/146 
f 352/357/144 363/368/151 364/369/152 
f 364/369/152 365/370/153 352/357/144 
f 352/357/144 365/370/153 351/356/143 
f 362/367/150 363/368/151 352/357/144 
f 355/360/147 352/357/144 349/354/141 
f 366/371/154 364/369/152 363/368/151 
f 363/368/151 367/372/155 366/371/154 
f 368/373/156 364/369/152 366/371/154 
f 366/371/154 369/374/157 368/373/156 
f 367/372/155 363/368/151 362/367/150 
f 362/367/150 370/375/158 367/372/155 
f 371/376/159 368/373/156 369/374/157 
f 369/374/157 372/377/160 371/376/159 
f 373/378/161 366/371/154 367/372/155 
f 367/372/155 374/379/162 373/378/161 
f 369/374/157 366/371/154 373/378/161 
f 373/378/161 375/380/163 369/374/157 
f 370/375/158 360/365/149 359/364/67 
f 359/364/67 376/381/67 370/375/158 
f 374/379/162 370/375/158 376/381/67 
f 376/381/67 377/382/67 374/379/162 
f 362/367/150 360/365/149 370/375/158 
f 367/372/155 370/375/158 374/379/162 
f 378/383/164 379/384/67 380/385/165 
f 380/385/165 375/380/163 378/383/164 
f 381/386/67 379/384/67 378/383/164 
f 378/383/164 374/379/162 381/386/67 
f 375/380/163 380/385/165 382/387/166 
f 382/387/166 372/377/160 375/380/163 
f 374/379/162 377/382/67 381/386/67 
f 374/379/162 378/383/164 375/380/163 
f 375/380/163 373/378/161 374/379/162 
f 372/377/160 383/388/167 384/389/168 
f 384/389/168 385/390/169 372/377/160 
f 372/377/160 385/390/169 371/376/159 
f 382/387/166 383/388/167 372/377/160 
f 375/380/163 372/377/160 369/374/157 
f 386/391/170 384/389/168 383/388/167 
f 383/388/167 387/392/171 386/391/170 
f 388/393/172 384/389/168 386/391/170 
f 386/391/170 389/394/173 388/393/172 
f 387/392/171 383/388/167 382/387/166 
f 382/387/166 390/395/174 387/392/171 
f 391/396/175 388/393/172 389/394/173 
f 389/394/173 392/397/176 391/396/175 
f 393/398/177 386/391/170 387/392/171 
f 387/392/171 394/399/178 393/398/177 
f 389/394/173 386/391/170 393/398/177 
f 393/398/177 395/400/179 389/394/173 
f 390/395/174 380/385/165 379/384/67 
f 379/384/67 396/401/67 390/395/174 
f 394/399/178 390/395/174 396/401/67 
f 396/401/67 397/402/67 394/399/178 
f 382/387/166 380/385/165 390/395/174 
f 387/392/171 390/395/174 394/399/178 
f 398/403/180 399/404/67 400/405/181 
f 400/405/181 395/400/179 398/403/180 
f 401/406/67 399/404/67 398/403/180 
f 398/403/180 394/399/178 401/406/67 
f 395/400/179 400/405/181 402/407/182 
f 402/407/182 392/397/176 395/400/179 
f 394/399/178 397/402/67 401/406/67 
f 394/399/178 398/403/180 395/400/179 
f 395/400/179 393/398/177 394/399/178 
f 392/397/176 403/408/183 404/409/184 
f 404/409/184 405/410/185 392/397/176 
f 392/397/176 405/410/185 391/396/175 
f 402/407/182 403/408/183 392/397/176 
f 395/400/179 392/397/176 389/394/173 
f 406/411/186 404/409/184 403/408/183 
f 403/408/183 407/412/187 406/411/186 
f 408/413/188 404/409/184 406/411/186 
f 406/411/186 409/414/189 408/413/188 
f 407/412/187 403/408/183 402/407/182 
f 402/407/182 410/415/190 407/412/187 
f 411/416/191 408/413/188 409/414/189 
f 409/414/189 412/417/192 411/416/191 
f 413/418/193 406/411/186 407/412/187 
f 407/412/187 414/419/194 413/418/193 
f 409/414/189 406/411/186 413/418/193 
f 413/418/193 415/420/195 409/414/189 
f 410/415/190 400/405/181 399/404/67 
f 399/404/67 416/421/67 410/415/190 
f 414/419/194 410/415/190 416/421/67 
f 416/421/67 417/422/67 414/419/194 
f 402/407/182 400/405/181 410/415/190 
f 407/412/187 410/415/190 414/419/194 
f 418/423/196 419/424/67 420/425/197 
f 420/425/197 415/420/195 418/423/196 
f 421/426/67 419/424/67 418/423/196 
f 418/423/196 414/419/194 421/426/67 
f 415/420/195 420/425/197 422/427/198 
f 422/427/198 412/417/192 415/420/195 
f 414/419/194 417/422/67 421/426/67 
f 414/419/194 418/423/196 415/420/195 
f 415/420/195 413/418/193 414/419/194 
f 412/417/192 423/428/199 424/429/200 
f 424/429/200 425/430/201 412/417/192 
f 412/417/192 425/430/201 411/416/191 
f 422/427/198 423/428/199 412/417/192 
f 415/420/195 412/417/192 409/414/189 
f 426/431/202 424/429/200 423/428/199 
f 423/428/199 427/432/203 426/431/202 
f 428/433/204 424/429/200 426/431/202 
f 426/431/202 429/434/205 428/433/204 
f 427/432/203 423/428/199 422/427/198 
f 422/427/198 430/435/206 427/432/203 
f 431/436/207 428/433/204 429/434/205 
f 429/434/205 432/437/208 431/436/207 
f 433/438/209 426/431/202 427/432/203 
f 427/432/203 434/439/210 433/438/209 
f 429/434/205 426/431/202 433/438/209 
f 433/438/209 435/440/211 429/434/205 
f 430/435/206 420/425/197 419/424/67 
f 419/424/67 436/441/67 430/435/206 
f 434/439/210 430/435/206 436/441/67 
f 436/441/67 437/442/67 434/439/210 
f 422/427/198 420/425/197 430/435/206 
f 427/432/203 430/435/206 434/439/210 
f 438/443/212 439/444/67 440/445/213 
f 440/445/213 435/440/211 438/443/212 
f 441/446/67 439/444/67 438/443/212 
f 438/443/212 434/439/210 441/446/67 
f 435/440/211 440/445/213 442/447/214 
f 442/447/214 432/437/208 435/440/211 
f 434/439/210 437/442/67 441/446/67 
f 434/439/210 438/443/212 435/440/211 
f 435/440/211 433/438/209 434/439/210 
f 432/437/208 443/448/215 444/449/216 
f 444/449/216 445/450/217 432/437/208 
f 432/437/208 445/450/217 431/436/207 
f 442/447/214 443/448/215 432/437/208 
f 435/440/211 432/437/208 429/434/205 
f 446/451/218 444/449/216 443/448/215 
f 443/448/215 447/452/219 446/451/218 
f 448/453/220 444/449/216 446/451/218 
f 446/451/218 449/454/221 448/453/220 
f 447/452/219 443/448/215 442/447/214 
f 442/447/214 450/455/222 447/452/219 
f 451/456/223 448/453/220 449/454/221 
f 449/454/221 452/457/224 451/456/223 
f 453/458/225 446/451/218 447/452/219 
f 447/452/219 454/459/226 453/458/225 
f 449/454/221 446/451/218 453/458/225 
f 453/458/225 455/460/227 449/454/221 
f 450/455/222 440/445/213 439/444/67 
f 439/444/67 456/461/67 450/455/222 
f 454/459/226 450/455/222 456/461/67 
f 456/461/67 457/462/67 454/459/226 
f 442/447/214 440/445/213 450/455/222 
f 447/452/219 450/455/222 454/459/226 
f 458/463/228 459/464/67 460/465/229 
f 460/465/229 455/460/227 458/463/228 
f 461/466/67 459/464/67 458/463/228 
f 458/463/228 454/459/226 461/466/67 
f 455/460/227 460/465/229 462/467/230 
f 462/467/230 452/457/224 455/460/227 
f 454/459/226 457/462/67 461/466/67 
f 454/459/226 458/463/228 455/460/227 
f 455/460/227 453/458/225 454/459/226 
f 452/457/224 463/468/231 464/469/232 
f 464/469/232 465/470/233 452/457/224 
f 452/457/224 465/470/233 451/456/223 
f 462/467/230 463/468/231 452/457/224 
f 455/460/227 452/457/224 449/454/221 
f 466/471/234 464/469/232 463/468/231 
f 463/468/231 467/472/235 466/471/234 
f 468/473/236 464/469/232 466/471/234 
f 466/471/234 469/474/237 468/473/236 
f 467/472/235 463/468/231 462/467/230 
f 462/467/230 470/475/238 467/472/235 
f 471/476/239 468/473/236 469/474/237 
f 469/474/237 472/477/240 471/476/239 
f 473/478/241 466/471/234 467/472/235 
f 467/472/235 474/479/242 473/478/241 
f 469/474/237 466/471/234 473/478/241 
f 473/478/241 475/480/243 469/474/237 
f 470/475/238 460/465/229 459/464/67 
f 459/464/67 476/481/67 470/475/238 
f 474/479/242 470/475/238 476/481/67 
f 476/481/67 477/482/67 474/479/242 
f 462/467/230 460/465/229 470/475/238 
f 467/472/235 470/475/238 474/479/242 
f 478/483/244 255/260/67 254/259/66 
f 254/259/66 475/480/243 478/483/244 
f 479/484/67 255/260/67 478/483/244 
f 478/483/244 474/479/242 479/484/67 
f 475/480/243 254/259/66 247/252/59 
f 247/252/59 472/477/240 475/480/243 
f 474/479/242 477/482/67 479/484/67 
f 474/479/242 478/483/244 475/480/243 
f 475/480/243 473/478/241 474/479/242 
f 472/477/240 243/248/55 242/247/54 
f 242/247/54 480/485/245 472/477/240 
f 472/477/240 480/485/245 471/476/239 
f 247/252/59 243/248/55 472/477/240 
f 475/480/243 472/477/240 469/474/237 
f 481/486/246 482/487/247 483/488/248 
f 483/488/248 484/489/249 481/486/246 
f 485/490/250 482/487/247 481/486/246 
f 481/486/246 486/491/251 485/490/250 
f 484/489/249 483/488/248 487/492/252 
f 487/492/252 488/493/253 484/489/249 
f 489/494/254 485/490/250 486/491/251 
f 486/491/251 490/495/255 489/494/254 
f 491/496/256 481/486/246 484/489/249 
f 484/489/249 492/497/257 491/496/256 
f 486/491/251 481/486/246 491/496/256 
f 491/496/256 493/498/258 486/491/251 
f 488/493/253 494/499/259 495/500/260 
f 495/500/260 496/501/260 488/493/253 
f 492/497/257 488/493/253 496/501/260 
f 496/501/260 497/502/260 492/497/257 
f 487/492/252 494/499/259 488/493/253 
f 484/489/249 488/493/253 492/497/257 
f 498/503/261 499/504/260 500/505/262 
f 500/505/262 493/498/258 498/503/261 
f 501/506/260 499/504/260 498/503/261 
f 498/503/261 492/497/257 501/506/260 
f 493/498/258 500/505/262 502/507/263 
f 502/507/263 490/495/255 493/498/258 
f 492/497/257 497/502/260 501/506/260 
f 492/497/257 498/503/261 493/498/258 
f 493/498/258 491/496/256 492/497/257 
f 490/495/255 503/508/264 504/509/265 
f 504/509/265 505/510/266 490/495/255 
f 490/495/255 505/510/266 489/494/254 
f 502/507/263 503/508/264 490/495/255 
f 493/498/258 490/495/255 486/491/251 
f 506/511/267 504/509/265 503/508/264 
f 503/508/264 507/512/268 506/511/267 
f 508/513/269 504/509/265 506/511/267 
f 506/511/267 509/514/270 508/513/269 
f 507/512/268 503/508/264 502/507/263 
f 502/507/263 510/515/271 507/512/268 
f 511/516/272 508/513/269 509/514/270 
f 509/514/270 512/517/273 511/516/272 
f 513/518/274 506/511/267 507/512/268 
f 507/512/268 514/519/275 513/518/274 
f 509/514/270 506/511/267 513/518/274 
f 513/518/274 515/520/276 509/514/270 
f 510/515/271 500/505/262 499/504/260 
f 499/504/260 516/521/260 510/515/271 
f 514/519/275 510/515/271 516/521/260 
f 516/521/260 517/522/260 514/519/275 
f 502/507/263 500/505/262 510/515/271 
f 507/512/268 510/515/271 514/519/275 
f 518/523/277 519/524/260 520/525/278 
f 520/525/278 515/520/276 518/523/277 
f 521/526/260 519/524/260 518/523/277 
f 518/523/277 514/519/275 521/526/260 
f 515/520/276 520/525/278 522/527/279 
f 522/527/279 512/517/273 515/520/276 
f 514/519/275 517/522/260 521/526/260 
f 514/519/275 518/523/277 515/520/276 
f 515/520/276 513/518/274 514/519/275 
f 512/517/273 523/528/280 524/529/281 
f 524/529/281 525/530/282 512/517/273 
f 512/517/273 525/530/282 511/516/272 
f 522/527/279 523/528/280 512/517/273 
f 515/520/276 512/517/273 509/514/270 
f 526/531/283 524/529/281 523/528/280 
f 523/528/280 527/532/284 526/531/283 
f 528/533/285 524/529/281 526/531/283 
f 526/531/283 529/534/286 528/533/285 
f 527/532/284 523/528/280 522/527/279 
f 522/527/279 530/535/287 527/532/284 
f 531/536/288 528/533/285 529/534/286 
f 529/534/286 532/537/289 531/536/288 
f 533/538/290 526/531/283 527/532/284 
f 527/532/284 534/539/291 533/538/290 
f 529/534/286 526/531/283 533/538/290 
f 533/538/290 535/540/292 529/534/286 
f 530/535/287 520/525/278 519/524/260 
f 519/524/260 536/541/260 530/535/287 
f 534/539/291 530/535/287 536/541/260 
f 536/541/260 537/542/260 534/539/291 
f 522/527/279 520/525/278 530/535/287 
f 527/532/284 530/535/287 534/539/291 
f 538/543/293 539/544/260 540/545/294 
f 540/545/294 535/540/292 538/543/293 
f 541/546/260 539/544/260 538/543/293 
f 538/543/293 534/539/291 541/546/260 
f 535/540/292 540/545/294 542/547/295 
f 542/547/295 532/537/289 535/540/292 
f 534/539/291 537/542/260 541/546/260 
f 534/539/291 538/543/293 535/540/292 
f 535/540/292 533/538/290 534/539/291 
f 532/537/289 543/548/296 544/549/297 
f 544/549/297 545/550/298 532/537/289 
f 532/537/289 545/550/298 531/536/288 
f 542/547/295 543/548/296 532/537/289 
f 535/540/292 532/537/289 529/534/286 
f 546/551/299 544/549/297 543/548/296 
f 543/548/296 547/552/300 546/551/299 
f 548/553/301 544/549/297 546/551/299 
f 546/551/299 549/554/302 548/553/301 
f 547/552/300 543/548/296 542/547/295 
f 542/547/295 550/555/303 547/552/300 
f 551/556/304 548/553/301 549/554/302 
f 549/554/302 552/557/305 551/556/304 
f 553/558/306 546/551/299 547/552/300 
f 547/552/300 554/559/307 553/558/306 
f 549/554/302 546/551/299 553/558/306 
f 553/558/306 555/560/308 549/554/302 
f 550/555/303 540/545/294 539/544/260 
f 539/544/260 556/561/260 550/555/303 
f 554/559/307 550/555/303 556/561/260 
f 556/561/260 557/562/260 554/559/307 
f 542/547/295 540/545/294 550/555/303 
f 547/552/300 550/555/303 554/559/307 
f 558/563/309 559/564/260 560/565/310 
f 560/565/310 555/560/308 558/563/309 
f 561/566/260 559/564/260 558/563/309 
f 558/563/309 554/559/307 561/566/260 
f 555/560/308 560/565/310 562/567/311 
f 562/567/311 552/557/305 555/560/308 
f 554/559/307 557/562/260 561/566/260 
f 554/559/307 558/563/309 555/560/308 
f 555/560/308 553/558/306 554/559/307 
f 552/557/305 563/568/312 564/569/313 
f 564/569/313 565/570/314 552/557/305 
f 552/557/305 565/570/314 551/556/304 
f 562/567/311 563/568/312 552/557/305 
f 555/560/308 552/557/305 549/554/302 
f 566/571/315 564/569/313 563/568/312 
f 563/568/312 567/572/316 566/571/315 
f 568/573/317 564/569/313 566/571/315 
f 566/571/315 569/574/318 568/573/317 
f 567/572/316 563/568/312 562/567/311 
f 562/567/311 570/575/319 567/572/316 
f 571/576/320 568/573/317 569/574/318 
f 569/574/318 572/577/321 571/576/320 
f 573/578/322 566/571/315 567/572/316 
f 567/572/316 574/579/323 573/578/322 
f 569/574/318 566/571/315 573/578/322 
f 573/578/322 575/580/324 569/574/318 
f 570/575/319 560/565/310 559/564/260 
f 559/564/260 576/581/260 570/575/319 
f 574/579/323 570/575/319 576/581/260 
f 576/581/260 577/582/260 574/579/323 
f 562/567/311 560/565/310 570/575/319 
f 567/572/316 570/575/319 574/579/323 
f 578/583/325 579/584/260 580/585/326 
f 580/585/326 575/580/324 578/583/325 
f 581/586/260 579/584/260 578/583/325 
f 578/583/325 574/579/323 581/586/260 
f 575/580/324 580/585/326 582/587/327 
f 582/587/327 572/577/321 575/580/324 
f 574/579/323 577/582/260 581/586/260 
f 574/579/323 578/583/325 575/580/324 
f 575/580/324 573/578/322 574/579/323 
f 572/577/321 583/588/328 584/589/329 
f 584/589/329 585/590/330 572/577/321 
f 572/577/321 585/590/330 571/576/320 
f 582/587/327 583/588/328 572/577/321 
f 575/580/324 572/577/321 569/574/318 
f 586/591/331 584/589/329 583/588/328 
f 583/588/328 587/592/332 586/591/331 
f 588/593/333 584/589/329 586/591/331 
f 586/591/331 589/594/334 588/593/333 
f 587/592/332 583/588/328 582/587/327 
f 582/587/327 590/595/335 587/592/332 
f 591/596/336 588/593/333 589/594/334 
f 589/594/334 592/597/337 591/596/336 
f 593/598/338 586/591/331 587/592/332 
f 587/592/332 594/599/339 593/598/338 
f 589/594/334 586/591/331 593/598/338 
f 593/598/338 595/600/340 589/594/334 
f 590/595/335 580/585/326 579/584/260 
f 579/584/260 596/601/260 590/595/335 
f 594/599/339 590/595/335 596/601/260 
f 596/601/260 597/602/260 594/599/339 
f 582/587/327 580/585/326 590/595/335 
f 587/592/332 590/595/335 594/599/339 
f 598/603/341 599/604/260 600/605/342 
f 600/605/342 595/600/340 598/603/341 
f 601/606/260 599/604/260 598/603/341 
f 598/603/341 594/599/339 601/606/260 
f 595/600/340 600/605/342 602/607/343 
f 602/607/343 592/597/337 595/600/340 
f 594/599/339 597/602/260 601/606/260 
f 594/599/339 598/603/341 595/600/340 
f 595/600/340 593/598/338 594/599/339 
f 592/597/337 603/608/344 604/609/345 
f 604/609/345 605/610/346 592/597/337 
f 592/597/337 605/610/346 591/596/336 
f 602/607/343 603/608/344 592/597/337 
f 595/600/340 592/597/337 589/594/334 
f 606/611/347 604/609/345 603/608/344 
f 603/608/344 607/612/348 606/611/347 
f 608/613/349 604/609/345 606/611/347 
f 606/611/347 609/614/350 608/613/349 
f 607/612/348 603/608/344 602/607/343 
f 602/607/343 610/615/351 607/612/348 
f 611/616/352 608/613/349 609/614/350 
f 609/614/350 612/617/353 611/616/352 
f 613/618/354 606/611/347 607/612/348 
f 607/612/348 614/619/355 613/618/354 
f 609/614/350 606/611/347 613/618/354 
f 613/618/354 615/620/356 609/614/350 
f 610/615/351 600/605/342 599/604/260 
f 599/604/260 616/621/260 610/615/351 
f 614/619/355 610/615/351 616/621/260 
f 616/621/260 617/622/260 614/619/355 
f 602/607/343 600/605/342 610/615/351 
f 607/612/348 610/615/351 614/619/355 
f 618/623/357 619/624/260 620/625/358 
f 620/625/358 615/620/356 618/623/357 
f 621/626/260 619/624/260 618/623/357 
f 618/623/357 614/619/355 621/626/260 
f 615/620/356 620/625/358 622/627/359 
f 622/627/359 612/617/353 615/620/356 
f 614/619/355 617/622/260 621/626/260 
f 614/619/355 618/623/357 615/620/356 
f 615/620/356 613/618/354 614/619/355 
f 612/617/353 623/628/360 624/629/361 
f 624/629/361 625/630/362 612/617/353 
f 612/617/353 625/630/362 611/616/352 
f 622/627/359 623/628/360 612/617/353 
f 615/620/356 612/617/353 609/614/350 
f 626/631/363 624/629/361 623/628/360 
f 623/628/360 627/632/364 626/631/363 
f 628/633/365 624/629/361 626/631/363 
f 626/631/363 629/634/366 628/633/365 
f 627/632/364 623/628/360 622/627/359 
f 622/627/359 630/635/367 627/632/364 
f 631/636/368 628/633/365 629/634/366 
f 629/634/366 632/637/369 631/636/368 
f 633/638/370 626/631/363 627/632/364 
f 627/632/364 634/639/371 633/638/370 
f 629/634/366 626/631/363 633/638/370 
f 633/638/370 635/640/372 629/634/366 
f 630/635/367 620/625/358 619/624/260 
f 619/624/260 636/641/260 630/635/367 
f 634/639/371 630/635/367 636/641/260 
f 636/641/260 637/642/260 634/639/371 
f 622/627/359 620/625/358 630/635/367 
f 627/632/364 630/635/367 634/639/371 
f 638/643/373 639/644/260 640/645/374 
f 640/645/374 635/640/372 638/643/373 
f 641/646/260 639/644/260 638/643/373 
f 638/643/373 634/639/371 641/646/260 
f 635/640/372 640/645/374 642/647/375 
f 642/647/375 632/637/369 635/640/372 
f 634/639/371 637/642/260 641/646/260 
f 634/639/371 638/643/373 635/640/372 
f 635/640/372 633/638/370 634/639/371 
f 632/637/369 643/648/376 644/649/377 
f 644/649/377 645/650/378 632/637/369 
f 632/637/369 645/650/378 631/636/368 
f 642/647/375 643/648/376 632/637/369 
f 635/640/372 632/637/369 629/634/366 
f 646/651/379 644/649/377 643/648/376 
f 643/648/376 647/652/380 646/651/379 
f 648/653/381 644/649/377 646/651/379 
f 646/651/379 649/654/382 648/653/381 
f 647/652/380 643/648/376 642/647/375 
f 642/647/375 650/655/383 647/652/380 
f 651/656/384 648/653/381 649/654/382 
f 649/654/382 652/657/385 651/656/384 
f 653/658/386 646/651/379 647/652/380 
f 647/652/380 654/659/387 653/658/386 
f 649/654/382 646/651/379 653/658/386 
f 653/658/386 655/660/388 649/654/382 
f 650/655/383 640/645/374 639/644/260 
f 639/644/260 656/661/260 650/655/383 
f 654/659/387 650/655/383 656/661/260 
f 656/661/260 657/662/260 654/659/387 
f 642/647/375 640/645/374 650/655/383 
f 647/652/380 650/655/383 654/659/387 
f 658/663/389 659/664/260 660/665/390 
f 660/665/390 655/660/388 658/663/389 
f 661/666/260 659/664/260 658/663/389 
f 658/663/389 654/659/387 661/666/260 
f 655/660/388 660/665/390 662/667/391 
f 662/667/391 652/657/385 655/660/388 
f 654/659/387 657/662/260 661/666/260 
f 654/659/387 658/663/389 655/660/388 
f 655/660/388 653/658/386 654/659/387 
f 652/657/385 663/668/392 664/669/393 
f 664/669/393 665/670/394 652/657/385 
f 652/657/385 665/670/394 651/656/384 
f 662/667/391 663/668/392 652/657/385 
f 655/660/388 652/657/385 649/654/382 
f 666/671/395 664/669/393 663/668/392 
f 663/668/392 667/672/396 666/671/395 
f 668/673/397 664/669/393 666/671/395 
f 666/671/395 669/674/398 668/673/397 
f 667/672/396 663/668/392 662/667/391 
f 662/667/391 670/675/399 667/672/396 
f 671/676/400 668/673/397 669/674/398 
f 669/674/398 672/677/401 671/676/400 
f 673/678/402 666/671/395 667/672/396 
f 667/672/396 674/679/403 673/678/402 
f 669/674/398 666/671/395 673/678/402 
f 673/678/402 675/680/404 669/674/398 
f 670/675/399 660/665/390 659/664/260 
f 659/664/260 676/681/260 670/675/399 
f 674/679/403 670/675/399 676/681/260 
f 676/681/260 677/682/260 674/679/403 
f 662/667/391 660/665/390 670/675/399 
f 667/672/396 670/675/399 674/679/403 
f 678/683/405 679/684/260 680/685/406 
f 680/685/406 675/680/404 678/683/405 
f 681/686/260 679/684/260 678/683/405 
f 678/683/405 674/679/403 681/686/260 
f 675/680/404 680/685/406 682/687/407 
f 682/687/407 672/677/401 675/680/404 
f 674/679/403 677/682/260 681/686/260 
f 674/679/403 678/683/405 675/680/404 
f 675/680/404 673/678/402 674/679/403 
f 672/677/401 683/688/408 684/689/409 
f 684/689/409 685/690/410 672/677/401 
f 672/677/401 685/690/410 671/676/400 
f 682/687/407 683/688/408 672/677/401 
f 675/680/404 672/677/401 669/674/398 
f 686/691/411 684/689/409 683/688/408 
f 683/688/408 687/692/412 686/691/411 
f 688/693/413 684/689/409 686/691/411 
f 686/691/411 689/694/414 688/693/413 
f 687/692/412 683/688/408 682/687/407 
f 682/687/407 690/695/415 687/692/412 
f 691/696/416 688/693/413 689/694/414 
f 689/694/414 692/697/417 691/696/416 
f 693/698/418 686/691/411 687/692/412 
f 687/692/412 694/699/419 693/698/418 
f 689/694/414 686/691/411 693/698/418 
f 693/698/418 695/700/420 689/694/414 
f 690/695/415 680/685/406 679/684/260 
f 679/684/260 696/701/260 690/695/415 
f 694/699/419 690/695/415 696/701/260 
f 696/701/260 697/702/260 694/699/419 
f 682/687/407 680/685/406 690/695/415 
f 687/692/412 690/695/415 694/699/419 
f 698/703/421 699/704/260 700/705/422 
f 700/705/422 695/700/420 698/703/421 
f 701/706/260 699/704/260 698/703/421 
f 698/703/421 694/699/419 701/706/260 
f 695/700/420 700/705/422 702/707/423 
f 702/707/423 692/697/417 695/700/420 
f 694/699/419 697/702/260 701/706/260 
f 694/699/419 698/703/421 695/700/420 
f 695/700/420 693/698/418 694/699/419 
f 692/697/417 703/708/424 704/709/425 
f 704/709/425 705/710/426 692/697/417 
f 692/697/417 705/710/426 691/696/416 
f 702/707/423 703/708/424 692/697/417 
f 695/700/420 692/697/417 689/694/414 
f 706/711/427 704/709/425 703/708/424 
f 703/708/424 707/712/428 706/711/427 
f 708/713/429 704/709/425 706/711/427 
f 706/711/427 709/714/430 708/713/429 
f 707/712/428 703/708/424 702/707/423 
f 702/707/423 710/715/431 707/712/428 
f 711/716/432 708/713/429 709/714/430 
f 709/714/430 712/717/433 711/716/432 
f 713/718/434 706/711/427 707/712/428 
f 707/712/428 714/719/435 713/718/434 
f 709/714/430 706/711/427 713/718/434 
f 713/718/434 715/720/436 709/714/430 
f 710/715/431 700/705/422 699/704/260 
f 699/704/260 716/721/260 710/715/431 
f 714/719/435 710/715/431 716/721/260 
f 716/721/260 717/722/260 714/719/435 
f 702/707/423 700/705/422 710/715/431 
f 707/712/428 710/715/431 714/719/435 
f 718/723/437 495/500/260 494/499/259 
f 494/499/259 715/720/436 718/723/437 
f 719/724/260 495/500/260 718/723/437 
f 718/723/437 714/719/435 719/724/260 
f 715/720/436 494/499/259 487/492/252 
f 487/492/252 712/717/433 715/720/436 
f 714/719/435 717/722/260 719/724/260 
f 714/719/435 718/723/437 715/720/436 
f 715/720/436 713/718/434 714/719/435 
f 712/717/433 483/488/248 482/487/247 
f 482/487/247 720/725/438 712/717/433 
f 712/717/433 720/725/438 711/716/432 
f 487/492/252 483/488/248 712/717/433 
f 715/720/436 712/717/433 709/714/430 
s 16777216
f 721/726/439 255/727/440 722/728/441 
f 722/728/441 723/729/442 721/726/439 
f 256/730/443 255/727/440 721/726/439 
f 721/726/439 724/731/444 256/730/443 
f 723/729/442 722/728/441 725/732/445 
f 725/732/445 726/733/446 723/729/442 
f 257/734/447 256/730/443 724/731/444 
f 724/731/444 727/735/448 257/734/447 
f 728/736/449 721/726/439 723/729/442 
f 723/729/442 729/737/450 728/736/449 
f 724/731/444 721/726/439 728/736/449 
f 728/736/449 730/738/451 724/731/444 
f 731/739/452 726/733/446 732/740/453 
f 732/740/453 733/741/67 731/739/452 
f 734/742/454 729/737/450 726/733/446 
f 726/733/446 731/739/452 734/742/454 
f 725/732/445 732/740/453 726/733/446 
f 723/729/442 726/733/446 729/737/450 
f 735/743/455 279/744/456 281/745/457 
f 281/745/457 730/738/451 735/743/455 
f 736/746/458 279/744/456 735/743/455 
f 735/743/455 729/737/450 736/746/458 
f 730/738/451 281/745/457 277/747/459 
f 277/747/459 727/735/448 730/738/451 
f 729/737/450 734/742/454 736/746/458 
f 729/737/450 735/743/455 730/738/451 
f 730/738/451 728/736/449 729/737/450 
f 727/735/448 276/748/460 259/749/67 
f 259/749/67 261/750/461 727/735/448 
f 727/735/448 261/750/461 257/734/447 
f 277/747/459 276/748/460 727/735/448 
f 730/738/451 727/735/448 724/731/444 
f 737/751/462 279/744/456 736/746/458 
f 736/746/458 738/752/463 737/751/462 
f 296/753/464 279/744/456 737/751/462 
f 737/751/462 739/754/465 296/753/464 
f 738/752/463 736/746/458 734/742/454 
f 734/742/454 740/755/466 738/752/463 
f 297/756/467 296/753/464 739/754/465 
f 739/754/465 741/757/468 297/756/467 
f 742/758/469 737/751/462 738/752/463 
f 738/752/463 743/759/470 742/758/469 
f 739/754/465 737/751/462 742/758/469 
f 742/758/469 744/760/471 739/754/465 
f 745/761/472 740/755/466 731/739/452 
f 731/739/452 733/741/67 745/761/472 
f 746/762/473 743/759/470 740/755/466 
f 740/755/466 745/761/472 746/762/473 
f 734/742/454 731/739/452 740/755/466 
f 738/752/463 740/755/466 743/759/470 
f 747/763/474 319/764/475 321/765/476 
f 321/765/476 744/760/471 747/763/474 
f 748/766/477 319/764/475 747/763/474 
f 747/763/474 743/759/470 748/766/477 
f 744/760/471 321/765/476 317/767/478 
f 317/767/478 741/757/468 744/760/471 
f 743/759/470 746/762/473 748/766/477 
f 743/759/470 747/763/474 744/760/471 
f 744/760/471 742/758/469 743/759/470 
f 741/757/468 316/768/479 299/769/67 
f 299/769/67 301/770/480 741/757/468 
f 741/757/468 301/770/480 297/756/467 
f 317/767/478 316/768/479 741/757/468 
f 744/760/471 741/757/468 739/754/465 
f 749/771/481 319/764/475 748/766/477 
f 748/766/477 750/772/482 749/771/481 
f 336/773/483 319/764/475 749/771/481 
f 749/771/481 751/774/484 336/773/483 
f 750/772/482 748/766/477 746/762/473 
f 746/762/473 752/775/485 750/772/482 
f 337/776/486 336/773/483 751/774/484 
f 751/774/484 753/777/487 337/776/486 
f 754/778/488 749/771/481 750/772/482 
f 750/772/482 755/779/489 754/778/488 
f 751/774/484 749/771/481 754/778/488 
f 754/778/488 756/780/490 751/774/484 
f 757/781/491 752/775/485 745/761/472 
f 745/761/472 733/741/67 757/781/491 
f 758/782/492 755/779/489 752/775/485 
f 752/775/485 757/781/491 758/782/492 
f 746/762/473 745/761/472 752/775/485 
f 750/772/482 752/775/485 755/779/489 
f 759/783/493 359/784/494 361/785/495 
f 361/785/495 756/780/490 759/783/493 
f 760/786/496 359/784/494 759/783/493 
f 759/783/493 755/779/489 760/786/496 
f 756/780/490 361/785/495 357/787/497 
f 357/787/497 753/777/487 756/780/490 
f 755/779/489 758/782/492 760/786/496 
f 755/779/489 759/783/493 756/780/490 
f 756/780/490 754/778/488 755/779/489 
f 753/777/487 356/788/498 339/789/67 
f 339/789/67 341/790/499 753/777/487 
f 753/777/487 341/790/499 337/776/486 
f 357/787/497 356/788/498 753/777/487 
f 756/780/490 753/777/487 751/774/484 
f 761/791/500 359/784/494 760/786/496 
f 760/786/496 762/792/501 761/791/500 
f 376/793/502 359/784/494 761/791/500 
f 761/791/500 763/794/503 376/793/502 
f 762/792/501 760/786/496 758/782/492 
f 758/782/492 764/795/504 762/792/501 
f 377/796/505 376/793/502 763/794/503 
f 763/794/503 765/797/506 377/796/505 
f 766/798/507 761/791/500 762/792/501 
f 762/792/501 767/799/508 766/798/507 
f 763/794/503 761/791/500 766/798/507 
f 766/798/507 768/800/509 763/794/503 
f 769/801/510 764/795/504 757/781/491 
f 757/781/491 733/741/67 769/801/510 
f 770/802/511 767/799/508 764/795/504 
f 764/795/504 769/801/510 770/802/511 
f 758/782/492 757/781/491 764/795/504 
f 762/792/501 764/795/504 767/799/508 
f 771/803/512 399/804/513 401/805/514 
f 401/805/514 768/800/509 771/803/512 
f 772/806/515 399/804/513 771/803/512 
f 771/803/512 767/799/508 772/806/515 
f 768/800/509 401/805/514 397/807/516 
f 397/807/516 765/797/506 768/800/509 
f 767/799/508 770/802/511 772/806/515 
f 767/799/508 771/803/512 768/800/509 
f 768/800/509 766/798/507 767/799/508 
f 765/797/506 396/808/517 379/809/67 
f 379/809/67 381/810/518 765/797/506 
f 765/797/506 381/810/518 377/796/505 
f 397/807/516 396/808/517 765/797/506 
f 768/800/509 765/797/506 763/794/503 
f 773/811/519 399/804/513 772/806/515 
f 772/806/515 774/812/520 773/811/519 
f 416/813/521 399/804/513 773/811/519 
f 773/811/519 775/814/522 416/813/521 
f 774/812/520 772/806/515 770/802/511 
f 770/802/511 776/815/523 774/812/520 
f 417/816/524 416/813/521 775/814/522 
f 775/814/522 777/817/525 417/816/524 
f 778/818/526 773/811/519 774/812/520 
f 774/812/520 779/819/527 778/818/526 
f 775/814/522 773/811/519 778/818/526 
f 778/818/526 780/820/528 775/814/522 
f 781/821/529 776/815/523 769/801/510 
f 769/801/510 733/741/67 781/821/529 
f 782/822/530 779/819/527 776/815/523 
f 776/815/523 781/821/529 782/822/530 
f 770/802/511 769/801/510 776/815/523 
f 774/812/520 776/815/523 779/819/527 
f 783/823/531 439/824/532 441/825/533 
f 441/825/533 780/820/528 783/823/531 
f 784/826/534 439/824/532 783/823/531 
f 783/823/531 779/819/527 784/826/534 
f 780/820/528 441/825/533 437/827/535 
f 437/827/535 777/817/525 780/820/528 
f 779/819/527 782/822/530 784/826/534 
f 779/819/527 783/823/531 780/820/528 
f 780/820/528 778/818/526 779/819/527 
f 777/817/525 436/828/536 419/829/67 
f 419/829/67 421/830/537 777/817/525 
f 777/817/525 421/830/537 417/816/524 
f 437/827/535 436/828/536 777/817/525 
f 780/820/528 777/817/525 775/814/522 
f 785/831/538 439/824/532 784/826/534 
f 784/826/534 786/832/539 785/831/538 
f 456/833/540 439/824/532 785/831/538 
f 785/831/538 787/834/541 456/833/540 
f 786/832/539 784/826/534 782/822/530 
f 782/822/530 788/835/542 786/832/539 
f 457/836/543 456/833/540 787/834/541 
f 787/834/541 789/837/544 457/836/543 
f 790/838/545 785/831/538 786/832/539 
f 786/832/539 791/839/546 790/838/545 
f 787/834/541 785/831/538 790/838/545 
f 790/838/545 792/840/547 787/834/541 
f 732/740/453 788/835/542 781/821/529 
f 781/821/529 733/741/67 732/740/453 
f 725/732/445 791/839/546 788/835/542 
f 788/835/542 732/740/453 725/732/445 
f 782/822/530 781/821/529 788/835/542 
f 786/832/539 788/835/542 791/839/546 
f 793/841/548 255/727/440 479/842/549 
f 479/842/549 792/840/547 793/841/548 
f 722/728/441 255/727/440 793/841/548 
f 793/841/548 791/839/546 722/728/441 
f 792/840/547 479/842/549 477/843/550 
f 477/843/550 789/837/544 792/840/547 
f 791/839/546 725/732/445 722/728/441 
f 791/839/546 793/841/548 792/840/547 
f 792/840/547 790/838/545 791/839/546 
f 789/837/544 476/844/551 459/845/67 
f 459/845/67 461/846/552 789/837/544 
f 789/837/544 461/846/552 457/836/543 
f 477/843/550 476/844/551 789/837/544 
f 792/840/547 789/837/544 787/834/541 
s 16
f 794/847/260 495/848/260 795/849/260 
f 795/849/260 796/850/260 794/847/260 
f 496/851/260 495/848/260 794/847/260 
f 794/847/260 797/852/260 496/851/260 
f 796/850/260 795/849/260 798/853/260 
f 798/853/260 799/854/260 796/850/260 
f 497/855/260 496/851/260 797/852/260 
f 797/852/260 800/856/260 497/855/260 
f 801/857/260 794/847/260 796/850/260 
f 796/850/260 802/858/260 801/857/260 
f 797/852/260 794/847/260 801/857/260 
f 801/857/260 803/859/260 797/852/260 
f 804/860/260 799/854/260 805/861/260 
f 805/861/260 806/862/260 804/860/260 
f 807/863/260 802/858/260 799/854/260 
f 799/854/260 804/860/260 807/863/260 
f 798/853/260 805/861/260 799/854/260 
f 796/850/260 799/854/260 802/858/260 
f 808/864/260 519/865/260 521/866/260 
f 521/866/260 803/859/260 808/864/260 
f 809/867/260 519/865/260 808/864/260 
f 808/864/260 802/858/260 809/867/260 
f 803/859/260 521/866/260 517/868/260 
f 517/868/260 800/856/260 803/859/260 
f 802/858/260 807/863/260 809/867/260 
f 802/858/260 808/864/260 803/859/260 
f 803/859/260 801/857/260 802/858/260 
f 800/856/260 516/869/260 499/870/260 
f 499/870/260 501/871/260 800/856/260 
f 800/856/260 501/871/260 497/855/260 
f 517/868/260 516/869/260 800/856/260 
f 803/859/260 800/856/260 797/852/260 
f 810/872/260 519/865/260 809/867/260 
f 809/867/260 811/873/260 810/872/260 
f 536/874/260 519/865/260 810/872/260 
f 810/872/260 812/875/260 536/874/260 
f 811/873/260 809/867/260 807/863/260 
f 807/863/260 813/876/260 811/873/260 
f 537/877/260 536/874/260 812/875/260 
f 812/875/260 814/878/260 537/877/260 
f 815/879/260 810/872/260 811/873/260 
f 811/873/260 816/880/260 815/879/260 
f 812/875/260 810/872/260 815/879/260 
f 815/879/260 817/881/260 812/875/260 
f 818/882/260 813/876/260 804/860/260 
f 804/860/260 806/862/260 818/882/260 
f 819/883/260 816/880/260 813/876/260 
f 813/876/260 818/882/260 819/883/260 
f 807/863/260 804/860/260 813/876/260 
f 811/873/260 813/876/260 816/880/260 
f 820/884/260 559/885/260 561/886/260 
f 561/886/260 817/881/260 820/884/260 
f 821/887/260 559/885/260 820/884/260 
f 820/884/260 816/880/260 821/887/260 
f 817/881/260 561/886/260 557/888/260 
f 557/888/260 814/878/260 817/881/260 
f 816/880/260 819/883/260 821/887/260 
f 816/880/260 820/884/260 817/881/260 
f 817/881/260 815/879/260 816/880/260 
f 814/878/260 556/889/260 539/890/260 
f 539/890/260 541/891/260 814/878/260 
f 814/878/260 541/891/260 537/877/260 
f 557/888/260 556/889/260 814/878/260 
f 817/881/260 814/878/260 812/875/260 
f 822/892/260 559/885/260 821/887/260 
f 821/887/260 823/893/260 822/892/260 
f 576/894/260 559/885/260 822/892/260 
f 822/892/260 824/895/260 576/894/260 
f 823/893/260 821/887/260 819/883/260 
f 819/883/260 825/896/260 823/893/260 
f 577/897/260 576/894/260 824/895/260 
f 824/895/260 826/898/260 577/897/260 
f 827/899/260 822/892/260 823/893/260 
f 823/893/260 828/900/260 827/899/260 
f 824/895/260 822/892/260 827/899/260 
f 827/899/260 829/901/260 824/895/260 
f 830/902/260 825/896/260 818/882/260 
f 818/882/260 806/862/260 830/902/260 
f 831/903/260 828/900/260 825/896/260 
f 825/896/260 830/902/260 831/903/260 
f 819/883/260 818/882/260 825/896/260 
f 823/893/260 825/896/260 828/900/260 
f 832/904/260 599/905/260 601/906/260 
f 601/906/260 829/901/260 832/904/260 
f 833/907/260 599/905/260 832/904/260 
f 832/904/260 828/900/260 833/907/260 
f 829/901/260 601/906/260 597/908/260 
f 597/908/260 826/898/260 829/901/260 
f 828/900/260 831/903/260 833/907/260 
f 828/900/260 832/904/260 829/901/260 
f 829/901/260 827/899/260 828/900/260 
f 826/898/260 596/909/260 579/910/260 
f 579/910/260 581/911/260 826/898/260 
f 826/898/260 581/911/260 577/897/260 
f 597/908/260 596/909/260 826/898/260 
f 829/901/260 826/898/260 824/895/260 
f 834/912/260 599/905/260 833/907/260 
f 833/907/260 835/913/260 834/912/260 
f 616/914/260 599/905/260 834/912/260 
f 834/912/260 836/915/260 616/914/260 
f 835/913/260 833/907/260 831/903/260 
f 831/903/260 837/916/260 835/913/260 
f 617/917/260 616/914/260 836/915/260 
f 836/915/260 838/918/260 617/917/260 
f 839/919/260 834/912/260 835/913/260 
f 835/913/260 840/920/260 839/919/260 
f 836/915/260 834/912/260 839/919/260 
f 839/919/260 841/921/260 836/915/260 
f 842/922/260 837/916/260 830/902/260 
f 830/902/260 806/862/260 842/922/260 
f 843/923/260 840/920/260 837/916/260 
f 837/916/260 842/922/260 843/923/260 
f 831/903/260 830/902/260 837/916/260 
f 835/913/260 837/916/260 840/920/260 
f 844/924/260 639/925/260 641/926/260 
f 641/926/260 841/921/260 844/924/260 
f 845/927/260 639/925/260 844/924/260 
f 844/924/260 840/920/260 845/927/260 
f 841/921/260 641/926/260 637/928/260 
f 637/928/260 838/918/260 841/921/260 
f 840/920/260 843/923/260 845/927/260 
f 840/920/260 844/924/260 841/921/260 
f 841/921/260 839/919/260 840/920/260 
f 838/918/260 636/929/260 619/930/260 
f 619/930/260 621/931/260 838/918/260 
f 838/918/260 621/931/260 617/917/260 
f 637/928/260 636/929/260 838/918/260 
f 841/921/260 838/918/260 836/915/260 
f 846/932/260 639/925/260 845/927/260 
f 845/927/260 847/933/260 846/932/260 
f 656/934/260 639/925/260 846/932/260 
f 846/932/260 848/935/260 656/934/260 
f 847/933/260 845/927/260 843/923/260 
f 843/923/260 849/936/260 847/933/260 
f 657/937/260 656/934/260 848/935/260 
f 848/935/260 850/938/260 657/937/260 
f 851/939/260 846/932/260 847/933/260 
f 847/933/260 852/940/260 851/939/260 
f 848/935/260 846/932/260 851/939/260 
f 851/939/260 853/941/260 848/935/260 
f 854/942/260 849/936/260 842/922/260 
f 842/922/260 806/862/260 854/942/260 
f 855/943/260 852/940/260 849/936/260 
f 849/936/260 854/942/260 855/943/260 
f 843/923/260 842/922/260 849/936/260 
f 847/933/260 849/936/260 852/940/260 
f 856/944/260 679/945/260 681/946/260 
f 681/946/260 853/941/260 856/944/260 
f 857/947/260 679/945/260 856/944/260 
f 856/944/260 852/940/260 857/947/260 
f 853/941/260 681/946/260 677/948/260 
f 677/948/260 850/938/260 853/941/260 
f 852/940/260 855/943/260 857/947/260 
f 852/940/260 856/944/260 853/941/260 
f 853/941/260 851/939/260 852/940/260 
f 850/938/260 676/949/260 659/950/260 
f 659/950/260 661/951/260 850/938/260 
f 850/938/260 661/951/260 657/937/260 
f 677/948/260 676/949/260 850/938/260 
f 853/941/260 850/938/260 848/935/260 
f 858/952/260 679/945/260 857/947/260 
f 857/947/260 859/953/260 858/952/260 
f 696/954/260 679/945/260 858/952/260 
f 858/952/260 860/955/260 696/954/260 
f 859/953/260 857/947/260 855/943/260 
f 855/943/260 861/956/260 859/953/260 
f 697/957/260 696/954/260 860/955/260 
f 860/955/260 862/958/260 697/957/260 
f 863/959/260 858/952/260 859/953/260 
f 859/953/260 864/960/260 863/959/260 
f 860/955/260 858/952/260 863/959/260 
f 863/959/260 865/961/260 860/955/260 
f 805/861/260 861/956/260 854/942/260 
f 854/942/260 806/862/260 805/861/260 
f 798/853/260 864/960/260 861/956/260 
f 861/956/260 805/861/260 798/853/260 
f 855/943/260 854/942/260 861/956/260 
f 859/953/260 861/956/260 864/960/260 
f 866/962/260 495/848/260 719/963/260 
f 719/963/260 865/961/260 866/962/260 
f 795/849/260 495/848/260 866/962/260 
f 866/962/260 864/960/260 795/849/260 
f 865/961/260 719/963/260 717/964/260 
f 717/964/260 862/958/260 865/961/260 
f 864/960/260 798/853/260 795/849/260 
f 864/960/260 866/962/260 865/961/260 
f 865/961/260 863/959/260 864/960/260 
f 862/958/260 716/965/260 699/966/260 
f 699/966/260 701/967/260 862/958/260 
f 862/958/260 701/967/260 697/957/260 
f 717/964/260 716/965/260 862/958/260 
f 865/961/260 862/958/260 860/955/260 
s 8
f 867/968/553 24/24/2 23/23/1 
f 23/23/1 868/969/554 867/968/553 
f 869/970/555 24/24/2 867/968/553 
f 867/968/553 870/971/556 869/970/555 
f 868/969/554 23/23/1 22/22/3 
f 22/22/3 871/972/557 868/969/554 
f 872/973/558 869/970/555 870/971/556 
f 870/971/556 873/974/559 872/973/558 
f 874/975/560 867/968/553 868/969/554 
f 868/969/554 875/976/561 874/975/560 
f 870/971/556 867/968/553 874/975/560 
f 874/975/560 876/977/562 870/971/556 
f 871/972/557 20/20/4 19/19/5 
f 19/19/5 877/978/563 871/972/557 
f 875/976/561 871/972/557 877/978/563 
f 877/978/563 878/979/564 875/976/561 
f 22/22/3 20/20/4 871/972/557 
f 868/969/554 871/972/557 875/976/561 
f 879/980/565 482/981/247 485/982/250 
f 485/982/250 876/977/562 879/980/565 
f 880/983/566 482/981/247 879/980/565 
f 879/980/565 875/976/561 880/983/566 
f 876/977/562 485/982/250 489/984/254 
f 489/984/254 873/974/559 876/977/562 
f 875/976/561 878/979/564 880/983/566 
f 875/976/561 879/980/565 876/977/562 
f 876/977/562 874/975/560 875/976/561 
f 873/974/559 505/985/266 504/986/265 
f 504/986/265 881/987/567 873/974/559 
f 873/974/559 881/987/567 872/973/558 
f 489/984/254 505/985/266 873/974/559 
f 876/977/562 873/974/559 870/971/556 
f 882/988/568 15/15/5 14/14/4 
f 14/14/4 883/989/569 882/988/568 
f 884/990/570 15/15/5 882/988/568 
f 882/988/568 885/991/571 884/990/570 
f 883/989/569 14/14/4 7/7/3 
f 7/7/3 886/992/572 883/989/569 
f 887/993/573 884/990/570 885/991/571 
f 885/991/571 888/994/574 887/993/573 
f 889/995/575 882/988/568 883/989/569 
f 883/989/569 890/996/576 889/995/575 
f 885/991/571 882/988/568 889/995/575 
f 889/995/575 891/997/577 885/991/571 
f 886/992/572 3/3/1 2/2/2 
f 2/2/2 892/998/578 886/992/572 
f 890/996/576 886/992/572 892/998/578 
f 892/998/578 893/999/579 890/996/576 
f 7/7/3 3/3/1 886/992/572 
f 883/989/569 886/992/572 890/996/576 
f 894/1000/580 242/1001/54 245/1002/57 
f 245/1002/57 891/997/577 894/1000/580 
f 895/1003/581 242/1001/54 894/1000/580 
f 894/1000/580 890/996/576 895/1003/581 
f 891/997/577 245/1002/57 249/1004/61 
f 249/1004/61 888/994/574 891/997/577 
f 890/996/576 893/999/579 895/1003/581 
f 890/996/576 894/1000/580 891/997/577 
f 891/997/577 889/995/575 890/996/576 
f 888/994/574 265/1005/73 264/1006/72 
f 264/1006/72 896/1007/582 888/994/574 
f 888/994/574 896/1007/582 887/993/573 
f 249/1004/61 265/1005/73 888/994/574 
f 891/997/577 888/994/574 885/991/571 
f 897/1008/583 44/44/7 43/43/6 
f 43/43/6 898/1009/584 897/1008/583 
f 899/1010/585 44/44/7 897/1008/583 
f 897/1008/583 900/1011/586 899/1010/585 
f 898/1009/584 43/43/6 42/42/8 
f 42/42/8 901/1012/587 898/1009/584 
f 902/1013/588 899/1010/585 900/1011/586 
f 900/1011/586 903/1014/589 902/1013/588 
f 904/1015/590 897/1008/583 898/1009/584 
f 898/1009/584 905/1016/591 904/1015/590 
f 900/1011/586 897/1008/583 904/1015/590 
f 904/1015/590 906/1017/592 900/1011/586 
f 901/1012/587 41/41/10 24/24/2 
f 24/24/2 869/970/555 901/1012/587 
f 905/1016/591 901/1012/587 869/970/555 
f 869/970/555 872/973/558 905/1016/591 
f 42/42/8 41/41/10 901/1012/587 
f 898/1009/584 901/1012/587 905/1016/591 
f 907/1018/593 504/986/265 508/1019/269 
f 508/1019/269 906/1017/592 907/1018/593 
f 881/987/567 504/986/265 907/1018/593 
f 907/1018/593 905/1016/591 881/987/567 
f 906/1017/592 508/1019/269 511/1020/272 
f 511/1020/272 903/1014/589 906/1017/592 
f 905/1016/591 872/973/558 881/987/567 
f 905/1016/591 907/1018/593 906/1017/592 
f 906/1017/592 904/1015/590 905/1016/591 
f 903/1014/589 525/1021/282 524/1022/281 
f 524/1022/281 908/1023/594 903/1014/589 
f 903/1014/589 908/1023/594 902/1013/588 
f 511/1020/272 525/1021/282 903/1014/589 
f 906/1017/592 903/1014/589 900/1011/586 
f 909/1024/595 2/2/2 39/39/9 
f 39/39/9 910/1025/596 909/1024/595 
f 892/998/578 2/2/2 909/1024/595 
f 909/1024/595 911/1026/597 892/998/578 
f 910/1025/596 39/39/9 32/32/8 
f 32/32/8 912/1027/598 910/1025/596 
f 893/999/579 892/998/578 911/1026/597 
f 911/1026/597 913/1028/599 893/999/579 
f 914/1029/600 909/1024/595 910/1025/596 
f 910/1025/596 915/1030/601 914/1029/600 
f 911/1026/597 909/1024/595 914/1029/600 
f 914/1029/600 916/1031/602 911/1026/597 
f 912/1027/598 28/28/6 27/27/7 
f 27/27/7 917/1032/603 912/1027/598 
f 915/1030/601 912/1027/598 917/1032/603 
f 917/1032/603 918/1033/604 915/1030/601 
f 32/32/8 28/28/6 912/1027/598 
f 910/1025/596 912/1027/598 915/1030/601 
f 919/1034/605 464/1035/232 468/1036/236 
f 468/1036/236 916/1031/602 919/1034/605 
f 920/1037/606 464/1035/232 919/1034/605 
f 919/1034/605 915/1030/601 920/1037/606 
f 916/1031/602 468/1036/236 471/1038/239 
f 471/1038/239 913/1028/599 916/1031/602 
f 915/1030/601 918/1033/604 920/1037/606 
f 915/1030/601 919/1034/605 916/1031/602 
f 916/1031/602 914/1029/600 915/1030/601 
f 913/1028/599 480/1039/245 242/1001/54 
f 242/1001/54 895/1003/581 913/1028/599 
f 913/1028/599 895/1003/581 893/999/579 
f 471/1038/239 480/1039/245 913/1028/599 
f 916/1031/602 913/1028/599 911/1026/597 
f 921/1040/607 64/64/12 63/63/11 
f 63/63/11 922/1041/608 921/1040/607 
f 923/1042/609 64/64/12 921/1040/607 
f 921/1040/607 924/1043/610 923/1042/609 
f 922/1041/608 63/63/11 62/62/13 
f 62/62/13 925/1044/611 922/1041/608 
f 926/1045/612 923/1042/609 924/1043/610 
f 924/1043/610 927/1046/613 926/1045/612 
f 928/1047/614 921/1040/607 922/1041/608 
f 922/1041/608 929/1048/615 928/1047/614 
f 924/1043/610 921/1040/607 928/1047/614 
f 928/1047/614 930/1049/616 924/1043/610 
f 925/1044/611 61/61/14 44/44/7 
f 44/44/7 899/1010/585 925/1044/611 
f 929/1048/615 925/1044/611 899/1010/585 
f 899/1010/585 902/1013/588 929/1048/615 
f 62/62/13 61/61/14 925/1044/611 
f 922/1041/608 925/1044/611 929/1048/615 
f 931/1050/617 524/1022/281 528/1051/285 
f 528/1051/285 930/1049/616 931/1050/617 
f 908/1023/594 524/1022/281 931/1050/617 
f 931/1050/617 929/1048/615 908/1023/594 
f 930/1049/616 528/1051/285 531/1052/288 
f 531/1052/288 927/1046/613 930/1049/616 
f 929/1048/615 902/1013/588 908/1023/594 
f 929/1048/615 931/1050/617 930/1049/616 
f 930/1049/616 928/1047/614 929/1048/615 
f 927/1046/613 545/1053/298 544/1054/297 
f 544/1054/297 932/1055/618 927/1046/613 
f 927/1046/613 932/1055/618 926/1045/612 
f 531/1052/288 545/1053/298 927/1046/613 
f 930/1049/616 927/1046/613 924/1043/610 
f 933/1056/619 27/27/7 59/59/14 
f 59/59/14 934/1057/620 933/1056/619 
f 917/1032/603 27/27/7 933/1056/619 
f 933/1056/619 935/1058/621 917/1032/603 
f 934/1057/620 59/59/14 52/52/13 
f 52/52/13 936/1059/622 934/1057/620 
f 918/1033/604 917/1032/603 935/1058/621 
f 935/1058/621 937/1060/623 918/1033/604 
f 938/1061/624 933/1056/619 934/1057/620 
f 934/1057/620 939/1062/625 938/1061/624 
f 935/1058/621 933/1056/619 938/1061/624 
f 938/1061/624 940/1063/626 935/1058/621 
f 936/1059/622 48/48/11 47/47/12 
f 47/47/12 941/1064/627 936/1059/622 
f 939/1062/625 936/1059/622 941/1064/627 
f 941/1064/627 942/1065/628 939/1062/625 
f 52/52/13 48/48/11 936/1059/622 
f 934/1057/620 936/1059/622 939/1062/625 
f 943/1066/629 444/1067/216 448/1068/220 
f 448/1068/220 940/1063/626 943/1066/629 
f 944/1069/630 444/1067/216 943/1066/629 
f 943/1066/629 939/1062/625 944/1069/630 
f 940/1063/626 448/1068/220 451/1070/223 
f 451/1070/223 937/1060/623 940/1063/626 
f 939/1062/625 942/1065/628 944/1069/630 
f 939/1062/625 943/1066/629 940/1063/626 
f 940/1063/626 938/1061/624 939/1062/625 
f 937/1060/623 465/1071/233 464/1035/232 
f 464/1035/232 920/1037/606 937/1060/623 
f 937/1060/623 920/1037/606 918/1033/604 
f 451/1070/223 465/1071/233 937/1060/623 
f 940/1063/626 937/1060/623 935/1058/621 
f 945/1072/631 84/84/16 83/83/15 
f 83/83/15 946/1073/632 945/1072/631 
f 947/1074/633 84/84/16 945/1072/631 
f 945/1072/631 948/1075/634 947/1074/633 
f 946/1073/632 83/83/15 82/82/17 
f 82/82/17 949/1076/635 946/1073/632 
f 950/1077/636 947/1074/633 948/1075/634 
f 948/1075/634 951/1078/637 950/1077/636 
f 952/1079/638 945/1072/631 946/1073/632 
f 946/1073/632 953/1080/639 952/1079/638 
f 948/1075/634 945/1072/631 952/1079/638 
f 952/1079/638 954/1081/640 948/1075/634 
f 949/1076/635 81/81/18 64/64/12 
f 64/64/12 923/1042/609 949/1076/635 
f 953/1080/639 949/1076/635 923/1042/609 
f 923/1042/609 926/1045/612 953/1080/639 
f 82/82/17 81/81/18 949/1076/635 
f 946/1073/632 949/1076/635 953/1080/639 
f 955/1082/641 544/1054/297 548/1083/301 
f 548/1083/301 954/1081/640 955/1082/641 
f 932/1055/618 544/1054/297 955/1082/641 
f 955/1082/641 953/1080/639 932/1055/618 
f 954/1081/640 548/1083/301 551/1084/304 
f 551/1084/304 951/1078/637 954/1081/640 
f 953/1080/639 926/1045/612 932/1055/618 
f 953/1080/639 955/1082/641 954/1081/640 
f 954/1081/640 952/1079/638 953/1080/639 
f 951/1078/637 565/1085/314 564/1086/313 
f 564/1086/313 956/1087/642 951/1078/637 
f 951/1078/637 956/1087/642 950/1077/636 
f 551/1084/304 565/1085/314 951/1078/637 
f 954/1081/640 951/1078/637 948/1075/634 
f 957/1088/643 47/47/12 79/79/18 
f 79/79/18 958/1089/644 957/1088/643 
f 941/1064/627 47/47/12 957/1088/643 
f 957/1088/643 959/1090/645 941/1064/627 
f 958/1089/644 79/79/18 72/72/17 
f 72/72/17 960/1091/646 958/1089/644 
f 942/1065/628 941/1064/627 959/1090/645 
f 959/1090/645 961/1092/647 942/1065/628 
f 962/1093/648 957/1088/643 958/1089/644 
f 958/1089/644 963/1094/649 962/1093/648 
f 959/1090/645 957/1088/643 962/1093/648 
f 962/1093/648 964/1095/650 959/1090/645 
f 960/1091/646 68/68/15 67/67/16 
f 67/67/16 965/1096/651 960/1091/646 
f 963/1094/649 960/1091/646 965/1096/651 
f 965/1096/651 966/1097/652 963/1094/649 
f 72/72/17 68/68/15 960/1091/646 
f 958/1089/644 960/1091/646 963/1094/649 
f 967/1098/653 424/1099/200 428/1100/204 
f 428/1100/204 964/1095/650 967/1098/653 
f 968/1101/654 424/1099/200 967/1098/653 
f 967/1098/653 963/1094/649 968/1101/654 
f 964/1095/650 428/1100/204 431/1102/207 
f 431/1102/207 961/1092/647 964/1095/650 
f 963/1094/649 966/1097/652 968/1101/654 
f 963/1094/649 967/1098/653 964/1095/650 
f 964/1095/650 962/1093/648 963/1094/649 
f 961/1092/647 445/1103/217 444/1067/216 
f 444/1067/216 944/1069/630 961/1092/647 
f 961/1092/647 944/1069/630 942/1065/628 
f 431/1102/207 445/1103/217 961/1092/647 
f 964/1095/650 961/1092/647 959/1090/645 
f 969/1104/655 104/104/20 103/103/19 
f 103/103/19 970/1105/656 969/1104/655 
f 971/1106/657 104/104/20 969/1104/655 
f 969/1104/655 972/1107/658 971/1106/657 
f 970/1105/656 103/103/19 102/102/21 
f 102/102/21 973/1108/659 970/1105/656 
f 974/1109/660 971/1106/657 972/1107/658 
f 972/1107/658 975/1110/661 974/1109/660 
f 976/1111/662 969/1104/655 970/1105/656 
f 970/1105/656 977/1112/663 976/1111/662 
f 972/1107/658 969/1104/655 976/1111/662 
f 976/1111/662 978/1113/664 972/1107/658 
f 973/1108/659 101/101/22 84/84/16 
f 84/84/16 947/1074/633 973/1108/659 
f 977/1112/663 973/1108/659 947/1074/633 
f 947/1074/633 950/1077/636 977/1112/663 
f 102/102/21 101/101/22 973/1108/659 
f 970/1105/656 973/1108/659 977/1112/663 
f 979/1114/665 564/1086/313 568/1115/317 
f 568/1115/317 978/1113/664 979/1114/665 
f 956/1087/642 564/1086/313 979/1114/665 
f 979/1114/665 977/1112/663 956/1087/642 
f 978/1113/664 568/1115/317 571/1116/320 
f 571/1116/320 975/1110/661 978/1113/664 
f 977/1112/663 950/1077/636 956/1087/642 
f 977/1112/663 979/1114/665 978/1113/664 
f 978/1113/664 976/1111/662 977/1112/663 
f 975/1110/661 585/1117/330 584/1118/329 
f 584/1118/329 980/1119/666 975/1110/661 
f 975/1110/661 980/1119/666 974/1109/660 
f 571/1116/320 585/1117/330 975/1110/661 
f 978/1113/664 975/1110/661 972/1107/658 
f 981/1120/667 67/67/16 99/99/22 
f 99/99/22 982/1121/668 981/1120/667 
f 965/1096/651 67/67/16 981/1120/667 
f 981/1120/667 983/1122/669 965/1096/651 
f 982/1121/668 99/99/22 92/92/21 
f 92/92/21 984/1123/670 982/1121/668 
f 966/1097/652 965/1096/651 983/1122/669 
f 983/1122/669 985/1124/671 966/1097/652 
f 986/1125/672 981/1120/667 982/1121/668 
f 982/1121/668 987/1126/673 986/1125/672 
f 983/1122/669 981/1120/667 986/1125/672 
f 986/1125/672 988/1127/674 983/1122/669 
f 984/1123/670 88/88/19 87/87/20 
f 87/87/20 989/1128/675 984/1123/670 
f 987/1126/673 984/1123/670 989/1128/675 
f 989/1128/675 990/1129/676 987/1126/673 
f 92/92/21 88/88/19 984/1123/670 
f 982/1121/668 984/1123/670 987/1126/673 
f 991/1130/677 404/1131/184 408/1132/188 
f 408/1132/188 988/1127/674 991/1130/677 
f 992/1133/678 404/1131/184 991/1130/677 
f 991/1130/677 987/1126/673 992/1133/678 
f 988/1127/674 408/1132/188 411/1134/191 
f 411/1134/191 985/1124/671 988/1127/674 
f 987/1126/673 990/1129/676 992/1133/678 
f 987/1126/673 991/1130/677 988/1127/674 
f 988/1127/674 986/1125/672 987/1126/673 
f 985/1124/671 425/1135/201 424/1099/200 
f 424/1099/200 968/1101/654 985/1124/671 
f 985/1124/671 968/1101/654 966/1097/652 
f 411/1134/191 425/1135/201 985/1124/671 
f 988/1127/674 985/1124/671 983/1122/669 
f 993/1136/679 124/124/24 123/123/23 
f 123/123/23 994/1137/680 993/1136/679 
f 995/1138/681 124/124/24 993/1136/679 
f 993/1136/679 996/1139/682 995/1138/681 
f 994/1137/680 123/123/23 122/122/25 
f 122/122/25 997/1140/683 994/1137/680 
f 998/1141/684 995/1138/681 996/1139/682 
f 996/1139/682 999/1142/685 998/1141/684 
f 1000/1143/686 993/1136/679 994/1137/680 
f 994/1137/680 1001/1144/687 1000/1143/686 
f 996/1139/682 993/1136/679 1000/1143/686 
f 1000/1143/686 1002/1145/688 996/1139/682 
f 997/1140/683 121/121/26 104/104/20 
f 104/104/20 971/1106/657 997/1140/683 
f 1001/1144/687 997/1140/683 971/1106/657 
f 971/1106/657 974/1109/660 1001/1144/687 
f 122/122/25 121/121/26 997/1140/683 
f 994/1137/680 997/1140/683 1001/1144/687 
f 1003/1146/689 584/1118/329 588/1147/333 
f 588/1147/333 1002/1145/688 1003/1146/689 
f 980/1119/666 584/1118/329 1003/1146/689 
f 1003/1146/689 1001/1144/687 980/1119/666 
f 1002/1145/688 588/1147/333 591/1148/336 
f 591/1148/336 999/1142/685 1002/1145/688 
f 1001/1144/687 974/1109/660 980/1119/666 
f 1001/1144/687 1003/1146/689 1002/1145/688 
f 1002/1145/688 1000/1143/686 1001/1144/687 
f 999/1142/685 605/1149/346 604/1150/345 
f 604/1150/345 1004/1151/690 999/1142/685 
f 999/1142/685 1004/1151/690 998/1141/684 
f 591/1148/336 605/1149/346 999/1142/685 
f 1002/1145/688 999/1142/685 996/1139/682 
f 1005/1152/691 87/87/20 119/119/26 
f 119/119/26 1006/1153/692 1005/1152/691 
f 989/1128/675 87/87/20 1005/1152/691 
f 1005/1152/691 1007/1154/693 989/1128/675 
f 1006/1153/692 119/119/26 112/112/25 
f 112/112/25 1008/1155/694 1006/1153/692 
f 990/1129/676 989/1128/675 1007/1154/693 
f 1007/1154/693 1009/1156/695 990/1129/676 
f 1010/1157/696 1005/1152/691 1006/1153/692 
f 1006/1153/692 1011/1158/697 1010/1157/696 
f 1007/1154/693 1005/1152/691 1010/1157/696 
f 1010/1157/696 1012/1159/698 1007/1154/693 
f 1008/1155/694 108/108/23 107/107/24 
f 107/107/24 1013/1160/699 1008/1155/694 
f 1011/1158/697 1008/1155/694 1013/1160/699 
f 1013/1160/699 1014/1161/700 1011/1158/697 
f 112/112/25 108/108/23 1008/1155/694 
f 1006/1153/692 1008/1155/694 1011/1158/697 
f 1015/1162/701 384/1163/168 388/1164/172 
f 388/1164/172 1012/1159/698 1015/1162/701 
f 1016/1165/702 384/1163/168 1015/1162/701 
f 1015/1162/701 1011/1158/697 1016/1165/702 
f 1012/1159/698 388/1164/172 391/1166/175 
f 391/1166/175 1009/1156/695 1012/1159/698 
f 1011/1158/697 1014/1161/700 1016/1165/702 
f 1011/1158/697 1015/1162/701 1012/1159/698 
f 1012/1159/698 1010/1157/696 1011/1158/697 
f 1009/1156/695 405/1167/185 404/1131/184 
f 404/1131/184 992/1133/678 1009/1156/695 
f 1009/1156/695 992/1133/678 990/1129/676 
f 391/1166/175 405/1167/185 1009/1156/695 
f 1012/1159/698 1009/1156/695 1007/1154/693 
f 1017/1168/703 144/144/28 143/143/27 
f 143/143/27 1018/1169/704 1017/1168/703 
f 1019/1170/705 144/144/28 1017/1168/703 
f 1017/1168/703 1020/1171/706 1019/1170/705 
f 1018/1169/704 143/143/27 142/142/29 
f 142/142/29 1021/1172/707 1018/1169/704 
f 1022/1173/708 1019/1170/705 1020/1171/706 
f 1020/1171/706 1023/1174/709 1022/1173/708 
f 1024/1175/710 1017/1168/703 1018/1169/704 
f 1018/1169/704 1025/1176/711 1024/1175/710 
f 1020/1171/706 1017/1168/703 1024/1175/710 
f 1024/1175/710 1026/1177/712 1020/1171/706 
f 1021/1172/707 141/141/30 124/124/24 
f 124/124/24 995/1138/681 1021/1172/707 
f 1025/1176/711 1021/1172/707 995/1138/681 
f 995/1138/681 998/1141/684 1025/1176/711 
f 142/142/29 141/141/30 1021/1172/707 
f 1018/1169/704 1021/1172/707 1025/1176/711 
f 1027/1178/713 604/1150/345 608/1179/349 
f 608/1179/349 1026/1177/712 1027/1178/713 
f 1004/1151/690 604/1150/345 1027/1178/713 
f 1027/1178/713 1025/1176/711 1004/1151/690 
f 1026/1177/712 608/1179/349 611/1180/352 
f 611/1180/352 1023/1174/709 1026/1177/712 
f 1025/1176/711 998/1141/684 1004/1151/690 
f 1025/1176/711 1027/1178/713 1026/1177/712 
f 1026/1177/712 1024/1175/710 1025/1176/711 
f 1023/1174/709 625/1181/362 624/1182/361 
f 624/1182/361 1028/1183/714 1023/1174/709 
f 1023/1174/709 1028/1183/714 1022/1173/708 
f 611/1180/352 625/1181/362 1023/1174/709 
f 1026/1177/712 1023/1174/709 1020/1171/706 
f 1029/1184/715 107/107/24 139/139/30 
f 139/139/30 1030/1185/716 1029/1184/715 
f 1013/1160/699 107/107/24 1029/1184/715 
f 1029/1184/715 1031/1186/717 1013/1160/699 
f 1030/1185/716 139/139/30 132/132/29 
f 132/132/29 1032/1187/718 1030/1185/716 
f 1014/1161/700 1013/1160/699 1031/1186/717 
f 1031/1186/717 1033/1188/719 1014/1161/700 
f 1034/1189/720 1029/1184/715 1030/1185/716 
f 1030/1185/716 1035/1190/721 1034/1189/720 
f 1031/1186/717 1029/1184/715 1034/1189/720 
f 1034/1189/720 1036/1191/722 1031/1186/717 
f 1032/1187/718 128/128/27 127/127/28 
f 127/127/28 1037/1192/723 1032/1187/718 
f 1035/1190/721 1032/1187/718 1037/1192/723 
f 1037/1192/723 1038/1193/724 1035/1190/721 
f 132/132/29 128/128/27 1032/1187/718 
f 1030/1185/716 1032/1187/718 1035/1190/721 
f 1039/1194/725 364/1195/152 368/1196/156 
f 368/1196/156 1036/1191/722 1039/1194/725 
f 1040/1197/726 364/1195/152 1039/1194/725 
f 1039/1194/725 1035/1190/721 1040/1197/726 
f 1036/1191/722 368/1196/156 371/1198/159 
f 371/1198/159 1033/1188/719 1036/1191/722 
f 1035/1190/721 1038/1193/724 1040/1197/726 
f 1035/1190/721 1039/1194/725 1036/1191/722 
f 1036/1191/722 1034/1189/720 1035/1190/721 
f 1033/1188/719 385/1199/169 384/1163/168 
f 384/1163/168 1016/1165/702 1033/1188/719 
f 1033/1188/719 1016/1165/702 1014/1161/700 
f 371/1198/159 385/1199/169 1033/1188/719 
f 1036/1191/722 1033/1188/719 1031/1186/717 
f 1041/1200/727 164/164/32 163/163/31 
f 163/163/31 1042/1201/728 1041/1200/727 
f 1043/1202/729 164/164/32 1041/1200/727 
f 1041/1200/727 1044/1203/730 1043/1202/729 
f 1042/1201/728 163/163/31 162/162/33 
f 162/162/33 1045/1204/731 1042/1201/728 
f 1046/1205/732 1043/1202/729 1044/1203/730 
f 1044/1203/730 1047/1206/733 1046/1205/732 
f 1048/1207/734 1041/1200/727 1042/1201/728 
f 1042/1201/728 1049/1208/735 1048/1207/734 
f 1044/1203/730 1041/1200/727 1048/1207/734 
f 1048/1207/734 1050/1209/736 1044/1203/730 
f 1045/1204/731 161/161/34 144/144/28 
f 144/144/28 1019/1170/705 1045/1204/731 
f 1049/1208/735 1045/1204/731 1019/1170/705 
f 1019/1170/705 1022/1173/708 1049/1208/735 
f 162/162/33 161/161/34 1045/1204/731 
f 1042/1201/728 1045/1204/731 1049/1208/735 
f 1051/1210/737 624/1182/361 628/1211/365 
f 628/1211/365 1050/1209/736 1051/1210/737 
f 1028/1183/714 624/1182/361 1051/1210/737 
f 1051/1210/737 1049/1208/735 1028/1183/714 
f 1050/1209/736 628/1211/365 631/1212/368 
f 631/1212/368 1047/1206/733 1050/1209/736 
f 1049/1208/735 1022/1173/708 1028/1183/714 
f 1049/1208/735 1051/1210/737 1050/1209/736 
f 1050/1209/736 1048/1207/734 1049/1208/735 
f 1047/1206/733 645/1213/378 644/1214/377 
f 644/1214/377 1052/1215/738 1047/1206/733 
f 1047/1206/733 1052/1215/738 1046/1205/732 
f 631/1212/368 645/1213/378 1047/1206/733 
f 1050/1209/736 1047/1206/733 1044/1203/730 
f 1053/1216/739 127/127/28 159/159/34 
f 159/159/34 1054/1217/740 1053/1216/739 
f 1037/1192/723 127/127/28 1053/1216/739 
f 1053/1216/739 1055/1218/741 1037/1192/723 
f 1054/1217/740 159/159/34 152/152/33 
f 152/152/33 1056/1219/742 1054/1217/740 
f 1038/1193/724 1037/1192/723 1055/1218/741 
f 1055/1218/741 1057/1220/743 1038/1193/724 
f 1058/1221/744 1053/1216/739 1054/1217/740 
f 1054/1217/740 1059/1222/745 1058/1221/744 
f 1055/1218/741 1053/1216/739 1058/1221/744 
f 1058/1221/744 1060/1223/746 1055/1218/741 
f 1056/1219/742 148/148/31 147/147/32 
f 147/147/32 1061/1224/747 1056/1219/742 
f 1059/1222/745 1056/1219/742 1061/1224/747 
f 1061/1224/747 1062/1225/748 1059/1222/745 
f 152/152/33 148/148/31 1056/1219/742 
f 1054/1217/740 1056/1219/742 1059/1222/745 
f 1063/1226/749 344/1227/136 348/1228/140 
f 348/1228/140 1060/1223/746 1063/1226/749 
f 1064/1229/750 344/1227/136 1063/1226/749 
f 1063/1226/749 1059/1222/745 1064/1229/750 
f 1060/1223/746 348/1228/140 351/1230/143 
f 351/1230/143 1057/1220/743 1060/1223/746 
f 1059/1222/745 1062/1225/748 1064/1229/750 
f 1059/1222/745 1063/1226/749 1060/1223/746 
f 1060/1223/746 1058/1221/744 1059/1222/745 
f 1057/1220/743 365/1231/153 364/1195/152 
f 364/1195/152 1040/1197/726 1057/1220/743 
f 1057/1220/743 1040/1197/726 1038/1193/724 
f 351/1230/143 365/1231/153 1057/1220/743 
f 1060/1223/746 1057/1220/743 1055/1218/741 
f 1065/1232/751 184/184/37 183/183/36 
f 183/183/36 1066/1233/752 1065/1232/751 
f 1067/1234/753 184/184/37 1065/1232/751 
f 1065/1232/751 1068/1235/754 1067/1234/753 
f 1066/1233/752 183/183/36 182/182/38 
f 182/182/38 1069/1236/755 1066/1233/752 
f 1070/1237/756 1067/1234/753 1068/1235/754 
f 1068/1235/754 1071/1238/757 1070/1237/756 
f 1072/1239/758 1065/1232/751 1066/1233/752 
f 1066/1233/752 1073/1240/759 1072/1239/758 
f 1068/1235/754 1065/1232/751 1072/1239/758 
f 1072/1239/758 1074/1241/760 1068/1235/754 
f 1069/1236/755 181/181/39 164/164/32 
f 164/164/32 1043/1202/729 1069/1236/755 
f 1073/1240/759 1069/1236/755 1043/1202/729 
f 1043/1202/729 1046/1205/732 1073/1240/759 
f 182/182/38 181/181/39 1069/1236/755 
f 1066/1233/752 1069/1236/755 1073/1240/759 
f 1075/1242/761 644/1214/377 648/1243/381 
f 648/1243/381 1074/1241/760 1075/1242/761 
f 1052/1215/738 644/1214/377 1075/1242/761 
f 1075/1242/761 1073/1240/759 1052/1215/738 
f 1074/1241/760 648/1243/381 651/1244/384 
f 651/1244/384 1071/1238/757 1074/1241/760 
f 1073/1240/759 1046/1205/732 1052/1215/738 
f 1073/1240/759 1075/1242/761 1074/1241/760 
f 1074/1241/760 1072/1239/758 1073/1240/759 
f 1071/1238/757 665/1245/394 664/1246/393 
f 664/1246/393 1076/1247/762 1071/1238/757 
f 1071/1238/757 1076/1247/762 1070/1237/756 
f 651/1244/384 665/1245/394 1071/1238/757 
f 1074/1241/760 1071/1238/757 1068/1235/754 
f 1077/1248/763 147/147/32 179/179/39 
f 179/179/39 1078/1249/764 1077/1248/763 
f 1061/1224/747 147/147/32 1077/1248/763 
f 1077/1248/763 1079/1250/765 1061/1224/747 
f 1078/1249/764 179/179/39 172/172/38 
f 172/172/38 1080/1251/766 1078/1249/764 
f 1062/1225/748 1061/1224/747 1079/1250/765 
f 1079/1250/765 1081/1252/767 1062/1225/748 
f 1082/1253/768 1077/1248/763 1078/1249/764 
f 1078/1249/764 1083/1254/769 1082/1253/768 
f 1079/1250/765 1077/1248/763 1082/1253/768 
f 1082/1253/768 1084/1255/770 1079/1250/765 
f 1080/1251/766 168/168/36 167/167/37 
f 167/167/37 1085/1256/771 1080/1251/766 
f 1083/1254/769 1080/1251/766 1085/1256/771 
f 1085/1256/771 1086/1257/772 1083/1254/769 
f 172/172/38 168/168/36 1080/1251/766 
f 1078/1249/764 1080/1251/766 1083/1254/769 
f 1087/1258/773 324/1259/120 328/1260/124 
f 328/1260/124 1084/1255/770 1087/1258/773 
f 1088/1261/774 324/1259/120 1087/1258/773 
f 1087/1258/773 1083/1254/769 1088/1261/774 
f 1084/1255/770 328/1260/124 331/1262/127 
f 331/1262/127 1081/1252/767 1084/1255/770 
f 1083/1254/769 1086/1257/772 1088/1261/774 
f 1083/1254/769 1087/1258/773 1084/1255/770 
f 1084/1255/770 1082/1253/768 1083/1254/769 
f 1081/1252/767 345/1263/137 344/1227/136 
f 344/1227/136 1064/1229/750 1081/1252/767 
f 1081/1252/767 1064/1229/750 1062/1225/748 
f 331/1262/127 345/1263/137 1081/1252/767 
f 1084/1255/770 1081/1252/767 1079/1250/765 
f 1089/1264/775 204/204/41 203/203/40 
f 203/203/40 1090/1265/776 1089/1264/775 
f 1091/1266/777 204/204/41 1089/1264/775 
f 1089/1264/775 1092/1267/778 1091/1266/777 
f 1090/1265/776 203/203/40 202/202/42 
f 202/202/42 1093/1268/779 1090/1265/776 
f 1094/1269/780 1091/1266/777 1092/1267/778 
f 1092/1267/778 1095/1270/781 1094/1269/780 
f 1096/1271/782 1089/1264/775 1090/1265/776 
f 1090/1265/776 1097/1272/783 1096/1271/782 
f 1092/1267/778 1089/1264/775 1096/1271/782 
f 1096/1271/782 1098/1273/784 1092/1267/778 
f 1093/1268/779 201/201/43 184/184/37 
f 184/184/37 1067/1234/753 1093/1268/779 
f 1097/1272/783 1093/1268/779 1067/1234/753 
f 1067/1234/753 1070/1237/756 1097/1272/783 
f 202/202/42 201/201/43 1093/1268/779 
f 1090/1265/776 1093/1268/779 1097/1272/783 
f 1099/1274/785 664/1246/393 668/1275/397 
f 668/1275/397 1098/1273/784 1099/1274/785 
f 1076/1247/762 664/1246/393 1099/1274/785 
f 1099/1274/785 1097/1272/783 1076/1247/762 
f 1098/1273/784 668/1275/397 671/1276/400 
f 671/1276/400 1095/1270/781 1098/1273/784 
f 1097/1272/783 1070/1237/756 1076/1247/762 
f 1097/1272/783 1099/1274/785 1098/1273/784 
f 1098/1273/784 1096/1271/782 1097/1272/783 
f 1095/1270/781 685/1277/410 684/1278/409 
f 684/1278/409 1100/1279/786 1095/1270/781 
f 1095/1270/781 1100/1279/786 1094/1269/780 
f 671/1276/400 685/1277/410 1095/1270/781 
f 1098/1273/784 1095/1270/781 1092/1267/778 
f 1101/1280/787 167/167/37 199/199/43 
f 199/199/43 1102/1281/788 1101/1280/787 
f 1085/1256/771 167/167/37 1101/1280/787 
f 1101/1280/787 1103/1282/789 1085/1256/771 
f 1102/1281/788 199/199/43 192/192/42 
f 192/192/42 1104/1283/790 1102/1281/788 
f 1086/1257/772 1085/1256/771 1103/1282/789 
f 1103/1282/789 1105/1284/791 1086/1257/772 
f 1106/1285/792 1101/1280/787 1102/1281/788 
f 1102/1281/788 1107/1286/793 1106/1285/792 
f 1103/1282/789 1101/1280/787 1106/1285/792 
f 1106/1285/792 1108/1287/794 1103/1282/789 
f 1104/1283/790 188/188/40 187/187/41 
f 187/187/41 1109/1288/795 1104/1283/790 
f 1107/1286/793 1104/1283/790 1109/1288/795 
f 1109/1288/795 1110/1289/796 1107/1286/793 
f 192/192/42 188/188/40 1104/1283/790 
f 1102/1281/788 1104/1283/790 1107/1286/793 
f 1111/1290/797 304/1291/104 308/1292/108 
f 308/1292/108 1108/1287/794 1111/1290/797 
f 1112/1293/798 304/1291/104 1111/1290/797 
f 1111/1290/797 1107/1286/793 1112/1293/798 
f 1108/1287/794 308/1292/108 311/1294/111 
f 311/1294/111 1105/1284/791 1108/1287/794 
f 1107/1286/793 1110/1289/796 1112/1293/798 
f 1107/1286/793 1111/1290/797 1108/1287/794 
f 1108/1287/794 1106/1285/792 1107/1286/793 
f 1105/1284/791 325/1295/121 324/1259/120 
f 324/1259/120 1088/1261/774 1105/1284/791 
f 1105/1284/791 1088/1261/774 1086/1257/772 
f 311/1294/111 325/1295/121 1105/1284/791 
f 1108/1287/794 1105/1284/791 1103/1282/789 
f 1113/1296/799 224/229/45 223/228/44 
f 223/228/44 1114/1297/800 1113/1296/799 
f 1115/1298/801 224/229/45 1113/1296/799 
f 1113/1296/799 1116/1299/802 1115/1298/801 
f 1114/1297/800 223/228/44 222/227/46 
f 222/227/46 1117/1300/803 1114/1297/800 
f 1118/1301/804 1115/1298/801 1116/1299/802 
f 1116/1299/802 1119/1302/805 1118/1301/804 
f 1120/1303/806 1113/1296/799 1114/1297/800 
f 1114/1297/800 1121/1304/807 1120/1303/806 
f 1116/1299/802 1113/1296/799 1120/1303/806 
f 1120/1303/806 1122/1305/808 1116/1299/802 
f 1117/1300/803 221/225/47 204/224/41 
f 204/224/41 1091/1306/777 1117/1300/803 
f 1121/1304/807 1117/1300/803 1091/1306/777 
f 1091/1306/777 1094/1307/780 1121/1304/807 
f 222/227/46 221/225/47 1117/1300/803 
f 1114/1297/800 1117/1300/803 1121/1304/807 
f 1123/1308/809 684/1309/409 688/1310/413 
f 688/1310/413 1122/1305/808 1123/1308/809 
f 1100/1311/786 684/1309/409 1123/1308/809 
f 1123/1308/809 1121/1304/807 1100/1311/786 
f 1122/1305/808 688/1310/413 691/1312/416 
f 691/1312/416 1119/1302/805 1122/1305/808 
f 1121/1304/807 1094/1307/780 1100/1311/786 
f 1121/1304/807 1123/1308/809 1122/1305/808 
f 1122/1305/808 1120/1303/806 1121/1304/807 
f 1119/1302/805 705/1313/426 704/1314/425 
f 704/1314/425 1124/1315/810 1119/1302/805 
f 1119/1302/805 1124/1315/810 1118/1301/804 
f 691/1312/416 705/1313/426 1119/1302/805 
f 1122/1305/808 1119/1302/805 1116/1299/802 
f 1125/1316/811 187/220/41 219/219/47 
f 219/219/47 1126/1317/812 1125/1316/811 
f 1109/1318/795 187/220/41 1125/1316/811 
f 1125/1316/811 1127/1319/813 1109/1318/795 
f 1126/1317/812 219/219/47 212/212/46 
f 212/212/46 1128/1320/814 1126/1317/812 
f 1110/1321/796 1109/1318/795 1127/1319/813 
f 1127/1319/813 1129/1322/815 1110/1321/796 
f 1130/1323/816 1125/1316/811 1126/1317/812 
f 1126/1317/812 1131/1324/817 1130/1323/816 
f 1127/1319/813 1125/1316/811 1130/1323/816 
f 1130/1323/816 1132/1325/818 1127/1319/813 
f 1128/1320/814 208/208/44 207/207/45 
f 207/207/45 1133/1326/819 1128/1320/814 
f 1131/1324/817 1128/1320/814 1133/1326/819 
f 1133/1326/819 1134/1327/820 1131/1324/817 
f 212/212/46 208/208/44 1128/1320/814 
f 1126/1317/812 1128/1320/814 1131/1324/817 
f 1135/1328/821 284/1329/88 288/1330/92 
f 288/1330/92 1132/1325/818 1135/1328/821 
f 1136/1331/822 284/1329/88 1135/1328/821 
f 1135/1328/821 1131/1324/817 1136/1331/822 
f 1132/1325/818 288/1330/92 291/1332/95 
f 291/1332/95 1129/1322/815 1132/1325/818 
f 1131/1324/817 1134/1327/820 1136/1331/822 
f 1131/1324/817 1135/1328/821 1132/1325/818 
f 1132/1325/818 1130/1323/816 1131/1324/817 
f 1129/1322/815 305/1333/105 304/1334/104 
f 304/1334/104 1112/1335/798 1129/1322/815 
f 1129/1322/815 1112/1335/798 1110/1321/796 
f 291/1332/95 305/1333/105 1129/1322/815 
f 1132/1325/818 1129/1322/815 1127/1319/813 
f 1137/1336/823 19/19/5 240/245/50 
f 240/245/50 1138/1337/824 1137/1336/823 
f 877/978/563 19/19/5 1137/1336/823 
f 1137/1336/823 1139/1338/825 877/978/563 
f 1138/1337/824 240/245/50 239/244/51 
f 239/244/51 1140/1339/826 1138/1337/824 
f 878/979/564 877/978/563 1139/1338/825 
f 1139/1338/825 1141/1340/827 878/979/564 
f 1142/1341/828 1137/1336/823 1138/1337/824 
f 1138/1337/824 1143/1342/829 1142/1341/828 
f 1139/1338/825 1137/1336/823 1142/1341/828 
f 1142/1341/828 1144/1343/830 1139/1338/825 
f 1140/1339/826 238/243/52 224/229/45 
f 224/229/45 1115/1298/801 1140/1339/826 
f 1143/1342/829 1140/1339/826 1115/1298/801 
f 1115/1298/801 1118/1301/804 1143/1342/829 
f 239/244/51 238/243/52 1140/1339/826 
f 1138/1337/824 1140/1339/826 1143/1342/829 
f 1145/1344/831 704/1314/425 708/1345/429 
f 708/1345/429 1144/1343/830 1145/1344/831 
f 1124/1315/810 704/1314/425 1145/1344/831 
f 1145/1344/831 1143/1342/829 1124/1315/810 
f 1144/1343/830 708/1345/429 711/1346/432 
f 711/1346/432 1141/1340/827 1144/1343/830 
f 1143/1342/829 1118/1301/804 1124/1315/810 
f 1143/1342/829 1145/1344/831 1144/1343/830 
f 1144/1343/830 1142/1341/828 1143/1342/829 
f 1141/1340/827 720/1347/438 482/981/247 
f 482/981/247 880/983/566 1141/1340/827 
f 1141/1340/827 880/983/566 878/979/564 
f 711/1346/432 720/1347/438 1141/1340/827 
f 1144/1343/830 1141/1340/827 1139/1338/825 
f 1146/1348/832 207/207/45 236/241/52 
f 236/241/52 1147/1349/833 1146/1348/832 
f 1133/1326/819 207/207/45 1146/1348/832 
f 1146/1348/832 1148/1350/834 1133/1326/819 
f 1147/1349/833 236/241/52 230/235/51 
f 230/235/51 1149/1351/835 1147/1349/833 
f 1134/1327/820 1133/1326/819 1148/1350/834 
f 1148/1350/834 1150/1352/836 1134/1327/820 
f 1151/1353/837 1146/1348/832 1147/1349/833 
f 1147/1349/833 1152/1354/838 1151/1353/837 
f 1148/1350/834 1146/1348/832 1151/1353/837 
f 1151/1353/837 1153/1355/839 1148/1350/834 
f 1149/1351/835 227/232/50 15/15/5 
f 15/15/5 884/990/570 1149/1351/835 
f 1152/1354/838 1149/1351/835 884/990/570 
f 884/990/570 887/993/573 1152/1354/838 
f 230/235/51 227/232/50 1149/1351/835 
f 1147/1349/833 1149/1351/835 1152/1354/838 
f 1154/1356/840 264/1006/72 268/1357/76 
f 268/1357/76 1153/1355/839 1154/1356/840 
f 896/1007/582 264/1006/72 1154/1356/840 
f 1154/1356/840 1152/1354/838 896/1007/582 
f 1153/1355/839 268/1357/76 271/1358/79 
f 271/1358/79 1150/1352/836 1153/1355/839 
f 1152/1354/838 887/993/573 896/1007/582 
f 1152/1354/838 1154/1356/840 1153/1355/839 
f 1153/1355/839 1151/1353/837 1152/1354/838 
f 1150/1352/836 285/1359/89 284/1329/88 
f 284/1329/88 1136/1331/822 1150/1352/836 
f 1150/1352/836 1136/1331/822 1134/1327/820 
f 271/1358/79 285/1359/89 1150/1352/836 
f 1153/1355/839 1150/1352/836 1148/1350/834 
f 1155/1360/841 1156/1361/5 1157/1362/5 
f 1157/1362/5 1158/1363/841 1155/1360/841 
f 1159/1364/841 1156/1361/5 1155/1360/841 
f 1155/1360/841 1160/1365/2 1159/1364/841 
f 1158/1363/841 1157/1362/5 1161/1366/5 
f 1161/1366/5 1162/1367/841 1158/1363/841 
f 1163/1368/2 1159/1364/841 1160/1365/2 
f 1160/1365/2 1164/1369/842 1163/1368/2 
f 1165/1370/2 1155/1360/841 1158/1363/841 
f 1158/1363/841 1166/1371/2 1165/1370/2 
f 1160/1365/2 1155/1360/841 1165/1370/2 
f 1165/1370/2 1167/1372/842 1160/1365/2 
f 1162/1367/841 1168/1373/5 1169/1374/5 
f 1169/1374/5 1170/1375/841 1162/1367/841 
f 1166/1371/2 1162/1367/841 1170/1375/841 
f 1170/1375/841 1171/1376/2 1166/1371/2 
f 1161/1366/5 1168/1373/5 1162/1367/841 
f 1158/1363/841 1162/1367/841 1166/1371/2 
f 1172/1377/842 1173/1378/7 1174/1379/7 
f 1174/1379/7 1167/1372/842 1172/1377/842 
f 1175/1380/842 1173/1378/7 1172/1377/842 
f 1172/1377/842 1166/1371/2 1175/1380/842 
f 1167/1372/842 1174/1379/7 1176/1381/7 
f 1176/1381/7 1164/1369/842 1167/1372/842 
f 1166/1371/2 1171/1376/2 1175/1380/842 
f 1166/1371/2 1172/1377/842 1167/1372/842 
f 1167/1372/842 1165/1370/2 1166/1371/2 
f 1164/1369/842 1177/1382/7 1178/1383/7 
f 1178/1383/7 1179/1384/842 1164/1369/842 
f 1164/1369/842 1179/1384/842 1163/1368/2 
f 1176/1381/7 1177/1382/7 1164/1369/842 
f 1167/1372/842 1164/1369/842 1160/1365/2 
f 1180/1385/843 1178/1383/7 1177/1382/7 
f 1177/1382/7 1181/1386/843 1180/1385/843 
f 1182/1387/843 1178/1383/7 1180/1385/843 
f 1180/1385/843 1183/1388/12 1182/1387/843 
f 1181/1386/843 1177/1382/7 1176/1381/7 
f 1176/1381/7 1184/1389/843 1181/1386/843 
f 1185/1390/12 1182/1387/843 1183/1388/12 
f 1183/1388/12 1186/1391/844 1185/1390/12 
f 1187/1392/12 1180/1385/843 1181/1386/843 
f 1181/1386/843 1188/1393/12 1187/1392/12 
f 1183/1388/12 1180/1385/843 1187/1392/12 
f 1187/1392/12 1189/1394/844 1183/1388/12 
f 1184/1389/843 1174/1379/7 1173/1378/7 
f 1173/1378/7 1190/1395/843 1184/1389/843 
f 1188/1393/12 1184/1389/843 1190/1395/843 
f 1190/1395/843 1191/1396/12 1188/1393/12 
f 1176/1381/7 1174/1379/7 1184/1389/843 
f 1181/1386/843 1184/1389/843 1188/1393/12 
f 1192/1397/844 1193/1398/16 1194/1399/16 
f 1194/1399/16 1189/1394/844 1192/1397/844 
f 1195/1400/844 1193/1398/16 1192/1397/844 
f 1192/1397/844 1188/1393/12 1195/1400/844 
f 1189/1394/844 1194/1399/16 1196/1401/16 
f 1196/1401/16 1186/1391/844 1189/1394/844 
f 1188/1393/12 1191/1396/12 1195/1400/844 
f 1188/1393/12 1192/1397/844 1189/1394/844 
f 1189/1394/844 1187/1392/12 1188/1393/12 
f 1186/1391/844 1197/1402/16 1198/1403/16 
f 1198/1403/16 1199/1404/844 1186/1391/844 
f 1186/1391/844 1199/1404/844 1185/1390/12 
f 1196/1401/16 1197/1402/16 1186/1391/844 
f 1189/1394/844 1186/1391/844 1183/1388/12 
f 1200/1405/845 1198/1403/16 1197/1402/16 
f 1197/1402/16 1201/1406/845 1200/1405/845 
f 1202/1407/845 1198/1403/16 1200/1405/845 
f 1200/1405/845 1203/1408/20 1202/1407/845 
f 1201/1406/845 1197/1402/16 1196/1401/16 
f 1196/1401/16 1204/1409/845 1201/1406/845 
f 1205/1410/20 1202/1407/845 1203/1408/20 
f 1203/1408/20 1206/1411/846 1205/1410/20 
f 1207/1412/20 1200/1405/845 1201/1406/845 
f 1201/1406/845 1208/1413/20 1207/1412/20 
f 1203/1408/20 1200/1405/845 1207/1412/20 
f 1207/1412/20 1209/1414/846 1203/1408/20 
f 1204/1409/845 1194/1399/16 1193/1398/16 
f 1193/1398/16 1210/1415/845 1204/1409/845 
f 1208/1413/20 1204/1409/845 1210/1415/845 
f 1210/1415/845 1211/1416/20 1208/1413/20 
f 1196/1401/16 1194/1399/16 1204/1409/845 
f 1201/1406/845 1204/1409/845 1208/1413/20 
f 1212/1417/846 1213/1418/24 1214/1419/24 
f 1214/1419/24 1209/1414/846 1212/1417/846 
f 1215/1420/846 1213/1418/24 1212/1417/846 
f 1212/1417/846 1208/1413/20 1215/1420/846 
f 1209/1414/846 1214/1419/24 1216/1421/24 
f 1216/1421/24 1206/1411/846 1209/1414/846 
f 1208/1413/20 1211/1416/20 1215/1420/846 
f 1208/1413/20 1212/1417/846 1209/1414/846 
f 1209/1414/846 1207/1412/20 1208/1413/20 
f 1206/1411/846 1217/1422/24 1218/1423/24 
f 1218/1423/24 1219/1424/846 1206/1411/846 
f 1206/1411/846 1219/1424/846 1205/1410/20 
f 1216/1421/24 1217/1422/24 1206/1411/846 
f 1209/1414/846 1206/1411/846 1203/1408/20 
f 1220/1425/847 1218/1423/24 1217/1422/24 
f 1217/1422/24 1221/1426/847 1220/1425/847 
f 1222/1427/847 1218/1423/24 1220/1425/847 
f 1220/1425/847 1223/1428/28 1222/1427/847 
f 1221/1426/847 1217/1422/24 1216/1421/24 
f 1216/1421/24 1224/1429/847 1221/1426/847 
f 1225/1430/28 1222/1427/847 1223/1428/28 
f 1223/1428/28 1226/1431/848 1225/1430/28 
f 1227/1432/28 1220/1425/847 1221/1426/847 
f 1221/1426/847 1228/1433/28 1227/1432/28 
f 1223/1428/28 1220/1425/847 1227/1432/28 
f 1227/1432/28 1229/1434/848 1223/1428/28 
f 1224/1429/847 1214/1419/24 1213/1418/24 
f 1213/1418/24 1230/1435/847 1224/1429/847 
f 1228/1433/28 1224/1429/847 1230/1435/847 
f 1230/1435/847 1231/1436/28 1228/1433/28 
f 1216/1421/24 1214/1419/24 1224/1429/847 
f 1221/1426/847 1224/1429/847 1228/1433/28 
f 1232/1437/848 1233/1438/32 1234/1439/32 
f 1234/1439/32 1229/1434/848 1232/1437/848 
f 1235/1440/848 1233/1438/32 1232/1437/848 
f 1232/1437/848 1228/1433/28 1235/1440/848 
f 1229/1434/848 1234/1439/32 1236/1441/32 
f 1236/1441/32 1226/1431/848 1229/1434/848 
f 1228/1433/28 1231/1436/28 1235/1440/848 
f 1228/1433/28 1232/1437/848 1229/1434/848 
f 1229/1434/848 1227/1432/28 1228/1433/28 
f 1226/1431/848 1237/1442/32 1238/1443/32 
f 1238/1443/32 1239/1444/848 1226/1431/848 
f 1226/1431/848 1239/1444/848 1225/1430/28 
f 1236/1441/32 1237/1442/32 1226/1431/848 
f 1229/1434/848 1226/1431/848 1223/1428/28 
f 1240/1445/849 1238/1443/32 1237/1442/32 
f 1237/1442/32 1241/1446/849 1240/1445/849 
f 1242/1447/849 1238/1443/32 1240/1445/849 
f 1240/1445/849 1243/1448/37 1242/1447/849 
f 1241/1446/849 1237/1442/32 1236/1441/32 
f 1236/1441/32 1244/1449/849 1241/1446/849 
f 1245/1450/37 1242/1447/849 1243/1448/37 
f 1243/1448/37 1246/1451/850 1245/1450/37 
f 1247/1452/37 1240/1445/849 1241/1446/849 
f 1241/1446/849 1248/1453/37 1247/1452/37 
f 1243/1448/37 1240/1445/849 1247/1452/37 
f 1247/1452/37 1249/1454/850 1243/1448/37 
f 1244/1449/849 1234/1439/32 1233/1438/32 
f 1233/1438/32 1250/1455/849 1244/1449/849 
f 1248/1453/37 1244/1449/849 1250/1455/849 
f 1250/1455/849 1251/1456/37 1248/1453/37 
f 1236/1441/32 1234/1439/32 1244/1449/849 
f 1241/1446/849 1244/1449/849 1248/1453/37 
f 1252/1457/850 1253/1458/41 1254/1459/41 
f 1254/1459/41 1249/1454/850 1252/1457/850 
f 1255/1460/850 1253/1458/41 1252/1457/850 
f 1252/1457/850 1248/1453/37 1255/1460/850 
f 1249/1454/850 1254/1459/41 1256/1461/41 
f 1256/1461/41 1246/1451/850 1249/1454/850 
f 1248/1453/37 1251/1456/37 1255/1460/850 
f 1248/1453/37 1252/1457/850 1249/1454/850 
f 1249/1454/850 1247/1452/37 1248/1453/37 
f 1246/1451/850 1257/1462/41 1258/1463/41 
f 1258/1463/41 1259/1464/850 1246/1451/850 
f 1246/1451/850 1259/1464/850 1245/1450/37 
f 1256/1461/41 1257/1462/41 1246/1451/850 
f 1249/1454/850 1246/1451/850 1243/1448/37 
f 1260/1465/851 1258/1466/41 1257/1467/41 
f 1257/1467/41 1261/1468/851 1260/1465/851 
f 1262/1469/851 1258/1466/41 1260/1465/851 
f 1260/1465/851 1263/1470/45 1262/1469/851 
f 1261/1468/851 1257/1467/41 1256/1471/41 
f 1256/1471/41 1264/1472/852 1261/1468/851 
f 1265/1473/45 1262/1469/851 1263/1470/45 
f 1263/1470/45 1266/1474/853 1265/1473/45 
f 1267/1475/45 1260/1465/851 1261/1468/851 
f 1261/1468/851 1268/1476/45 1267/1475/45 
f 1263/1470/45 1260/1465/851 1267/1475/45 
f 1267/1475/45 1269/1477/853 1263/1470/45 
f 1264/1472/852 1254/1478/41 1253/1479/41 
f 1253/1479/41 1270/1480/852 1264/1472/852 
f 1268/1476/45 1264/1472/852 1270/1480/852 
f 1270/1480/852 1271/1481/45 1268/1476/45 
f 1256/1471/41 1254/1478/41 1264/1472/852 
f 1261/1468/851 1264/1472/852 1268/1476/45 
f 1272/1482/853 1169/1374/5 1168/1373/5 
f 1168/1373/5 1269/1477/853 1272/1482/853 
f 1273/1483/853 1169/1374/5 1272/1482/853 
f 1272/1482/853 1268/1476/45 1273/1483/853 
f 1269/1477/853 1168/1373/5 1161/1366/5 
f 1161/1366/5 1266/1474/853 1269/1477/853 
f 1268/1476/45 1271/1481/45 1273/1483/853 
f 1268/1476/45 1272/1482/853 1269/1477/853 
f 1269/1477/853 1267/1475/45 1268/1476/45 
f 1266/1474/853 1157/1362/5 1156/1361/5 
f 1156/1361/5 1274/1484/853 1266/1474/853 
f 1266/1474/853 1274/1484/853 1265/1473/45 
f 1161/1366/5 1157/1362/5 1266/1474/853 
f 1269/1477/853 1266/1474/853 1263/1470/45 
s 65536
f 1275/1485/260 1213/1486/260 1276/1487/260 
f 1276/1487/260 1277/1488/260 1275/1485/260 
f 1230/1489/260 1213/1486/260 1275/1485/260 
f 1275/1485/260 1278/1490/260 1230/1489/260 
f 1277/1488/260 1276/1487/260 1279/1491/260 
f 1279/1491/260 1280/1492/260 1277/1488/260 
f 1231/1493/260 1230/1489/260 1278/1490/260 
f 1278/1490/260 1281/1494/260 1231/1493/260 
f 1282/1495/260 1275/1485/260 1277/1488/260 
f 1277/1488/260 1283/1496/260 1282/1495/260 
f 1278/1490/260 1275/1485/260 1282/1495/260 
f 1282/1495/260 1284/1497/260 1278/1490/260 
f 1273/1498/260 1280/1492/260 1285/1499/260 
f 1285/1499/260 1169/1500/260 1273/1498/260 
f 1271/1501/260 1283/1496/260 1280/1492/260 
f 1280/1492/260 1273/1498/260 1271/1501/260 
f 1279/1491/260 1285/1499/260 1280/1492/260 
f 1277/1488/260 1280/1492/260 1283/1496/260 
f 1286/1502/260 1253/1503/260 1255/1504/260 
f 1255/1504/260 1284/1497/260 1286/1502/260 
f 1270/1505/260 1253/1503/260 1286/1502/260 
f 1286/1502/260 1283/1496/260 1270/1505/260 
f 1284/1497/260 1255/1504/260 1251/1506/260 
f 1251/1506/260 1281/1494/260 1284/1497/260 
f 1283/1496/260 1271/1501/260 1270/1505/260 
f 1282/1495/260 1283/1496/260 1286/1502/260 
f 1286/1502/260 1284/1497/260 1282/1495/260 
f 1250/1507/260 1233/1508/260 1235/1509/260 
f 1235/1509/260 1281/1494/260 1250/1507/260 
f 1281/1494/260 1235/1509/260 1231/1493/260 
f 1251/1506/260 1250/1507/260 1281/1494/260 
f 1284/1497/260 1281/1494/260 1278/1490/260 
f 1287/1510/260 1169/1500/260 1285/1499/260 
f 1285/1499/260 1288/1511/260 1287/1510/260 
f 1170/1512/260 1169/1500/260 1287/1510/260 
f 1287/1510/260 1289/1513/260 1170/1512/260 
f 1288/1511/260 1285/1499/260 1279/1491/260 
f 1279/1491/260 1290/1514/260 1288/1511/260 
f 1171/1515/260 1170/1512/260 1289/1513/260 
f 1289/1513/260 1291/1516/260 1171/1515/260 
f 1292/1517/260 1287/1510/260 1288/1511/260 
f 1288/1511/260 1293/1518/260 1292/1517/260 
f 1289/1513/260 1287/1510/260 1292/1517/260 
f 1292/1517/260 1294/1519/260 1289/1513/260 
f 1215/1520/260 1290/1514/260 1276/1487/260 
f 1276/1487/260 1213/1486/260 1215/1520/260 
f 1211/1521/260 1293/1518/260 1290/1514/260 
f 1290/1514/260 1215/1520/260 1211/1521/260 
f 1279/1491/260 1276/1487/260 1290/1514/260 
f 1288/1511/260 1290/1514/260 1293/1518/260 
f 1295/1522/260 1193/1523/260 1195/1524/260 
f 1195/1524/260 1294/1519/260 1295/1522/260 
f 1210/1525/260 1193/1523/260 1295/1522/260 
f 1295/1522/260 1293/1518/260 1210/1525/260 
f 1294/1519/260 1195/1524/260 1191/1526/260 
f 1191/1526/260 1291/1516/260 1294/1519/260 
f 1293/1518/260 1211/1521/260 1210/1525/260 
f 1292/1517/260 1293/1518/260 1295/1522/260 
f 1295/1522/260 1294/1519/260 1292/1517/260 
f 1190/1527/260 1173/1528/260 1175/1529/260 
f 1175/1529/260 1291/1516/260 1190/1527/260 
f 1291/1516/260 1175/1529/260 1171/1515/260 
f 1191/1526/260 1190/1527/260 1291/1516/260 
f 1294/1519/260 1291/1516/260 1289/1513/260 
f 1296/1530/67 1156/1531/67 1159/1532/67 
f 1159/1532/67 1297/1533/67 1296/1530/67 
f 1274/1534/67 1156/1531/67 1296/1530/67 
f 1296/1530/67 1298/1535/67 1274/1534/67 
f 1297/1533/67 1159/1532/67 1163/1536/67 
f 1163/1536/67 1299/1537/67 1297/1533/67 
f 1265/1538/67 1274/1534/67 1298/1535/67 
f 1298/1535/67 1300/1539/67 1265/1538/67 
f 1301/1540/67 1296/1530/67 1297/1533/67 
f 1297/1533/67 1302/1541/67 1301/1540/67 
f 1298/1535/67 1296/1530/67 1301/1540/67 
f 1301/1540/67 1303/1542/67 1298/1535/67 
f 1304/1543/67 1299/1537/67 1179/1544/67 
f 1179/1544/67 1178/1545/67 1304/1543/67 
f 1305/1546/67 1302/1541/67 1299/1537/67 
f 1299/1537/67 1304/1543/67 1305/1546/67 
f 1163/1536/67 1179/1544/67 1299/1537/67 
f 1297/1533/67 1299/1537/67 1302/1541/67 
f 1306/1547/67 1238/1548/67 1242/1549/67 
f 1242/1549/67 1303/1542/67 1306/1547/67 
f 1307/1550/67 1238/1548/67 1306/1547/67 
f 1306/1547/67 1302/1541/67 1307/1550/67 
f 1303/1542/67 1242/1549/67 1245/1551/67 
f 1245/1551/67 1300/1539/67 1303/1542/67 
f 1302/1541/67 1305/1546/67 1307/1550/67 
f 1302/1541/67 1306/1547/67 1303/1542/67 
f 1303/1542/67 1301/1540/67 1302/1541/67 
f 1259/1552/67 1258/1553/67 1262/1554/67 
f 1262/1554/67 1300/1539/67 1259/1552/67 
f 1300/1539/67 1262/1554/67 1265/1538/67 
f 1245/1551/67 1259/1552/67 1300/1539/67 
f 1303/1542/67 1300/1539/67 1298/1535/67 
f 1308/1555/67 1238/1548/67 1307/1550/67 
f 1307/1550/67 1309/1556/67 1308/1555/67 
f 1239/1557/67 1238/1548/67 1308/1555/67 
f 1308/1555/67 1310/1558/67 1239/1557/67 
f 1309/1556/67 1307/1550/67 1305/1546/67 
f 1305/1546/67 1311/1559/67 1309/1556/67 
f 1225/1560/67 1239/1557/67 1310/1558/67 
f 1310/1558/67 1312/1561/67 1225/1560/67 
f 1313/1562/67 1308/1555/67 1309/1556/67 
f 1309/1556/67 1314/1563/67 1313/1562/67 
f 1310/1558/67 1308/1555/67 1313/1562/67 
f 1313/1562/67 1315/1564/67 1310/1558/67 
f 1182/1565/67 1311/1559/67 1304/1543/67 
f 1304/1543/67 1178/1545/67 1182/1565/67 
f 1185/1566/67 1314/1563/67 1311/1559/67 
f 1311/1559/67 1182/1565/67 1185/1566/67 
f 1305/1546/67 1304/1543/67 1311/1559/67 
f 1309/1556/67 1311/1559/67 1314/1563/67 
f 1316/1567/67 1198/1568/67 1202/1569/67 
f 1202/1569/67 1315/1564/67 1316/1567/67 
f 1199/1570/67 1198/1568/67 1316/1567/67 
f 1316/1567/67 1314/1563/67 1199/1570/67 
f 1315/1564/67 1202/1569/67 1205/1571/67 
f 1205/1571/67 1312/1561/67 1315/1564/67 
f 1314/1563/67 1185/1566/67 1199/1570/67 
f 1313/1562/67 1314/1563/67 1316/1567/67 
f 1316/1567/67 1315/1564/67 1313/1562/67 
f 1219/1572/67 1218/1573/67 1222/1574/67 
f 1222/1574/67 1312/1561/67 1219/1572/67 
f 1312/1561/67 1222/1574/67 1225/1560/67 
f 1205/1571/67 1219/1572/67 1312/1561/67 
f 1315/1564/67 1312/1561/67 1310/1558/67 
# 2624 faces

